ecg,time
0,0
0.000363279047659241,0.000466726865624193
0.00124128050946135,0.00172567813305484
0.00202792231277835,0.00306407622077079
0.00270701026019199,0.00445439348293106
0.00327921047393917,0.00587663931663663
0.00376136765799641,0.00733685477587911
0.00417055948024196,0.00884217888430694
0.00452446944311268,0.0104015715079936
0.00484165175814476,0.0120257176634767
0.00514207758245166,0.0137267659748618
0.00544788967722161,0.0155174574160775
0.00578415406232561,0.0174087507350612
0.00603419218856034,0.0187043753675306
0.00630809636669197,0.02
0.00681559048731057,0.0220881973979779
0.00744199810000466,0.0242255136314744
0.00818863262285451,0.0263237244943444
0.00904664186374258,0.0283192308502624
0.0100036039643862,0.0301797330258582
0.0110503737831366,0.031899960789927
0.0122198193026481,0.0335371354771655
0.0135259848910993,0.0351010437312777
0.0149817228835758,0.0365958592935025
0.016602304895969,0.0380258590097891
0.0178747160775803,0.0390129295048946
0.0192933161534413,0.04
0.0213800831309157,0.0412764350763906
0.0237212604156572,0.042512011504418
0.0263284833825389,0.0436989306818868
0.0292326428373678,0.0448396735118613
0.032469421990824,0.0459369010095645
0.0360793512537727,0.0469931584571764
0.0401085333600797,0.0480108922975354
0.0446095367890149,0.0489924711450653
0.0499856139436535,0.05
0.0556728505907214,0.0509160248679304
0.0620354080572615,0.0518009894364297
0.0691758603964504,0.0526588724690807
0.0772016272075496,0.0534918996548873
0.0862371476676203,0.0543022283542819
0.0964274669310489,0.0550920007992102
0.107942130713836,0.0558633461035152
0.12097982615055,0.05661838054431
0.135774031012181,0.0573592133893888
0.152600295605744,0.0580879738010572
0.17178683127792,0.0588068952798146
0.189965548381038,0.0594034476399073
0.21048639423628,0.06
0.238251854275508,0.0607068254729221
0.2707318338033,0.0614229897320788
0.309653938205233,0.0621659925642699
0.354657925570895,0.0629131747468246
0.407228542621052,0.0636824879234773
0.449869301485564,0.0642537790558967
0.494521238805371,0.0648250701883162
0.534485465177466,0.0653322732788246
0.569924051954401,0.0657973137201725
0.601705094020777,0.0662479972214702
0.629948531826439,0.0667056801111989
0.654245310055277,0.0671952300089761
0.673440406521341,0.0677629755307557
0.682828125507231,0.068398374142828
0.679508306995271,0.0690683936563335
0.670045896306588,0.0695341968281668
0.655439503604925,0.07
0.627608549779134,0.0706490068466929
0.589594181605919,0.0713412837952794
0.537647294331852,0.0721218122478292
0.465724098611345,0.0730344223518373
0.403442364500057,0.073729722240414
0.350223864545106,0.0742794071669895
0.294425195303286,0.074829092093565
0.247047838264394,0.0752866390299742
0.207080513375381,0.0756749923259288
0.172213983754631,0.0760226434880939
0.141120536966452,0.0763460772966258
0.113002267245421,0.0766559228844056
0.0872815333920202,0.0769608403972802
0.0634169650873323,0.0772704169123428
0.040630342589244,0.0776008942023318
0.0164445462660047,0.0780083888639124
0.00553602266827408,0.0782204435131516
-0.00220588183447453,0.0783857625577963
-0.00930804604631882,0.0785510816024409
-0.0155344026242541,0.0787093278657555
-0.0219310670357892,0.0788880898849949
-0.0282542986415907,0.0790853228216482
-0.0342817067033699,0.0792982430813733
-0.0398832045780381,0.0795255582337294
-0.0449868760989653,0.0797670085240299
-0.0495563648479899,0.0800230558071875
-0.0535773452066307,0.0802947211805295
-0.0570492671874366,0.0805835160662357
-0.0599801179889315,0.0808914356064399
-0.062382922319864,0.0812210004389918
-0.0642732427920009,0.0815753443456415
-0.0656672290986353,0.081958354582957
-0.0665799096785256,0.0823748822160786
-0.06702347448798,0.0828310556242151
-0.0670052744421119,0.0833347593158358
-0.0665250734015716,0.083896446624258
-0.0655683809787602,0.0845317972578137
-0.0641002525805624,0.0852622881073055
-0.061899599649764,0.0861747244336246
-0.0590661983433221,0.0872242745077281
-0.0550834100925703,0.088612137253864
-0.0509967661891482,0.09
-0.0469541294876481,0.091374525086166
-0.043079462638808,0.0927128247371954
-0.0393998155029303,0.0940156769814481
-0.0359299585196169,0.0952831978807262
-0.0326779829084701,0.0965149982431738
-0.0296472675857785,0.0977104652775994
-0.0268698766495265,0.0988552326387997
-0.0242221160895869,0.1
-0.0218414193245229,0.101083169764579
-0.0196670923518472,0.102126385693676
-0.0176875088312363,0.103130151801017
-0.0158921547602681,0.104094039115655
-0.0142699230916271,0.105017579164613
-0.0127527130408855,0.105935636296857
-0.0112952083600963,0.106877235703541
-0.00990193910314494,0.107843939720802
-0.00857688080023377,0.1088378530179
-0.00785174094938756,0.10941892650895
-0.00716258971890005,0.11
-0.00599274484765909,0.11106337011122
-0.00490503317829249,0.112160888138869
-0.00389945361600334,0.113299425490734
-0.0029785199845849,0.114484325454285
-0.00214428629166506,0.115722270658598
-0.00139830815090219,0.117021753210974
-0.00074158839207687,0.118393815353685
-0.00041382063418322,0.119196907676843
-0.000124279726778351,0.12
0.000343927552147685,0.121576046813247
0.000709515549151238,0.123215000408507
0.000980516579321211,0.124905488474946
0.00117221614249494,0.126666043395157
0.001298524708397,0.128519486152144
0.00137252539782369,0.130496739196889
0.00140532566243817,0.132470711860396
0.00141415463828102,0.134328682158552
0.00141298944715799,0.136076303584665
0.00140972162672988,0.137722905109158
0.00140847472574044,0.138861452554579
0.00140927040568324,0.14
0.00141431689454168,0.141426379718287
0.00142428974126919,0.142793619044516
0.00143914898725499,0.14410234664474
0.00145872442824426,0.145363384368689
0.00148289987160693,0.146589896959744
0.00151179403888281,0.14779926454871
0.00154248942289551,0.148899632274355
0.00157740665160772,0.15
0.00162925647060718,0.151433292100202
0.00168135123090254,0.152705041309399
0.00173926939527391,0.153976790518595
0.00179037512513722,0.155003439530252
0.00183930649537568,0.155918636443672
0.00188997644112386,0.156807509732194
0.00194550373522522,0.157722576816743
0.00201047737902016,0.158725653595475
0.00209960139329722,0.16
0.00226694317702703,0.16213306678697
0.00246616388848905,0.164323763380908
0.00267630948739458,0.166316297689492
0.00290035212423414,0.168158148844746
0.00315927775825572,0.17
0.00351558719137046,0.172146171088509
0.00392081058793806,0.174176320164986
0.0043822178048067,0.176099733523616
0.00491022257924733,0.177933736356641
0.00551287478023457,0.179680816732235
0.00619517412142297,0.181334547630812
0.00696364789152788,0.182894614855191
0.00780198007848611,0.184326209502048
0.00871103141269509,0.185641180625968
0.00969864139080375,0.186859689375368
0.0107764310387666,0.188001008950225
0.0118638792286333,0.189000504475112
0.0131073214633153,0.19
0.014661481135103,0.1910859691815
0.0165227928000203,0.192209950205861
0.0188821084698286,0.193438354247775
0.022525944097323,0.195056190307515
0.0249407997612319,0.196013497044064
0.0274876993589695,0.196970803780613
0.029828391995073,0.19783535460203
0.031953886549814,0.198636909702587
0.0338997101509334,0.199416313248961
0.0356665420678265,0.200204447400813
0.0372317745945247,0.201034912138886
0.0385460870182723,0.201961218233917
0.0394952556962419,0.203118267658084
0.0396514455670536,0.204550900048163
0.0388723292822342,0.205983532438242
0.0377213958424762,0.207158269135229
0.0362987415236833,0.208306155063364
0.0351234477255004,0.209153077531682
0.0338810690057065,0.21
0.0318585562642314,0.21132989174903
0.0294658914327492,0.212884924016595
0.0266929905373411,0.214725517094498
0.0241204977472011,0.216515900444435
0.0217205202175519,0.218306283794372
0.0183220861318516,0.221119318244093
0.0153555588180281,0.223932352693814
0.0144537918597287,0.224873562534088
0.0136077349236554,0.225814772374362
0.0124174041817478,0.227247093767637
0.0113665225005101,0.228606603636198
0.0103919521447937,0.22994380968807
0.00963690052351001,0.2310654891793
0.00823857077756775,0.233411369759367
0.00703070673991158,0.235827127985907
0.00600364903674256,0.238296569975691
0.00512815204782355,0.240840818627734
0.00438101211519899,0.243481563500489
0.00374448062984879,0.246241324617768
0.003204723146882,0.249144726691228
0.00275063349598534,0.252219820152069
0.00237301798438571,0.25549963532062
0.00206405476994146,0.259024209723452
0.00181695873567494,0.262843427654896
0.00162578627477495,0.267021226685676
0.00148534279926892,0.271642168678726
0.00139118107424719,0.276822324785559
0.00133974814722907,0.282728661749257
0.00132882895706495,0.289617103867221
0.00135697294808829,0.297582182602669
0.00140919142066492,0.305177711635623
0.00147920170965127,0.313119376836671
0.00155319976438149,0.320407959937769
0.00163935092384497,0.328213410623199
0.0017182740069844,0.334713117110942
0.00180557258198694,0.341479909650431
0.00189322387230916,0.34790363187373
0.00198562007828353,0.354366727088877
0.002078979387211,0.360592719653266
0.00217537494762905,0.366741573610716
0.00227369347519256,0.372742279140765
0.00237456500370266,0.378643505198358
0.00247771730533442,0.38443504598773
0.00258324743039062,0.390131024641739
0.00269107846339374,0.395736610229214
0.00280112262984865,0.401257917549505
0.00291323989035303,0.406700202341624
0.00302727545937356,0.412070057289796
0.00314295907081256,0.417368926222964
0.0032601810176479,0.422605722654624
0.00337876196737754,0.427781320670256
0.00349887839152548,0.432901189724437
0.00362121077627236,0.437968250909752
0.00374753441281066,0.442985246535444
0.00388162671362367,0.447956234949587
0.0040304884370804,0.45288353906093
0.00420601575139344,0.457769922523251
0.00442641602982918,0.462617325104168
0.00468452926137182,0.466959649965937
0.00497838007332686,0.47078994203464
0.00532678066517865,0.474395808885142
0.00575701335591284,0.477999332819768
0.00632106248303368,0.481868142502398
0.00704770409890586,0.485996948078755
0.0078752705584524,0.489986094268179
0.00884378678367754,0.494047922530705
0.00976681491830987,0.497508476329748
0.0107053108216189,0.500734025635733
0.0116855423272669,0.503866450752758
0.0127212663375788,0.506976085552895
0.0138207672962283,0.510107805078468
0.0149875606420842,0.513295308231308
0.0162185411355876,0.516566910644729
0.0175001252398581,0.519948437449313
0.0188024210077585,0.523465131287638
0.0200403657155348,0.527047093307273
0.0210757690658396,0.53046713811839
0.0218980889651224,0.533862501411345
0.0224515995915956,0.537203092914806
0.0227118951874026,0.540576946694657
0.0226341193692223,0.544209854220952
0.0220353006906756,0.548717374312004
0.0210672610971704,0.552821770603883
0.0199604265421124,0.556414320161315
0.0188174731877302,0.559640469385143
0.0176587997549875,0.562671395942503
0.016481338747362,0.56563359471143
0.0152892194855356,0.568595570382575
0.0140884955206701,0.571604595717271
0.0128832506621917,0.574699719393249
0.0116778367426794,0.577917539940024
0.0104769557425596,0.581295619642059
0.00928569299483721,0.584875141294894
0.00810957558623476,0.588703600349608
0.00751721768646,0.590770842528312
0.00721056011889687,0.591884112641676
0.00692617514599481,0.592997382755039
0.00649595017466746,0.595028922259098
0.00616902060772745,0.59695480943871
0.00586798717898237,0.599102941143253
0.00557381784262387,0.601591331294872
0.00525444380631368,0.604704788122811
0.0049311469708626,0.608215920159492
0.004610604927525,0.612006647507834
0.00430335826982525,0.61598535786682
0.00402784905390599,0.619996642486424
0.00377502911045429,0.624310818305443
0.00355254563184825,0.629047775963753
0.00337353745406172,0.634247976611669
0.00325276822985843,0.639738857870129
0.00319394534294146,0.645262146086084
0.00318985377588679,0.650725973974517
0.00323279676986248,0.656129474435914
0.00331789825987511,0.661494018126161
0.0034429494210522,0.666834596875749
0.00360753678610447,0.672150005882933
0.00381304980972189,0.67744254291736
0.0040616693189181,0.682695464364944
0.00435706303240054,0.687897779534492
0.00470304091431931,0.693020289861028
0.00510452568020953,0.69803956837219
0.00556730732401028,0.702933685854919
0.00609700460636234,0.707674677889873
0.00669925605245511,0.712237334779205
0.00738075041393072,0.716608346745768
0.00814859824414104,0.720779720546713
0.00900694381925308,0.724734209111925
0.00995821569068368,0.728459946854016
0.0110102936863363,0.73197399480113
0.0121740112539681,0.735299634878223
0.0134533428375035,0.738439223619726
0.0148981991244722,0.741490977935434
0.0165560865611234,0.744503614761333
0.0184723094449625,0.747496058948069
0.020725865366217,0.750516002569526
0.0234373509319952,0.753626929174201
0.0265796372975174,0.75672042484937
0.0300731526118297,0.759706935822788
0.0340315797134531,0.762699273601326
0.0374020090444485,0.765032573707785
0.0409443900075444,0.767365873814244
0.0441037053726128,0.769421299924948
0.0468570793700024,0.771269622501802
0.0492164745795665,0.772987352815763
0.0511550793785509,0.77462327195883
0.05261846132336,0.776214181804463
0.0535128711803937,0.777761338384263
0.0537638020610752,0.77931011850558
0.053234973772699,0.780911990152504
0.0516728705659914,0.782644789998373
0.0484857020427325,0.784685011461852
0.0452584693520506,0.786189144672798
0.0413958817596916,0.787693277883744
0.0375651452754953,0.789022578527043
0.0338225745793715,0.790237523393303
0.030161755877573,0.79138490632407
0.0265879556394051,0.792491246308506
0.0231108399775027,0.79357370779167
0.0197387254201943,0.794645444328017
0.0164754463137025,0.79571848340396
0.014006153990355,0.7965653550599
0.0116621451001951,0.797412226715841
0.00791377232832438,0.798882127131982
0.00445117759236001,0.800411792800636
0.00286641714444347,0.801185947468358
0.00211522417518359,0.80157302480222
0.0014138387719088,0.801960102136081
0.000675059244166198,0.802424188690592
-0.000201248871616635,0.803087295281507
-0.00090569789111859,0.803768710041112
-0.00145050537028228,0.804471579422145
-0.00184671719689889,0.805199987595784
-0.00210361607074189,0.805958295451678
-0.00222915623737045,0.806751323105718
-0.00223025928155284,0.80758457119266
-0.00211300208928912,0.808464515313638
-0.00188270420312208,0.809399032224981
-0.00154389264763158,0.810398062923905
-0.00110007439609222,0.811474721771341
-0.000553141747770236,0.812647314022668
9.80506925987953e-05,0.813943428638245
0.00086137497347793,0.815409651889823
0.00164186964537386,0.816905537288223
0.0024179861039524,0.818428948496496
0.00318354839063849,0.819997375844964
0.00393549837606255,0.821628094678142
0.00467406542571584,0.823340831821793
0.00540317199079499,0.82516026235796
0.00613154609174943,0.827119869868804
0.00687517679933832,0.829269142446062
0.00760968386552692,0.831521823034624
0.00834715193223772,0.833873545676208
0.00912344210953033,0.836386732233839
0.0099837837630475,0.839143936875132
0.0109983633568704,0.842282111682228
0.0123063894691801,0.846090443102235
0.0141280334121474,0.850974843216253
0.0159977585206987,0.855631037049627
0.0176149063404294,0.859533545289666
0.0189674002004308,0.862856265486556
0.0201326607266363,0.865919318176079
0.0211261682311154,0.868890369918942
0.0219029671964657,0.871770864865825
0.0224370888707555,0.874586975288029
0.0227178290826864,0.877467644033382
0.0226981271338931,0.880620743383355
0.0222611462530316,0.884260181628739
0.0215243567850897,0.887557267401705
0.0206181311150355,0.890576105724924
0.019708419689849,0.893157421774543
0.018791616023309,0.895531978458817
0.0178658311849988,0.897802520614521
0.0169345772502158,0.900017158686857
0.0160023544367787,0.902204106076535
0.015073502291208,0.904382605245108
0.0141519610059608,0.906567176377177
0.0132412276448462,0.908769700900358
0.0123443597715753,0.911000620862283
0.0114640072918266,0.913269685581878
0.010605536160259,0.915577986520925
0.00987188498755127,0.917642284020076
0.00919895819844666,0.919624540277145
0.00854319717144345,0.921652458071248
0.00786393848863963,0.923870751415491
0.00710256573825581,0.92652678515472
0.00636471556917645,0.929307696273762
0.00565102098806063,0.932235686309446
0.00496037069046536,0.935345515431368
0.00431189013434419,0.938574687680672
0.00366739106467095,0.942158719270831
0.00348123096276595,0.943277449852
0.00330565783410923,0.944396180433169
0.00311028066926874,0.945814345864955
0.00282328469796962,0.94836728296946
0.00256918081355791,0.95133016320088
0.00233284321389152,0.9551327352204
0.00215038414507296,0.959486153122673
0.00204978503597968,0.963589372529178
0.00201790504591421,0.967296844333613
0.00204453357074732,0.970792517128957
0.00212654105306722,0.974065877297972
0.0022640609023794,0.977211110312803
0.00246187694309495,0.980329163480458
0.00273256384280957,0.983579992812751
0.00311326796019296,0.987368047339029
0.00342982926971979,0.990308010204672
0.00372849360767254,0.993247973070315
0.00396623617089481,0.996039093663249
0.00415964160917656,0.999199029716672
0.00428086435673261,1.00282123785937
0.00432360585626066,1.00688533297729
0.00432486125735245,1.01034205671136
0.00433176929504683,1.01375281251732
0.00437652407110323,1.01756139877113
0.00449973569271101,1.02190568663778
0.00475627757427695,1.02695477201813
0.00511574512700753,1.03166741926573
0.0055416983737949,1.03585345476244
0.0060316328556805,1.03968501522552
0.00658423504948439,1.0432205134458
0.00720175938316024,1.04650028871991
0.00788678119341417,1.04954739121478
0.00864180578954527,1.05237847480809
0.00946912028616937,1.05500814381709
0.0103709845451038,1.05745104412064
0.0113580510448923,1.05973992487711
0.0124615666690161,1.06193522834463
0.0136959683326925,1.06404278481229
0.015077469792501,1.06606790010559
0.0166245657556377,1.06801583865824
0.0183586881978856,1.06989211432341
0.0203051620436167,1.07170274651456
0.022493700227198,1.07345383363255
0.0249599195578348,1.07515193658061
0.0277469677783603,1.07680411738246
0.0309085644986743,1.07841844934869
0.0345128676639114,1.08000427944444
0.0386507501338052,1.08157358706437
0.0434495599212788,1.08314266295319
0.0491047573127013,1.08473670796094
0.0559257042292107,1.08639347962261
0.0638888353771901,1.08806738203843
0.0733367961268387,1.08980515413388
0.0822131057726952,1.09127631705465
0.0917024161996384,1.09274747997543
0.0999848175578919,1.09399867221076
0.107127866021916,1.09509832397909
0.113281723820574,1.09610935913564
0.118428820260707,1.09706501071677
0.122465873377778,1.09798663135552
0.12523069269411,1.09889142563555
0.126495893333199,1.09979679950609
0.125926799329072,1.10072555602245
0.122930189099958,1.10172013742048
0.116641191487408,1.10280368434008
0.106832174224788,1.10392447082608
0.0980943881146479,1.10471373170257
0.0881121250929634,1.10550299257906
0.0783347114822956,1.10621332409689
0.0689462483427807,1.10686539325539
0.0599309171317577,1.10748123772427
0.0512906725978242,1.10807470999616
0.0430324454116194,1.10865582692125
0.035157290602529,1.10923322182893
0.0276527216362109,1.10981590165225
0.0204795629451138,1.11041568987444
0.0135320713743949,1.11105351433253
0.00643830888816955,1.11178883086372
0.00145579194351129,1.11237922041616
-0.00290995085677973,1.11296960996859
-0.00640864628606353,1.11351278464409
-0.00923770230733852,1.11401653845345
-0.0116147459534967,1.11450253882557
-0.013753004866768,1.11500910332093
-0.0156658302431687,1.11554336921528
-0.0173362518290209,1.11610537414435
-0.0187561666729426,1.11669609599627
-0.019923351260629,1.11731725796952
-0.0206894661297286,1.11790291158391
-0.0211370408261658,1.1184885651983
-0.0213207461346453,1.11909666257746
-0.0212582608249875,1.1197402853072
-0.020958137937462,1.12042301216845
-0.0204279352301066,1.12115112082625
-0.0196762304398402,1.1219295540563
-0.0187127331135215,1.12276410999071
-0.0175482004194299,1.12366171593542
-0.0161942474609724,1.12463090359912
-0.014662814269775,1.12568271102043
-0.0129647327004287,1.12683255848075
-0.0113885374722745,1.12790889748036
-0.00991089622393138,1.12894280008623
-0.00846891359129954,1.12998907154395
-0.00707161013949703,1.13105179383632
-0.00572570602105715,1.13213545547798
-0.00443701306722179,1.13324443877283
-0.00321051006181282,1.13438329996793
-0.00205038993241594,1.13555701603946
-0.000960071592525673,1.13677124983284
5.7818277501993e-05,1.1380326717823
0.00100149320160319,1.13934938788444
0.00187008953390511,1.14073155122723
0.0026637976482433,1.1421922923611
0.00338407169921302,1.14374922817937
0.00403398413296294,1.14542709742615
0.00459722726796204,1.14718774810506
0.00507433772950212,1.14900312505548
0.00548456967750585,1.15089853749162
0.00584564285270799,1.15290380632484
0.0061755376008324,1.15505979199917
0.0064942310616523,1.15742767519635
0.00682724995922747,1.16011082589218
0.00721591722352195,1.16332200844937
0.00771336061252795,1.16730206104101
0.00827312079300081,1.17147735425129
0.00895669588058682,1.17616309712117
0.00967800514362088,1.18070474445576
0.0104581337277574,1.18523519195287
0.011296945785042,1.18972289803519
0.0122199213353705,1.19424830702222
0.0132485825871018,1.19883151809803
0.0144087328787688,1.20348461482785
0.015740286971801,1.2082480893662
0.0173117368972548,1.21321975979607
0.0192805241939881,1.21868240130038
0.0218231443446546,1.22485526342386
0.0235805076991189,1.22875415425174
0.0254055060025604,1.23265304507961
0.0270251882615846,1.23612505506949
0.0284265141869795,1.23928312045925
0.0296380923521961,1.24230842046636
0.0306201950431297,1.24520983269748
0.0313574677724377,1.2480240233998
0.0318564944586146,1.25087750466412
0.0321007694825291,1.25395601583491
0.0320023209250451,1.25777720042934
0.0316567845311425,1.26081425698333
0.0311375430483454,1.26385131353732
0.0305980173752223,1.26647842154366
0.0300694726576279,1.26887091815861
0.0295588701214035,1.27114375908111
0.0290708383789379,1.27335127826635
0.0286060822689756,1.27552418995518
0.0281596878467629,1.27768277757882
0.0277196360086056,1.27984186647261
0.0272838134976859,1.28192790547786
0.0268490884296844,1.28386434979419
0.0263779843757769,1.28574004272658
0.0258341184084197,1.28761801041084
0.0251743153941386,1.28955618308928
0.0243303831558173,1.29164352267299
0.0231873168717718,1.29401493210677
0.0218072996766946,1.29645382274061
0.0201942410679867,1.29896345007609
0.0186468911426116,1.30117163982867
0.0171792992062032,1.30316469177879
0.0161133222279882,1.30457860033008
0.0157590821578411,1.3050450709234
0.0154078137840484,1.30551154151671
0.0137435952805559,1.30784389448327
0.0120219635589752,1.31050251379921
0.0104187941206272,1.31325319783279
0.00892352446420385,1.31611276389531
0.00752290126385974,1.31910686937648
0.00629370912332574,1.32203979691727
0.00525160964901518,1.32479277436244
0.00435699424108532,1.3273830966416
0.00357830873031441,1.32983179159892
0.00289112509123134,1.33216007863598
0.002275985141498,1.33439057805779
0.00171658797226384,1.33654960367221
0.00119797373055572,1.33867172580816
0.000710129183188496,1.34081092799966
0.000234160339856944,1.34307769824668
-0.000303775074723992,1.3458725689015
-0.000624119400444143,1.34766681833155
-0.00092660796718663,1.34946106776159
-0.00118545378633681,1.35108423823973
-0.00141472420868714,1.35260053345111
-0.00163123652051924,1.35411258888177
-0.00184708817466788,1.35571383283152
-0.00207712024583851,1.3575500453468
-0.00236018928946825,1.3600606716952
-0.00268138351454296,1.36344396383729
-0.00290017211480671,1.36635426708174
-0.00305911386850289,1.36913769563915
-0.00318069604690079,1.3722798395069
-0.00325095446424393,1.37611377999695
-0.00324406331305647,1.37993958331155
-0.0031848183731338,1.38320465266888
-0.00308917082428941,1.38628980740254
-0.00296131360531668,1.38932151673605
-0.00280206778363116,1.39235359295655
-0.00260974335626842,1.39541970186619
-0.00237974928425366,1.39854741517852
-0.00210873580390687,1.40170650113856
-0.00181326855877646,1.40466250361953
-0.00149104346126446,1.40743445418423
-0.00113629940574767,1.4100576037243
-0.000740586120993706,1.41257251676631
-0.00029138734949888,1.41503197012887
0.00023187875177146,1.41751819987927
0.000867990745991293,1.42018318230921
0.00146127765115978,1.4224714802356
0.00206908596712698,1.424759778162
0.00259527524973656,1.42680654693767
0.00308005411013661,1.4288588666062
0.00355922014732967,1.43119872096773
0.00405826219180094,1.43424186146873
0.00437476434869999,1.43669425440811
0.00464508742443969,1.43914664734749
0.00489023713193314,1.44149114258145
0.00515267258041138,1.44386098066138
0.00546808515928992,1.4463347162593
0.00588232369726647,1.44901160343481
0.0064142078974732,1.4517768463178
0.00708035671176214,1.45456120814201
0.00786748744956133,1.45723553302059
0.00875306644456135,1.45972121120499
0.00972243542151636,1.46200441678585
0.0108030275209609,1.46416061515653
0.0120045057647589,1.46620303990922
0.0133391343851459,1.46814343719787
0.0148216527915749,1.46999146609162
0.0164694613496658,1.4717554105383
0.0183032196026682,1.47344287408107
0.020346036460786,1.4750599589595
0.0226250698765111,1.47661263092239
0.0251713038055323,1.47810617877404
0.0280209550273298,1.47954579804869
0.0312163489707085,1.48093653998596
0.034807510121786,1.48228348450962
0.0388543978683879,1.48359192042424
0.0434297962406048,1.48486746984997
0.048624128224276,1.48611643118536
0.0545524509575537,1.48734613701554
0.0613668842327896,1.48856574173938
0.0692787228829649,1.48978753477981
0.0786049631064858,1.49102989128856
0.0898223685598251,1.49231820604465
0.102877546272121,1.49361579030756
0.118240283291759,1.49494965869699
0.136748013440085,1.49637260611162
0.152072842488409,1.49745473331501
0.168106700734457,1.49853686051839
0.182695944121561,1.49951133575405
0.195727708417611,1.50040681350965
0.207194664515853,1.50125302053011
0.216924499017913,1.50206779170304
0.224639343349272,1.50286346270828
0.229977615233577,1.50365019094986
0.23248657904428,1.50443815685942
0.231576606109092,1.50524026147078
0.226361911457041,1.50607914042605
0.215129270604431,1.50700179309437
0.197661174604272,1.50793862194557
0.180531863396514,1.50864943016205
0.160511525765321,1.50936023837852
0.141434177257015,1.50997346291702
0.123764171141948,1.51051235959045
0.107232860570289,1.51100609329189
0.0917031499016383,1.51147105520162
0.0771015878465157,1.51191779013114
0.0633712296172687,1.51235439931989
0.0504505219985583,1.51278830800161
0.0382538613563885,1.51322790376781
0.0266296442104689,1.51368562825044
0.0152016277441831,1.51418873675302
0.00532986952643669,1.51468531148985
-0.000739647404827636,1.5150314205342
-0.00617031372693478,1.51537752957854
-0.0106564378158027,1.51569793588362
-0.0145090209547974,1.51600611594207
-0.0182002601736206,1.51633951871351
-0.0216375614083666,1.51669562609496
-0.0247608216926669,1.51707295138959
-0.0275381856564701,1.51747141821719
-0.0299544289138131,1.51789189554524
-0.0320043003275156,1.51833595015184
-0.0336886454949465,1.51880573423129
-0.0349806076199568,1.51930395083678
-0.0358294191595394,1.51981187490584
-0.0363025580041638,1.52034435561108
-0.0364265120822238,1.52091423176637
-0.0362093485577383,1.52152660657558
-0.0356571546285946,1.52218859137777
-0.034772902274786,1.52290879437537
-0.0335577654165819,1.52369692849144
-0.0320101296524959,1.52456539211632
-0.0301239590257899,1.52553067201038
-0.027885243714959,1.52661616649137
-0.0252624425207716,1.52785898040652
-0.0227327853668877,1.52906146057656
-0.0203840345185879,1.53020258822034
-0.0182219828015001,1.53128878908193
-0.0162437297678826,1.53232444897086
-0.0144426042125434,1.53331226908241
-0.0128098048697769,1.53425390984489
-0.011257944829092,1.5351988262753
-0.00976208050050714,1.53616596438798
-0.00832722252376373,1.53715738640765
-0.00695777563866078,1.53817558590128
-0.00565780451263205,1.53922340728564
-0.00443100197808978,1.54030415648942
-0.00328065135426793,1.54142174049133
-0.00220958131417779,1.54258085233539
-0.00122011326394015,1.54378722479598
-0.000314000114051902,1.5450479902717
0.000507646439405005,1.54637221089479
0.00124444617482482,1.54777169401225
0.00189687029933274,1.54926231448652
0.00246641661210998,1.55086630652066
0.00293506089193362,1.55253215324546
0.00331105852241644,1.55425093560467
0.00361089242013238,1.5560424681079
0.00384973253463928,1.55793117630356
0.00404222507787486,1.55995027149869
0.00420323338498229,1.56214822045757
0.00434914532004608,1.56460300539628
0.00450098929685327,1.56746076688949
0.00469608142521042,1.57109043703855
0.00492393105696797,1.5749166284655
0.00518260927387907,1.57876388233201
0.00547410805476403,1.58267390502923
0.00579808304151614,1.58668319932249
0.00615467874213274,1.59082470176805
0.00654605257942107,1.59513016257648
0.00697721427655463,1.59963183313494
0.00745659031234598,1.60436398528587
0.00797947303914394,1.60920937642018
0.00853290789341702,1.61399020392723
0.00912640550647467,1.61874018019567
0.00976337214471369,1.62343223442601
0.0104502931743063,1.62806004717257
0.0112048880708146,1.63267852184666
0.0120466928022749,1.63732411857467
0.0129942751545866,1.64200321469967
0.0140743801156951,1.64674113724029
0.0153270539631099,1.65159022722744
0.0168246547210014,1.65667590956875
0.0187523185070639,1.66238474814557
0.0211758020083077,1.66868880958568
0.022709297844608,1.67240121405445
0.0242617247243442,1.67611361852322
0.0256099660336041,1.67945982590039
0.0267452191340554,1.68256100973475
0.0276732435860611,1.68557542192628
0.0283335684246683,1.68843555145194
0.0287268544257353,1.69124690665577
0.0288352040241963,1.69414777349575
0.0285882193111774,1.69737571257052
0.0276656027006284,1.70177352671046
0.0267878346846292,1.70454019523248
0.0257296303880488,1.70730686375449
0.0246566147223613,1.70980340876558
0.0235835720692311,1.71213216274051
0.0225096443628932,1.7143692020299
0.0214372180218639,1.71655553597406
0.0203698870026967,1.71871630849005
0.0193113931239961,1.72086888804145
0.0182653020622519,1.723026336334
0.0172349237367029,1.72519910727502
0.0162232859373803,1.72739602762986
0.0152331476157449,1.72962487040295
0.0142670036190512,1.73189276044737
0.0133270977446407,1.73420645173461
0.0124154383633948,1.7365725293147
0.0115337974913011,1.73899761269623
0.0106837309291525,1.74148848396036
0.00986658600110668,1.74405223557104
0.00908350545317695,1.74669643389044
0.00832115745973582,1.74948368410621
0.00757463975676291,1.75246183299168
0.00684793642764984,1.75565359191766
0.00614517209275103,1.75908569512035
0.00547071278114549,1.76278919432974
0.00482913698946453,1.76680033690827
0.00422516645854233,1.77116187983467
0.00366355945338964,1.77592517236395
0.00314897479719408,1.78115371304151
0.00268579923740357,1.78693015765059
0.00227823948354544,1.79336694959261
0.00194042630179312,1.80038882871636
0.00175036542728014,1.80556563580889
0.00161029305958042,1.81074244290143
0.00147677480594458,1.81872149069162
0.00141582443016581,1.8264393123185
0.0014098327070965,1.83548943558633
0.00147132674644568,1.84490683921614
0.00159094857373853,1.8538231027919
0.00175502336812781,1.86202415989545
0.00195362610940391,1.86952911829784
0.00217964932770676,1.87640529287756
0.00242678190430072,1.88271398257926
0.00268847583910357,1.88850940866131
0.00295741605036317,1.89383984777153
0.0032253809969579,1.89874838310373
0.0034835360121537,1.90327510702668
0.003722795936385,1.90745564933447
0.0039345441791177,1.91132351864399
0.00411119912643068,1.91490904750632
0.00424679829930841,1.91824085225208
0.00433727577173844,1.92134542586044
0.00438053888705314,1.92424808738875
0.00437623961834415,1.92697312620324
0.00432535767888577,1.92954460161827
0.00422961252582835,1.93198727211836
0.00409072949903328,1.93432807886178
0.00390946860961329,1.93659919488584
0.00368403846154512,1.93884446427687
0.003406391346651,1.94113722652001
0.00304839364264884,1.94365115826963
0.00291262108343559,1.94451733175803
0.00277169724031134,1.94538350524643
0.00263199774455314,1.94626550216407
0.00231355527885702,1.94840835344279
0.00205985754553935,1.95025417775857
0.0018478577657928,1.95189436978475
0.00165306428501103,1.95348097278788
0.00146166262687326,1.95511412646986
0.00126016400646524,1.95691215943202
0.00102302980217933,1.95913017362177
0.00059573068052782,1.96340077121536
0.000216635491401775,1.9675135410022
-8.68837253098634e-05,1.97108318026894
-0.000380918355505434,1.97488041885558
-0.000650125891385008,1.97884137298732
-0.000866640091116292,1.98267792854313
-0.00102742575490004,1.98642303727841
-0.00112912619321169,1.99016746065563
-0.00116208650704389,1.99406166673824
-0.00110831800168581,1.99799914802959
-0.000968535949390825,2.00163678395902
-0.000749776288154469,2.00499537499512
-0.000455353999467564,2.00811572389199
-8.37099119523244e-05,2.01104668420294
0.000372226954802831,2.01384427354805
0.000927414057653676,2.01658214096376
0.00161053382944047,2.01937178395299
0.00248504058312092,2.02243409234989
0.00337413528175985,2.02526761857955
0.00411865549331863,2.02757425854127
0.00487753779697801,2.02995107265081
0.00591099842193223,2.03328133403992
0.00657383721260642,2.03544208864696
0.00725536950194929,2.03760284325399
0.00796217958819887,2.03969962893812
0.00867206099185607,2.04160781404621
0.00946958816391936,2.04350700544265
0.0103701402148598,2.04537220859381
0.0114044843027427,2.04721399006743
0.0125822766640481,2.0490050283239
0.0139247704489478,2.05074397200127
0.0154399408381674,2.05241513993442
0.0171468632501595,2.05402003090887
0.0190608281638887,2.05555644384374
0.0212042205203275,2.05702793410795
0.0236013140122195,2.0584375352468
0.0262811317746677,2.05978920419232
0.0292779862444282,2.06108725400174
0.0326311575471647,2.06233568804126
0.0363871206554532,2.06353870219671
0.0405999454761638,2.06470031083365
0.0453329996756442,2.06582444783457
0.0506615954435845,2.06691514040261
0.0566757485900395,2.06797651414912
0.0634842842998359,2.06901289913096
0.0712206859023019,2.07002897990333
0.0800522731433929,2.07103007409449
0.0901932508515042,2.07202240774221
0.10192665134654,2.07301368289357
0.11564251007035,2.07401406095881
0.131911231347402,2.07503809373453
0.151101169591971,2.07608158265292
0.173395703482837,2.07713381503683
0.199471674614911,2.07821019541258
0.230315955154552,2.07933452907483
0.266722900997991,2.08052329857524
0.30514781642181,2.08167812315541
0.338099240454312,2.08262847467768
0.367010956555378,2.08346252045438
0.392555893555132,2.084228638988
0.414834166731124,2.08495428996602
0.433667014081144,2.0856598339877
0.448625306488209,2.08636354125464
0.458945206702169,2.08708469322946
0.463313530581029,2.08784725377765
0.459350624962696,2.08868670059414
0.445000380432845,2.08954749586721
0.419160452668869,2.09042761880716
0.380551230254885,2.09133747581003
0.339883309684484,2.09208912002209
0.302285151449828,2.09268873887955
0.260915735420529,2.09328835773702
0.223754471324872,2.09379690379311
0.19109699574049,2.09423384889631
0.161875652888056,2.09462586239398
0.135384075742326,2.09498926299764
0.111168250691998,2.09533470411338
0.088893982064641,2.09567033933519
0.0682687501957258,2.09600378133773
0.0489638070801079,2.09634433986618
0.0304280553462224,2.09670873560586
0.0107705802446735,2.09715543105542
0.00163109276202525,2.09739403873469
-0.00660182949825329,2.09763264641396
-0.012852800630779,2.09783320383444
-0.0185737487753031,2.09803557177619
-0.0242611075457475,2.09825960004516
-0.029702536375991,2.09850189930524
-0.0347645634908119,2.09876048122822
-0.0393746738322712,2.09903475087694
-0.0434897694874876,2.09932503516784
-0.047138941521275,2.09963740002744
-0.0501781606445237,2.09996031246737
-0.052713415121573,2.1003034965055
-0.0547563067251788,2.10066961371613
-0.0563195073405681,2.10106181094606
-0.0574162036547298,2.10148394865513
-0.0580586482789245,2.10194078152986
-0.0582567494108664,2.10243822277977
-0.0580165034493405,2.1029837398222
-0.0573369868211131,2.10358768322704
-0.0562061230983407,2.10426407655476
-0.0545972020642862,2.10503176653055
-0.0524573288599271,2.1059194062561
-0.0496769506573073,2.10697699443295
-0.0459698298079472,2.10832088269145
-0.0421540685921463,2.10968202361224
-0.0384996694529177,2.11099614360231
-0.0350419083283353,2.11226752666881
-0.0317968717790255,2.1134985063793
-0.0287713997062011,2.11469007393239
-0.0259665940402654,2.11584252658318
-0.0233795774461214,2.11695581394245
-0.0210045549415261,2.11802971933512
-0.0188335649859585,2.11906395125998
-0.0168570736466288,2.1200581834592
-0.0150644737555329,2.12101206390592
-0.0134445134401817,2.12192520366933
-0.0118985486868408,2.12285092387147
-0.0104133439757144,2.12380044169225
-0.0089931231301988,2.12477557233574
-0.00764179741592264,2.12577852999953
-0.00636306441598427,2.12681191849075
-0.00516035765905544,2.12787882995637
-0.00403679497732942,2.12898297487321
-0.00299512461039782,2.13012885811309
-0.00203766894943893,2.13132202330403
-0.00116626536440404,2.13256940183316
-0.000382202806288927,2.13387982857488
0.000313848453805781,2.13526483612171
0.000921919122995977,2.13673994222835
0.001442845737869,2.13832687812619
0.00185909977053709,2.13996929856671
0.00218122072999766,2.14166445179543
0.00242472721990521,2.1434308944116
0.00260384986084496,2.14529187777273
0.00273205290911352,2.14727900362065
0.0028225083954202,2.14943817537624
0.00288885314013994,2.15184254127418
0.0029468165203674,2.1546267129518
0.00301969486903242,2.15811659476017
0.00311818951150095,2.16189098516045
0.00324745901516134,2.16577795349748
0.00340037777104163,2.16962213673458
0.00357304410523836,2.17348235143926
0.00376216689910152,2.17740403312552
0.00396595268105672,2.18142438404553
0.00418429839199278,2.18557680313161
0.00441867683491213,2.18989356516173
0.0046719445153892,2.19440758346456
0.00494821021099036,2.19915395619476
0.00525287355775033,2.20417144770476
0.00559295997667137,2.20950385458345
0.00594496009039726,2.21472188225602
0.00631630693125895,2.21990412258616
0.00670670166969338,2.22500300690687
0.00712005851597603,2.23002648417842
0.00756028895913018,2.23497555356561
0.00803231846580385,2.23985707623923
0.008541510481933,2.24467578428935
0.00909375620866324,2.24943471896721
0.00969549713400733,2.25413484930716
0.0103538341791866,2.25877556740044
0.0110867433959122,2.26341607891025
0.0119131653737951,2.26808800022846
0.0128519009881299,2.27279669870446
0.0139292471732584,2.27756609528817
0.0151853818608314,2.2824493679672
0.0166949848262802,2.28757877817057
0.0186571398839445,2.29337598786644
0.0205363848164657,2.29830995178842
0.0221191750920653,2.3021898906216
0.0237391487356994,2.30606982945479
0.0251313186824097,2.30949271246492
0.0263041058199821,2.31262659255026
0.0272716608607965,2.31564567737212
0.0279851965740191,2.31853060022662
0.0284326948507945,2.32134260931582
0.0286020614193698,2.3242117573269
0.0284389787288107,2.32733974421946
0.0277149982077553,2.33136370095863
0.0268672484462667,2.33429257303955
0.0258011911521213,2.33722144512046
0.0247233780293085,2.33979964194756
0.0236492079065038,2.3421695198297
0.0225742357086344,2.34442996422623
0.0214997778745505,2.34663018115972
0.0204291815498795,2.34879883088646
0.0193661498242766,2.35095513257578
0.018314269572781,2.35311325416613
0.0172768814999184,2.35528438801453
0.0162570493739647,2.35747788082161
0.0152575594687051,2.35970191615355
0.0142809315361777,2.36196395683018
0.013329429565191,2.36427106081478
0.01240507241982,2.36663012159316
0.011509647271509,2.36904805608984
0.0106447145178249,2.3715319901414
0.00981162306925655,2.3740894068232
0.00901151560575851,2.37672832435418
0.00824152792357649,2.37947160961727
0.00748553302592972,2.38240104387123
0.006747449494824,2.38553802463471
0.00603114799602174,2.38890834100221
0.00534070577700952,2.39254187225954
0.00468036014991229,2.3964734234172
0.00405443118101387,2.40074385566019
0.00346719278886987,2.4054018342519
0.00292268375617731,2.41050678729579
0.00242443034334308,2.41613466514967
0.00197526560144353,2.42238716503752
0.00158309318508534,2.42929098745944
0.00127182707460284,2.43688691083951
0.0010867055708957,2.44328236383984
0.000914606535474518,2.45132129649543
0.000789964264642295,2.45964795703222
0.000696400158868215,2.4695914853044
0.000650932374133643,2.4795914853044
0.000644570467550279,2.4895914853044
0.000671572936315383,2.4995914853044
0.000726076235961538,2.50903469099774
0.000802336119786097,2.51772249900999
0.00089783261717888,2.52571198156938
0.00101201678419769,2.53306422606169
0.001145516738235,2.53983502160744
0.00129974637274049,2.54607530216799
0.00147673004676805,2.55183185003086
0.00167903369730757,2.55714780713693
0.00190975744696216,2.56206298519189
0.00217255519065774,2.56661424132721
0.0024717081697694,2.57083589638277
0.00281221919358426,2.57476013765741
0.00319995674631246,2.57841729130201
0.00364185304194895,2.58183621543602
0.0041462043473616,2.58504487718029
0.00472313777221412,2.58807105032305
0.0053853284037438,2.59094330234723
0.00614058334857728,2.59366417399475
0.00699201278147026,2.59623046509519
0.00796786440410687,2.59871229580133
0.00912747474781847,2.60121862115324
0.0106582971393125,2.60403915110248
0.0118649804075901,2.60600958492
0.0131612828160028,2.60798001873752
0.0143553094072626,2.60973450737772
0.0153964245422647,2.61127795942094
0.0163171389109651,2.61271483726408
0.0171233555590814,2.61410582843347
0.0178050083802459,2.61549588380712
0.0183394564908609,2.61693221449625
0.0186853812154192,2.61848409122147
0.0187536758333096,2.62030265088024
0.0182386373892732,2.62285698827859
0.0175243457265112,2.6245936445913
0.016578999197808,2.626330300904
0.0155473674520791,2.62794442144251
0.0144358256746711,2.62953419389004
0.0132528815883502,2.63114871535237
0.0126128432525044,2.63200902101441
0.0119841971975453,2.63286932667646
0.0105292402702866,2.63501119605996
0.00896384668436683,2.63761673668853
0.00764380747626282,2.64014739058451
0.00648965860940373,2.64271116362894
0.0054783179010741,2.64533820088965
0.0045942963344694,2.64805289798181
0.00382625076260978,2.65087923809956
0.00316625835278031,2.65384259449973
0.00260989456400899,2.65697122118886
0.0021570894181379,2.66029784864554
0.00181412518598498,2.66386165760436
0.00160286826088336,2.6675703532562
0.00153835060827948,2.6709825370156
0.00159646673271257,2.67421748399283
0.00177156059861226,2.67736382138484
0.0020771987127714,2.68057339101657
0.00253457043206903,2.68393166287247
0.00317013632626102,2.68755328739928
0.00403232417602558,2.69165980185144
0.00473510831736068,2.694624166034
0.00552060440604578,2.69758853021657
0.00625566854737278,2.70001101233731
0.00698512515174517,2.7020870139015
0.00778400714588726,2.70403222806327
0.00868507382345273,2.70589214261533
0.00971552488233377,2.70768501089405
0.0108989466526744,2.70941627209531
0.0122539302676683,2.71108312388687
0.0138013147589885,2.71268664303247
0.0155621942397755,2.71422772882726
0.0175577752199268,2.71570698423626
0.0198134167899314,2.71712727014674
0.0223569248417801,2.71849131616525
0.0252210520961538,2.71980264695034
0.0284435479728577,2.72106485217593
0.0320687808603385,2.72228174538408
0.0361484860482768,2.72345709294542
0.040744099095785,2.72459482934373
0.0459283470637079,2.72569889975022
0.0517887492251266,2.72677346037949
0.0584314761589967,2.72782290673968
0.0659873187414252,2.72885204029058
0.0746208200549579,2.72986633820395
0.0845438417351408,2.73087228341293
0.096038417318284,2.73187799427089
0.109497579813037,2.73289436708527
0.12550571017051,2.73393735225546
0.144315367791122,2.7349962987321
0.166194467098127,2.73606637328292
0.191840734458024,2.73716489122962
0.222306022536718,2.73831961251446
0.257497350653955,2.73951998265303
0.292639880130092,2.74063279375612
0.323389697540258,2.74157448490302
0.350732413579585,2.74241645061637
0.375004087040019,2.74319718043259
0.396151956008971,2.74393999914303
0.413919034217795,2.74466308865329
0.427840152579317,2.74538314239426
0.43715590257369,2.74611765084009
0.440631075703184,2.74688749947523
0.436170056539834,2.74772134486435
0.42163556484403,2.74859026290472
0.396007539651658,2.74947448913647
0.358112711830504,2.75038486494741
0.320188613217135,2.75110517957608
0.276040609137443,2.75182549420474
0.236558315284389,2.75241089151567
0.202519023205307,2.7528928928386
0.172354269150566,2.75331425259453
0.145125581319583,2.75369815526082
0.120294843666576,2.75405811903265
0.0975014652604546,2.75440346395364
0.0764608854790954,2.75474185717596
0.0569000687878275,2.75508113930133
0.0384683999650773,2.75543213269268
0.0204470373439409,2.75581800672122
0.00582441788215206,2.75617667507948
-0.00213943592040095,2.75639628353365
-0.00938152852407994,2.75661589198782
-0.0155181185021987,2.75682086774796
-0.0211295716977199,2.75702761115738
-0.0267020264849876,2.75725635220982
-0.032027925179481,2.75750363777294
-0.0369771714301902,2.75776744939095
-0.0414792898356723,2.75804718911018
-0.0454909441578269,2.7583431945035
-0.0489962552966142,2.75865725101921
-0.0519482240228466,2.75898579956385
-0.0544029767662308,2.75933494444373
-0.0563710985747474,2.75970731208226
-0.0578647480324609,2.76010606791646
-0.0588965526286129,2.76053509013346
-0.0594781884484997,2.76099914677296
-0.0596190061716841,2.76150415535484
-0.0593245098045339,2.76205757049873
-0.0585931668098522,2.76266983959527
-0.0574126921152061,2.76335482072755
-0.0557566772553594,2.76413115983938
-0.0535735130709793,2.76502703568028
-0.0507576549865241,2.76609112733044
-0.0470392560388722,2.76743423936906
-0.0432430732561837,2.76878626420973
-0.0396153890505551,2.77009037307171
-0.03618882368023,2.77135097105273
-0.0329777790598757,2.77257051246432
-0.0299878431593384,2.77375009361957
-0.0272191037343944,2.77489010212038
-0.024667843849493,2.77599056385622
-0.0223275840045616,2.77705132463969
-0.0201898259911534,2.77807214155788
-0.0182446409363592,2.77905272260012
-0.0164811600074261,2.77999273491505
-0.0148671291436428,2.78090392456464
-0.0133099708763575,2.78183816788166
-0.0118146610151924,2.78279674027837
-0.0103851905417316,2.78378165188151
-0.00902536334199056,2.78479524780388
-0.00773874036787322,2.78584029473347
-0.00652858744249632,2.78692008907868
-0.00539781985524299,2.78803860139966
-0.00434894351369631,2.78920067360054
-0.00338399184854085,2.79041229521669
-0.00250445673791749,2.79168100248818
-0.00171121009891263,2.79301647616128
-0.00100440972318424,2.79443147768558
-0.000383376644450404,2.79594339934111
0.000149162578292914,2.7975618325066
0.00057625599134284,2.7992210693778
0.000915553053648752,2.80093955898103
0.00118238997428602,2.80273687543256
0.00139121575826992,2.8046387997364
0.00155603913186171,2.80668111890522
0.00169111878299743,2.80891735288071
0.00181224974084087,2.81143654447467
0.00194008966275981,2.81441528142394
0.00210503868663038,2.81815482657617
0.00229589937737731,2.82202258283816
0.00253615540817731,2.82634171370761
0.00280855348267726,2.83082131857322
0.00310801875905409,2.83549613315683
0.00343045653303973,2.84040248520924
0.00377467470021725,2.84557979916335
0.00414305116660215,2.85107234287408
0.00451345879947832,2.85651457969717
0.00488829298492302,2.86189493548946
0.0052697137719613,2.86718956371553
0.00566144733268322,2.87239707871445
0.00606756310597277,2.87752156976543
0.00649244470027315,2.8825707147219
0.00694061391259655,2.88755149862099
0.0074167926751524,2.89246936588231
0.00792597955299295,2.89732778863011
0.00847357140166131,2.90212848194703
0.00906547892001783,2.90687161113766
0.00970824979839114,2.91155612726838
0.0104092026494827,2.91618024364493
0.0111933811629816,2.9208370531188
0.0120754884121745,2.92552208353787
0.0130772891537571,2.93025115145561
0.0142293124216885,2.9350558556835
0.0155814358213252,2.94001087980676
0.0172366683973107,2.94531344169358
0.0195518236751454,2.95175126940891
0.0212259177884217,2.95595484059826
0.0229765846545683,2.96015841178761
0.0244806422174283,2.9637847746499
0.0257418203447921,2.96701187291774
0.0267953882034952,2.97006024338166
0.0276209082572211,2.97300906129059
0.028178667068176,2.97583701480494
0.0284663489142521,2.97866549771621
0.0284516528215336,2.98165383667724
0.0280172187860674,2.98515319956393
0.0272265736455541,2.98845967835226
0.0261264204380325,2.99176615714058
0.0250348968891031,2.99449879997676
0.0239600011041351,2.99693439668801
0.0228859833625825,2.99922917626402
0.021811503514994,3.00144854475591
0.020739415949999,3.00362708399538
0.0196733861773796,3.00578685540368
0.0186170746824878,3.00794361398245
0.0175739242322401,3.01010951268194
0.0165471040866589,3.01229450648859
0.0155395042040263,3.01450716521994
0.0145537422150645,3.0167551927519
0.0135921747528209,3.01904578246444
0.0126569120360821,3.02138587205469
0.0117498234653213,3.02378236438501
0.0108725523049908,3.02624229464071
0.0100265237800734,3.02877299787479
0.00921295529520172,3.03138226805606
0.00843286538705501,3.03407852817769
0.00767033775756637,3.03693645917264
0.00692407269970685,3.03999329739584
0.00619789570339613,3.04327309202729
0.00549576664742621,3.04680392154857
0.00482181516069636,3.05061833641856
0.00418027098318837,3.05475429150302
0.00357535108859394,3.0592564815096
0.00301108348695894,3.06417852546752
0.00249104005356288,3.06958709483492
0.00201807463736341,3.07556887615013
0.00159422384985489,3.08224054101005
0.00134013565038485,3.08714030868786
0.00113415290428502,3.09204007636568
0.000895886880457676,3.09953664227585
0.000716744257209623,3.10713262373847
0.000558435887384568,3.11616105291126
0.000434779809487442,3.12616105291126
0.000351036897379788,3.13616105291126
0.00029590113067894,3.14616105291126
0.000261105036887643,3.15616105291126
0.000240707641987325,3.16616105291126
0.000230597508759033,3.17616105291126
0.00022802709185065,3.18616105291126
0.000231213794966204,3.19616105291126
0.0002390452147481,3.20616105291126
0.000250885362337296,3.21616105291126
0.00026645767618992,3.22616105291126
0.000285781071665241,3.23616105291126
0.000309144333900386,3.24616105291126
0.000337113448943062,3.25616105291126
0.000370574055833066,3.26616105291126
0.000410818705064948,3.27616105291126
0.000459432439779315,3.28610995825053
0.000514644498279161,3.29535283424184
0.000577030088718017,3.30391441718339
0.000647452053491869,3.31184277926453
0.000726953771296658,3.31918384019227
0.000816739064907331,3.32598060225061
0.000918176543630118,3.33227332836501
0.00103281727867746,3.33809972287496
0.00116241829692923,3.34349508290764
0.0013089700594775,3.34849242567031
0.00147472560919916,3.35312262373993
0.00166223685031619,3.35741454172363
0.00187439421038065,3.36139516801639
0.0021144753036568,3.36508973244771
0.00238620189276295,3.36852182885875
0.00269380987309518,3.37171354706368
0.00304213722049487,3.37468560657774
0.00343673303552107,3.37745749301669
0.00388400086876474,3.38004761320067
0.00439138952263402,3.38247347310973
0.0049676537735954,3.38475188773004
0.00562322732274909,3.38689925357241
0.00636040843464781,3.38890615615059
0.00717186057398061,3.39075407206153
0.0080668112617984,3.39247276492757
0.00905880253389732,3.39409139454139
0.0101681140092983,3.39563989865468
0.0114285122930645,3.39715427013421
0.0129593794614159,3.3987413844246
0.0150146512765789,3.40057328234428
0.016887183657619,3.40204499978399
0.0189250300223113,3.4035167172237
0.0207796610513199,3.40479735059856
0.022402947306274,3.40591669189528
0.0238616952871465,3.40696254201037
0.0251718020839241,3.40798315613562
0.0263234194149844,3.40901519217081
0.0272883259217404,3.41009999328995
0.028011191281395,3.41130456806164
0.0283591464491984,3.41280125427614
0.028043725119483,3.41449872539
0.0270915903060269,3.41619619650386
0.0259516533783252,3.41758942811894
0.0246504934953939,3.41892595953538
0.0231841312640502,3.42029605843402
0.0215602454475287,3.42174331258127
0.019784131012384,3.42330748535687
0.0185024098860841,3.42445096059502
0.0172773511366494,3.42559443583316
0.0146002120546935,3.42833733386868
0.0119695953490361,3.43147925345798
0.00996639753993726,3.43430985577699
0.00840858195952198,3.43689471145657
0.00713183299761435,3.43936940984881
0.00602295331418325,3.44188470564598
0.0050558248667287,3.44446966719027
0.00421257414746116,3.44714727980305
0.00347909926898916,3.44994071527672
0.00284388810150792,3.45287494159685
0.00243839939816196,3.45511219689789
0.0020911230985715,3.45734945219893
0.00181659132446946,3.45940636366568
0.00158627128645726,3.46140077753616
0.00138099089056287,3.46346147185935
0.00118705039364623,3.46575295838119
0.000985961996231684,3.46866376892949
0.000764746640010526,3.47301589818129
0.000638403227310194,3.47677759354752
0.000568469510154795,3.48020242787732
0.000536833886083331,3.48392416746992
0.00055738627127386,3.48836588571454
0.000652833807396001,3.4931037694026
0.000814328703588103,3.49737437535047
0.00103966492125595,3.50128280857483
0.00132790730793123,3.50485143169309
0.00168048272218917,3.50811681857099
0.00210038084208493,3.51111583826918
0.00259167834276337,3.51388230502929
0.00315967682175824,3.51644808416379
0.00381114086110485,3.51884302665848
0.0045538866743459,3.52109272555929
0.00539581622843238,3.52321678229145
0.00634716033003959,3.52523523075669
0.00741482099248573,3.52715667851777
0.00863800600688851,3.52903456968496
0.0100352037638718,3.53086938267517
0.0116094783257835,3.5326417099268
0.0133600806391566,3.53433511409847
0.0152904030607474,3.53594263645676
0.0174128010718704,3.53746629565913
0.01974713104972,3.53891193344658
0.0223278912301447,3.54029074601444
0.0251842297358364,3.54160689124125
0.0283667281529984,3.54287116645387
0.0319233520773265,3.5440886577073
0.0358983792611198,3.54526086075333
0.0403622578119699,3.54639474980239
0.0453872889840676,3.54749415686211
0.0510547086651246,3.54856224445338
0.0574678513323814,3.54960356506944
0.0647495119913161,3.55062249240853
0.0730491032177156,3.55162362780054
0.0825558382876108,3.55261245167309
0.0935155344405026,3.55359566004701
0.106255534285607,3.55458157325247
0.121232975693466,3.55558136828022
0.139135783732129,3.55661180317753
0.159944198732717,3.55764714489149
0.184176982554102,3.55869620903311
0.212614003272272,3.55977613153575
0.24642811911065,3.56091452107974
0.284898790078537,3.5620837607664
0.322261381020342,3.56314382219298
0.354469848172868,3.5640339225239
0.382731587848222,3.56482579973009
0.407572114102887,3.56556033560316
0.429038881045442,3.56626303447397
0.446887346205293,3.56695401727706
0.460571886542059,3.56765253727963
0.469109928775161,3.56838072466104
0.470726836978194,3.56916935208269
0.46272630289552,3.57001768894692
0.44368372906423,3.57088092213379
0.412358334113033,3.57177088040926
0.367337342076025,3.5726975825686
0.327354532293854,3.57336799882577
0.281968672831051,3.57403841508293
0.240819455740708,3.57459931995185
0.205298535953648,3.5750657271936
0.173916820710367,3.57547465341271
0.145680866656385,3.57584781195323
0.119998501081486,3.57619824388815
0.0964680322420941,3.57653509434845
0.0747700377827825,3.57686605698562
0.0545922536454607,3.57719931271986
0.0355134414783417,3.57754692733387
0.0165641487085112,3.57793805671204
0.000857297298616923,3.57831414388012
-0.00659162538337018,3.57851607419104
-0.0133846887108772,3.57871800450195
-0.0192477129683731,3.5789094734229
-0.02503667453707,3.57911834997424
-0.0307002243158541,3.57934728532102
-0.0360535374978801,3.57959334210067
-0.0409898459886067,3.57985517309473
-0.0454523899738122,3.58013259371343
-0.0495135833336129,3.58043517064827
-0.0528940617503551,3.58074370444742
-0.0557604216209436,3.58107101759098
-0.0581228971356798,3.58141950397753
-0.0599931348124579,3.58179193044708
-0.0613842755122854,3.58219169886036
-0.0623093573035282,3.58262299056857
-0.0627798644313976,3.58309097762457
-0.0628042377255735,3.58360213545487
-0.0623861118833107,3.58416471803847
-0.06151980618103,3.58479080006095
-0.0601872236341365,3.58549590116276
-0.0583513773510148,3.58630219240475
-0.0559389981576283,3.5872450820671
-0.0527879937231234,3.58839249979991
-0.0488051675556205,3.5897926674417
-0.0449464390691401,3.59114025267219
-0.0412661690233788,3.59244302429508
-0.0377906063320771,3.59370462783549
-0.0345324589582581,3.59492669703742
-0.0314967610228825,3.59610983326387
-0.0286835191340832,3.59725411635369
-0.0260891329875707,3.59835937266299
-0.0237073070946131,3.59942531428482
-0.0215297298850099,3.60045160695381
-0.0195466301456962,3.6014378963489
-0.0177472538604949,3.6023838086387
-0.0161169110795998,3.60329086286153
-0.0145423276257119,3.60422083780344
-0.0130286631109189,3.60517486782197
-0.0115799156551758,3.60615490812424
-0.0101999065633017,3.60716323709411
-0.00889222243974199,3.60820254004081
-0.00766016245588515,3.60927601229239
-0.00650668229552448,3.61038749649209
-0.00543433452754702,3.61154166937145
-0.00444520454247087,3.61274430229017
-0.00354084027328121,3.61400263556566
-0.00272217229182349,3.61532593558151
-0.00198941778373207,3.61672636026724
-0.00134195565849164,3.61822037755416
-0.000778146088674399,3.61983125595517
-0.000322067916940988,3.62148194600072
4.37833094668388e-05,3.62318906045056
0.000335012970128013,3.6249714195385
0.000566290194241296,3.62685357605284
0.000751795075204002,3.62886926600423
0.00090588422862529,3.63106824535956
0.00104429203068602,3.63353158664876
0.00118707778328804,3.63641424941908
0.0013703010962823,3.64012517591951
0.00157497812484745,3.64393876700772
0.0018186026304488,3.64804416886495
0.00207872318217974,3.65210251143388
0.0023522082358421,3.65617589718131
0.00263674050688497,3.66031359844511
0.00293155507737293,3.66455554202373
0.00323758049582915,3.66893743023542
0.00355724791970995,3.67349352035923
0.00389428575786571,3.67825876459478
0.00425359744022865,3.6832701089354
0.0046414077660718,3.68856800564586
0.00503945258718046,3.69385059426881
0.00544747135253746,3.69907399483065
0.00586809507755421,3.70422982105861
0.00630423648598427,3.70930935110569
0.0067600163007713,3.71431477509796
0.00724013755784188,3.71925040479647
0.00774986738326049,3.7241215019006
0.0082948916022934,3.7289317830571
0.00888136426542958,3.73368315906831
0.00951599017164812,3.73837581285866
0.0102061472300795,3.74300866312812
0.0109730489496324,3.7476551864611
0.0118338520365624,3.75233150627107
0.0128083853619532,3.75704728953851
0.0139247134428668,3.76182914152603
0.0152267479465828,3.76673791621192
0.0167991705845523,3.77192804278536
0.0188887564825219,3.77793019473336
0.0206833566751025,3.7825445798898
0.0225919791148883,3.78715896504624
0.0241726979647839,3.79094558477658
0.0254826162256501,3.79423656512164
0.0265801960725208,3.79730894180378
0.0274632529013512,3.80029818827797
0.0280760781244425,3.80314116483984
0.0284208353147886,3.80595786510185
0.0284735439312569,3.80889488611904
0.0281456723940741,3.81223256096106
0.0271451085498265,3.81658648542671
0.0262509786474663,3.81928232173124
0.0251937714377146,3.82197815803577
0.024122071604872,3.82443652043862
0.0230491530715839,3.82674601264685
0.0219753888669477,3.8289730118764
0.0209035405463199,3.83115466523513
0.01983724841135,3.83331437393388
0.0187802049115327,3.83546860076784
0.0177359017679406,3.83762988997972
0.0167075623261181,3.83980840369935
0.015698130248123,3.84201280101554
0.0147102748483378,3.84425078974928
0.0137464042692141,3.84652949237551
0.0128086749810832,3.84885571875486
0.0118990026595026,3.85123617463268
0.011019075116728,3.8536776274152
0.0101703557426634,3.85618707762142
0.00935409955865738,3.85877188842004
0.00857135629686476,3.86143995446353
0.00780664813013194,3.86426268321149
0.00705756177502046,3.86728006272925
0.00632790370526056,3.87051539495121
0.00562160711324787,3.87399590647755
0.00494278214061609,3.87775311781937
0.00429565398537857,3.88182370135465
0.003684458667057,3.88625069433376
0.00311327256749214,3.89108549739047
0.00258578474240016,3.89639127983827
0.00210498719738501,3.90224956805903
0.00167306570808913,3.90876918928044
0.00130091039415155,3.91589283579651
0.000990372288974627,3.92359675185789
0.000802317462123047,3.92999194427662
0.000618021626175821,3.93848714397151
0.000474092162506232,3.94769729038953
0.000365320728450403,3.95752150285777
0.000288959006228718,3.96752150285777
0.000237563434960406,3.97752150285777
0.000203977656836673,3.98752150285777
0.000182980575249932,3.99752150285777
0.000170881964294639,4.00752150285777
0.000165164074959257,4.01752150285777
0.000164153537463586,4.02752150285777
0.000166761107379387,4.03752150285777
0.000172300171202836,4.04752150285776
0.00018037024032036,4.05752150285776
0.000190785442432522,4.06752150285776
0.000203532542065681,4.07752150285776
0.000218749625296223,4.08752150285776
0.000236721602772249,4.09752150285776
0.000257891987376053,4.10752150285776
0.000282893061630479,4.11752150285776
0.00031259970901862,4.12752150285776
0.00034821698768559,4.13752150285776
0.000391419623164101,4.14752150285776
0.000441694433445105,4.1570220714256
0.000498852639805009,4.16582579512928
0.00056371672046457,4.17397448841425
0.000637307884264641,4.18151594862216
0.000720804563790559,4.18849512993686
0.000815546432609688,4.19495403085674
0.000923050936455353,4.20093189188991
0.00104503533528045,4.20646537676387
0.0011834429515246,4.21158872718096
0.00134047175193209,4.21633391176549
0.00151860839755618,4.22073077421652
0.00172066670453569,4.22480717832593
0.00194983436520942,4.22858914213387
0.00220972679107405,4.23210096804609
0.00250445448102505,4.23536537906701
0.00283870536716026,4.23840365945161
0.00321784853394129,4.2412357964739
0.00364806863471767,4.24388063529909
0.00413654332689647,4.24635605564773
0.00469168547034961,4.24867917759831
0.00532348546368954,4.25086662120229
0.00604044236847045,4.25292549853831
0.0068301440447136,4.25481746879269
0.00770100237521437,4.25657267214773
0.00866553976821515,4.25822080242144
0.00974220951267873,4.25979161886066
0.0109609745145119,4.26131950352639
0.0124133678638282,4.26288967934229
0.014308450000254,4.26465327429205
0.0163294111940501,4.26629747240274
0.0185619629340285,4.26794167051342
0.0204436136686873,4.26925767059189
0.0220653140812312,4.27038807365622
0.0235199178754993,4.27144062234372
0.0248262882401222,4.27246591138577
0.0259753774614667,4.27350086505614
0.0269397969483503,4.27458636338828
0.0276659167750443,4.27578747430493
0.0280275572979486,4.27726663637699
0.0277316527211041,4.27898970167987
0.0267811034987933,4.28071276698274
0.0256421217522321,4.28211555917674
0.0243446951617527,4.28345545731648
0.0228833418989273,4.28482665858976
0.0212654726157163,4.28627332848924
0.0194965139351186,4.28783497963465
0.0182337670642192,4.28896292111831
0.0170252060008961,4.29009086260196
0.0143590931816007,4.29281845903067
0.0117240162711737,4.29595583131777
0.0097118406360588,4.29878550473513
0.00814377077261515,4.30137037591518
0.00685542101327298,4.30384628404357
0.00573364960409547,4.30636294859943
0.00482056132672083,4.30875462126339
0.0040686393548219,4.31104132494721
0.00343880766506435,4.31325483017424
0.00289973448422653,4.3154381002579
0.00242340248000565,4.3176623338488
0.00197516316294909,4.32009422903106
0.00161084415332249,4.32239633146755
0.00135791184044434,4.32422122915027
0.0011327509055862,4.32604612683298
0.000952056463210326,4.32768061306164
0.000796856744201775,4.32923304759748
0.000654497035140491,4.33080377495264
0.000516102370694955,4.33249463055386
0.000370648757438687,4.33448761894135
0.000182748474404681,4.33749292952154
8.40635057167618e-06,4.34090157344029
-0.000112983354209252,4.34381279060828
-0.000213132682390126,4.34673924251587
-0.000305503276668372,4.35014497703028
-0.00039131051797229,4.35458496876026
-0.000447608993708386,4.36024331161216
-0.000443614327499332,4.36513727517525
-0.000386988881059431,4.36958569725344
-0.000278162430289526,4.3735864846293
-0.000115563282389776,4.37718975262151
0.000103523371903846,4.38044249965794
0.000383118331956673,4.3833961704572
0.000728678997605194,4.38610127418778
0.00114887303330298,4.38861399724103
0.00165772453736642,4.39099526621295
0.00227917775296078,4.3933165809209
0.00306121421959189,4.39568499148938
0.00411235202905993,4.39829159062121
0.00553141820425098,4.40120064246684
0.00728851212967886,4.4042234175041
0.00861752873943956,4.40620993646117
0.0101171957142463,4.40819645541824
0.0116559138635704,4.40998620993694
0.0132619633516787,4.41161966830885
0.0149978878562338,4.4131562325479
0.0169046159758961,4.41461764531892
0.0190219501139763,4.41601722639083
0.0213909150881919,4.41736378553534
0.0240464751312751,4.41865946660897
0.0270286227280578,4.41990740821096
0.0303820330845838,4.42111079160917
0.0341495788053073,4.42227053920379
0.0383896343502662,4.42339082101681
0.0431649320023493,4.42447450457942
0.0485485653032674,4.42552464664057
0.0546244809951121,4.42654414939144
0.0614984010033168,4.42753704543504
0.0692950095773242,4.42850713294296
0.0781665082380375,4.42945853637529
0.0883016591047723,4.43039585239677
0.09993876020578,4.43132434229983
0.113384524564134,4.43225018914874
0.129048640724375,4.43318122317938
0.147495300146366,4.43412763109997
0.169434274565774,4.43509922933251
0.194836465943191,4.43607328424315
0.224356865894219,4.43705964203428
0.258870428073418,4.43807238655205
0.299677410315484,4.43913519678085
0.347664809458095,4.44026524743131
0.388598387223296,4.44117410977569
0.422492403767,4.44191990270189
0.451867820578073,4.44258812310954
0.477544335111998,4.44321923452071
0.499584520758338,4.44383853190968
0.517600309943918,4.44446855264996
0.530671067974527,4.44513666019635
0.536820907669473,4.44588859290203
0.5326854111478,4.44668603416836
0.516725319866156,4.4475099663039
0.487446790941345,4.44837681050685
0.442917259407398,4.44929830993615
0.381206768491601,4.45028006109229
0.336349122248685,4.45088786178868
0.287328499414021,4.45149566248508
0.243767251069515,4.45200798321853
0.206354299420211,4.4524398602153
0.173442553981296,4.45282214376938
0.143944955905548,4.45317359750269
0.117196142304581,4.4535059697425
0.0927324761769703,4.45382793316954
0.0701687722393754,4.45414740795901
0.0490900886819033,4.4544740548788
0.0288073320271735,4.45482570373355
0.00673693346281703,4.45527183017324
-0.00202023107911109,4.45547585213731
-0.00997774504617471,4.45567987410138
-0.0164278816244943,4.45586176938373
-0.0224473879761783,4.45604840917851
-0.028473241886359,4.45625603803462
-0.0342671214792789,4.45648124842014
-0.0396792661253317,4.45672205186441
-0.0446270024692951,4.4569777984396
-0.0490677876311655,4.45724873175996
-0.052983294346246,4.45753574416758
-0.0563626389829265,4.4578402621373
-0.0591933633707191,4.45816286310789
-0.0614924684388476,4.45850555229715
-0.0632887152089578,4.45887282992872
-0.0645967590805672,4.45926840101114
-0.0654303403336843,4.4596968275569
-0.0658008701090364,4.46016381079758
-0.0657157026688011,4.4606765884798
-0.0651757767607187,4.46124466700207
-0.0641697767273309,4.46188209083091
-0.0626703373050471,4.46260733126212
-0.060621847508396,4.46344862349399
-0.0579074626974099,4.46445556561065
-0.0542183662774714,4.46574495479813
-0.0501179977087465,4.46714211331549
-0.0461527592116358,4.46849433100441
-0.0423706664910726,4.46980606622695
-0.0387952576285744,4.47107948278164
-0.0354386342938358,4.47231534384497
-0.0323061126580692,4.47351370572698
-0.0293983367091397,4.47467428755492
-0.0267124397702363,4.47579666585533
-0.0242428211160421,4.47688037455746
-0.0219817541965221,4.47792495161072
-0.0199199091813521,4.47892995370484
-0.0180468186387801,4.4798949506785
-0.0163512938822663,4.48081950599943
-0.0147638766728468,4.48173766351519
-0.0132354532015133,4.48267932210398
-0.0117705492259163,4.48364603826411
-0.0103730886344599,4.48463991783786
-0.00904679724101146,4.48566343136511
-0.00779514879034829,4.48671950636
-0.0066213118473201,4.48781164627137
-0.00552809399364986,4.48894409065633
-0.00451788307021101,4.49012203586011
-0.00359258465201099,4.49135194741683
-0.00275355403536836,4.49264201676022
-0.00200151937809054,4.49400285534758
-0.00133648950654555,4.49544860133627
-0.000757633326760206,4.49699879432602
-0.000276926001919311,4.49862829817541
0.000104316681486989,4.50030488850997
0.000402550050462654,4.50204686885601
0.000632529989530794,4.50387560594729
0.000808186754207965,4.50581968917396
0.000943085158270097,4.50791972805452
0.00105114295740785,4.51023840152618
0.00114807063946134,4.51288520145058
0.00125560157170864,4.51609810590737
0.00139000043403846,4.5198366025863
0.00155576532541499,4.52383960374117
0.00177577928536249,4.52850167585279
0.00203099192285115,4.53346192518173
0.00228388022833603,4.5381742879639
0.00251022473305142,4.54232673285939
0.00272541080315207,4.54625634497649
0.00293671450467235,4.55010280302648
0.00314877776614401,4.55394130355478
0.00336532614907739,4.55782241034254
0.00358975726796703,4.56178574691871
0.00382537916330501,4.56586530346238
0.00407559820538404,4.57009278521519
0.00434408497990663,4.57449973673555
0.00463495949632587,4.57911898399407
0.0049530783386429,4.58398609904061
0.00530448715968736,4.58914060578936
0.00568194917027602,4.59441743212677
0.00607200712107422,4.59958608638151
0.00648129166877216,4.60470080339458
0.00691098866315945,4.60973278629879
0.00736572556427337,4.61469121562949
0.00785022094761904,4.6195793169296
0.0083700265825705,4.62440278987424
0.00893117057194826,4.6291651158736
0.00954023566398094,4.63386782767061
0.010204438612455,4.63851072806258
0.0109412140934229,4.64314922838147
0.011769820104866,4.64781926365691
0.0127083470867093,4.65252505800572
0.0137828681114189,4.6572897609852
0.0150327763094761,4.66216428323753
0.0165301852983061,4.66727445687503
0.0184620246509965,4.67301295963667
0.0208824075009688,4.67932123669081
0.0224114399128653,4.68302911933947
0.0239594966937416,4.68673700198813
0.025304508533522,4.69007992674914
0.0264376503669163,4.693178765358
0.0273644986776904,4.6961908553764
0.0280253469319022,4.69905159549205
0.0284196376945824,4.70186278053401
0.0285296407724233,4.70476205057579
0.0282857709156097,4.70798488168538
0.0273647687809844,4.71239199074312
0.0264872204398632,4.71516279496995
0.0254285018970805,4.71793359919677
0.0243550786913221,4.72043252822758
0.0232816961182797,4.72276272719835
0.0222073781411985,4.72500077448755
0.0211344494732368,4.72718788115939
0.0200664643777468,4.72934928613977
0.0190071280158385,4.73150242041562
0.0179599728262832,4.73366038800938
0.0169282709929134,4.73583368728156
0.0159150148240104,4.73803118118159
0.0149229216061846,4.74026069098811
0.0139544450084053,4.74252938972832
0.013011784171502,4.74484408990327
0.0120968968015513,4.74721145442949
0.0112115084541743,4.74963817554462
0.0103571182518324,4.75213114196392
0.00953501549290496,4.75469756568932
0.00874628077322981,4.75734515348037
0.0079785856867632,4.76013221105015
0.00722577688048575,4.76310991980955
0.00649167216498667,4.76630079332583
0.00578017062842046,4.76973133839582
0.00509535508434609,4.77343224762674
0.00444144312063277,4.77743919254312
0.00382268834700009,4.78179398719493
0.00324322634070292,4.78654641113457
0.00270686131031518,4.79175728716928
0.00221675637372087,4.79750455296178
0.0017752822624153,4.803891949758
0.00139109570218337,4.81091496693852
0.0010700585527589,4.81849794932277
0.000831255575288349,4.82636393063596
0.000671386741230772,4.83371448488612
0.000522946698283699,4.84299711150734
0.000416585510351465,4.85246231517217
0.000339962092764148,4.86246231517217
0.000290299813575682,4.87246231517217
0.000260171754997094,4.88246231517217
0.000244203449950114,4.89246231517217
0.000238660007716193,4.90246231517217
0.00024108796809815,4.91246231517217
0.000249988551292725,4.92246231517217
0.000264564912016011,4.93246231517217
0.000284560543757879,4.94246231517217
0.000310180593114951,4.95246231517217
0.00034208330655681,4.96246231517217
0.000381438458933027,4.97246231517217
0.000430066162181124,4.98246231517217
0.00048687108350416,4.99188255256529
0.000551770459853626,5.00058886275213
0.000625651280271566,5.00862983839433
0.000709653897705317,5.01605707092227
0.000805116210112876,5.02291848985634
0.000913570880652294,5.0292584889126
0.00103676115896608,5.03511825192569
0.00117666500350701,5.04053602667849
0.0013355254397608,5.04554734767162
0.00151588391672775,5.05018524676195
0.00172062247921004,5.05448045434541
0.00195301126150943,5.05846158857863
0.00221676832540465,5.06215532305744
0.00251613042601286,5.0655865539453
0.00285594349906612,5.06877857653393
0.00324177846275863,5.0717532669379
0.00368008075052092,5.07453127259178
0.00417837416809427,5.07713223540176
0.0047455444642913,5.07957506361389
0.00539224932066874,5.08187828080439
0.00612166736828369,5.08403389648791
0.00692752009455005,5.08602333845899
0.00782056283293885,5.0878804946191
0.0088171250117804,5.0896397370021
0.0099432513882898,5.09133905827935
0.011246864793335,5.09303062445445
0.0128965619020892,5.09487419740169
0.0154173319034889,5.09728086367805
0.0170037231542148,5.09864200952406
0.0186629578543335,5.10000315537007
0.0201733716497627,5.10123211948282
0.0215264406802317,5.10236876587384
0.0227382860706236,5.10346640302851
0.0238027232569615,5.10456444783528
0.0246965471429843,5.1057031821767
0.0253746520071635,5.10694124429537
0.0257396490038917,5.1084064738099
0.0253939213759211,5.11064594642561
0.0246393684664783,5.11212334777132
0.0235676620816164,5.11360074911703
0.0223484290129696,5.11499274484487
0.020984252740705,5.11639737733399
0.0194843127151088,5.11786084196838
0.0178567433294979,5.11942039265324
0.017282825108568,5.11997197442133
0.0167159000624023,5.12052355618942
0.0157886312293306,5.12145575943125
0.0133610998090963,5.12411514935012
0.0112065966451068,5.12682613101173
0.00943484540029441,5.12940610408706
0.0079666082712019,5.13188052682596
0.00673256909355208,5.13428635855412
0.00567384968239864,5.13667565502426
0.00473419007057534,5.13914050055278
0.00386224457664836,5.14182797582954
0.00309639572751236,5.14463482227453
0.00265869995706805,5.1464958487861
0.00226955550322678,5.14835687529767
0.00194759533354134,5.15008091268986
0.00166561102881572,5.15176126718362
0.00140333093169151,5.15350043037632
0.00114378533687887,5.15542906161832
0.000859549676686626,5.15784332427295
0.000485195313029343,5.16168743605677
0.000205850523647763,5.16528763849979
3.34785609901005e-06,5.16850339907036
-0.000173585165830217,5.17195992110099
-0.000343381355607467,5.17622280213241
-0.000499196875807616,5.18189596879389
-0.00057222828928934,5.1868411234483
-0.00058249270788109,5.19135219978439
-0.000534012231695264,5.19542764705257
-0.000427382217257439,5.1991183294107
-0.000260793325932804,5.20246997741234
-3.04241167933848e-05,5.20553547524188
0.000270307134475238,5.20837418355113
0.000652011457630181,5.21104909868839
0.00113311417910914,5.2136359622648
0.00174798471834721,5.21623710562838
0.00257568852230142,5.21904151610425
0.00368125308308579,5.2220977197258
0.00508616314667929,5.22534349521456
0.00625333707819456,5.227684771836
0.00757399799357995,5.23002604845745
0.00885747383322547,5.2320221357744
0.0101958583366001,5.2338433131636
0.0116028529783992,5.23550949506512
0.0131577662414788,5.23710420254553
0.014872910557518,5.23862013049817
0.0167967270334474,5.24008107188956
0.0189496582423853,5.24148289993474
0.0213711137446026,5.24283373668231
0.0240885136446279,5.24413235852993
0.0271420866969951,5.2453830113947
0.0305734231577608,5.24658826296965
0.0344281552810135,5.2477503748185
0.0387594086684962,5.24887211563833
0.0436332149111106,5.24995740367391
0.0491245813726147,5.25100958477776
0.0553226085386538,5.25203218617237
0.0623341712973655,5.25302894203101
0.0702877059594759,5.25400371726369
0.0793439715849541,5.25496108948805
0.0897024905070358,5.25590600919306
0.101617846747689,5.25684423993732
0.115423489470189,5.25778278510925
0.131570787805838,5.2587305817775
0.150701590669621,5.25969991974224
0.173185541053012,5.26068451184766
0.199261525891409,5.26167586530455
0.229651337652166,5.26268590323436
0.265354446048654,5.26373240532994
0.307974655211182,5.2648478397295
0.34354735414506,5.26570715551322
0.380650645217362,5.26656647129695
0.413593178747614,5.26732478077736
0.442368724648217,5.26801021872985
0.467498059909598,5.26865759489465
0.489002174999021,5.26929161663468
0.506488146706497,5.26993435587191
0.519058725997147,5.2706118755333
0.524854702176479,5.27136544266833
0.52068328624321,5.27217295225625
0.504899778166931,5.27300364656349
0.476081752476659,5.27387309748112
0.432426963415089,5.27479237385581
0.371976822784426,5.27577011284946
0.328638404695036,5.27636762108916
0.281358727895802,5.27696512932886
0.239150472406873,5.27747170426504
0.202687514431719,5.27790147765565
0.17048785538478,5.27828347268214
0.14155949648759,5.2786355693969
0.115284900713192,5.27896914115636
0.0912269011715162,5.27929270243325
0.0690164199825005,5.27961413224251
0.048248309322729,5.27994317236352
0.0282346085288004,5.28029807545852
0.00630504497926654,5.28075210612223
-0.00211961848901857,5.28095322405418
-0.00978972324737573,5.28115434198613
-0.0161651052155037,5.28133803888008
-0.022148669747078,5.28152770492409
-0.0281223838617641,5.28173831544586
-0.033854642950845,5.28196649812581
-0.0392011165520627,5.28221032333692
-0.0440824817650145,5.28246918790314
-0.0484582154475368,5.28274337436588
-0.0523095887122738,5.28303381049995
-0.0558706657639121,5.28336815648765
-0.0585863119379396,5.28369512854067
-0.060786857954768,5.28404385430629
-0.0624895190050502,5.28441779222862
-0.0637086234752743,5.28482075245927
-0.0644574836177566,5.28525744558895
-0.0647468828348118,5.28573376399126
-0.0645833294636331,5.28625719976684
-0.0639662881378219,5.28683786006867
-0.0628826478040921,5.28749018632057
-0.06130253730389,5.28823357905326
-0.0591657325739101,5.28909804510657
-0.0563441209285813,5.2901375128255
-0.052481866006179,5.29148628911242
-0.0484313283473896,5.29287203488591
-0.0445285658903543,5.29421341995323
-0.0408155064987167,5.29551440071641
-0.0373126382080427,5.29677692346828
-0.0340301918830359,5.29800166028743
-0.0309721311033142,5.29918864093016
-0.0281380330755822,5.30033758991787
-0.025524164862833,5.30144810359463
-0.023124227476896,5.30251974021888
-0.0209299492298515,5.30355206053924
-0.0189315977266461,5.30454463850741
-0.0171184344430047,5.30549705277868
-0.0154791183790604,5.30640886484242
-0.0139121435628982,5.30733431245082
-0.0124058320972553,5.30828361491415
-0.0109643563313419,5.30925859130462
-0.00959158965651277,5.31026145260936
-0.00829118983449214,5.31129480139464
-0.00706654694632736,5.31236173053742
-0.00592072974608367,5.31346595344967
-0.00485642936324356,5.3146119805892
-0.00387589997489757,5.31580536458378
-0.00298089547238477,5.31705305050754
-0.00217260010544099,5.31836389376249
-0.00145154918735444,5.3197494580842
-0.000817532226730617,5.32122530998798
-0.000269462800758758,5.32281326113871
0.000173694834603294,5.32445550992963
0.000522853972399971,5.32615071998701
0.000793690894777119,5.32791742551661
0.00100063674221119,5.3297789243405
0.00115741524500722,5.3317669025763
0.00127755964200977,5.33392742392001
0.00137526599998128,5.33633397270515
0.00146728622680708,5.33912202020781
0.00157947233386744,5.3426208183278
0.0017156654646231,5.34639535067963
0.00189168601306917,5.35056885302287
0.00208816092376573,5.35469332816457
0.00228980609272275,5.35862580941648
0.0024956329222639,5.36248475592869
0.00270553970646293,5.36634213564372
0.00292031313584097,5.37024738030792
0.0031415549626406,5.37423945549298
0.00337153603702697,5.37835238106196
0.00361306290137302,5.38261817736416
0.00386940105368635,5.38706885782774
0.00414428436045401,5.3917380020528
0.00444206273616526,5.39666222352907
0.0047680516106861,5.4018824559106
0.00512117535728383,5.40732297109013
0.00548072641735792,5.41261612855755
0.00585556961678947,5.4178600034305
0.00624559947182641,5.423008432612
0.00665528751072602,5.42807676158359
0.00708867324249134,5.43306883731312
0.00755056650853348,5.43799286955714
0.0080460300541479,5.44285402472743
0.0085805515182606,5.44765565204193
0.00916008515947889,5.45239891633459
0.00979118060212701,5.45708334421488
0.0104811233164227,5.46170743841678
0.0112546889012951,5.4663644315295
0.0121263837500713,5.47104910952931
0.0131177906038802,5.4757771674303
0.0142590570250535,5.48057949445214
0.0155992310908684,5.48552908776043
0.0172388084418336,5.49081773281498
0.0195184200053068,5.49719667119219
0.0212012759905045,5.50144212546463
0.0229651190592443,5.50568757973707
0.0244758694365549,5.50933206458136
0.0257415591328662,5.51256651789858
0.0267995746765437,5.51561721780472
0.0276314716450994,5.51857044818062
0.0281955044119691,5.52139942443864
0.0284899291059311,5.52422520419362
0.0284836196380784,5.52720503227537
0.028063764302434,5.53067841981272
0.0272758916050737,5.5340123287307
0.0261715485643245,5.53734623764867
0.0250782557817779,5.54008790602173
0.0240029566451838,5.54252613585093
0.022928846401827,5.54482158131058
0.0218543559038645,5.54704068030039
0.0207822945916497,5.54921832620341
0.0197163195293677,5.55137670316576
0.0186600927064084,5.55353161384666
0.0176170615701095,5.55569521965387
0.0165904013269146,5.55787745816915
0.015583008384133,5.5600868614603
0.0145975064111695,5.56233107840014
0.013636258224641,5.56461722825842
0.0127013788639094,5.56695215717705
0.0117947421165031,5.56934265397893
0.010917994884009,5.57179561394113
0.0100725636100966,5.57431820592207
0.00925966591337319,5.57691802129079
0.00848031787586064,5.57960324121911
0.00771715965475737,5.58245361632976
0.00697017172121857,5.58550194371769
0.0062431585333075,5.58877220344539
0.00554007977821051,5.59229231251045
0.00486506739771506,5.59609463447043
0.00422235796239437,5.60021690363485
0.00361618179670367,5.60470355006923
0.00305058947825417,5.60960786274688
0.00252919100017212,5.61499603745631
0.0020548909619412,5.62095410340567
0.00162978603094675,5.62759790284182
0.0012677281185716,5.63480369172397
0.000980451990632773,5.64266409215313
0.000802828389733598,5.64944383653996
0.000633516891659996,5.65804556771811
0.0005068764650553,5.66693595619508
0.000407674617142188,5.67693595619508
0.00034253964859726,5.68693595619508
0.000302031088801663,5.69693595619508
0.000279285668232654,5.70693595619508
0.000269488241934165,5.71693595619508
0.000269434199707453,5.72693595619508
0.000277122096975102,5.73693595619508
0.000291428698683097,5.74693595619508
0.000311893671866836,5.75693595619508
0.00033860659681481,5.76693595619508
0.000372179793614759,5.77693595619508
0.000413800268346593,5.78693595619508
0.000465049490740909,5.79687753594059
0.000523920920465126,5.80609293527646
0.000590939983661485,5.81461106524002
0.000667003417236968,5.82248420399471
0.000753237975057624,5.82976169408436
0.000850965109390465,5.8364893007954
0.00096169957460976,5.84270953083927
0.00108716558820663,5.84846192248424
0.00122932124941866,5.85378327550204
0.00139038841837059,5.85870783750155
0.00157288533394942,5.86326749499312
0.00177966877762379,5.86749196017206
0.00201398108478915,5.87140894187486
0.00227950790222905,5.8750442909669
0.00258044886925395,5.87842215547761
0.00292160500134818,5.88156514836141
0.00330849239922601,5.88449451325796
0.00374748679178596,5.88723029919274
0.00424601977569806,5.88979156991486
0.00481285152241631,5.89219665366686
0.00545846026011217,5.89446346047601
0.00618725164807267,5.8965876457964
0.00699129933665293,5.89854559684026
0.0078806559851797,5.9003699724472
0.00887044474853665,5.90209352239733
0.00998418745614472,5.90375131141932
0.0112634404410167,5.90538886037859
0.012848366611023,5.90713754829198
0.0151752162495142,5.90933434712755
0.0168423651573839,5.91073728574989
0.0186123503130809,5.91214022437223
0.0202325313164243,5.91339537563966
0.0216760594640934,5.91453352293325
0.0229730241465318,5.91561820920795
0.0241246764699222,5.91669147900807
0.025113471289988,5.91779133220242
0.0259027977321866,5.91896712339429
0.0264190564644125,5.92031191417586
0.0264367059763808,5.92214807517821
0.0258695516658158,5.92372223140082
0.0248681199324775,5.92529638762344
0.0237088438490791,5.92669335704232
0.0223974340089166,5.92807061717849
0.0209397951044921,5.92949057994519
0.0193451716284426,5.93099220840366
0.0176184639669728,5.93261555615401
0.0161936611301393,5.93401341369645
0.0136780017153406,5.93673828273263
0.0114261248011448,5.93955668359667
0.00954850320940374,5.94230249846665
0.00805345099794964,5.944857591247
0.00680340978968249,5.94734834941242
0.00571456683020771,5.94988625434242
0.00487843772398969,5.95215780556636
0.00422989693190716,5.95418214010631
0.00367885146170724,5.95614096206359
0.00318030885030446,5.9581611779744
0.00270140078729588,5.96039617107702
0.00219532062935208,5.96319075426812
0.0017110853338597,5.96647814655815
0.00130073199366047,5.97001085127187
0.000991806322347224,5.97343435402272
0.000740074120774373,5.97710306302839
0.000532720459498781,5.98136630369219
0.000388634444167139,5.98633808289014
0.000340620891756142,5.991184707986
0.000377639560936627,5.9955760544431
0.00048738146014276,5.99958646038357
0.000664753534088308,6.00325169968246
0.000908949440940303,6.00661633639886
0.0012225881928891,6.00972867987853
0.00161135474325753,6.01263672881618
0.00208561103540751,6.0153953609271
0.00266193401739957,6.01806318433387
0.00336644107852806,6.0207056391748
0.00423857706652758,6.02339354451151
0.00531908610918934,6.02615975951173
0.00657902551034637,6.02886846243008
0.00789240756775625,6.03127262445018
0.00923187063544298,6.03338506244277
0.0106190440230834,6.03527956368248
0.012087141867392,6.03701696612273
0.0136832022887641,6.03865048931475
0.0154352139571179,6.0401967867325
0.0173841873330883,6.04167637245179
0.019552829079175,6.04308975600793
0.021983779935101,6.04444847388731
0.0247071869838943,6.0457531373897
0.0277675531163832,6.04700973322393
0.0312092341429656,6.04822128868343
0.0350787445295572,6.04938977628971
0.0394376808563163,6.05051971500133
0.0443535022537077,6.05161440321005
0.0499053627101568,6.05267726531153
0.0561868406521274,6.05371184975032
0.063314363862342,6.05472252212282
0.0714285346416946,6.05571370055838
0.0807047375062312,6.05669037863377
0.091366267556372,6.05765837208541
0.103706071393117,6.05862482141031
0.118123995015942,6.05959904899644
0.135191777967955,6.06059392040664
0.155370790173813,6.06160940937989
0.178792726439955,6.06263135060522
0.206125116325495,6.06367274359436
0.2383028380149,6.0647528675876
0.276810211378842,6.06590528401172
0.319181480768975,6.06706241456104
0.355544479022354,6.06800738072785
0.386735603601995,6.06881388480897
0.414043952930933,6.06954512520368
0.437861300829434,6.070235054603
0.458128836723469,6.07090696253827
0.474452059514667,6.07158129917094
0.486021958758653,6.07228047811334
0.491314054675613,6.0730352669471
0.487528026791282,6.07386743474977
0.47275951165697,6.07471368835388
0.445775059096756,6.07558792482975
0.405073320281226,6.07650046406416
0.349004344314109,6.07746189409133
0.309163475249435,6.07804403055484
0.265751435342717,6.07862616701835
0.226614878342271,6.07912495158961
0.19239192381726,6.07955330509189
0.161916488995217,6.0799371311787
0.134387731294776,6.08029273456869
0.109290340833149,6.0806307979243
0.0862473333768046,6.08095953144209
0.0649296159815047,6.08128670792703
0.0449628691986735,6.08162212809629
0.0256899982363898,6.0819844490793
0.00448233034528047,6.08245004485251
-0.00352733324895952,6.08265273764925
-0.0108297177204302,6.082855430446
-0.0170645495180395,6.08304555531475
-0.0229277869523616,6.08324249936494
-0.0287546660480593,6.08346052297382
-0.034326957206346,6.0836962884207
-0.0395100389211987,6.08394793020467
-0.044230572875124,6.08421490979339
-0.0484503188006536,6.08449757302401
-0.052459376380468,6.0848257284742
-0.0555479633531769,6.08514250239604
-0.0581187356465236,6.08547904665643
-0.0601876485658916,6.08583837759861
-0.0617680003628751,6.08622368191439
-0.062873420623273,6.08663887280231
-0.0635164039212608,6.08708878615784
-0.0637068136473257,6.08757946263157
-0.0634501763906819,6.08811857288289
-0.0627444577186365,6.08871675779591
-0.0615753241198472,6.08938860224579
-0.0599117629972677,6.09015399872631
-0.0576921297991978,6.09104379349876
-0.0547854961433944,6.09211377585214
-0.0508230023837632,6.09350529440945
-0.0468636414058595,6.09487409757346
-0.0430665131130857,6.09619767817824
-0.0394664607991085,6.09748008054818
-0.0360804353822011,6.098723240657
-0.0329162440586215,6.09992787908546
-0.029975947208222,6.10109410105763
-0.0272575497662074,6.10222171410692
-0.0247560189544656,6.10331039430996
-0.0224640104416203,6.1043597697835
-0.0203724529661479,6.1053694567022
-0.0184710492221618,6.10633906646106
-0.0167487143296454,6.10726819408976
-0.01514651962629,6.10818433740464
-0.0136025166281834,6.10912384652565
-0.0121213546477673,6.11008819641767
-0.0107069680286214,6.11107946460128
-0.00936309378303419,6.11210008440173
-0.00809321651491827,6.11315293547659
-0.00690051484006118,6.11424145950142
-0.00578780470250154,6.1153698155597
-0.00475747921165722,6.11654309365798
-0.00381144400356125,6.11776761606197
-0.00295104607254234,6.11905137625665
-0.00217699213776446,6.1204047032205
-0.00148924900039564,6.12184131486229
-0.000886910753277975,6.12338009038444
-0.000379566283309587,6.12500621177149
2.68051087027078e-05,6.12667756543625
0.000349107604178107,6.12841246355144
0.000602396444272813,6.13023172318352
0.000800925704400982,6.13216306333133
0.000958633489127845,6.13424558430311
0.00108991035174535,6.13653905667773
0.00121113219354954,6.13914632147138
0.00134503688643864,6.14228443454772
0.00151202797770117,6.14601942174658
0.0017102420577641,6.14997890863673
0.00193334517981839,6.15398732066071
0.00217496227503237,6.1580232187252
0.00243148251970252,6.16213175250478
0.00270040473166363,6.16635112351051
0.00298095956514575,6.17071601662161
0.00327412420773717,6.17526031321532
0.00358241466901898,6.18001891815781
0.00390969201143143,6.18502919456514
0.00426116057344889,6.19033238169575
0.00463167580322656,6.19579803504611
0.00500521267256408,6.2011396353804
0.00538946293620813,6.20642682711733
0.00578502348935306,6.21162112678433
0.00619621907009659,6.21673435488017
0.00662703721565458,6.22177016438863
0.0070821364271798,6.22673668050772
0.00756636519234272,6.23163935345888
0.00808492690058018,6.23648198857403
0.00864343175633057,6.24126636984433
0.00924801897739366,6.24599264034293
0.00990547874794414,6.25065968080121
0.0106271632148519,6.25528874079321
0.0114367519671087,6.25995389594698
0.0123497324009742,6.26464968289305
0.0133899877867437,6.26939601198202
0.0145920055349041,6.27423294065182
0.0160152404689878,6.27925706728711
0.017795548969514,6.28474183877263
0.0202190945550307,6.29124682121924
0.0218023534847139,6.29513831287034
0.0234305785533902,6.29902980452145
0.0248549839718021,6.3025021345548
0.0260563246731479,6.30566092728833
0.0270522770715273,6.30868645987056
0.0278020449148921,6.31158898420809
0.0282856044853514,6.31440369138262
0.0284941867731623,6.31725697253759
0.0283815337340602,6.32033403955479
0.0277666876866171,6.32414876023679
0.0269392395477313,6.3271901026654
0.0258666472608687,6.33023144509402
0.0247863703066365,6.33286019303602
0.0237129284459841,6.33525311545477
0.0226389594223272,6.33752578282901
0.0215650303533876,6.33973267575082
0.0204943503688811,6.34190451595004
0.0194306236247458,6.34406153443302
0.0183774724793739,6.34621846360359
0.017338281505189,6.34838682973768
0.0163161580561075,6.35057618076323
0.0153139307077596,6.35279481356984
0.0143341592959722,6.35505024208299
0.0133791444689881,6.35734952917892
0.0124509422090155,6.3596995242639
0.011551371952219,6.36210706593871
0.0106820250668759,6.36457915713018
0.00984428074687089,6.36712310570607
0.00903930769761077,6.36974670342091
0.00826685703427602,6.37246284643594
0.0075076569244918,6.37536186926847
0.00676560232804281,6.37846445056227
0.00604449569159551,6.38179563706276
0.00534833971838961,6.38538437615808
0.00468129622659808,6.38926424376985
0.00404760680962983,6.39347444139416
0.00345146654920165,6.3980612642952
0.00289683213152497,6.40308055709644
0.00238713940535384,6.4086024044516
0.00192506740416998,6.41471868112525
0.00151280937334523,6.42154754883779
0.00125189357232091,6.42690041414849
0.00104421794620312,6.43225327945919
0.000822631833952963,6.43987916437213
0.000652892965482743,6.44778429175018
0.000507929651839392,6.45694511579408
0.000396775400972964,6.46694511579408
0.000321599697351517,6.47694511579408
0.000272194076242648,6.48694511579408
0.000241097592973904,6.49694511579408
0.000222967706537046,6.50694511579408
0.000214119388748624,6.51694511579408
0.000212095373329788,6.52694511579408
0.000215304035293776,6.53694511579408
0.000222755162356226,6.54694511579408
0.000233887430516307,6.55694511579408
0.00024846449050235,6.56694511579408
0.000266518225362828,6.57694511579408
0.000288326248307017,6.58694511579408
0.000314418975249684,6.59694511579408
0.000345618231842903,6.60694511579408
0.00038311587680398,6.61694511579408
0.00042860999002591,6.62694511579408
0.000481180928736618,6.63638956487176
0.000540785118527176,6.64514081212696
0.000608232544750299,6.65324232221455
0.000684539717942089,6.66074137087575
0.000770886772324133,6.6676823694417
0.000868617802454073,6.67410683689756
0.000979256547258259,6.6800535978042
0.00110452861541002,6.6855589566566
0.00124638833393517,6.69065684208278
0.00140704738613171,6.69537895052675
0.00158900985383881,6.69975489082476
0.00179511090531148,6.70381232580922
0.00202856462126032,6.70757710035884
0.00229301847829072,6.71107336741242
0.00259262201206644,6.7143237227515
0.00293211105687937,6.71734934434891
0.00331691329971533,6.72017013182378
0.00375328610408942,6.72280486157111
0.00424849867443868,6.72527136528167
0.00481108109661253,6.72758673817994
0.00545117812939406,6.72976760490943
0.00617531852123648,6.73181563449812
0.00697273937570243,6.73369904198161
0.00785217988997178,6.73544800270538
0.00882659598874984,6.73709221758346
0.0099152227005234,6.73866176122725
0.0111496579168898,6.74019199291045
0.0126314721271398,6.74177641729833
0.0145889148469773,6.74357720069534
0.0165282004808093,6.74514350323645
0.0186551777188927,6.74670980577756
0.0205169959719839,6.74801577704474
0.0221332001785028,6.74914640731569
0.0235837655703465,6.75020032471764
0.0248863066133821,6.75122736087059
0.0260315581165558,6.75226443342096
0.0269919765875824,6.75335259432528
0.0277136427658079,6.75455743352822
0.0280691633970519,6.75604369310638
0.0277677527573246,6.75776427431237
0.0268179969315128,6.75948485551836
0.0256810197018122,6.76088805505419
0.024385909624721,6.76222928303734
0.0229276240588181,6.76360194643342
0.0213137335270286,6.76505007043596
0.0195497788620518,6.76661314252509
0.0182810395981337,6.76775141413184
0.0170680032314545,6.76888968573859
0.0144102251750279,6.7716260228742
0.0118029162964593,6.77475227573734
0.00981120705889565,6.77757396080632
0.00825829723504549,6.78015434679224
0.00698097536221821,6.78263114715953
0.00587002836818531,6.78514954351033
0.00489955964249697,6.78773832123971
0.00405583104091883,6.79040612860332
0.00331587767300205,6.79320383302859
0.00267255148276014,6.79614339409675
0.0022694483350621,6.79832993348129
0.00192123370740655,6.80051647286583
0.00165071117581925,6.80246951704632
0.00142729215665431,6.80430335436787
0.00122930284327472,6.80614559030423
0.00104333465989871,6.80811893419466
0.000855511070360677,6.81043387350375
0.000627470432725149,6.81388724652649
0.000431805905534114,6.81781075948817
0.000311028895696971,6.82111239383499
0.000224636401444738,6.82442178342144
0.000163761645046839,6.82823138868321
0.000142344320949427,6.8330497352343
0.000186546413846596,6.83794277041496
0.0002925898634953,6.84235166695727
0.000457779558388212,6.84636931477752
0.000681884161313193,6.85002496901591
0.000966680887129816,6.85335828693165
0.00131546943190755,6.85641060719842
0.00173330597335476,6.85922446486215
0.00222713767726328,6.86184055989516
0.0028065036987652,6.8642985183173
0.00348408972688975,6.86663578136124
0.00427942330831468,6.86889512946891
0.00521615400772299,6.8711103652123
0.00631554593666243,6.87329527872916
0.00758286054680911,6.87543066017137
0.00903837588159446,6.87752329840399
0.0106314554143835,6.87948740608135
0.0123312745757047,6.88129373036529
0.0141449292571408,6.88296022036588
0.016104191758011,6.88451828303039
0.0182432576532817,6.88598932163582
0.0205969478721853,6.88738716914211
0.0232135503402502,6.88872722401383
0.0261223591773322,6.89001022800006
0.0293757100649992,6.89124515678721
0.0330239181069041,6.89243624104837
0.0371178325527008,6.89358565894819
0.0417253262944602,6.89469823716981
0.046919250141007,6.89577716040101
0.0527847806066195,6.89682573601912
0.0594274278143846,6.89784815730179
0.0669723703045865,6.89884848605936
0.0755723220232057,6.89983110442587
0.0854219523218332,6.90080139026916
0.0967707803527415,6.9017656093614
0.1099492322897,6.90273152179202
0.125414050360541,6.90370940901521
0.143832921498473,6.90471392797025
0.165341832580253,6.90572772796695
0.190348120759787,6.9067521743206
0.219605001335291,6.90780196362537
0.254201237289762,6.9088998551233
0.294680049942699,6.91005337680153
0.335793575271764,6.91113777774727
0.370299447047948,6.91201836364081
0.400133491019369,6.9127871817236
0.426266282950732,6.9134953380552
0.448912945045515,6.91417186112277
0.467894872005983,6.91483855615099
0.482678810062838,6.91551628312503
0.492227856871273,6.91623009537975
0.494527272349945,6.91701824332438
0.486739773195301,6.91785168827663
0.467480451629341,6.91870569479181
0.43537777194022,6.9195929507845
0.388839776448808,6.92052297143805
0.345816632184429,6.9212200904185
0.296676116412159,6.92191720939895
0.252529022844044,6.92249282663567
0.214881737332156,6.92296480192211
0.181907015113343,6.92337470482984
0.152398965814026,6.9237465266609
0.125657479495225,6.92409428348024
0.101221311648285,6.92442754762502
0.0787346290994704,6.92475417369643
0.0578616288032281,6.92508229988846
0.038168048134533,6.92542359686756
0.0187032286904851,6.92580526773627
0.00403970167927346,6.92613570751898
-0.00390161271550032,6.92633638153312
-0.0111449297744371,6.92653705554726
-0.0173527860189331,6.92672593392244
-0.0232342050739479,6.92692307531802
-0.0290706057345377,6.92714110837752
-0.0346460795606005,6.92737674580628
-0.0398283703714831,6.92762818588307
-0.0445455246460229,6.92789492910423
-0.0487605979461611,6.92817734633014
-0.0527561273965568,6.92850454490872
-0.0558394910172365,6.92882105761849
-0.0584044326327609,6.92915738391928
-0.0604669296385805,6.92951654339579
-0.0620403763697573,6.92990174013343
-0.0631384542152459,6.93031690995376
-0.0637736615204814,6.93076691922776
-0.0639558075085396,6.93125785116778
-0.0636902862610966,6.93179743808714
-0.0629747619381491,6.93239644277262
-0.0617944382687808,6.93306958211099
-0.0601174565750603,6.93383702509144
-0.0578804205116509,6.9347301862408
-0.0549478294088716,6.93580636353317
-0.0509304826483707,6.9372138276917
-0.0469652951585457,6.9385822264197
-0.0431637327635854,6.93990564380324
-0.0395596821829901,6.94118811304521
-0.0361698700728631,6.94243148815574
-0.0330020229976812,6.94363644024433
-0.0300581790793028,6.94480304422006
-0.0273363464947518,6.9459310882235
-0.0248315056565709,6.94702023545064
-0.0225363278229732,6.94807010523548
-0.0204417558397019,6.94908030771142
-0.0185375032387092,6.95005045019673
-0.0168124919692523,6.95098012516181
-0.0152093191610764,6.95189590459056
-0.0136642600967271,6.95283503627481
-0.0121819806167516,6.95379898266001
-0.0107664170893801,6.95478981622846
-0.00942130962161486,6.95580996412377
-0.00815014688750924,6.95686229839553
-0.00695611257860769,6.95795025119157
-0.00584202876471563,6.95907796944265
-0.00481029581045245,6.96025052733551
-0.00386282785233416,6.96147422605437
-0.00300098181035691,6.96275703019958
-0.00222547606103937,6.96410922781201
-0.00153629133135455,6.96554447627148
-0.000932538878415078,6.96708156025282
-0.000423432087546961,6.96870711590737
-1.55893991317753e-05,6.97037763872471
0.000307927605715133,6.97211143946013
0.000562180904140849,6.97392925376455
0.000761422681914369,6.97585867350982
0.00091957568676895,6.97793858086954
0.00105099177495932,6.98022833052664
0.00117195737042528,6.98282982637127
0.00130496289275204,6.98595725664438
0.00147092860309238,6.98969180661237
0.00166741152038132,6.99364496430329
0.00189285455256188,6.99772198908595
0.0021285921291123,7.00168471885476
0.00237250342486798,7.00561787373587
0.00262346438258932,7.00958030187254
0.00288158525355274,7.01361584129757
0.00314818594893384,7.01776119061132
0.00342561346292069,7.02204987658426
0.00371706106007857,7.02651463968996
0.00402646044309209,7.03118913039152
0.00435852361596255,7.03610944152606
0.00471900324846279,7.04131540262728
0.00510199023605264,7.0466674978478
0.00549211628358157,7.05190579887515
0.00589675565965229,7.0570931558021
0.00631667285342831,7.06219476084683
0.00675636832789093,7.06722047570835
0.0072202408073982,7.07217343102732
0.00771345922077534,7.07706027081545
0.0082415362436816,7.08188532858015
0.00881044861823071,7.08665118138546
0.00942668674687091,7.09135841532551
0.0100973824185976,7.09600616498927
0.0108390999518709,7.10064430582037
0.0116719052339528,7.10531472761759
0.0126135431202828,7.11002018975657
0.0136898850583983,7.11478353987569
0.0149398412521246,7.11965453243784
0.0164342175356737,7.12475578996505
0.0183540561677365,7.13046568440551
0.0207795385855507,7.13679371811392
0.0223167106413995,7.14052006277971
0.0238753272390996,7.14424640744549
0.0252301242298685,7.14760158624053
0.0263719132652505,7.15070603847781
0.0273074632549301,7.15371904920587
0.0279787627894402,7.15658385633335
0.0283834089188831,7.15939503245392
0.0285049002562474,7.16228870959854
0.0282767563609493,7.16549364040312
0.027378258653217,7.16988842462375
0.0265051909130015,7.17267745297325
0.025446678372528,7.17546648132276
0.0243734186858007,7.17797524349544
0.0233004312739805,7.18031072012032
0.0222264189317177,7.18255195427691
0.0211536115224998,7.18474110585654
0.0200855484358927,7.18690384096852
0.0190259400517349,7.18905782298121
0.0179783290819488,7.19121629975035
0.0169459985067904,7.19338986860433
0.015931951263704,7.19558746605108
0.0149389144677477,7.19781697334138
0.0139693512192249,7.20008561571087
0.0130254697059842,7.20240025469298
0.012109236413387,7.20476760234101
0.0112223859353514,7.20719440169486
0.0103664263228917,7.20968759748326
0.00954265630004616,7.21225446385462
0.00875216630452835,7.21490277855155
0.00798425598696356,7.21768471912601
0.00723108537953731,7.22065675671187
0.0064964852801418,7.22384122098128
0.00578434401265463,7.22726449372593
0.00509873429066145,7.23095711058632
0.00444386472698968,7.23495454185299
0.00382398222078074,7.23929833117515
0.00324321958135266,7.24403786886754
0.0027053833312851,7.24923337794723
0.00221364261392821,7.25496182351037
0.00177036882634508,7.26132539045516
0.00138346634762216,7.26833365900741
0.00105973305602753,7.27589903595674
0.000841518064853152,7.2829129538028
0.000663239294012303,7.29076334336774
0.000511872944583349,7.29987466475077
0.000398734500709069,7.30945079409821
0.000317070914726138,7.31945079409821
0.00026246604736139,7.32945079409821
0.000227219474008886,7.33945079409821
0.00020571970173573,7.34945079409821
0.000194006650439356,7.35945079409821
0.000189390476312342,7.36945079409821
0.000190102209011793,7.37945079409821
0.000195016070524075,7.38945079409821
0.00020345672774726,7.39945079409821
0.000215077998750069,7.40945079409821
0.000229792422770438,7.41945079409821
0.000247735992929799,7.42945079409821
0.000269259989840549,7.43945079409821
0.000294948299328494,7.44945079409821
0.000325663918868579,7.45945079409821
0.0003626342913492,7.46945079409821
0.000407594096404286,7.47945079409821
0.000459780981239827,7.48891172871099
0.000519109171407558,7.49767332431533
0.000586422431973709,7.50577954647104
0.00066277095497526,7.51327884547754
0.000749369537136014,7.52021663884173
0.000847600376713515,7.52663528157645
0.000959029777731836,7.53257429112487
0.00108543089987797,7.53807054636328
0.00122881110606956,7.54315845384769
0.00139144150919866,7.54787010842703
0.00157589288118722,7.5522354516599
0.00178507581901654,7.55628242530363
0.00202229022281983,7.56003711068612
0.00229128227965639,7.5635238649383
0.00259631628964589,7.56676546452183
0.00294226332869622,7.56978325304722
0.00333471315405966,7.5725972905028
0.00378012108227986,7.57522651923101
0.00428600376952856,7.57768895579004
0.00486120932283074,7.58000191813302
0.00551630511656792,7.58218231985284
0.0062525800186752,7.58421786846379
0.00706403028734044,7.58609386099639
0.00796037808837162,7.5878409953645
0.00895597908564357,7.58948955570417
0.0100727286498793,7.59107131152971
0.0113481236151315,7.59262593984805
0.0129159525216054,7.59427416747327
0.0151005536310027,7.59624457640449
0.0168891112862825,7.59767431493361
0.0188130503181843,7.59910405346273
0.020563958611778,7.60036105939435
0.0221119744465592,7.60148055010706
0.0235045069756939,7.60253694406192
0.0247498457249749,7.60357480464174
0.0258343502100979,7.60463098102755
0.0267258820764309,7.60574994200114
0.0273611712744302,7.60700897590908
0.0275730126094451,7.60863321550659
0.027126073608771,7.61028563076368
0.026126971888888,7.61193804602076
0.0249671333878402,7.61332818787883
0.0236503704271252,7.61467911662529
0.0221753194982716,7.61606911066628
0.0205500519824631,7.61753958507908
0.0187793298803655,7.61913063790616
0.0168842579224449,7.62089653563302
0.0154211064756015,7.62236287026461
0.0126904263242338,7.6254289743309
0.0104637605510892,7.62837035391313
0.00874494534963264,7.6310383538142
0.00737197082142514,7.63352478415544
0.00618791518532648,7.63602374282892
0.00521000095630599,7.63843046212404
0.00439009069196507,7.64077709767836
0.0036859445810522,7.64311913822315
0.00305671922936635,7.64556070663356
0.00243563525346916,7.648420003944
0.00205006645235408,7.65050494310654
0.00171312352007981,7.65258988226908
0.0014545085038214,7.65440511649652
0.00124270796001784,7.65606802034572
0.00105478316453155,7.65770860355384
0.000877756470580713,7.65942976415206
0.000699570115185591,7.66137781600645
0.0004961064154506,7.66394713462645
0.000221067224469155,7.66827402351095
3.79930668284767e-05,7.67204917573157
-8.915182706779e-05,7.67543050902152
-0.000196152336440749,7.67920575466357
-0.000287697355567987,7.68417695349497
-0.000325904112312,7.68945517498953
-0.000303096431457028,7.69414887411093
-0.000224637040489418,7.69841059196368
-9.132754426218e-05,7.70225658439638
9.84781380623933e-05,7.70573872383224
0.00034773649267336,7.70890273612395
0.000660899958570272,7.71179707963033
0.00104511674436471,7.71447594247374
0.00151126872237027,7.71699463729852
0.00207669453821188,7.71941400157116
0.00277103827052565,7.72180885034536
0.00365646991446694,7.72430375327287
0.00485905342236815,7.72709209807872
0.00640442968999894,7.73006719549349
0.00773005809074017,7.73225722345937
0.0092437781752875,7.73444725142525
0.0107650719963544,7.73636638569368
0.0123170799436228,7.73807430789547
0.0140008002921476,7.73968657616794
0.0158091386330037,7.74118684894812
0.0178205543262789,7.74262808632529
0.0200620858389214,7.74401045682514
0.0225670748809295,7.74533746480793
0.0253801810570193,7.74661619148844
0.0285353111209122,7.7478463372238
0.0320835171343623,7.7490331135141
0.0360753169840552,7.75017893557125
0.0405655698309933,7.7512857748568
0.0456258655010439,7.75235772672919
0.0513364374157949,7.75339806538987
0.0577925029231944,7.75441026468593
0.0651083432952916,7.75539803439213
0.0734222239566209,7.75636532615734
0.082907928118193,7.75731685893702
0.0937823696191393,7.75825779379455
0.106324481216965,7.75919422747778
0.12090325390412,7.76013368989645
0.13802465069924,7.76108597148814
0.158422345202904,7.76206491258906
0.182138339320445,7.76304931079183
0.209684544267736,7.76404397102421
0.241861013297482,7.76506228460465
0.279815577367003,7.76612533853395
0.324773481851244,7.76725696520954
0.367616210071014,7.76826009919243
0.402838073645438,7.7690650828249
0.433120213370244,7.76977065569377
0.459596128374505,7.77042663288671
0.482487152253911,7.77106115152042
0.501549993355568,7.77169653900836
0.516094359265408,7.77235665969616
0.524696163152329,7.77307552860058
0.524409648379482,7.77387788127089
0.512879804504332,7.77469742703429
0.488843992483179,7.77555112594478
0.450601465820785,7.77645174550443
0.396210050052514,7.77740804894533
0.350579794898625,7.77807407738231
0.299499056403808,7.77874010581929
0.254139891268447,7.77929146354488
0.215564395140015,7.77974657113448
0.181847913261623,7.78014365963469
0.151733518372771,7.78050512620797
0.124483527776697,7.78084429174576
0.09960659359068,7.78117044933221
0.076717212876767,7.78149148552133
0.0554376162137836,7.78181605261582
0.0352370983062367,7.78215777466475
0.0147246945173357,7.78255451775037
0.00653537189840948,7.78273273098392
-0.00103602014203669,7.78291094421747
-0.0089207384008044,7.7831136407142
-0.0154845560561528,7.78329908190078
-0.0214357743695981,7.78348378059407
-0.0274366545143721,7.78369028491409
-0.0332357965349904,7.78391494537117
-0.0386713270513069,7.78415549453599
-0.0436534433740575,7.7844111095808
-0.0481353702787005,7.78468192213689
-0.0520961746716099,7.7849687436949
-0.0557268790700927,7.78529368202829
-0.0585580094496083,7.78561581120508
-0.0608713361981669,7.785959155136
-0.0626832666878468,7.78632696836733
-0.0640081447381679,7.78672288966335
-0.0648596309944128,7.78715141200374
-0.0652491943912713,7.78761814057453
-0.0651844278464463,7.78813017425901
-0.0646668590619559,7.78869674547848
-0.0636861802528833,7.78933161262379
-0.0622168198661473,7.79005264806809
-0.0602068255678397,7.79088689992061
-0.0575483846690062,7.79188102385082
-0.0539670493398638,7.79314035887103
-0.0498823324988915,7.79453837546559
-0.0459303124240273,7.79589035329012
-0.0421605273955361,7.7972012005876
-0.038597095562161,7.79847331159427
-0.0352522950214501,7.79970758352807
-0.0321314481461965,7.80090415500529
-0.0292351343805034,7.80206279842651
-0.0265603977501588,7.80318312644083
-0.024101546770132,7.80426469831139
-0.0218507747267031,7.80530707000117
-0.0197986882922022,7.80630981079881
-0.0179347754255682,7.80727249876249
-0.0162478219571807,7.80819470172724
-0.0146621011542034,7.80911429584183
-0.0131356435540361,7.81005745327926
-0.0116729058699227,7.81102578124624
-0.0102778005762274,7.8120214058905
-0.00895403770482691,7.81304682298869
-0.00770507109647963,7.81410499141852
-0.00653404499761262,7.81519945420661
-0.00544373789142431,7.81633450170992
-0.00443650323215128,7.81751539676964
-0.00351420618183217,7.81874869400357
-0.00267815447172275,7.8200427075757
-0.00192901975188371,7.82140822395985
-0.00126674237702688,7.82285964199655
-0.000690405384090082,7.82441691221183
-0.000213477237372933,7.82604878996011
0.000165106370850766,7.82772885938781
0.000461680048217072,7.82947544927202
0.000690978074084672,7.83131027739684
0.000866944303714161,7.83326248899061
0.00100321215256737,7.8353736598759
0.00111386591888205,7.837708346395
0.00121500455841185,7.84038040481248
0.00132948769583191,7.84364204732669
0.00147123095787166,7.84738489278847
0.00164647556145145,7.85141687984232
0.0018789702996394,7.85613465437616
0.00210792045036138,7.86042274174209
0.00232974784256018,7.86442043940905
0.00254874908625209,7.86830103357405
0.00276779769482422,7.87215379703278
0.00298954944599309,7.87603545657364
0.00321678120476897,7.87998837904214
0.00345248042712533,7.88404825606285
0.00369984974562031,7.88824749421577
0.00396236405661936,7.89261779410608
0.00424385828661686,7.89719175329576
0.00454871726280817,7.90200435569548
0.00488222008298876,7.90709425084923
0.00525034171639897,7.91249336378232
0.00562405135855583,7.91772483701958
0.00601520660076881,7.92292652310434
0.00642246135025047,7.92803620710218
0.00685050333433402,7.93306940212684
0.00730344688735736,7.93802772719231
0.00778637373532334,7.94291851478416
0.00830471142302831,7.9477465116351
0.00886437237184265,7.95251475218194
0.00947178257547913,7.95722415239606
0.0101340030804944,7.9618740447896
0.0108668777640734,7.96651110881755
0.0116907540158403,7.97118072744393
0.0126230545933382,7.97588470319384
0.0136892848497856,7.98064533635854
0.014927576554194,7.98551077108095
0.0164067221052174,7.99059920014372
0.0182993880294881,7.99627001384079
0.0207208774988792,8.00262427210611
0.0222635322000706,8.00637578566781
0.023831426481447,8.01012729922952
0.0251953605184637,8.01349926989765
0.0263451999224021,8.01661123567811
0.0272892842942355,8.01962531388853
0.0279722222138457,8.0224951796571
0.0283889272415282,8.02530591601112
0.0285240847771716,8.02819172303266
0.0283148970279425,8.03137281973488
0.0274707504957367,8.03565032496821
0.0266051199128147,8.03847780463
0.0255449198773088,8.0413052842918
0.0244705161152996,8.04383364605266
0.0233972304357195,8.04617884570654
0.0223229586598684,8.04842531319996
0.0212496863282419,8.05061720370253
0.0201809016301127,8.05278104788578
0.01912031524261,8.05493495670069
0.0180714846995839,8.05709243631469
0.0170377118142877,8.05926424219471
0.0160220188995795,8.06145941023285
0.0150271519992186,8.06368588332682
0.0140555922081696,8.06595092279795
0.0131095648622079,8.06826140726554
0.0121910527907894,8.07062405094918
0.0113018058743737,8.07304558738704
0.0104433468059068,8.07553294056283
0.00961698798508906,8.07809335443722
0.00882383259484669,8.08073456734994
0.00805477354221595,8.08350248790412
0.00730015682854653,8.08645896135406
0.00656382122641126,8.08962600105201
0.00584963997395731,8.09302971837652
0.00516167466025964,8.09670033321184
0.00450412880566165,8.10067294667376
0.00388125453084396,8.10498865519052
0.00329720629457719,8.1096962659971
0.00275583232592858,8.11485519524124
0.002260370678373,8.12054114569076
0.00181327057912955,8.12685451374333
0.00142155551698254,8.13382418870979
0.00109364185424329,8.14134311671113
0.000895163805072204,8.14755026236597
0.000698816677919275,8.15586572588524
0.000548867175756352,8.16464049312824
0.000432726526731205,8.17415510418674
0.00034902503291107,8.18415510418674
0.000294028948664671,8.19415510418674
0.00025970584163649,8.20415510418674
0.00024022891775632,8.21415510418674
0.000231522911177363,8.22415510418674
0.000230869509642326,8.23415510418674
0.000236547756041676,8.24415510418673
0.000247552743554573,8.25415510418673
0.000263408091449272,8.26415510418673
0.000284060298920005,8.27415510418673
0.000309836966129878,8.28415510418673
0.000341458379792789,8.29415510418673
0.000380104178057214,8.30415510418673
0.000427551175473212,8.31415510418673
0.000482807472855174,8.32358926425759
0.000545781149650643,8.33231579021403
0.000617330986936267,8.34038143738253
0.000698553693190819,8.3478364585013
0.000790731516172705,8.35472769770037
0.000895330325643693,8.36109866029086
0.00101401532760893,8.36698979993291
0.00114867447582814,8.37243876218688
0.00130144758379882,8.37748058190932
0.00147475783878996,8.38214787287312
0.00167135138060713,8.38647101153861
0.00189434137343203,8.39047831181401
0.00214726334914316,8.39419617921399
0.00243413953363159,8.39764926357292
0.00275956084291191,8.40086062110433
0.00312879025779157,8.40385188071357
0.00354789454891591,8.40664341407626
0.00402392130167416,8.40925453128235
0.00456514043986125,8.41170371374564
0.00518138593333204,8.41400890161444
0.00588456339089566,8.41618788704559
0.00666104788400845,8.4181919796595
0.00751885476576628,8.42005156785756
0.00847115796610217,8.42179932528549
0.00953780331184907,8.42346866199595
0.0107520371732783,8.4250995979549
0.0122036728698767,8.42677979805861
0.0141605794183478,8.42872680113451
0.0159139338660131,8.43026642951036
0.0178186761629088,8.43180605788622
0.0195559432057589,8.43315072786967
0.0210756139060177,8.43432703989085
0.0224379275012042,8.43542541166782
0.0236567764850192,8.43649592324856
0.0247219700548497,8.43757643488995
0.0256058000520922,8.43870916731774
0.026254567974955,8.4399615158232
0.0265413724859386,8.44150230564233
0.0261963856361185,8.44327262050874
0.0252380921626442,8.44504293537515
0.0241135435513142,8.44648530253495
0.0228452920092723,8.44785906265225
0.0214281595884268,8.44925887256486
0.0198701953611727,8.45072859773849
0.0181779727588083,8.45230661371523
0.0168013236642111,8.45361817547998
0.0155008801352706,8.45492973724472
0.0129504851634418,8.45777889571524
0.0108389814806643,8.46051412951503
0.00910459113004945,8.46312692244814
0.00766963863961051,8.46564091477916
0.00645023416958765,8.46812715839737
0.00539051906473166,8.47065063915501
0.00445251398784875,8.47327725350676
0.0036307072130068,8.47600605689495
0.00309347064033575,8.47808893232802
0.00262362515848576,8.48017180776109
0.00225401126944512,8.48203270197738
0.0019441185087363,8.48378577368566
0.00166583072916161,8.48554883324506
0.00140105948242939,8.48743516844356
0.0011300516794312,8.48963670673584
0.000799364701246772,8.49282857349939
0.000471560497270035,8.49681538904034
0.000252001099510659,8.50022967346831
8.18527419204874e-05,8.50356955870605
-6.84673503660694e-05,8.50742313635715
-0.000201563231293134,8.51246116847037
-0.000269034268312455,8.51762761768803
-0.00026677916088206,8.52225021736823
-0.000203488718075618,8.52645209428018
-8.1321690534436e-05,8.53026474808472
0.000100178107299645,8.53372748212922
0.00034387335501985,8.53689200044582
0.00065511045848259,8.53981276116195
0.00104233089515454,8.54254508475688
0.00151933047681043,8.54515086254983
0.00210956172236282,8.54770453189701
0.00285573402396618,8.5503072229936
0.00384910398522488,8.55313422989062
0.00514939203715465,8.55618709888014
0.00673226510939613,8.55929126578158
0.00823815648475868,8.56179976492932
0.00963418489027488,8.56381110297447
0.0110531054546019,8.56559138900244
0.0125731358000601,8.56724883243495
0.014241454505295,8.56882273081983
0.016075755994318,8.57031418685137
0.0181272168141889,8.57174805700796
0.0204177976846646,8.5731216532033
0.0229912019907103,8.57444457218257
0.0258787398581001,8.57571673196126
0.0291246328045233,8.57694265177342
0.0327748233209511,8.5781251060878
0.0368785728283699,8.57926616265325
0.0414981480650674,8.5803695821792
0.0467050847224419,8.5814388240004
0.0525830016708677,8.58247731093132
0.059231909666045,8.58348870326057
0.066771104187361,8.58447673345509
0.0753503560471804,8.58544595660508
0.0851543551197944,8.58640121149275
0.0964177712569596,8.5873481058444
0.109446509471823,8.58829341469653
0.124652105543382,8.58924570965045
0.142615626872269,8.59021668298822
0.16387929644045,8.59120920132118
0.18852970520975,8.59220657998585
0.217237395906939,8.59322027141082
0.250918940381028,8.59426691440328
0.290983469774376,8.59537500138362
0.336486982720369,8.5965191225792
0.375095286789565,8.59743987536679
0.407624097217235,8.59821127716694
0.435943383300278,8.59890713550188
0.460648560801981,8.5995645915204
0.481736956121619,8.60020807144717
0.498805322227042,8.60085930688388
0.510961997924308,8.60154362165533
0.516400098822671,8.60229994252284
0.512025179691831,8.60311410282247
0.496160731818869,8.60394957885137
0.467422683562221,8.6048213712676
0.424084058678072,8.60574015285309
0.364269969088193,8.60671506305467
0.321985758666652,8.60730361193706
0.275955164285562,8.60789216081944
0.234741650825371,8.60839338344961
0.19898695732702,8.60882080921542
0.167323056767465,8.60920202107408
0.138825513712373,8.60955418347174
0.112911107704043,8.60988835884821
0.0891614492958033,8.61021293405276
0.0672180910189955,8.61053577404941
0.046679993931772,8.61086675530542
0.0268485016673294,8.61122475379439
0.00487300655739203,8.61168907912174
-0.00316278693500019,8.61188507123142
-0.0104975038374282,8.61208106334111
-0.0167896202588158,8.61226556750435
-0.0227504908393346,8.61245796291111
-0.0286830471592102,8.61267116302945
-0.0343626704675952,8.61290185282114
-0.0396509651459912,8.6131481891961
-0.0444722078065115,8.61340963106201
-0.0487880262825452,8.61368650840792
-0.0525772637332717,8.61397978950464
-0.0558998462912134,8.61429864608975
-0.0585866934111002,8.61462739746558
-0.0607628295770277,8.61497825982193
-0.0624430437059052,8.61535446406847
-0.0636414816489692,8.6157598310374
-0.0643712777729385,8.61619908583624
-0.0646430329058534,8.6166781359316
-0.0644630814634604,8.61720448820714
-0.0638306663607417,8.61778831213653
-0.0627325400513875,8.61844403575554
-0.0611388252597625,8.61919106545037
-0.0589895019422641,8.62005938746126
-0.0561572264551496,8.6211028096404
-0.0522895851565969,8.62245487055357
-0.0482555332673048,8.62383746014869
-0.0443717865186039,8.62517543085783
-0.0406792047469303,8.626472757279
-0.0371976539805446,8.62773141418326
-0.0339369165657298,8.62895210138495
-0.0309005880041262,8.63013487461384
-0.0280879312535,8.63127948194324
-0.0254949468667918,8.63238554039266
-0.0231151168502778,8.63345262562781
-0.0209399983947281,8.63448031213869
-0.0189597350086249,8.63546818353315
-0.0171635086994082,8.63641582359024
-0.0155399400562634,8.63732279389392
-0.0139752978573966,8.63825104359856
-0.0124718034026594,8.63920328633186
-0.011033494057531,8.64018144095828
-0.00966421598548888,8.64118776012304
-0.00836759125307181,8.64222489865586
-0.00714696603527837,8.64329601497755
-0.00600535621548484,8.64440490590402
-0.00494539013644854,8.64555618983582
-0.00396924797389336,8.64675556194107
-0.00307859652880215,8.6480101601408
-0.00227451701576729,8.64932910860572
-0.00155742117674457,8.65072435977972
-0.000926946589740626,8.65221206958865
-0.000381812202786179,8.65381500104777
5.62511076567882e-05,8.65546253140767
0.000402470538619557,8.65716531668114
0.000672332612897813,8.65894205624807
0.000880247099962042,8.66081685815407
0.00103999594183726,8.66282273176541
0.00116529849243439,8.66500812002667
0.00127078171181737,8.66745137575327
0.00137424766813852,8.67030036085909
0.0015051624606306,8.67393380864753
0.00165854016129935,8.67773193157262
0.00185417823243947,8.68194763983959
0.00205973409372213,8.68593756164842
0.00227303776487669,8.68983001427662
0.00249262915498871,8.69370647162542
0.00271805026603557,8.69762072404133
0.00294996491977599,8.70161392080467
0.00319001184153406,8.70572120451476
0.00344062122105064,8.70997517998284
0.00370485961179452,8.71440797736844
0.00398636499623082,8.71905296230648
0.00428941403193115,8.72394621987634
0.00461918973517408,8.72912785504725
0.00497883815641086,8.73459032779203
0.00534244539653223,8.73988886901688
0.00572079194076676,8.74514894620897
0.00611289296471551,8.75031157224025
0.00652341900127912,8.75539464507237
0.00695624839983034,8.76040001235251
0.0074162096621289,8.76533650402824
0.00790832016254284,8.77020940618589
0.00843802211880026,8.77502244810088
0.00901119589485626,8.77977710042617
0.00963429218293185,8.78447314332699
0.0103144638363663,8.78910919683625
0.0110725197760649,8.79375814047972
0.0119255748147421,8.79843665652034
0.0128933708588461,8.80315438834326
0.0140039440332671,8.80793818541157
0.015301276237745,8.81284944473385
0.0168704696001181,8.81804413667673
0.0189611236696949,8.82406081814709
0.0207458854050832,8.82865729180185
0.022643546732001,8.8332537654566
0.0242184399886436,8.83703433215564
0.0255243670260726,8.84032300425089
0.0266186042683391,8.84339435378484
0.0274984476808889,8.84638239849412
0.0281084979761643,8.84922485734482
0.0284506861098044,8.85204170859306
0.0285007615665115,8.85497979409514
0.0281695137007332,8.85832084105875
0.0271655550014706,8.862673290017
0.0262701333276419,8.86536734778955
0.0252121008127742,8.86806140556211
0.0241397071666837,8.87051877104621
0.0230661218330431,8.87282779641876
0.0219917239516629,8.87505461695605
0.0209192712590208,8.87723628335349
0.0198523958428282,8.87939615865128
0.0187947809188414,8.88155069371424
0.0177499093269929,8.88371243485278
0.0167209954034352,8.88589155737036
0.0157109740928026,8.88809674239847
0.0147225059241954,8.89033572943756
0.0137579899864021,8.89261568377743
0.0128195742157746,8.8949434692145
0.0119091651706531,8.89732586186187
0.0110284420911643,8.8997697168228
0.0101788598676187,8.90228214559872
0.00936166588054146,8.9048706495488
0.00857790267044298,8.90754329787004
0.00781291435331842,8.91036856983809
0.00706356251345304,8.9133889246241
0.00633366426912269,8.91662772217994
0.00562715287386965,8.92011231591254
0.00494813871237206,8.92387439657801
0.00430084757122285,8.92795086922034
0.00368951702985031,8.93238509283808
0.00311822620739549,8.93722892611385
0.00259066761007874,8.9425462231705
0.00210983736968997,8.94841959192934
0.00167792620420948,8.95495967829278
0.00130672766703388,8.96209194641813
0.00100795519065557,8.96980542291938
0.000770829162436792,8.97860390588081
0.000621677480963376,8.98629404741649
0.000488514597253047,8.99559689058349
0.000389105954885761,9.00559689058349
0.000322958348197934,9.01559689058349
0.000280790198186217,9.02559689058349
0.00025581620560148,9.03559689058349
0.000243218039352811,9.04559689058349
0.000239728108448794,9.05559689058349
0.00024323435996047,9.06559689058349
0.000252452843844116,9.07559689058349
0.000266697802666413,9.08559689058349
0.000285743193389415,9.09559689058349
0.000309755789913635,9.10559689058349
0.000339284501267621,9.11559689058349
0.000375302165146733,9.12559689058349
0.000419309547532535,9.13559689058349
0.000471699047973816,9.14528369366308
0.000531425691943366,9.15425926627289
0.000599192826157893,9.16256039672252
0.000675985920183002,9.17023717226562
0.000762981274902577,9.177336716779
0.000861532320798288,9.18390287697951
0.000973179295461463,9.18997648884678
0.00109966946207897,9.19559561506574
0.00124298364777676,9.20079573365006
0.00140536576067527,9.20560990953342
0.00158935772427802,9.21006896716838
0.00179784012365197,9.21420165891969
0.00203408128157733,9.21803481595258
0.00230179362348094,9.2215934863729
0.00260520576079687,9.22490108424685
0.00294915005235262,9.2279795467419
0.00333917506557207,9.23084948845194
0.00378169152247995,9.23353037122853
0.004284167514485,9.23604070431261
0.00485539938732924,9.23839828034999
0.00550589956187347,9.24062047964278
0.00623863075227654,9.2426992007568
0.00704649503831778,9.24461497433913
0.00793934548193696,9.24639941767034
0.00893186323408261,9.24808396447315
0.010046629725419,9.24970187238368
0.0113228394210871,9.25129536326958
0.0128958790078744,9.2529889088345
0.015133303399421,9.25505357585538
0.0168449068529556,9.2564575822091
0.0186749988477483,9.25786158856281
0.0203693185536191,9.25912274734647
0.0218736585874327,9.2602543688807
0.0232263944153523,9.26132548963101
0.024433242514376,9.26237989686579
0.0254793784548531,9.26345485248472
0.0263315036986825,9.26459625691508
0.0269238656752372,9.26588562357523
0.027076431953085,9.26757065936287
0.0265846155653366,9.26922417722879
0.0255711312502574,9.27087769509471
0.0244100833316826,9.27227701834381
0.0230976647346242,9.27364077632858
0.0216331115519711,9.27504429695904
0.0200247555409485,9.27652832227107
0.0182775283208681,9.27813285374598
0.0164205848682571,9.27991244415115
0.0145303609693499,9.28189078700897
0.0121383752829096,9.28472316929322
0.0101457384979217,9.28747470239109
0.00852889486758725,9.29008355718592
0.00721168965014594,9.29256134265928
0.00606705541056127,9.29507428668922
0.00506706059793683,9.29765290502199
0.00419294895680603,9.30032046109854
0.00350702845742929,9.30279545858747
0.00301661068451628,9.30484965299218
0.00261681450772366,9.30675902725659
0.00226457924546013,9.30866919253272
0.00193598066234537,9.31070244494664
0.00160803768720424,9.31305448703634
0.00122898584175612,9.31634701309288
0.000885345702214257,9.32017282201374
0.000647400525599798,9.32363640536848
0.000469094342811459,9.3270450482161
0.000324632371803994,9.3308725754835
0.000216468991180882,9.33561474870251
0.000181340722247066,9.34066999843519
0.000223250702694331,9.34519373436309
0.000331834138834355,9.34932468674525
0.000503391770171575,9.35308806594826
0.000737913824350865,9.35652889837143
0.00103763129904801,9.3596889567216
0.00140753309616696,9.36261635328585
0.0018555552574841,9.36535939705493
0.00239414174235733,9.367969630453
0.00304261809744255,9.37050305090712
0.00383062081008822,9.37302109671636
0.00479637480840204,9.37557495070281
0.00596653532413061,9.37816134736125
0.00728947930919848,9.38063281114721
0.00869690015471894,9.38288078429028
0.0101491761502986,9.38488102882861
0.0116615021852291,9.38668531492009
0.0132853583810595,9.38836392634965
0.015041397646598,9.38993376431293
0.0169821509455031,9.3914308446657
0.019125283392392,9.3928541118841
0.0215192767495712,9.39422079510188
0.0241970368787048,9.39553328513126
0.0271982925310964,9.39679564946156
0.0305700943576571,9.39801257654596
0.0343580774313787,9.39918594938752
0.0386224127538602,9.40032021689832
0.0434287342910956,9.40141860947491
0.0488524069481029,9.40248422490838
0.0549853969653456,9.40352088197002
0.0619384217154719,9.40453263116332
0.069845327262908,9.40552369815703
0.0788720588781179,9.40649882595636
0.0892271807919792,9.40746338116074
0.101184294137957,9.40842410824645
0.115108716290106,9.40938937030664
0.131512679176014,9.41037044829086
0.15108348828993,9.41138014794231
0.173767943803269,9.4123928431791
0.200178465543294,9.41341989433285
0.23115019744094,9.41447763602921
0.267933663413754,9.41559260985075
0.30987640665467,9.41674224378652
0.348979557344906,9.4177471695211
0.382122302045083,9.41858243303503
0.410960237596241,9.41932502513399
0.436190410768887,9.42001711580409
0.457905025010624,9.42068483852206
0.475827666016392,9.42134936015825
0.489295373548377,9.42203245209842
0.497034548488531,9.42276243106062
0.496455272873865,9.4235870111239
0.485093192500592,9.42442353981879
0.461787565806887,9.42528607603547
0.425055408964036,9.42618612148542
0.373235510968149,9.4271329903216
0.331154164198526,9.42777296921928
0.284253312737406,9.42841294811696
0.242135194647627,9.42895027031584
0.205819960322473,9.42940045592955
0.173782266870394,9.42979708690623
0.145001656530694,9.43016030023315
0.118858555302215,9.43050246741571
0.0949264487035723,9.43083247185031
0.0728596957394957,9.43115804957514
0.0523071000711558,9.43148790393959
0.032754733838792,9.43183609037111
0.0127913059810169,9.43224300226206
-0.00102281436938922,9.43257005324769
-0.00823477064980288,9.43276184500088
-0.0148207832255957,9.43295363675406
-0.0206329702728954,9.43313945864451
-0.0265312602924209,9.43334817907974
-0.0322550464427938,9.43357583654388
-0.0376335976850291,9.43381985476158
-0.0425721490233224,9.43407923497115
-0.047021040220481,9.43435400744088
-0.0509511105733756,9.43464492089411
-0.0543804653861907,9.4349566535361
-0.0572184825064785,9.43528157756962
-0.0595462396087529,9.43562781932344
-0.0613771054340074,9.43599832939033
-0.0627248563003279,9.43639664293344
-0.0636028463543704,9.43682711620593
-0.064022524013386,9.43729516176926
-0.0639918446915357,9.43780759759054
-0.0635133202139998,9.43837318432655
-0.0625787049008694,9.43900497312706
-0.0611659821873204,9.43971968954867
-0.0592304686827582,9.44054203826092
-0.0566816911745848,9.4415130824463
-0.053305200537161,9.44271831311535
-0.0492687950793811,9.4441161887011
-0.0453618923040678,9.4454652821182
-0.04163619857633,9.44677159775566
-0.0381165834098088,9.44803807294598
-0.0348153719402017,9.44926592863177
-0.0317376386225016,9.4504555091892
-0.0288836036434497,9.45160672548334
-0.0262499334315381,9.45271928770756
-0.0238305900149723,9.45379282578468
-0.0216174777754097,9.45482694700113
-0.0196009842091952,9.45582125666077
-0.0177704513917817,9.45677535557895
-0.016114590291917,9.45768882195725
-0.0145348292884604,9.45861366465767
-0.0130152515306682,9.45956230885695
-0.0115600618963211,9.46053654740933
-0.0101731279534159,9.46153858213646
-0.00885809874735737,9.46257100316732
-0.00761835182082857,9.46363688702198
-0.0064569385695119,9.46473992564182
-0.00537652648297507,9.46588460112722
-0.00437933771066833,9.46707642816671
-0.00346708266016069,9.46832230008807
-0.00264088606257787,9.46963099984634
-0.00190120062104935,9.47101398620539
-0.00124769874622404,9.47248666657232
-0.00067912281072388,9.474070596478
-0.000214346524231308,9.47571162475697
0.000156195227116797,9.47740497088535
0.000448432076627561,9.47916914246183
0.000677039874851141,9.48102722672918
0.00085604456006523,9.48301056515318
0.000999384338880314,9.48516460331034
0.00112185877354404,9.48756157231876
0.00124126008691252,9.49033381708645
0.00138571227266324,9.49379872166661
0.00155660861535028,9.49756826012016
0.00176314056700868,9.50161158700763
0.00198634252424924,9.50557976821949
0.00222317458963897,9.50954208509139
0.00247093112578007,9.51355119985699
0.00272819477928451,9.51764820178172
0.00299507503540649,9.52186865888163
0.00327307333370204,9.5262459764303
0.00356486072707616,9.53081354211404
0.00387409780732108,9.53560627952998
0.0042054125182824,9.54066208684
0.00456464383734384,9.54602324570095
0.00493622546403141,9.55140345058725
0.00531609667142272,9.55670173854064
0.00570781821007849,9.56192628594423
0.00611382361925151,9.56706470269213
0.00653820897183783,9.5721235393913
0.00698539692897866,9.57710912203782
0.00746025150979376,9.5820282327831
0.00796794578918448,9.5868856031831
0.00851404546580477,9.59168398113203
0.0091045964801538,9.59642419785323
0.00974624637129025,9.6011055767365
0.0104463886529296,9.60572653967623
0.0112309754663079,9.61038506261699
0.0121139636102449,9.6150710466305
0.0131174661190755,9.61980163538265
0.0142722983906494,9.62460892296796
0.0156290692764433,9.62956927729776
0.0172931279484038,9.63488538194016
0.0196376517791563,9.64138327460289
0.0212991117876817,9.64554485705232
0.0230332775804245,9.64970643950175
0.0245276663823598,9.65331352560193
0.0257819950723903,9.65653209813278
0.0268291159774613,9.65957712488286
0.0276460297401161,9.66251990859014
0.0281954983419869,9.66534540381915
0.0284745770640208,9.66817533839618
0.0284496406625312,9.67117121080643
0.0279982296770224,9.67469687723804
0.027203781043505,9.67797285800565
0.0261072487038604,9.68124883877326
0.0250172314743795,9.68397005189243
0.023942716846806,9.68640078286904
0.0228689668319643,9.68869262823022
0.0217948517895226,9.69090985562508
0.0207232640178474,9.69308665489511
0.0196578754016671,9.69524489063107
0.0186023461369818,9.69740019225385
0.0175601172166639,9.69956461813564
0.0165343559866743,9.70174804192251
0.0155279508230043,9.70395895536933
0.0145435178168502,9.7062049819171
0.0135834123762892,9.70849322641572
0.0126497429923821,9.71083052707942
0.0117443772984925,9.71322367035463
0.0108689559147486,9.71567955474154
0.0100249007884963,9.71820535140805
0.00921342426187167,9.72080865913008
0.00843553855853795,9.72349766385783
0.00767312564803865,9.7263553263029
0.00692703028494946,9.72941171485593
0.00620105195983423,9.73269095603172
0.00549915551042617,9.73622108194941
0.00482547577663315,9.74003457692628
0.00418424755066314,9.74416930268783
0.00357969196782734,9.74866982592374
0.00301583940834129,9.75358959477759
0.00249626490441918,9.75899502132921
0.00202382605931715,9.76497239359107
0.00160056889187763,9.77163766780319
0.00124030496821197,9.7788640898588
0.000952762865527385,9.78669076091772
0.000751371119322871,9.79443789643918
0.000592577521792538,9.80272135173234
0.000463503606359685,9.81194226586967
0.000365621954955669,9.82194226586967
0.00029984253590553,9.83194226586967
0.000257067662328231,9.84194226586967
0.00023064482452226,9.85194226586967
0.000215841518826752,9.86194226586966
0.000209420851492226,9.87194226586966
0.00020924413105849,9.88194226586966
0.000213944212769288,9.89194226586966
0.000222693187257016,9.90194226586966
0.000235054286283487,9.91194226586966
0.000250895513046607,9.92194226586966
0.000270346177616146,9.93194226586966
0.000293786163593255,9.94194226586966
0.000321865698328215,9.95194226586966
0.000355560155324014,9.96194226586966
0.000396271971272043,9.97194226586966
0.000445214766223311,9.98179490820917
0.00050093604338743,9.99093772994511
0.000564094991328711,9.99940024724546
0.000635621829855442,10.0072316266637
0.000716622184183256,10.014478535677
0.000808364873717969,10.0211845443143
0.00091229078112569,10.0273903380691
0.00103003221945802,10.0331339237332
0.00116343760166215,10.0384508017698
0.00131459975682242,10.0433741159402
0.00148588705806634,10.0479348061177
0.00167998133453617,10.0521617594605
0.00189992078140091,10.056081952622
0.0021491514097591,10.0597205807977
0.00243158942222339,10.0631011923394
0.0027516971802912,10.0662458311676
0.00311457990664943,10.0691751796389
0.00352610740806269,10.0719087081735
0.00399307501317203,10.0744648464385
0.00452342145897138,10.0768611812206
0.00512653153426115,10.0791146975208
0.00581367679578537,10.0812421002187
0.00657660945221502,10.0832083220099
0.00741744414379969,10.0850261158398
0.00834727494460683,10.0867258329167
0.00938234885419361,10.0883374404619
0.0105481946794851,10.0898938280133
0.0119014899102262,10.0914508219772
0.0136139622858218,10.093149379986
0.0162104136806984,10.095348784226
0.0179383268811644,10.0966576966445
0.0197589091653888,10.0979666090631
0.0214205216648413,10.0991427918699
0.022909546057683,10.1002227701265
0.0242498296228021,10.1012613785952
0.0254387367319632,10.1022974370571
0.0264550903580008,10.1033690657384
0.0272562342726647,10.104529954561
0.0277521397523041,10.1058923186
0.027590284870525,10.1079609101334
0.0268959053167454,10.1094049871162
0.025834884012398,10.110849064099
0.0246048887038178,10.1121964838367
0.023209667628264,10.1135558901384
0.0216577779768449,10.114976379643
0.0199569325322001,10.1164962450823
0.0187501421439796,10.1175776573476
0.0175746568028505,10.1186590696128
0.0161907747224901,10.120003515282
0.0134942906573166,10.122911797621
0.0111035425699548,10.1259305750589
0.00926516499842592,10.1286649486537
0.00781186261751855,10.1311931792842
0.00658598498778451,10.1336803980911
0.00551716041828115,10.1362190512249
0.0046005110349317,10.1387809046207
0.00379728839112435,10.1414378625645
0.00308105020054132,10.1442713200609
0.00245798018415225,10.1472548907671
0.00211406441303013,10.1491948634283
0.00181164394106231,10.1511348360894
0.00156250680653086,10.1529453865759
0.00134528928667046,10.1547248428164
0.00114437385923743,10.1565841323551
0.000946238791751092,10.1586791368954
0.000726626323658059,10.1614164381369
0.00045769900527739,10.1656943099256
0.000288421504469411,10.1693219014489
0.000173462428224975,10.1726190145339
8.35905652456743e-05,10.1762731177117
2.13427202897088e-05,10.1808279896229
1.58858601447705e-05,10.1860109814725
7.55277689447463e-05,10.1906066564984
0.000194515167752058,10.1947989624934
0.00037144923469349,10.1986060947327
0.000607322598002764,10.2020680179714
0.000905047237302604,10.2052303001969
0.00126928479182715,10.2081384841499
0.00170672398269729,10.2108372238905
0.00222738105785879,10.213373263652
0.00284605356053668,10.2157947141918
0.00358300920708381,10.2181472862723
0.00447048627301696,10.2204869369408
0.00555124445627869,10.2228631516924
0.00684307800451622,10.2252527504668
0.00831676641437882,10.2275665149405
0.00988650134507105,10.2296772041203
0.0115079436789797,10.2315589707015
0.0132126925813831,10.2332733099032
0.0150264535058718,10.2348545011616
0.0170166086934419,10.2363564339151
0.0192059646276061,10.237783105523
0.021630709980892,10.2391448563842
0.0243398906300736,10.2404541377374
0.0273652470260198,10.2417109760956
0.0307601947621703,10.242922834919
0.0345740715370574,10.2440923896403
0.0388619954831123,10.2452222280396
0.0436930800964786,10.2463164408452
0.049144486077304,10.2473782853598
0.0553054463279386,10.2484109085367
0.0622882684415031,10.2494185836921
0.0702266608092355,10.2504054456061
0.0792859679908485,10.2513761258846
0.0896737431699609,10.2523358780284
0.101660091528853,10.2532911727495
0.115605090436336,10.2542500875873
0.132009064181968,10.2552233412378
0.151611306184262,10.2562264454328
0.174336679781218,10.2572322086007
0.200772305058922,10.2582505936986
0.231728702114499,10.2592968328476
0.268396373284608,10.2603951876719
0.310805053655968,10.2615405025256
0.351268191429394,10.2625604064037
0.385244690761176,10.2633969557378
0.414675341958015,10.264135118831
0.440421602461466,10.2648208384544
0.462637052920828,10.2654814273778
0.481076187775796,10.2661385114578
0.495097803766504,10.2668141801561
0.503444706139767,10.2675373295749
0.503514544587995,10.2683574611926
0.492735609292257,10.2691889085033
0.469950011145626,10.2700475183987
0.433640863709427,10.2709452548321
0.382092146810341,10.2718912253096
0.338915715556593,10.2725473985243
0.290542251090468,10.273203571739
0.247224417148042,10.2737509344882
0.210074707979968,10.2742061015997
0.177419631690769,10.2746051145966
0.148148528400397,10.2749693207671
0.121597965700389,10.2753116122312
0.0973187175001182,10.275641092855
0.0749532123422546,10.2759655484546
0.0541467860787655,10.2762935436463
0.034398378295385,10.2766385050524
0.0144101042821804,10.277037079764
0.00606833801013218,10.2772242334638
-0.00162418439448959,10.2774113871636
-0.00938229565952549,10.2776178636598
-0.0158597573081987,10.2778074224517
-0.0217438129132709,10.2779967467698
-0.0276567604691995,10.2782079196864
-0.0333568757302093,10.2784373269315
-0.0386894413559784,10.2786827499573
-0.0435690989161265,10.2789434124274
-0.0479517443430696,10.2792194896523
-0.0518115777459827,10.2795118359071
-0.0551652287294242,10.2798249327621
-0.0579320991292125,10.2801517993889
-0.0601889857828299,10.2805003713719
-0.061949638635086,10.2808736962072
-0.0632279968240982,10.2812754344316
-0.0640373151098169,10.2817101033961
-0.0643886668180327,10.2821833302113
-0.0642892998278427,10.2827022291284
-0.0637403733791205,10.2832761359169
-0.0627314231539439,10.2839187420525
-0.0612371794363848,10.2846478533385
-0.0592067427063092,10.2854903175024
-0.0565352928989117,10.2864921693716
-0.052959286299113,10.2877560417354
-0.0489238288149548,10.2891465732979
-0.0450268873678037,10.2904904501066
-0.0413157719040703,10.2917924980357
-0.0378130308728534,10.2930552162546
-0.0345298128131215,10.2942795921055
-0.0314705089407006,10.2954658418696
-0.0286348961234175,10.2966138051014
-0.0260193312088102,10.2977231518826
-0.0236175522513227,10.2987934892967
-0.0214213014636105,10.2998244111604
-0.0194208526862833,10.3008155139886
-0.0176054742709945,10.3017663915689
-0.0159638369153993,10.302676614905
-0.0143895823692493,10.3036031829703
-0.0128759368957585,10.3045536472093
-0.0114270186797108,10.3055298640372
-0.0100466819851441,10.3065340608401
-0.00873855895143157,10.3075688602206
-0.00750600706054069,10.3086373797336
-0.00635205439005059,10.3097433637908
-0.00527934179906204,10.310891362599
-0.00429006146687821,10.3120869809184
-0.00338589047283747,10.3133372339897
-0.00256791680338718,10.314651074597
-0.00183655280431011,10.3160402067999
-0.00119142636806577,10.3175204091323
-0.000631229740145771,10.3191138341341
-0.000176470272899929,10.3207581014719
0.000185322575282429,10.3224561564459
0.000469881436388604,10.3242265951449
0.000691784098960537,10.3260930098968
0.000864981634921913,10.3280875644799
0.00100337117886331,10.3302571762078
0.0011217752179825,10.3326770629482
0.00123819278981993,10.3354870541571
0.00138189249246925,10.3390333233194
0.00154999454965173,10.3428160932934
0.00176133607277348,10.347018292818
0.00198519694043933,10.3510588400527
0.00221596107654697,10.3549887735488
0.00245247557081969,10.3588943737898
0.00269450615889886,10.3628323950114
0.00294290385526036,10.3668455329857
0.00319949636401611,10.3709697978983
0.00346691838103754,10.3752382934957
0.00374846332563974,10.379683393853
0.00404802980331181,10.3843385217705
0.00437020360078931,10.3892396355506
0.00472054718471257,10.3944265121023
0.00509662467438633,10.3998080460908
0.0054789414880699,10.4050584295681
0.00587617906584103,10.4102626828051
0.00628845797958275,10.4153777185051
0.00672037221646561,10.4204161415912
0.0071761547261073,10.425380407998
0.0076609098214837,10.4302779082256
0.0081800290547582,10.4351131724911
0.00873936880413199,10.4398890889866
0.00934527990363094,10.444606450424
0.0100047381538108,10.4492645238612
0.0107312567138135,10.4538967628386
0.0115468999142647,10.4585633358785
0.0124680542466882,10.46326222534
0.013519284837512,10.4680142237262
0.0147365893176572,10.4728626646167
0.0161831883565331,10.4779127794013
0.0180091633200453,10.4834711357072
0.0204321161921556,10.489910659213
0.021998766042189,10.4937424078786
0.02360201120721,10.4975741565442
0.0250007045176628,10.5010021865634
0.026180464348414,10.5041400307281
0.0271548751314169,10.5071597035444
0.0278765924072994,10.5100473913187
0.0283321954985239,10.5128592206443
0.0285104109569879,10.5157244033878
0.0283586824870258,10.5188410091249
0.0276596340844595,10.5228176703776
0.0268171050423817,10.5257678924588
0.0257509747774584,10.5287181145401
0.0246736185537093,10.5313058238504
0.0236004237817454,10.5336796647805
0.0225264376389313,10.5359417350505
0.0214528493392195,10.538142281182
0.0203829907375239,10.5403103600512
0.0193205746534354,10.5424653666404
0.0182692029748664,10.544621545069
0.0172322326848758,10.5467901058682
0.0162127424786791,10.5489803764849
0.015213533323268,10.5512004880989
0.0142371387151552,10.5534578212654
0.0132858342274295,10.5557593233494
0.0123616513061077,10.5581117374019
0.0114663858282003,10.5605217955928
0.0106016055063084,10.5629963900304
0.00976866596418515,10.5655427061625
0.00896871179119404,10.5681683968262
0.00819733976463606,10.5709014564983
0.00743963895741496,10.5738191750531
0.00669947245400635,10.5769427079382
0.00598066936167905,10.580297429349
0.0052872551020793,10.5839126746151
0.00462340883613344,10.5878224772319
0.00399337940108103,10.59206659746
0.00340135201092891,10.5966920621902
0.00285124935320123,10.6017557603768
0.00234644358668583,10.6073294141532
0.00188953695253393,10.6135073860568
0.00148421782642699,10.6203813754756
0.00114397728190638,10.6277857937528
0.000874990195198028,10.6358275984962
0.000701730966959346,10.6431164907684
0.000546318631085786,10.6519305748487
0.000428606030979085,10.6612128692957
0.00034027585445974,10.6712128692957
0.000281190757332682,10.6812128692957
0.000243089784542441,10.6912128692957
0.00021993813738566,10.7012128692957
0.000207457181597118,10.7112128692957
0.000202734344835752,10.7212128692957
0.000203858945357369,10.7312128692957
0.000209625933258099,10.7412128692957
0.000219327632092436,10.7512128692957
0.000232623094729981,10.7612128692957
0.000249464485878394,10.7712128692957
0.000270064031194069,10.7812128692957
0.000294893460273544,10.7912128692957
0.000324715703131561,10.8012128692957
0.000360655820194381,10.8112128692957
0.000404327061714661,10.8212128692957
0.000455786767365416,10.8308246517305
0.000514362811158938,10.8397301752119
0.000580833441112116,10.8479684026568
0.000656216438068609,10.8555886422549
0.000741701670873898,10.8626372710692
0.000838647686041512,10.8691575028783
0.000948595687770528,10.8751896264754
0.00107329120536656,10.8807712211446
0.00121471085576432,10.8859373342446
0.00137509176767436,10.890720646609
0.00155696645103059,10.8951516363477
0.00176320275837217,10.8992587382699
0.00199705230639998,10.9030684891532
0.00226220629981031,10.9066056651714
0.00256286616705182,10.9098934269398
0.00290382977435939,10.9129534705274
0.00329060123372538,10.9158061783972
0.00372953368500597,10.9184707851466
0.0042280193982481,10.9209655696887
0.00479475209486225,10.9233080816495
0.00544010144726938,10.9255154315786
0.00616833473306099,10.9275830940357
0.00697102592561447,10.929487081994
0.00785758477194801,10.9312584656277
0.0088419950503961,10.9329279929844
0.00994547436216889,10.9345276343456
0.0112040638396178,10.936096762247
0.0127387919241541,10.9377467317483
0.0148505886056953,10.9396960184541
0.0166336024793796,10.9411526311333
0.018558189429353,10.9426092438125
0.0203157370741993,10.9438900506787
0.0218646143337964,10.9450237784095
0.0232567250373803,10.9460895696385
0.0245025400459775,10.9471336612093
0.02558975445206,10.9481930700998
0.0264878999637351,10.9493112098974
0.0271373714484547,10.9505612260129
0.0273875472997429,10.952144173436
0.0269848742954272,10.9538289623165
0.0260059183265581,10.955513751197
0.0248600686302889,10.956917056752
0.0235596221679196,10.9582716831185
0.0221023994528597,10.9596610269913
0.0204965612052894,10.9611273000795
0.0187475313543135,10.962709969467
0.0172929603594059,10.9640581327001
0.0159212569935171,10.9654062959332
0.0132648521904105,10.9683043003245
0.0109677417812001,10.9712295733845
0.00915002249198194,10.9739461796215
0.00770434822056509,10.9764698279983
0.0064800009510714,10.9789605380038
0.00544995255098453,10.9814045580736
0.00457518246604881,10.9838258781148
0.00380716581123052,10.9863132814089
0.00308215722349007,10.989095523344
0.00244084476730723,10.9920596726282
0.00209477198617336,10.9939335571857
0.00178835069341293,10.9958074417432
0.00153575942390911,10.9975443353075
0.00131548665117909,10.999237219813
0.00111147602795745,11.0009903025056
0.000910377236934851,11.0029383525649
0.000690447126335808,11.0053953914286
0.000390054826357118,11.009551668218
0.000184314090831567,11.0132646740139
4.32538277271457e-05,11.0165306756195
-7.40739875950341e-05,11.0200749517463
-0.000175138288017896,11.0245003415698
-0.000236100898736789,11.0299778674584
-0.000228064075831562,11.0347557977426
-0.000161473389042704,11.0391134141274
-3.84536827401663e-05,11.0430561345883
0.000141680984498017,11.0466307053332
0.000381240945396873,11.0498808372461
0.000684505735844633,11.0528572872633
0.00105801257388752,11.0556113481012
0.00151177049943406,11.0581965136064
0.00206188954193087,11.0606724922683
0.00273348777990625,11.0631043854385
0.00357403085892059,11.0655889357618
0.00467800904461398,11.068277767243
0.00614501576774513,11.0712380594504
0.00746177213437493,11.0735022395271
0.00897591367918484,11.0757664196039
0.0104917839267146,11.0777343165317
0.0120319299809565,11.0794749402649
0.013695305122274,11.0811093467214
0.0154810829749725,11.0826292373031
0.0174639766640911,11.0840867718403
0.019666256164246,11.0854803578999
0.0221292674604426,11.0868195440902
0.0248924147941613,11.0881088783303
0.0279915213863365,11.0893493525632
0.0314757889521164,11.0905458109574
0.0353933234813431,11.0917003047554
0.0398013960178376,11.0928158403587
0.0447687767584291,11.093896077315
0.0503739247642277,11.0949442728482
0.0567091340766662,11.0959637725883
0.0638865006840535,11.0969583908486
0.072043648179142,11.0979323968419
0.0813493239784451,11.0988903351162
0.0920158519705729,11.0998373995712
0.104316546487176,11.1007797457706
0.118612430843944,11.1017249313076
0.135402640567003,11.1026830135826
0.155411537174411,11.1036681248447
0.178683273578212,11.104658978705
0.205720834142819,11.1056603885686
0.237317599348759,11.1066860872173
0.274613664034492,11.1077575906969
0.318593353522059,11.1088931717306
0.361115509753071,11.1099136085141
0.396220029745775,11.1107344628121
0.426419008054317,11.1114530030054
0.452821920030294,11.1121195407378
0.475654781656955,11.1127624966295
0.494690857950808,11.1134040962674
0.509275882851563,11.1140674845089
0.518078008698638,11.1147843969546
0.518311507412396,11.1155919782584
0.507458905209643,11.1164142456441
0.484308114697344,11.1172679311487
0.447230509177017,11.1181656878497
0.394362018522137,11.1191164143488
0.349286711758817,11.119786805354
0.298665947247668,11.1204571963592
0.253614404053474,11.1210121375978
0.215262048096733,11.1214699464842
0.181717932547317,11.1218692015024
0.15174262958139,11.1222324791992
0.124608782300092,11.1225731846993
0.0998322697448225,11.1229006430852
0.0770341053005957,11.1232227246153
0.0558452362757779,11.1235479777476
0.0357548408767556,11.1238896383145
0.0154691086863107,11.1242832793606
0.00693099324019252,11.1244696544235
-0.000939834822429383,11.1246560294863
-0.00895882732362101,11.1248639470835
-0.0155119908055846,11.1250508966645
-0.0214425081652665,11.1252368023732
-0.0274182325932326,11.1254445498956
-0.0331902097163072,11.125670497171
-0.0385981084623912,11.1259123793897
-0.0435531021548288,11.1261693798185
-0.0480090070714558,11.1264416377948
-0.0519439618136452,11.1267299735163
-0.0555996424963014,11.1270620309586
-0.0583983510896694,11.1273862773848
-0.0606805560582471,11.1277318171684
-0.0624632757046636,11.1281020015943
-0.0637607500573956,11.128500499348
-0.0645864793230812,11.1289318383654
-0.0649517304373299,11.129401666877
-0.0648638569273562,11.1299171382935
-0.0643240194776463,11.1304876258451
-0.0633215007430452,11.1311269539132
-0.0618302742535516,11.1318531656834
-0.0597976712640786,11.1326936125326
-0.0571143331927777,11.1336956290955
-0.0535000631369031,11.1349669353548
-0.0494330854257644,11.1363612041426
-0.0455024345278631,11.1377095233105
-0.0417560934177268,11.1390166095788
-0.0382172454965879,11.1402848273478
-0.0348975737987374,11.1415150696846
-0.0318019544077075,11.1427074828679
-0.0289306040271181,11.1438618520462
-0.0262802659174041,11.1449778040632
-0.0238450028730295,11.1460549117214
-0.0216168148339072,11.1470927425213
-0.0195861651905675,11.1480908743266
-0.0177424456256891,11.1490488900452
-0.0160743886482293,11.149966357963
-0.01449413341435,11.1508886852056
-0.0129737101126981,11.1518347059988
-0.0115174408919263,11.1528061258028
-0.0101292168466611,11.1538051099469
-0.0088127192898356,11.1548342033361
-0.00757136658052641,11.1558964263019
-0.00640826030216025,11.1569953998122
-0.0053261286025405,11.1581355146781
-0.0043272662954261,11.1593221657113
-0.00341347069392261,11.160562084942
-0.00258597108681294,11.1618638318365
-0.00184534781151105,11.1632385440917
-0.00119143308492174,11.1647011462293
-0.00062317760809298,11.166272422575
-0.000156840521552269,11.1679090043302
0.000213258064848016,11.1695959615311
0.000503187258919303,11.1713516966915
0.000727595821343237,11.1731986366769
0.000900397806207793,11.1751670595356
0.00103528207347918,11.1773005279745
0.00114654118564773,11.1796675089206
0.00125084636611669,11.1823911506123
0.00137297784232378,11.185755411471
0.00152156951944414,11.1895100972937
0.00170711059403069,11.193603228743
0.00192670667712693,11.197922142554
0.00214670278397645,11.2019492300373
0.00236776986564218,11.2058494920689
0.0025908172133175,11.2097164195525
0.00281717339275807,11.2136087261598
0.00304876313904397,11.217569831812
0.00328805545622644,11.2216359007781
0.0035379768983153,11.2258397835195
0.00380185612011668,11.2302133663757
0.00408344054686376,11.2347893532581
0.0043870195827865,11.2396027503617
0.00471771738267378,11.2446922075101
0.00508204453164946,11.2501012540522
0.00545248654964396,11.2553691333039
0.005838520391779,11.2606001216875
0.00623933582038166,11.265739440484
0.00665937409561665,11.2708006863827
0.00710259218417174,11.2757851889546
0.00757394631102885,11.2807010446465
0.00807866290732051,11.2855533412311
0.00862243167925191,11.2903456451023
0.00921141213149804,11.2950793004717
0.00985235660502466,11.2997539520332
0.0105539911857407,11.3043759747729
0.0113415709252138,11.3090362053307
0.0122293435370882,11.3137247025037
0.0132399645120589,11.3184595856093
0.0144052687593106,11.3232751304247
0.0157782775014139,11.3282532732612
0.0174723279531572,11.3336154198401
0.0198878968226822,11.3402443346626
0.0215151772543487,11.344293335933
0.0232042485782585,11.3483423372034
0.0246705160952804,11.3518958248553
0.025904205029496,11.3550908134129
0.0269317679632875,11.3581274830511
0.0277233702704941,11.361054195618
0.0282482533082879,11.3638744036313
0.0285013677216681,11.3667111623239
0.0284448384333038,11.3697334351176
0.0279385463227669,11.3733496010334
0.0271319904036752,11.3765369746346
0.0260449914665739,11.3797243482359
0.024958599740518,11.3824121633758
0.0238843532854025,11.3848294977112
0.0228104149349887,11.3871142986168
0.0217362837521744,11.3893273473449
0.0206649632925401,11.3915016406135
0.0196001369189957,11.3936584803471
0.0185454532912467,11.3958131778694
0.017504336373897,11.3979775906876
0.016479935491002,11.4001614554599
0.0154751215046559,11.4023731637938
0.0144924939041039,11.4046202607629
0.0135343920847227,11.4069097862516
0.0126029091387106,11.4092485205836
0.0116998979087849,11.4116431946697
0.0108269834092782,11.4141006538617
0.00998557365865143,11.4166280083762
0.00917686513986534,11.4192327953048
0.00840185520082139,11.4219231264153
0.00764012723455412,11.4247911830308
0.00689496848795023,11.4278590949936
0.0061701593287538,11.4311513032066
0.00546967850022371,11.434696067666
0.00479767265470585,11.4385261449857
0.00415838374411225,11.4426797345222
0.00355603217745,11.4472018457008
0.00299463530947205,11.4521465601426
0.00247774050625677,11.4575812681555
0.00200816882858422,11.4635937872598
0.00158793779140725,11.4703023350223
0.00123166342158775,11.4775597331295
0.000946006124879965,11.4854236799999
0.000726688643470429,11.4941021201811
0.000581533804819623,11.5020797811144
0.000456213576265751,11.511496476188
0.000364101230154176,11.521496476188
0.000302858622545809,11.531496476188
0.000263863791998604,11.541496476188
0.000240819518245495,11.551496476188
0.000229260992244921,11.561496476188
0.000226163240203231,11.571496476188
0.000229571006263868,11.581496476188
0.000238294338921786,11.591496476188
0.00025169556234901,11.601496476188
0.000269560678348019,11.611496476188
0.000292036231419669,11.621496476188
0.000319617066808495,11.631496476188
0.000353180914136823,11.641496476188
0.000394077506353283,11.651496476188
0.000443920696710477,11.6614274850317
0.000500913645277632,11.6706362430491
0.000565687426506858,11.6791513308968
0.000639185275689146,11.6870241851833
0.000722546094442843,11.6943034694652
0.000817085100592092,11.7010344156823
0.000924299706947145,11.7072591009911
0.00104588841465612,11.7130167076977
0.00118377592908335,11.7183437368495
0.00134014282732563,11.7232741876392
0.00151745796488627,11.7278397361731
0.00171851894816068,11.7320699094203
0.00194649765144038,11.7359922471259
0.00220499581106203,11.7396324460294
0.00249811241964378,11.7430145092172
0.0028305269506739,11.7461609043252
0.00320760632246847,11.7490927225043
0.00363554092868646,11.7518298458612
0.00412152727331834,11.7543911423088
0.00467401911706374,11.7567946958375
0.00530308305598373,11.7590580950698
0.0060178028198861,11.7611903255417
0.00680595695239464,11.7631513375589
0.00767654694096771,11.7649731028278
0.00864313481618866,11.7666875102802
0.00972620815899176,11.7683273928811
0.010960326005709,11.7699326034113
0.0124489817965153,11.7716016901599
0.0144754560648386,11.7735537302048
0.0162127776324464,11.7750337866153
0.0180928556622806,11.7765138430258
0.0198406204170894,11.7778340159436
0.021376154606452,11.7789949560005
0.0227541044719855,11.7800808901251
0.0239874978319852,11.7811406171653
0.0250656984597814,11.7822116660113
0.0259603527532431,11.7833364102305
0.0266163609907815,11.7845833915821
0.0269015115124735,11.7861281290409
0.0265473718467565,11.7878710113047
0.0255865548771095,11.7896138935686
0.0244567065508301,11.791042553708
0.0231788760302162,11.7924082985483
0.0217488663143928,11.7938026434175
0.0201747829093874,11.7952690224674
0.0184628862633316,11.7968461366716
0.0170898242788582,11.7981374446816
0.0157910921019447,11.7994287526916
0.0132035095798441,11.8022761846047
0.0110204679079267,11.8050648713793
0.00923275715421512,11.8077285995634
0.00777817758580209,11.8102545779584
0.00654622838699521,11.8127466635214
0.00547103481214415,11.8152902210086
0.00452997727259241,11.8179111549418
0.00370637113198263,11.820632434011
0.00314704435888531,11.8227974193033
0.00266098234051643,11.8249624045956
0.0022858505690796,11.8268703109973
0.00197458267525088,11.8286559356588
0.0016972162108107,11.8304436939991
0.00143542271745398,11.8323469793404
0.00117039765386213,11.8345501644666
0.000856169457149604,11.8376568566022
0.000534441671232279,11.8416830693668
0.000321569923318645,11.8451300184835
0.000160825185866933,11.8484608811439
2.29431088993056e-05,11.8522626730836
-9.25791638029189e-05,11.8571437462459
-0.000144676268116435,11.8623100198707
-0.000126461545378021,11.8669194019882
-4.66991952160605e-05,11.8711156000329
9.23188310888573e-05,11.8749266087367
0.00029091515348234,11.8783908786469
0.000551873531378572,11.8815588743938
0.00088038964911465,11.8844828794282
0.00128453355886241,11.8872152050874
0.00177716619038211,11.8898129873307
0.00237936023596362,11.8923422345296
0.0031265933634918,11.8948840688059
0.00408539034202814,11.8975582910805
0.00535205849584437,11.900476963379
0.00688548851105607,11.9034217048818
0.00839658017692799,11.9058819780421
0.00984414701235859,11.9079155085972
0.0113285026951335,11.9097270529091
0.0128906117452455,11.9113824158315
0.0146052046944363,11.9129556494005
0.0164815226239757,11.9144410110398
0.0185744695863762,11.9158669613496
0.0209117141749592,11.917234518209
0.0235314309806467,11.9185494996953
0.0264741849112691,11.9198160894127
0.0297771726414607,11.9210351876002
0.0334922201625081,11.9222115620117
0.0376729882355954,11.9233479790836
0.0423789786043823,11.9244468572024
0.0476864867473646,11.9255123240217
0.0536822516830081,11.9265478400108
0.0604700916138907,11.9275571076537
0.0681752530462153,11.9285440617365
0.0769524415372784,11.9295131463664
0.0869964160480485,11.9304694975448
0.0985552786894432,11.9314190152412
0.111955224100618,11.9323689293251
0.127640989943731,11.933328595006
0.146249372497561,11.9343109597851
0.168103773754223,11.9353078539036
0.193469976448496,11.9363124541882
0.223068595914313,11.9373375135531
0.257908428158463,11.9384021448013
0.29962641732043,11.9395412048873
0.33445485848373,11.9404196164023
0.370759963784384,11.9412980279172
0.403074990481203,11.9420752992697
0.431348214375293,11.9427788816696
0.456023932845491,11.9434427012377
0.477099139272057,11.9440911017642
0.494185887419406,11.9447456095885
0.506427006713105,11.945430817104
0.512109738150132,11.9461834229882
0.508201289237107,11.9470002509745
0.492925751103664,11.9478365950377
0.464939339495451,11.94870738483
0.422563840191156,11.9496233287602
0.363969897918103,11.9505936781419
0.321903168466979,11.9511869446739
0.27599631472747,11.951780211206
0.234859064271648,11.9522849439654
0.199168405625135,11.9527148314579
0.167558806834209,11.9530978904303
0.139107092921953,11.9534515047494
0.113232215486612,11.9537868351191
0.089518616616102,11.9541122991768
0.067612133706554,11.9544357269771
0.0471207292867419,11.9547668245947
0.0273757710953777,11.9551237557669
0.00580123799079046,11.9555786609146
-0.00260472594713495,11.9557829110649
-0.0102536291737403,11.9559871612153
-0.0165985172379359,11.9561734397045
-0.0225373993773772,11.9563653257932
-0.0284610272627534,11.9565782682031
-0.0341412600383009,11.9568088883257
-0.0394359712506026,11.9570552522831
-0.0442672353475277,11.9573167624751
-0.0485953657962031,11.9575937121119
-0.0523976033770309,11.9578870426228
-0.0557025103289281,11.9582024958886
-0.0584087057685757,11.9585309063052
-0.0606048502608025,11.9588813506326
-0.062305186812828,11.9592569826578
-0.063523789760928,11.9596615784848
-0.0642738146088648,11.9600998051189
-0.0645659832346499,11.9605774908718
-0.0644068791702935,11.9611020306781
-0.0637962843053256,11.9616833604754
-0.0627217443644781,11.9623356892331
-0.0611547436453763,11.9630779518769
-0.059038016892308,11.9639391931065
-0.0562512247346675,11.9649708208045
-0.0524712341146634,11.9662962396197
-0.0484380741500967,11.967680701969
-0.0445520280924277,11.9690200258922
-0.0408558110941423,11.9703183556231
-0.0373699735954733,11.9715778127336
-0.0341046358567655,11.9727991794447
-0.0310635817870568,11.9739825585674
-0.0282461896277525,11.9751277258468
-0.0256485357373285,11.9762343150147
-0.0232641541702683,11.9773019121152
-0.0210846385696011,11.9783300983085
-0.0191001577442237,11.979318461711
-0.0172999106451296,11.9802665893941
-0.0156725282942967,11.981174045622
-0.0141052472927031,11.9821020718689
-0.0125990034771221,11.9830540761062
-0.0111578446400268,11.9840319685128
-0.0097856165663141,11.9850379983304
-0.00848594068903376,11.9860748159647
-0.0072621620939201,11.9871455741587
-0.00611729493952942,11.9882540623874
-0.00505396493706639,11.9894048894419
-0.00407434833907428,11.9906037376961
-0.00318010616620878,11.9918577276514
-0.00237231115418474,11.9931759590754
-0.00165136257836977,11.9945703489542
-0.00101687947322627,11.9960569991981
-0.00046755257460153,11.9976585851813
-2.50397563240539e-05,11.9993056658415
0.000325511076071118,12.0010077922347
0.000599640937039703,12.0027836490125
0.000811808437613828,12.0046572707961
0.000975853165348882,12.0066615459708
0.00110556855078463,12.0088446981981
0.0012156878636365,12.0112846269546
0.00132418906382243,12.0141280207469
0.00146088666022956,12.0177487433006
0.00162036201353453,12.0215445938396
0.00182044516434491,12.0257170565633
0.00203138593271709,12.02969592116
0.00225086581287043,12.0335951674205
0.00247725179028877,12.0374897093692
0.00270997552756074,12.0414305539955
0.00294965309121646,12.0454575962798
0.00319793402420929,12.049605483556
0.00345730987006663,12.0539067759036
0.00373095375330678,12.0583938859895
0.00402266084243726,12.0631007560114
0.00433693655206352,12.0680643044155
0.00467931213341775,12.0733257276567
0.00504379727946682,12.0787374338687
0.00541505749619211,12.0840258559195
0.00580025190588378,12.0892569298288
0.00620015791017897,12.0943963851644
0.00661919442356111,12.0994565343877
0.00706156468457305,12.104441685201
0.00753217011137388,12.1093595702739
0.00803617407287896,12.1142150953609
0.0085791598721377,12.1190113368069
0.00916718310222267,12.1237492730278
0.00980690039263801,12.1284283061303
0.010506036204496,12.1330489237989
0.0112905861173472,12.1377086684243
0.012174378291789,12.1423959143298
0.0131797801961735,12.147128487843
0.0143380058311176,12.1519393513313
0.0157006412366226,12.1569071869702
0.0173762689208494,12.1622423470877
0.0197617889723911,12.1688267821094
0.0214061337698576,12.1729334740657
0.0231179727829852,12.177040166022
0.0245987151167486,12.1806216354858
0.0258431330727399,12.1838290055554
0.0268809518066217,12.186869984669
0.0276860330779414,12.189805194086
0.028224048781894,12.1926281152746
0.028491063491213,12.195461038127
0.0284515320027433,12.198468766235
0.0279752397113199,12.2020346007282
0.0271750939377739,12.2052692825338
0.0260829981397024,12.2085039643394
0.0249945967131196,12.2112098748183
0.0239201184230401,12.2136345686108
0.0228461928327585,12.2159232644138
0.021771980446109,12.2181386335846
0.0207004229751239,12.2203143281893
0.0196351963072756,12.2224719616467
0.0185799543923249,12.2246270227935
0.0175381295795603,12.2267914825891
0.0165128801809359,12.2289751564964
0.0155070857461841,12.2311864954371
0.0145233539815287,12.2334330926704
0.0135640320988515,12.2357220302417
0.0126312207501355,12.2380601280573
0.0117267799365366,12.2404541573971
0.0108523422276956,12.2429110052969
0.0100093224536529,12.2454378306407
0.009198924887772,12.2480422239025
0.00842215433795601,12.2507323617042
0.00765999354880025,12.2535948413873
0.00691426088015461,12.2566565935035
0.00618874880561756,12.2599418898244
0.00548742815263845,12.2634788800192
0.00481443894731898,12.2673001918347
0.0041740192027739,12.2714438689476
0.00357039002040426,12.2759547203707
0.00300757667027496,12.2808865418014
0.00248914275809961,12.286306282094
0.00201793061962936,12.2923010763323
0.00159597441154488,12.2989881832392
0.00123758084873672,12.3062291360373
0.000952731835444893,12.3140731540031
0.000762035872072639,12.3214602583797
0.000600353861453783,12.3298991111712
0.000473224746769732,12.3390285579517
0.000376043771232455,12.3490285579517
0.00031124193072654,12.3590285579517
0.000269708328391664,12.3690285579517
0.000244793751634221,12.3790285579517
0.000231787849819661,12.3890285579517
0.000227493667671589,12.3990285579517
0.000229830338835425,12.4090285579517
0.000237509212595975,12.4190285579517
0.00024980725071791,12.4290285579517
0.000266427923288797,12.4390285579517
0.00028742826187902,12.4490285579517
0.000313195505683505,12.4590285579517
0.000344467074459123,12.4690285579517
0.000382398328951934,12.4790285579517
0.000428694402229234,12.4890285579517
0.000482568143191753,12.4984984439067
0.000543817184419546,12.507266558825
0.000613255361368887,12.5153769990202
0.000691927849985402,12.5228786985748
0.00078105671260853,12.5298174696835
0.000882038008778276,12.5362359853654
0.000996456635313363,12.5421740274875
0.0011261087684706,12.5476687002948
0.00127302970885133,12.552754602144
0.0014395236805582,12.5574639931164
0.00162820091791179,12.5618269609882
0.00184201865886848,12.5658715815389
0.00208433242472946,12.5696240599761
0.00235895449665642,12.5731088692666
0.00267022854813838,12.5763488985256
0.00302312202767324,12.5793656061503
0.00342334280055039,12.5821791726465
0.003877493590509,12.5848086735981
0.00439327891465158,12.5872722822723
0.0049797923971281,12.5895875107809
0.0056479332358734,12.5917715279853
0.00639524100879205,12.5938024284035
0.00721917724589641,12.5956773451799
0.00813030520794348,12.5974275116922
0.00914425178905329,12.5990839286038
0.0102854051415151,12.600680151512
0.0115970890092689,12.6022603809068
0.0132444560435543,12.6039717645462
0.0156972902974089,12.6061500264258
0.0174066319425124,12.6075042981873
0.0192165741866819,12.6088585699487
0.0208710223113008,12.6100716033302
0.0223489683824048,12.611176996213
0.0236785727801247,12.6122343360848
0.0248597288760394,12.6132840578024
0.0258734935888219,12.6143639394641
0.0266808569041881,12.6155246938359
0.0272019306574711,12.6168659585286
0.027169058903542,12.6187705438268
0.0265599320894383,12.6202756483659
0.0255424264120971,12.621780752905
0.0243562492081524,12.6231486737488
0.0230088373042311,12.6245111063278
0.0215079928421261,12.6259239239111
0.019862518003047,12.6274255985128
0.0180757778756186,12.6290579235007
0.0166426602352021,12.6304255971826
0.0140462438578372,12.6331585221226
0.0116811010997278,12.6360387411271
0.00974559252657661,12.6387975643461
0.00820131025487498,12.6413716348945
0.00692431152707842,12.6438533032277
0.00581272709363766,12.6463774301974
0.00484106133761941,12.6489724520555
0.00399153439678567,12.6516614159105
0.00325000700488796,12.6544676457518
0.00274232353018371,12.656738549199
0.00236501888891542,12.6586784498193
0.0020482346380937,12.6605251625677
0.00176361072612254,12.6624034495893
0.00149285301803602,12.6644401468911
0.00121428101371188,12.6668758608191
0.000863738394816506,12.6706601545434
0.000584745218757178,12.6746202993718
0.000403048521880315,12.6780303982321
0.000263557364530313,12.6815279706675
0.000151658329743947,12.6856465220626
8.13656273793719e-05,12.6910950917713
9.29156078976593e-05,12.6958498638709
0.000170684091351686,12.7002063654845
0.000309904635967663,12.7041650054783
0.000509707760725437,12.7077707832689
0.00077169689798913,12.7110670324512
0.00109952890325717,12.7140986941547
0.00149921474396947,12.716912604936
0.00198019624333555,12.7195584227268
0.00255696552146543,12.7220885312375
0.00325231164232515,12.7245614167844
0.00410193449826364,12.7270434260988
0.00514722322339791,12.7295783563054
0.00640812899661772,12.7321410156165
0.00781171335054615,12.734558457588
0.00928508635253402,12.7367332140209
0.0107970528473815,12.7386609021044
0.0123722616829635,12.740402180359
0.0140751631217564,12.7420338142694
0.0159170902275292,12.7435600741902
0.0179574748488851,12.7450190257709
0.0202274317400409,12.7464161067671
0.0227546848970795,12.7477528807389
0.0255873606908246,12.7490394961913
0.0287614392135481,12.7502769185293
0.0323285767494214,12.7514705894689
0.0363414382366605,12.7526234852461
0.0408573311223123,12.753737947121
0.0459499555423163,12.7548181793446
0.0517023103941134,12.7558675933318
0.0582131277983105,12.7568898048535
0.0656008092601792,12.7578886344863
0.0740139956815817,12.7588687465059
0.0836361800986278,12.7598351106617
0.094701475198903,12.7607935538221
0.107517008456049,12.7617512113215
0.122499415110348,12.7627172304076
0.140246604002795,12.7637044293879
0.161179021083698,12.7647099762666
0.185473108373721,12.7657222696702
0.213816604370062,12.7667540099672
0.247168605587525,12.7678240180512
0.287054619590657,12.7689654658414
0.321885245696104,12.7698824819746
0.358397877426996,12.7707994981078
0.39086603737264,12.7716055773202
0.419276812396391,12.7723310338783
0.444104627018183,12.7730115310712
0.46538161119488,12.7736719742645
0.482774729747459,12.7743335108541
0.495531980283136,12.7750189484536
0.502194871744236,12.7757597211023
0.49994043817597,12.7765825566158
0.486654551866531,12.7774199311095
0.46110186461348,12.7782868200182
0.421723110989363,12.7791942428561
0.366796367839366,12.7801515546472
0.324969157986585,12.7807657143235
0.278874329199276,12.7813798739998
0.237501096679562,12.7818994669629
0.201676572956793,12.782338972526
0.169986049553171,12.7827287163979
0.141476328990616,12.7830872337688
0.115556394215421,12.7834261954407
0.0918105162095293,12.7837542050786
0.069892611216976,12.7840790128997
0.0494353603795749,12.7844097721839
0.0298590361285237,12.7847623716129
0.00930494196273632,12.7851896619073
-0.000908444204327548,12.7854339266961
-0.00814505552094009,12.7856248675163
-0.0147542248960616,12.7858158083365
-0.0205817467311637,12.7860006154284
-0.026499743306897,12.786208298899
-0.0322456012444032,12.7864348958524
-0.0376470234396709,12.786677822411
-0.0426082667157663,12.7869360713222
-0.0470790837860622,12.7872096643528
-0.051031467453533,12.7874993416874
-0.0545495013097422,12.7878165126228
-0.0573970833624422,12.7881406068564
-0.0597323703379488,12.7884859008157
-0.0615696961942,12.7888554333824
-0.0629229339174473,12.7892527433705
-0.0638055150161533,12.7896821917837
-0.0642289466052687,12.7901491995888
-0.0642012126776496,12.7906605992925
-0.0637248047896224,12.7912251765641
-0.0627913982681089,12.7918560118267
-0.0613787244199385,12.7925699161886
-0.0594415403852062,12.7933917553175
-0.0568880177591181,12.7943629819592
-0.0534992879213292,12.7955704304189
-0.0494522594896254,12.7969694198823
-0.0455340692446282,12.7983198782714
-0.0417966246297226,12.7996277675963
-0.0382649960785137,12.8008959753213
-0.0349516777454167,12.8021256883949
-0.0318618978066678,12.8033172264635
-0.0289960165695926,12.8044704814899
-0.026350823826832,12.8055851488349
-0.0239203856001839,12.8066608467621
-0.0216966889018305,12.807697173644
-0.0196701821348126,12.8086937284524
-0.0178302470537986,12.8096501082438
-0.0161656146159306,12.810565890131
-0.0145836399738306,12.8114893714444
-0.0130615948831246,12.8124365897569
-0.0116037495447237,12.8134092895018
-0.0102139829640699,12.814409652632
-0.00889595954633348,12.8154402444158
-0.00765307588118882,12.8165041102822
-0.00648840638049151,12.8176049027159
-0.00540464587329147,12.8187470528927
-0.00440404863907677,12.8199360084569
-0.0034883626838783,12.8211785723432
-0.00265875686085679,12.8224834020436
-0.00191573623822769,12.8238617757883
-0.00125903678733394,12.8253288290049
-0.0006874811290885,12.8269056820095
-0.000218573967604073,12.8285442586395
0.000155045495889271,12.8302340619646
0.000449418327507323,12.8319935401233
0.000679245569766349,12.8338454095202
0.000858544169937139,12.8358204125086
0.00100118914816913,12.837962930737
0.00112181516314201,12.8403430601359
0.00123779721934527,12.8430878962538
0.00137584658572148,12.8464954866711
0.00154108053526442,12.8502563741786
0.00174585483296082,12.8543756083359
0.00196469326660708,12.8583547607716
0.00219493171848974,12.8622844405441
0.00243428851325789,12.8662297146969
0.0026816128183305,12.8702373771808
0.00293712544667703,12.8743454967633
0.00320229019537074,12.8785881686621
0.00347960198735232,12.8829982073277
0.00377240270215556,12.8876089148776
0.00408481840931163,12.8924557023567
0.00442187940518298,12.8975774125448
0.0047899394193848,12.9030177079025
0.00516214265827982,12.9083266503981
0.00554733360685884,12.9135963877497
0.00594494748412739,12.9187745252227
0.0063592597060037,12.9238728823508
0.00679413780255488,12.9288929922771
0.00725435043940723,12.9338429869546
0.00774491654396721,12.9387285012885
0.00827125339945972,12.9435535991068
0.00883919916849782,12.9483201646442
0.0094551310134286,12.9530283137001
0.0101260912532492,12.9576768659863
0.0108688188447833,12.9623168805308
0.0117032227031555,12.9669889618742
0.0126471764844315,12.9716963181054
0.0137267487133535,12.9764622527582
0.0149813329560065,12.9813377142817
0.0164830964564821,12.9864485956774
0.0184191054692152,12.992187471355
0.0208439566783902,12.9984974902307
0.022375295675345,13.0022061285754
0.0239255483837008,13.0059147669201
0.0252724539994799,13.0092582905253
0.0264072954563977,13.0123575499438
0.0273357028779245,13.0153698979712
0.0279980732353505,13.0182313952698
0.0283938085503805,13.0210431457499
0.0285052778960382,13.023942722541
0.0282631081483354,13.0271652969331
0.0273449844570541,13.0315703768386
0.0264682396900621,13.034343258648
0.0254099556075663,13.0371161404574
0.0243368441954338,13.0396165532344
0.0232636850865458,13.0419479696052
0.022189496438343,13.0441871660533
0.0211166038222829,13.0463754432884
0.0200485631164176,13.0485380954113
0.0189890796407694,13.0506925990198
0.0179416851498444,13.0528521015885
0.016909649839754,13.0550271485447
0.0158959638963277,13.0572266545258
0.0149033416599541,13.0594585015211
0.0139342340394155,13.0617299330443
0.0129908374872388,13.0640478452206
0.0120751068792031,13.0664190019692
0.0111887665704257,13.0688502136134
0.010333314499379,13.0713485131957
0.00951004021126038,13.0739212856988
0.00872002631525111,13.0765764457044
0.00795260590929656,13.0793663489059
0.00720006873424808,13.0823473145905
0.00646625167630289,13.0855418338291
0.00575504960895529,13.0889764792917
0.00507053996860209,13.092682019752
0.00441693328383912,13.096694213999
0.00379847393218168,13.101054973216
0.0032192850228173,13.1058141832282
0.00268315404480138,13.1110327759575
0.00219321949005155,13.116788814934
0.00175181865877892,13.1231861549608
0.00136770606749185,13.1302171791762
0.00110983761112963,13.1361567910437
0.000915038945410797,13.1420964029112
0.000711617798352167,13.1503995079291
0.000555365859369282,13.1591745800462
0.000434345264157069,13.1686396891556
0.000345910337453905,13.1786396891556
0.000286973809599333,13.1886396891556
0.000249140453382818,13.1986396891556
0.000226301054592286,13.2086396891556
0.000214156959204062,13.2186396891556
0.000209799967576979,13.2286396891556
0.000211328957675474,13.2386396891556
0.000217547774865212,13.2486396891556
0.000227757710964404,13.2586396891556
0.000241629074410953,13.2686396891556
0.000259129477855023,13.2786396891556
0.000280492494630165,13.2886396891556
0.000306219293326344,13.2986396891556
0.000337113769151482,13.3086396891556
0.000374359080212104,13.3186396891556
0.000419652988855895,13.3286396891556
0.000472310297940406,13.3381213398455
0.000532133316804131,13.3469038309341
0.000599937259993045,13.3550302311995
0.000676755665224831,13.3625488884877
0.000763790736330109,13.3695051615775
0.000862412874599653,13.3759413632952
0.000974176166164097,13.3818969855786
0.00110084073147259,13.3874088973756
0.00124439998757478,13.3925115070849
0.00140710994564879,13.3972369204896
0.00159152502329207,13.401615097757
0.00180053790521345,13.4056740060519
0.00203742885270518,13.4094397567956
0.00230592204855165,13.4129367393235
0.00261025700852156,13.4161877631836
0.00295527640241112,13.4192142052388
0.00334653681025967,13.4220361568858
0.00379045402828452,13.4246725882869
0.00429449641990041,13.4271415387589
0.0048674513678637,13.4294603411438
0.00551980720842374,13.4316459120294
0.00625395372363536,13.4336888205203
0.00706292372950992,13.4355708901726
0.00795628522403716,13.4373228358625
0.00894818519916196,13.4389749662629
0.0100601193103668,13.4405589072444
0.0113286855124362,13.442113808304
0.0128818267682667,13.4437557341352
0.0150271827387045,13.4457025901033
0.0168182338661882,13.4471418330138
0.0187492868339039,13.4485810759243
0.0205146552886323,13.4498491587285
0.0220724806426175,13.4509738918034
0.0234733607839923,13.4520324689848
0.0247272589054303,13.4530704650898
0.0258215169675155,13.4541247411646
0.0267251569162536,13.4552389272684
0.0273774198190181,13.4564872859531
0.0276226276990487,13.4580777908787
0.0272099573778221,13.4597472095223
0.0262261091344869,13.461416628166
0.0250753341277512,13.4628119823857
0.0237677825996132,13.464162357949
0.0223016248467683,13.4655493342054
0.020684978885677,13.4670148787351
0.018922984567221,13.4685987644203
0.0174527761350476,13.4699531100429
0.0160667549630192,13.4713074556655
0.0133879152574681,13.4742142840008
0.0110470015074516,13.4771842156208
0.00922041058187553,13.479909059858
0.00777203523384053,13.4824347158367
0.00654792596306227,13.4849236162534
0.00548128277101138,13.4874618900234
0.00456992460782713,13.4900119875795
0.00375535348873823,13.4927110800609
0.00303968447037361,13.495550208426
0.00256811822447663,13.4977587327406
0.00216026951009898,13.4999672570552
0.00185004786720289,13.5018927741273
0.00159584294939025,13.503676423216
0.00137119921444945,13.5054496683912
0.00116070681333641,13.5073252052976
0.000949491944154529,13.5094777598003
0.000704385899936424,13.5124441645067
0.000429684248250293,13.516703674777
0.00025805757154337,13.5202534918177
0.000136125790884873,13.5235902475126
3.7671394930669e-05,13.5273775121949
-3.29043857424207e-05,13.5322269296277
-4.13463441803884e-05,13.5373172571612
1.45885071825777e-05,13.5418711469649
0.00012959586948773,13.5460166367608
0.000302543739451759,13.5497803286677
0.000534595138180524,13.5532030628997
0.000828833852342464,13.5563312257468
0.00119034716830682,13.5592127114627
0.00162654884099285,13.561894523166
0.00214876297580731,13.5644265867066
0.00277378377347566,13.5668603822191
0.00352731917874716,13.5692526835944
0.00445252612877469,13.5716765699026
0.0056016086436725,13.5741837857954
0.00698370798869849,13.576717375255
0.00851099982558527,13.5790942994722
0.0100712822544462,13.5811792660928
0.0116598390324865,13.5830171903385
0.0133332026472506,13.5846977909473
0.0151304600850362,13.5862628388965
0.0171108842374544,13.5877544265594
0.0192869783813447,13.5891682141164
0.0217120116752423,13.5905247995695
0.024424934542274,13.5918293767991
0.0274599104438508,13.5930828530827
0.0308683865149145,13.5942916041593
0.0346971011149219,13.5954575032713
0.03900529153554,13.5965844036535
0.0438598520122392,13.5976756761442
0.0493373575795405,13.5987344641831
0.0555283315556209,13.5997641453336
0.0625446643858167,13.6007688624478
0.0705202690162042,13.6017527351344
0.0796206883084507,13.6027203669359
0.0900537238672992,13.603676978701
0.102088855778471,13.6046289287425
0.116084992182669,13.6055841644991
0.132538996962039,13.6065531620391
0.152181061298265,13.6075509669157
0.174985255963185,13.6085527881754
0.201501651982045,13.609566478752
0.232531559380602,13.6106067692685
0.269242312185256,13.6116969367468
0.311976926893997,13.612839675419
0.353129248391211,13.6138647541332
0.387508533820876,13.6146999961887
0.417217949711537,13.6154344952191
0.443203742193604,13.6161159755562
0.465648316429492,13.6167722661663
0.484318361974303,13.6174252071645
0.498578174237833,13.6180971048616
0.507167546669577,13.6188173455395
0.50746276148208,13.6196341999583
0.496863514431729,13.6204629341464
0.474205184898663,13.6213196763297
0.437947982861007,13.6222166241014
0.386341379200429,13.6231628202869
0.342594255796272,13.6238259137321
0.293485317797454,13.6244890071773
0.249581784251785,13.6250404866679
0.2120271087514,13.625497553717
0.179073847819372,13.6258973513291
0.14956676344594,13.6262617646835
0.122820708419119,13.6266039142126
0.0983750475591254,13.6269330010847
0.0758658312156674,13.6272568389848
0.0549354627122288,13.6275839520686
0.0350852553829195,13.6279275652812
0.0150489121158186,13.6283231696416
0.00663043144205606,13.6285100584432
-0.00113371446563848,13.6286969472448
-0.00909648692619967,13.6289067753385
-0.0156238786529527,13.6290960706406
-0.0215152769358405,13.6292838632382
-0.0274474308019856,13.6294936167993
-0.0331743124630032,13.6297216766201
-0.0385374478602858,13.6299657661804
-0.043449212892629,13.6302250690512
-0.0478641548865651,13.6304997311384
-0.0517572924717872,13.6307905826163
-0.0552146421728231,13.6311093707881
-0.0580013273255175,13.6314351062082
-0.0602759084691553,13.6317823667249
-0.0620530830249049,13.632154279564
-0.0633468687565025,13.6325544910361
-0.0641706160776398,13.6329875002827
-0.0645355135880764,13.6334589123596
-0.064448940269469,13.6339758141703
-0.0639122523259273,13.6345474668588
-0.0629151889955942,13.6351875336558
-0.0614326865863501,13.6359137401867
-0.0594141429179544,13.6367527962262
-0.0567553400251361,13.6377504386958
-0.0531949157702492,13.6390083066241
-0.0491485269222621,13.6404010336893
-0.0452387058992486,13.6417470848095
-0.0415136164767367,13.6430513823789
-0.0379963237561553,13.644316437529
-0.034698309351922,13.6455432366102
-0.0316242160593455,13.646731989239
-0.0287740253043435,13.6478825261009
-0.0261442628355161,13.6489945080761
-0.0237288034972506,13.6500675338014
-0.0215194956974318,13.6511011901063
-0.0195066902480865,13.6520950684921
-0.0176797051327607,13.6530487601246
-0.0160272357857118,13.6539618361622
-0.0144501013253102,13.6548867571014
-0.0129332599395323,13.6558354933384
-0.0114809088621781,13.6568098424609
-0.0100969164106271,13.6578120075487
-0.00878493334503662,13.6588445807036
-0.00754834006794317,13.6599106412414
-0.00639019219072963,13.6610138849411
-0.00531316310286628,13.6621587991159
-0.00431948302769656,13.6633509055566
-0.0034108733505183,13.6645971073945
-0.00258847378513765,13.6659062014197
-0.00185275772841177,13.6672896665489
-0.00120342676202047,13.6687629408439
-0.000639265677590473,13.6703476292957
-0.000179168649893487,13.6719888461525
0.000186706464818508,13.6736825080519
0.000474228675736552,13.6754471248365
0.000698012537393749,13.6773058227415
0.000872006319477559,13.6792900076804
0.00101004162850423,13.6814452414091
0.00112675598253952,13.6838439909955
0.00123965775433535,13.6866191893202
0.00137623926199442,13.6900904382046
0.00153842132488569,13.6938607902348
0.0017414507487873,13.6980180102683
0.00196127337878099,13.7020834937555
0.00218767673330656,13.7060177465926
0.00241948395757588,13.7099141916834
0.00265642893679978,13.7138335146422
0.00289928634872593,13.7178202186423
0.00314978336457376,13.7219111284575
0.00341043518955672,13.7261395994912
0.00368439693574331,13.7305379070086
0.00397539539484312,13.7351390552977
0.00428778451292156,13.7399783139351
0.00462678549146432,13.7450945280092
0.0049986989577656,13.7505268623724
0.00537379934560623,13.7557895566433
0.00576436074373311,13.7610245590362
0.00616876686167882,13.766165155663
0.00659183357591995,13.7712290630529
0.00703745024338427,13.7762162792498
0.00751061506529506,13.7811351274577
0.00801654963347781,13.7859905499376
0.00856093808273211,13.7907860932827
0.00914992349665227,13.7955230783183
0.00979023653573338,13.8002011562772
0.0104896421192643,13.8048208548963
0.0112741600419465,13.8094797229908
0.0121576099312015,13.8141661071563
0.0131623173162721,13.8188977020644
0.0143193845703065,13.8237071597815
0.0156800996430834,13.8286723994124
0.0173520238958741,13.8340012983943
0.0197243829487733,13.8405576385154
0.0213740825465665,13.8446812844738
0.0230929179553141,13.8488049304322
0.0245779877749235,13.8523943221984
0.0258255607497606,13.8556051154461
0.0268663212155366,13.8586472707229
0.027674966606959,13.8615846232374
0.0282164077239723,13.8644081281147
0.0284870809714394,13.8672398893195
0.0284520390670407,13.8702436417653
0.0279835528060929,13.8737963998352
0.0271851859844178,13.8770435556714
0.0260917667652715,13.8802907115076
0.0250029113140771,13.8830011351116
0.0239284856167019,13.8854274433649
0.0228546982846307,13.8877168166539
0.0217806193334461,13.8899324184489
0.0207091757662673,13.8921080613293
0.0196440434738354,13.8942654276526
0.0185888800042895,13.8964200383252
0.0175471222594515,13.8985838772832
0.0165219333386107,13.9007667609278
0.0155161976894269,13.9029771319288
0.0145325276600515,13.9052225679534
0.0135732752229591,13.9075101274098
0.012640545336152,13.9098465993161
0.0117362021943329,13.9122387149605
0.0108618825182718,13.9146933103744
0.010019004382668,13.9172174826135
0.00920877520348239,13.9198187444169
0.00843220193642002,13.9225051777696
0.00766988076766916,13.9253646769807
0.00692394522900373,13.9284230498303
0.0061981813631532,13.9317045154943
0.00549655877555976,13.9352371367262
0.00482321680366747,13.9390534324838
0.00418239384427146,13.9431913061914
0.00357831288915967,13.9476953807629
0.00301500317995637,13.9526191942199
0.00249603627545962,13.9580293026916
0.00202426483905031,13.9640122322959
0.00160173350053712,13.9706842796579
0.00124235070688382,13.9779160479413
0.000952031048252168,13.9857493265154
0.000731768946195252,13.9942736367531
0.000583859609443369,14.0021958914319
0.00045448953322881,14.0116501854796
0.000359429621812669,14.0216501854796
0.000295659137481629,14.0316501854796
0.000254381406137974,14.0416501854796
0.000229163672466675,14.0516501854796
0.000215417894950505,14.0616501854796
0.000210004119659804,14.0716501854796
0.0002108569634664,14.0816501854796
0.000216673513719157,14.0916501854796
0.000226689372669289,14.1016501854796
0.000240536754735163,14.1116501854796
0.000258164709797751,14.1216501854796
0.000279804149361005,14.1316501854796
0.000305968907197535,14.1416501854796
0.000337492772125023,14.1516501854796
0.00037561080215655,14.1616501854796
0.000422103759663416,14.1716501854796
0.000475875995588846,14.1810608363434
0.000536998446846138,14.18977172146
0.000606331045169558,14.1978290238392
0.000684943962216355,14.2052814729459
0.000774077942086795,14.2121746222723
0.000875146180871095,14.2185509094473
0.000989751117662238,14.2244498982906
0.00111970767592615,14.2299084870712
0.00126707139200726,14.2349610799687
0.00143416859698946,14.2396397546723
0.00162363382682855,14.2439744270295
0.00183845125913427,14.2479930093079
0.00208200628969019,14.2517215514975
0.00235814509724043,14.2551843813826
0.00267124984080784,14.2584042530531
0.00302633249568795,14.2614024991537
0.00342915322554204,14.2641991851693
0.00388637730429985,14.2668132838284
0.00440578593419391,14.2692628786014
0.00499656927345862,14.2715654078212
0.00566975223870264,14.2737379875125
0.00642110885114482,14.2757544326601
0.00724961139848351,14.2776170384848
0.00816605532224001,14.2793569344354
0.00918638534231704,14.281005015559
0.0103356107885384,14.2825949837815
0.0116603975068388,14.2841738801768
0.0133330007757823,14.2858926096431
0.015857709178228,14.2881086261791
0.0175613086131277,14.2894446303411
0.0193591400628262,14.290780634503
0.0210002827200569,14.2919795808697
0.0224688734996615,14.2930774215622
0.023789842043383,14.2941309909842
0.0249613151460594,14.2951798844695
0.025962956487652,14.2962622331816
0.0267536366026065,14.2974306972518
0.0272477131832199,14.2987925042563
0.0271304042166341,14.3008035586655
0.0264688951009703,14.3022769747744
0.0254282497224515,14.3037503908834
0.0242205935694759,14.3051113201405
0.0228514932430939,14.3064763489967
0.0213294492157947,14.3078970152281
0.0196628216106288,14.3094114407082
0.0184302178352689,14.3105325240342
0.0172293916683869,14.3116536073602
0.0159009249259039,14.3129633373703
0.0132590473187385,14.3158510942616
0.0109885498732871,14.318744800954
0.00917212419233894,14.321458824043
0.00772549364893616,14.3239833087723
0.00650065250528548,14.326474305522
0.00545836994002986,14.3289491098396
0.00456119709395907,14.3314425325404
0.00375121517122084,14.3340971020624
0.00302713747390879,14.3369300648125
0.00256844096909278,14.3390389075097
0.00216859830009463,14.3411477502068
0.0018575982242283,14.3430153585194
0.00159971570489394,14.3447575667802
0.00136989702722633,14.346496872579
0.00115279601250789,14.3483438099987
0.00093272403834565,14.3504756782421
0.000671701699830966,14.3534648379462
0.000391533488170214,14.3575151763714
0.000209722084694849,14.3609226302097
7.38782623082574e-05,14.3641834297449
-4.22213948985395e-05,14.3679060018062
-0.000138006706086013,14.3726954915904
-0.000177359734981964,14.3779223606127
-0.000150393091994507,14.3825654624014
-6.44281851818705e-05,14.3867904850368
7.88829012312151e-05,14.3906194505409
0.000280568926792345,14.3940977920587
0.000543303479353022,14.3972697485734
0.000871892805670575,14.4001857614177
0.0012738023039932,14.4028976217465
0.00176045844344323,14.4054591393076
0.00234948249859401,14.4079280338796
0.00307135763194452,14.4103782757617
0.00398222863690618,14.412914027006
0.00517171023577297,14.4156523854579
0.00668688323413616,14.4185554864342
0.0082831407613979,14.4211357022347
0.0098105800773785,14.4232560425197
0.0113384976010218,14.4250969283433
0.0129250766401994,14.4267593409924
0.0146570845296897,14.4283340965109
0.0165528815622817,14.4298239404937
0.0186540773300255,14.4312470896903
0.0210017884960003,14.4326143318947
0.0236257266193183,14.4339263245728
0.0265718985081987,14.4351902919431
0.0298777592574727,14.436407012902
0.033595405324959,14.4375811677758
0.0377790018944453,14.4387155454489
0.0424883852207603,14.439812534465
0.0477993512698217,14.4408760728356
0.0537989863877013,14.4419096585261
0.0605909923479521,14.4429169476248
0.0683007953386161,14.4439018833775
0.0770816508102063,14.4448687378371
0.0871278346449384,14.4458226396622
0.0986857696951606,14.4467693905618
0.112078541011987,14.4477160679371
0.127744930254779,14.4486717761801
0.146309559111962,14.4496490125377
0.168154809484056,14.450642441381
0.193501335376806,14.4516427510379
0.223058585296836,14.4526622225621
0.257811898705738,14.4537191086188
0.299336328746557,14.4548462277487
0.334590949401688,14.4557283791384
0.371434316267207,14.4566105305281
0.404185682519515,14.4573882526577
0.432807226235705,14.4580898542105
0.457803390761977,14.458750551687
0.479202176855925,14.4593951737061
0.496636469965273,14.4600454020693
0.50927086441094,14.460725864162
0.515423527482882,14.461473313867
0.512040387179309,14.4622869173175
0.497283809025495,14.4631201213893
0.4698117449753,14.4639882407294
0.427926584476555,14.4649022952429
0.369770423786094,14.4658712268283
0.327028661957036,14.4664754275167
0.280211828845854,14.4670796282052
0.238328074004297,14.4675914238104
0.20211160395517,14.4680251073777
0.170108089953292,14.468410209081
0.141340940762561,14.4687648698659
0.115203030083254,14.4691005826092
0.0912657028251165,14.4694258960641
0.0691692596443404,14.4697486317114
0.048524533969871,14.4700782754345
0.0286910514970605,14.4704320365787
0.00738393142693644,14.4708734924938
-0.00167965034444772,14.4710896104707
-0.00988481459358324,14.4713057284477
-0.0163160008109595,14.4714925182775
-0.0222595721397494,14.4716824332508
-0.0282051112265576,14.4718935955027
-0.0339187547548006,14.4721225709096
-0.0392529348417572,14.4723673309944
-0.0441264495113451,14.4726272139938
-0.0484976573007256,14.4729024670339
-0.0523446179641177,14.4731939943811
-0.0557819976109061,14.4735167206434
-0.0585161886836813,14.4738437490534
-0.0607378734160071,14.4741925606174
-0.0624624279603395,14.4745664017759
-0.0637040029609416,14.4749690205088
-0.0644758710457108,14.4754050472824
-0.0647889185243296,14.4758802638239
-0.0646499435391894,14.4764020036523
-0.0640590996029451,14.4769800534615
-0.0630043622679832,14.4776285313505
-0.0614578014625978,14.4783661533643
-0.0593632054223655,14.4792215516203
-0.0566027608828732,14.4802451406073
-0.0528636237641638,14.4815564214772
-0.048817325904223,14.4829438988002
-0.0449149799109713,14.4842861286071
-0.0412008443515642,14.4855873604145
-0.0376962345413318,14.4868497666791
-0.0344117471696243,14.4880741497837
-0.031351513436178,14.4892606171463
-0.0285151859564188,14.4904089415941
-0.0258990629946396,14.4915187507302
-0.0234968560851762,14.4925896237061
-0.021300295764417,14.4936211355244
-0.019299650033842,14.4946128698816
-0.0174841824243253,14.4955644119055
-0.0158425573981642,14.4964753270032
-0.0142705303159964,14.4974013757824
-0.0127591192623804,14.4983513032933
-0.0113124653142159,14.4993269489821
-0.00993442978685283,14.5003305326453
-0.00862865462448964,14.501364667681
-0.00739850999011821,14.5024324603633
-0.00624703992024485,14.5035376409832
-0.00517690506833767,14.5046847416845
-0.00419032204226993,14.5058793435748
-0.0032889981401651,14.5071284300908
-0.00247405911109099,14.5084409099007
-0.00174596537353378,14.5098284235057
-0.00110440777095696,14.5113066533949
-0.000548164477385797,14.5128975976205
-9.71048973226964e-05,14.5145409342391
0.000260531766436662,14.516237686139
0.000540463338961109,14.5180064198905
0.000757213881769656,14.5198705937314
0.000924647834028921,14.5218621539685
0.00105652004656439,14.5240276290612
0.00116740350935915,14.5264414459996
0.00127479229485498,14.5292414397474
0.00140653976747141,14.5327659801498
0.00156255216437921,14.53654489589
0.00176021123065563,14.5407339267714
0.00197581917340488,14.5448481856146
0.00219591013176769,14.5487911859324
0.00241985589331028,14.5526728244085
0.00264778417040127,14.5565612344375
0.00288068811266552,14.5605042544259
0.00312037563398554,14.564540205277
0.00336933356114979,14.5687029604072
0.00363059999535481,14.5730246846161
0.00390770162239711,14.5775377667939
0.00420469142564134,14.5822763969041
0.00452634152311891,14.5872779767278
0.00487856815891826,14.592584374658
0.00524722661075023,14.5979278854633
0.00562643240462176,14.6031832809431
0.00602018391888522,14.608367324095
0.00643078152220694,14.6134662417864
0.00686244004200676,14.6184871446046
0.00731973304900848,14.6234362095143
0.00780773416669032,14.6283198530874
0.00833188552193564,14.6331423720519
0.0088980755506946,14.6379060136225
0.00951272323639344,14.6426110882499
0.0101829087838366,14.6472565284403
0.0109261817953983,14.6518980272665
0.0117618093845864,14.6565709914587
0.0127080159227421,14.6612799394282
0.013791177924269,14.6660486911272
0.0150514094986032,14.6709298470082
0.016562853671822,14.6760539431947
0.0185214690116199,14.6818344688505
0.0204139234232066,14.6867987690693
0.0220015956278302,14.6906857784932
0.0236271646956923,14.6945727879171
0.0250241774211779,14.6980001859267
0.0262010150364728,14.7011358587364
0.0271724660234466,14.7041549417684
0.0278906883807977,14.7070410440463
0.0283428947419691,14.7098527090182
0.0285173696364549,14.7127195238622
0.0283607503620764,14.7158412409036
0.0276505839967375,14.7198397081295
0.0268060194061627,14.7227794426534
0.0257403502965354,14.7257191771773
0.0246631323577718,14.7283020541445
0.0235897923436205,14.730673674026
0.0225156359589106,14.7329345895854
0.021441920282922,14.7351345424943
0.0203719888225613,14.7373023895946
0.0193095527234858,14.7394574286826
0.0182582092195557,14.7416138506446
0.01722130910304,14.7437828378002
0.0162019257742227,14.7459737016389
0.0152028541588092,14.7481945690315
0.0142266220177066,14.7504528236347
0.0132755003198873,14.7527554203032
0.0123515138070048,14.7551091215416
0.0114564545421745,14.7575206790715
0.0105918857676115,14.7599970138827
0.00975915756538741,14.7625453528521
0.00895941078495236,14.765173396393
0.00818815944683779,14.7679095182863
0.00743063855103138,14.7708306725234
0.00669071307361934,14.7739580829479
0.00597221423570195,14.777317207743
0.00527917225059333,14.7809374704129
0.0046157674532155,14.7848530307444
0.00398624933060079,14.7891038083724
0.00339480174391926,14.7937370458204
0.00284534335542258,14.7988099392947
0.00234123793469044,14.8043946921868
0.00188507790799677,14.8105864239393
0.00148100891463087,14.8174689288412
0.00114192579671638,14.8248833810886
0.000906724951253662,14.8319419912562
0.000722678838944368,14.8395147108259
0.000563936943214736,14.8483721528997
0.000444188178888072,14.857697355295
0.000355305414905264,14.867697355295
0.000296380534136151,14.877697355295
0.00025896698556805,14.887697355295
0.000236920945710378,14.897697355295
0.000225921572211467,14.907697355295
0.000223058296898015,14.917697355295
0.000226452238206467,14.927697355295
0.000234956039432174,14.937697355295
0.000247948780117903,14.947697355295
0.000265213083120688,14.957697355295
0.000286873783164252,14.967697355295
0.000313383729104048,14.977697355295
0.000345552630563516,14.987697355295
0.000384625505279882,14.997697355295
0.000432429641522624,15.007697355295
0.00048751227624225,15.0170552343126
0.00055012962317805,15.0257133251204
0.000621161406449402,15.0337200614668
0.000701697820013879,15.0411243784531
0.000793004230425531,15.0479719030731
0.000896522954832818,15.0543051045515
0.00101389033927947,15.0601635500074
0.00114696049318775,15.0655841195237
0.00129783406473814,15.0706011820925
0.00146888903998305,15.075246769412
0.0016628194868255,15.0795507459812
0.00188267826248091,15.0835409710873
0.00213193039277638,15.0872434417383
0.00241451526622817,15.0906824365829
0.00273492491737615,15.0938806690556
0.00309830282871419,15.0968594433612
0.00351056861129668,15.0996388137911
0.00397858455918937,15.1022377673304
0.00451038124202241,15.1046744382177
0.00511547320269811,15.1069663689059
0.00580532263870107,15.1091308615835
0.00657059222546434,15.1111295464783
0.00741494030726487,15.1129797004554
0.00835022282355362,15.1147128866795
0.00939403140250838,15.1163607302578
0.0105747317423201,15.117959126948
0.0119585135819381,15.1195734125476
0.013748419558371,15.1213718723265
0.0157711382925561,15.1231427336099
0.0174873027013787,15.1245078227117
0.0192979068203223,15.1258729118134
0.0209183113662197,15.1270758044115
0.0223668356463669,15.1281783088926
0.0236688322769886,15.1292380285701
0.0248214756213369,15.130294438184
0.0258036990463642,15.131386071178
0.0265733384960728,15.1325668897398
0.0270418286842746,15.1339487433784
0.0268660635377613,15.1360341624775
0.0261745449754331,15.1375014139988
0.0251213472058708,15.1389686655202
0.0239056210693673,15.1403330918466
0.0225313550122802,15.1417054573121
0.0210072338732203,15.143135463156
0.0193414668504427,15.1446610419042
0.0182465645292106,15.1456658486306
0.0171777314949936,15.1466706553571
0.0158573018103061,15.1479782800693
0.0132463117232847,15.1508427532126
0.0110339726882531,15.1536648353256
0.0092278337715519,15.1563578651822
0.00777570322087921,15.158884517977
0.00654691276488697,15.1613759660436
0.00547473140824416,15.163919122183
0.00453658477973816,15.1665398976148
0.00371584244633034,15.1692612434556
0.00313928728451897,15.1715076427005
0.00264116529070802,15.1737540419455
0.00226558368853536,15.1756966491204
0.0019575270335858,15.1774979051826
0.00168503637226676,15.1792904700658
0.00142967348832841,15.181186656308
0.00117372983944106,15.1833593611551
0.000878585496666745,15.1863277046972
0.000561545247178903,15.1903553079563
0.000351753346406348,15.1938202079016
0.000196571326068367,15.1971164792772
6.56104721799784e-05,15.2008323970935
-4.1983777613e-05,15.2055246276557
-9.1346876772225e-05,15.2107520297233
-6.93646157480532e-05,15.2153871693836
1.44509127933266e-05,15.2196126189506
0.000157593437673052,15.2234510352185
0.000360230071792575,15.2269403205664
0.000624932448220621,15.230129390673
0.000956638829126682,15.2330696079278
0.00136291792058053,15.2358114701916
0.00185562347478737,15.2384091519203
0.00245369383791313,15.2409233991462
0.00318779588850623,15.2434251616212
0.00411234648313954,15.2460119356616
0.00530197731997647,15.2487686696141
0.00675515641271632,15.2515817598608
0.00826858801059639,15.2540640798289
0.0097501105092032,15.2561548319209
0.0112533470255317,15.2579950647412
0.0128246630174808,15.2596658844941
0.0145417401391295,15.2612483843028
0.0164215525582997,15.2627446416141
0.0185077591591329,15.2641749889
0.0208385319407029,15.265548456385
0.0234438654225922,15.2668662283602
0.0263690483395886,15.2681354850412
0.0296513440454447,15.2693571414337
0.0333425257063731,15.2705359682501
0.0374964481176823,15.2716748150078
0.0421726371266521,15.27277611828
0.0474465613787808,15.273843872121
0.0534047859310323,15.2748815896929
0.0601505167088869,15.27589296077
0.0678082950806639,15.276881923204
0.076531591322106,15.2778528913111
0.0865139813745047,15.2788110197675
0.0980018712040737,15.279762212139
0.111319252300863,15.2807137076328
0.126907995826443,15.281674881849
0.145401020328172,15.2826587166611
0.16712657459235,15.2836573329329
0.192344972650965,15.2846636554614
0.22177399848717,15.2856905029442
0.256419092885722,15.2867570784093
0.297910647654071,15.2878983058839
0.332669271534074,15.2887811875126
0.368915996399834,15.2896640691412
0.401189585666534,15.2904452029608
0.429431452730594,15.2911520458034
0.454081527563035,15.2918185675849
0.475137704216226,15.2924691185909
0.49221713943383,15.2931251400931
0.504475173871697,15.2938109424119
0.510233707232734,15.2945623840927
0.506487352804127,15.2953804412516
0.491422845055232,15.296217295804
0.463712053090645,15.2970878332323
0.421696636461079,15.2980027653088
0.36356631829495,15.2989714030052
0.321618548617762,15.2995660858721
0.275803409473255,15.3001607687391
0.234731226361343,15.3006666024162
0.199090839276754,15.301097311687
0.167521587496994,15.3014810234214
0.139103172574595,15.3018351769293
0.113256593259623,15.3021709579474
0.0895680143961975,15.3024967910959
0.0676852102575316,15.3028204939201
0.0472194938236399,15.3031517174994
0.0275123196278862,15.3035084000527
0.00607213473104062,15.3039605234406
-0.00246101761065557,15.3041677921128
-0.0102169608935294,15.304375060785
-0.0165752578900276,15.3045620063456
-0.0225055359626575,15.3047538925866
-0.0284236731413063,15.3049669082665
-0.0341008422764246,15.3051976586
-0.0393940580916467,15.3054441852118
-0.0442248934640942,15.3057058757608
-0.0485533625506937,15.3059830142973
-0.052356086820731,15.30627653601
-0.0556447581597829,15.3065903515842
-0.0583548824171962,15.3069187940082
-0.0605554063620912,15.3072692653406
-0.062260303210656,15.3076448871163
-0.0634836127994354,15.3080494228325
-0.0642384838923844,15.3084875230824
-0.0645356613899936,15.3089649935276
-0.0643817908636848,15.3094891966693
-0.0637767991803972,15.3100700029162
-0.062708459414543,15.3107215554944
-0.0611486585145223,15.3114626502843
-0.0590409543080524,15.3123220543322
-0.0562670861233084,15.3133504735957
-0.0525123219119701,15.3146684342824
-0.0484808224840027,15.3160532389744
-0.0445956550029779,15.3173927192673
-0.0409000002451967,15.3186910805751
-0.0374145723991133,15.3199504915334
-0.0341495629238767,15.321171761568
-0.0311087872350162,15.3223550097856
-0.0282916367748358,15.3235000221277
-0.025694192426389,15.3246064389655
-0.0233099890224467,15.325673850805
-0.0211306196593316,15.326701841861
-0.0191462526256365,15.3276900023364
-0.0173460870226507,15.3286379206765
-0.0157187550147968,15.3295451619525
-0.0141508765518275,15.3304733302525
-0.0126440353189064,15.3314254823995
-0.0112022722445453,15.332403533398
-0.00982943095658996,15.3334097345993
-0.00852913001483165,15.3344467390105
-0.00730471087180048,15.3355177026005
-0.00615918317639854,15.3366264189179
-0.00509516709844078,15.3377775020007
-0.00411483209656276,15.338976641131
-0.00321983082464479,15.3402309661429
-0.00241122559546303,15.3415495898064
-0.00168940244552378,15.3429444479257
-0.00105396309219089,15.3444316709924
-0.0005035746240395,15.3460339806447
-6.00809516376221e-05,15.3476813276452
0.000291578082916259,15.3493838296574
0.000566946162919436,15.3511601806367
0.000780495371190206,15.3530344550118
0.000946087637228684,15.3550396063193
0.0010775537710911,15.357223975822
0.00118969375140247,15.3596657054484
0.00130062402188025,15.3625121097238
0.00144056958727645,15.366139641679
0.00160320518748948,15.3699367663603
0.00180644068140971,15.3741063975082
0.00202050441866332,15.3780876103932
0.00224310800522104,15.3819922151375
0.00247264012536519,15.3858941402576
0.00270855808092408,15.389843988919
0.00295151049451769,15.3938814957415
0.00320318675706846,15.3980412699396
0.00346612549547629,15.4023559118108
0.00374355497350015,15.4068579322577
0.00403933816017724,15.4115814292104
0.00435806953186025,15.4165635189578
0.00470540756085833,15.4218456443683
0.00507242909582537,15.4272371022227
0.00544718936366741,15.4325183400663
0.00583573006628274,15.4377372027421
0.00623936185877418,15.44286664361
0.00666243354360909,15.4479171702255
0.00710925587028853,15.4528936516568
0.00758477446946045,15.457803433602
0.00809422280335454,15.462651248565
0.00864325796206579,15.4674399403043
0.00923802297374369,15.4721703074828
0.00988527501000229,15.4768416197096
0.0105948999095494,15.4814669837407
0.0113914068501718,15.486129531834
0.0122895883807461,15.4908213451748
0.0133126200317691,15.4955612833136
0.0144934630798621,15.5003860841839
0.0158878443930154,15.5053838707932
0.0176183397440187,15.5107974457878
0.0200370917312254,15.5173710180054
0.0216441180038809,15.5213480677803
0.0233054335860955,15.5253251175551
0.0247531574350102,15.5288422533909
0.0259727842650944,15.5320210788459
0.0269867415771367,15.5350525066671
0.0277603752102422,15.5379684146758
0.0282675886530476,15.5407858078115
0.0285017767643062,15.5436290019575
0.0284216626420504,15.5466733580438
0.027871552231525,15.5503672083151
0.0270562336409427,15.5534911565455
0.025975866607751,15.5566151047758
0.0248922104370113,15.5592780096446
0.0238183153795722,15.561685266546
0.0227443530071507,15.5639650547414
0.0216702871868885,15.5661755028055
0.020599209092451,15.5683486719522
0.019534811484978,15.5705054270474
0.018480732772783,15.5726608430856
0.0174403813600736,15.5748266410809
0.0164168898566476,15.5770124783902
0.0154131122607463,15.5792267045598
0.0144316322667087,15.5814768473379
0.0134747736441365,15.5837699505142
0.0125446147052641,15.5861128152156
0.0116429946957017,15.5885122080079
0.0107715247585553,15.5909750287835
0.00993160120265236,15.5935084558061
0.00912440870683387,15.5961201162506
0.00835069861863549,15.5988190878668
0.00758989160421684,15.6016989817373
0.00684587900801354,15.6047801268501
0.00612244457657998,15.6080872148426
0.00542357646666269,15.6116487688557
0.00475342747216549,15.615497859331
0.00411623988980865,15.6196730693868
0.00351622514110115,15.6242198997934
0.00295737807627661,15.6291931056205
0.00244320427757182,15.6346611021925
0.00197647081409714,15.6407132540383
0.0015591432626839,15.6474699809389
0.00120660958811396,15.6547627862261
0.000927788007254032,15.6626691544875
0.000749676048282021,15.6697392869229
0.000586560979623269,15.6784093007248
0.000462793163789479,15.6875036282197
0.000367695425474893,15.6975036282197
0.000304237667126378,15.7075036282197
0.00026350347082112,15.7175036282197
0.000238982472456747,15.7275036282197
0.000226063408109631,15.7375036282197
0.000221615319105442,15.7475036282197
0.000223596113631722,15.7575036282197
0.000230734194996593,15.7675036282197
0.000242305780057175,15.7775036282197
0.000257997440280672,15.7875036282197
0.000277832352364688,15.7975036282197
0.000302143502281217,15.8075036282197
0.00033158689270996,15.8175036282197
0.000367197630285847,15.8275036282197
0.000410502060480088,15.8375036282197
0.000461934265216249,15.8471935106369
0.00052050503953368,15.8561744359775
0.000586937602988289,15.8644826075685
0.000662219028617608,15.8721676167559
0.000747516738599943,15.879276195903
0.000844168996819702,15.8858518811733
0.000953696161244504,15.8919352577605
0.00107782132504226,15.8975641825629
0.00121849661025207,15.9027739649234
0.00137793240700481,15.9075975312553
0.00155863152301667,15.9120655901778
0.00176342898260655,15.9162067939604
0.00199553963411941,15.9200478854122
0.00225861317993601,15.9236138334933
0.00255680376483247,15.9269279777805
0.00289485445737962,15.9300121802317
0.00327820539874731,15.9328869755674
0.00371313331284292,15.9355717350502
0.00420693723996701,15.9380848572757
0.00476819461720889,15.9404439919531
0.00540712507070468,15.9426663244922
0.00613015469598806,15.9447532281674
0.00692703935379555,15.9466736088083
0.00780691943722984,15.9484586855898
0.00878343629613724,15.9501394062008
0.00987716983034716,15.9517476740351
0.0111227690866848,15.9533222321326
0.0126311497024149,15.9549663872826
0.0146812039264331,15.9568863089643
0.0164497406445656,15.9583506556104
0.0183648012427705,15.9598150022565
0.0201431297462345,15.9611190682474
0.0217055260056435,15.9622653329101
0.0231084423671138,15.9633376165919
0.024365462995547,15.9643843006088
0.0254660574679069,15.9654426074423
0.0263817567897919,15.9665546607033
0.0270570761900317,15.9677888239402
0.0273584126285234,15.9693211863803
0.0270121391839363,15.9710460462697
0.0260524052503092,15.9727709061591
0.0249181676397969,15.974186988583
0.023631511482504,15.9755430370539
0.0221884701997802,15.9769295898309
0.0205970467183659,15.9783900291183
0.0188631803895468,15.9799634096326
0.0181861866920343,15.980582562005
0.0175225724931499,15.9812017143773
0.0150102438813992,15.9837229836759
0.0124401435881737,15.9866838745929
0.0103490793636795,15.9895047676512
0.00867943994874304,15.9921421389698
0.00733609876956732,15.9946163395179
0.00616985976955911,15.9971209156623
0.00515087215667148,15.9996880378312
0.00425962698032007,16.0023411128919
0.00348085278494384,16.0051031403208
0.0029694603142568,16.0072322648435
0.00252476580626435,16.0093613893662
0.00217438754197165,16.0112785556094
0.00188079958964859,16.0130962602954
0.00161799149278912,16.0149331041506
0.00136890033150722,16.0169097146758
0.00111437681042576,16.0192426353158
0.000795807343820725,16.0228031326643
0.000523777211934793,16.0267531034218
0.000347238449163372,16.0301184193427
0.000212089383073617,16.0335127110269
0.000101359791775909,16.0374706322082
2.44127200898457e-05,16.0426321979643
2.11963899762485e-05,16.0475473687631
8.40140267211181e-05,16.052000627689
0.000207627492792913,16.0560511264279
0.00039080774740002,16.059734781379
0.000634662096648753,16.0630921782393
0.000942694678175578,16.0661723935002
0.00132062299900247,16.069023601774
0.0017770182346361,16.0716940722516
0.00232517230494105,16.0742358762305
0.00298541584037136,16.0767050089978
0.00378854805848054,16.0791623758887
0.00478271167565987,16.0816793619533
0.00600873563439029,16.0842709978177
0.00741353452085834,16.0867767864759
0.0089051806155966,16.089048795264
0.0104209457102822,16.0910395653639
0.0119829622353132,16.0928184092628
0.0136602641565814,16.0944753243562
0.015465134927483,16.0960186150239
0.0174613987138736,16.0974928031537
0.0196724180845585,16.0988991880724
0.0221370085056858,16.1002471961598
0.0248981015584609,16.1015442212702
0.0279903672401416,16.1027910610817
0.0314650254036165,16.1039935891739
0.0353710976062156,16.1051541253299
0.0397668625291425,16.1062758610797
0.044721910572081,16.1073625253726
0.0503157776285156,16.1084174537637
0.0566409756959965,16.1094438992087
0.0638138100471823,16.1104461666932
0.0719736526199117,16.1114284989365
0.0812934709455675,16.1123956552467
0.0919924693223602,16.1133531587703
0.10435434421756,16.1143075815819
0.118762585475876,16.1152674505576
0.135754814226784,16.1162441842763
0.15596863640884,16.1172468462395
0.179400462871593,16.1182531982146
0.206684416251545,16.1192746063069
0.238684804699774,16.1203274335334
0.276705505293392,16.121438716549
0.319997036130022,16.122584901057
0.359062192929375,16.1235584496551
0.392067509883365,16.1243689942815
0.420774903601836,16.1250928796963
0.445862810948043,16.1257706737075
0.467397251248306,16.1264279363134
0.485061265946352,16.1270860030996
0.498116731747365,16.1277677872554
0.505120447160096,16.1285049147081
0.503244248809459,16.1293251399341
0.490320106727913,16.1301600655556
0.46511245857463,16.1310249564419
0.426046355501862,16.1319310585429
0.37137619224187,16.1328875289646
0.329015058695848,16.1335101437148
0.282198158572814,16.1341327584651
0.240230789487763,16.1346577467052
0.203988489617119,16.1351000688208
0.171985742983632,16.1354912665994
0.143226352149825,16.1358504805465
0.117098258618375,16.1361896459792
0.0931749606971341,16.1365174753245
0.0711052432304962,16.1368417282839
0.0505220383486437,16.1371714361467
0.0308594045409284,16.1375219630522
0.0103809418155051,16.1379423955435
-0.000531840634947405,16.1382003998479
-0.0078204584069688,16.1383910826704
-0.0144776377007466,16.1385817654929
-0.0203026503390757,16.1387648328379
-0.026235078241452,16.1389709882028
-0.032006245646456,16.1391961924652
-0.037438767568564,16.139437775709
-0.0424338495494463,16.1396946736278
-0.0469394356440284,16.1399668682728
-0.0509279311153821,16.1402550688964
-0.0545575837957264,16.1405780582915
-0.0574278370098431,16.140901032835
-0.0597836681182584,16.1412450085143
-0.0616404176110361,16.1416131048313
-0.0630120153207288,16.1420088408792
-0.0639119799052784,16.1424365522015
-0.0643519402813546,16.1429016279086
-0.0643400361636899,16.1434108594247
-0.0638789534657538,16.1439729773502
-0.0629607434501867,16.1446009219788
-0.0615634843853903,16.145311412816
-0.0596425223112307,16.1461290842205
-0.0571072686987623,16.1470948869533
-0.0537428747891387,16.148294071328
-0.0496860947029236,16.1496955048713
-0.0457558636828355,16.1510481867822
-0.0420050333430897,16.1523583111892
-0.0384593147743193,16.1536288036383
-0.0351315860273741,16.1548608643075
-0.0320273487563806,16.1560548144316
-0.0291471777021177,16.1572105420795
-0.0264880364774464,16.1583277365054
-0.0240441308603072,16.1594060094791
-0.0218075564751993,16.1604449535997
-0.0197688411361074,16.1614441635225
-0.0179174189603102,16.1624032339876
-0.0162420486959812,16.1633217422425
-0.0146570327964156,16.1642436526157
-0.0131316305079324,16.1651892241435
-0.0116701890299472,16.1661601448569
-0.0102766001328934,16.167158573964
-0.00895454525897228,16.1681870481961
-0.00770744201302457,16.1692485772507
-0.00653839007224901,16.1703467682447
-0.00545011409799188,16.1714859938077
-0.00444490319609027,16.1726716245552
-0.00352454580557014,16.1739103596835
-0.00269025776503564,16.1752107129349
-0.0019425992224071,16.1765837561544
-0.00128137201691493,16.1780443147795
-0.000705480461558569,16.1796130151305
-0.000230827608463298,16.1812488165792
0.000147324477900686,16.18293457987
0.000445161939717801,16.1846886971767
0.000677429366775206,16.1865334647471
0.000858152592509125,16.1884989495492
0.0010011615941733,16.1906283407846
0.0011209466655756,16.1929893633268
0.00123449466084748,16.1957033783311
0.00136718265762937,16.1990480742014
0.00152788214898069,16.2028004727844
0.00172599477117468,16.2068821191567
0.00194218670362002,16.210891893681
0.0021684833536858,16.2148173855013
0.0024027943012962,16.2187342185298
0.00264410758172981,16.2226949122143
0.00289268070711046,16.2267401967261
0.00314993186064393,16.2309052393476
0.00341824011468475,16.2352229333339
0.00370076579195798,16.239725944117
0.00400136425472787,16.2444483712547
0.00432465398726835,16.2494272041637
0.00467632134936351,16.2547036398139
0.00504735893093597,16.2600880647628
0.00542592352684945,16.2653644872059
0.00581806805885511,16.2705796833445
0.00622510733876804,16.27570643843
0.00665138896823285,16.2807546727935
0.00710125528626533,16.2857291414295
0.00757967885178457,16.2906369911317
0.00809193300742412,16.295482912586
0.00864371495369158,16.3002697109144
0.00924120993307932,16.3049981701354
0.00989121772130804,16.3096675509838
0.0106041316709052,16.3142937677471
0.0114041555141983,16.3189567777843
0.0123063034047448,16.3236494787342
0.0133339437079484,16.3283909713482
0.0145204462019764,16.3332188530016
0.0159225121376105,16.3382234328693
0.0176661067068586,16.3436553046766
0.0200862105664301,16.3502100976378
0.0216867794254728,16.3541635524696
0.0233391153412038,16.3581170073014
0.0247806513797527,16.3616219239853
0.0259954895924027,16.3647952685829
0.0270047504480614,16.3678249856674
0.0277720195470946,16.3707371442411
0.0282729448643896,16.3735536109855
0.0285003776045601,16.3763992045418
0.0284117726394988,16.3794517306415
0.0278453073166665,16.3831753338681
0.027026868315486,16.3862770549975
0.0259487255475525,16.3893787761269
0.0248660415610774,16.392032611704
0.0237923227230992,16.3944360316057
0.0227184180389145,16.396713825443
0.0216444535905303,16.3989231642752
0.0205735524808474,16.4010957603985
0.0195094115576539,16.4032523112101
0.0184556662542037,16.4054077977401
0.017415720106345,16.407573883236
0.0163927004646852,16.4097601874271
0.0153894561148626,16.4119750344504
0.014408565858644,16.4142259341657
0.013452348769237,16.4165199177005
0.0125228786121732,16.4188637771826
0.011621990515235,16.4212642719566
0.0107512914201403,16.4237282968855
0.00991217386990198,16.4262630252546
0.00910581869562876,16.4288760801155
0.00833238921150351,16.4315786600472
0.00757194542246133,16.4344625490187
0.00682837528846461,16.4375481611411
0.00610546749886776,16.4408602548125
0.00540721419757761,16.4444274314618
0.00473777101288006,16.4482828517402
0.00410138090725572,16.4524652054661
0.00350225235425518,16.4570201271663
0.00294437200089909,16.4620025549359
0.00243123034460094,16.4674811837275
0.00196557522617675,16.4735457914414
0.00154935471322582,16.4803173325848
0.00119811160932474,16.487622046464
0.000919461586906326,16.4955428363202
0.000735526300082483,16.5028961753659
0.000576067512207796,16.5114845927481
0.000452421498144701,16.5206794090449
0.00035853358156032,16.5306794090449
0.000295691632985952,16.5406794090449
0.00025512309359143,16.5506794090449
0.000230419614528179,16.5606794090449
0.000217034664175856,16.5706794090449
0.000211871304975997,16.5806794090449
0.000212897190466427,16.5906794090449
0.000218830427614782,16.6006794090449
0.000228918282600017,16.6106794090449
0.000242798340371956,16.6206794090449
0.000260420557726667,16.6306794090449
0.000282012847128189,16.6406794090449
0.000308081769755478,16.6506794090449
0.000339448428804108,16.6606794090449
0.000377327686716464,16.6706794090449
0.000423468975864385,16.6806794090449
0.000476879549439856,16.6901086333429
0.000537558047251071,16.6988392987683
0.000606345965675067,16.7069165695089
0.000684296733539121,16.7143888642143
0.000772633166612978,16.7213015098807
0.000872748426858988,16.7276967667642
0.000986222310807245,16.7336140606707
0.00111484412637081,16.7390901839734
0.00126064045050923,16.7441594606348
0.00142590484540971,16.7488539081222
0.00161323459835283,16.7532033974844
0.00182557135606723,16.757235808006
0.00206625166919134,16.7609771653618
0.00233906502513593,16.7644517779852
0.00264832721343485,16.7676823821527
0.00299897136621547,16.7706902911283
0.00339666258967921,16.7734955453398
0.00384794933074713,16.7761170814337
0.00436046576609654,16.7785729288653
0.00494321182386332,16.7808804436083
0.00560695754463429,16.7830566142361
0.00635052907756408,16.7850828686676
0.00717011339065255,16.7869521611776
0.00807590071249747,16.7886953568446
0.00908292695094175,16.7903429662376
0.0102144001824739,16.7919275332641
0.0115108247301673,16.7934908580445
0.0131232572722562,16.7951677944143
0.0154419008896377,16.7972331706681
0.0171786628744009,16.7986094716852
0.0190313124131932,16.7999857727022
0.0207377600656792,16.8012188009912
0.022256150110729,16.8023301556481
0.023622701659421,16.8033855229267
0.0248416336188195,16.8044272626798
0.0258969360054453,16.805492456326
0.026753561649445,16.806628034135
0.0273415754374524,16.8079199935224
0.0274588831182216,16.8096475666626
0.0269397454848535,16.811235835092
0.0259321354494915,16.8128241035213
0.0247629608816243,16.8142029870808
0.02343432379405,16.8155575421851
0.021949024680031,16.8169558606267
0.0203155778258817,16.818437948612
0.0185382554417593,16.8200444705568
0.0166438882556454,16.8218318511368
0.0147623916231072,16.8237681836162
0.0121948094914691,16.8267659818164
0.0101116277586365,16.8296232743035
0.00848282888817059,16.8322430653991
0.00716297483852915,16.8347186108597
0.00601591851829365,16.8372287327905
0.00502922400814988,16.8397599644346
0.00416218074169706,16.8423828123369
0.00339258000455224,16.8451541861785
0.00272139243702048,16.8480621633194
0.00233988059577057,16.8500015703585
0.00200399864489458,16.8519409773975
0.00172798527757309,16.8537437328451
0.0014878993562296,16.8555075503741
0.00126632535936314,16.8573407780973
0.00104866255867672,16.8593888074768
0.00081040245410709,16.8620074761585
0.000511962679531507,16.8661206123662
0.000313045328560484,16.8697285547676
0.000175228041096719,16.8729795071691
6.27741343125429e-05,16.876537212354
-2.74469609025805e-05,16.8809269471147
-7.0021089980266e-05,16.8862917111979
-4.23122554246101e-05,16.8909943119555
4.59846870455642e-05,16.8952891192756
0.000192496543406186,16.899187331468
0.000397499677787954,16.9027275141634
0.000663364842103971,16.9059559258168
0.000994582258934326,16.9089222405432
0.00139772925415586,16.9116739007154
0.00188287921646071,16.9142611348671
0.00246553111245504,16.9167376818008
0.0031688736868337,16.9191601053029
0.00403162362703146,16.9216004120887
0.00511442736873115,16.9241407922763
0.0064562480047968,16.926772896962
0.00796639856162298,16.9292760073527
0.00951094126378365,16.9314674719565
0.0110640068642617,16.9333730183209
0.0126686621762667,16.9350829994981
0.0144025074463599,16.9366867779031
0.0162966006371432,16.9382027650464
0.0183783488345061,16.9396405743663
0.0206995136027008,16.9410209668346
0.0232848484098973,16.9423425350501
0.0261841540303738,16.9436153480368
0.0294363547939291,16.9448409026987
0.033090318637336,16.9460229052002
0.037201432741658,16.9471648505383
0.0418293539188141,16.9482692369634
0.0470477051513012,16.9493397408801
0.0529426813179807,16.9503799857489
0.0596161192528434,16.9513936156104
0.0671903380085028,16.9523844768815
0.0758168355379264,16.9533570103783
0.0856855848850396,16.9543162901667
0.0970380835667221,16.955268134817
0.11019112110166,16.9562196594591
0.125575401613453,16.957180041219
0.143804854092711,16.9581618988092
0.165272150572606,16.9591606376776
0.190184430779932,16.9601662914532
0.219243318774698,16.9611913557249
0.253425409698131,16.9622543841493
0.294289744142623,16.9633884770594
0.329329235330209,16.96428430846
0.365987605285554,16.9651801398607
0.398600461051171,16.9659695870925
0.427116219872003,16.9666811512543
0.452023775788107,16.9673501663126
0.473352261082864,16.9680014837077
0.490748311211151,16.9686565514416
0.503411168079928,16.9693392017985
0.509755102840618,16.9700838124842
0.506818703416304,16.9709013534961
0.492652009681657,16.9717363663905
0.465958611465444,16.9726040027594
0.425101116960769,16.9735152583886
0.368280903432671,16.9744792638616
0.325944646044441,16.9750870367163
0.279464553208758,16.975694809571
0.237823309840475,16.9762094719555
0.201790046742865,16.9766453721962
0.169931351641543,16.9770322872505
0.141282830967336,16.9773884823528
0.115245185029099,16.9777255073978
0.09139568941653,16.978051926696
0.0693805840179934,16.9783755303486
0.0488198744625028,16.9787056698719
0.0290982891771239,16.9790590193935
0.00811360016716977,16.9794946105581
-0.00135193937404232,16.9797206223917
-0.0098885682438633,16.9799466342254
-0.0163325921303183,16.9801352021027
-0.0222547010716653,16.9803258933072
-0.0281788422897492,16.9805379146772
-0.0338722355743808,16.9807678294488
-0.0391874451770474,16.9810135890303
-0.0440433801781452,16.9812745221945
-0.048398467863479,16.9815508727192
-0.052228991632114,16.981843544789
-0.0555722468916318,16.9821592180587
-0.0583052230263088,16.9824868253136
-0.0605277556012053,16.9828363057112
-0.0622540825617551,16.9832107876597
-0.0634982441789211,16.9836140001068
-0.0642734537539036,16.9840505489035
-0.0645905906145468,16.9845261804408
-0.0644565185901407,16.9850481757692
-0.0638715910284729,16.9856262246424
-0.0628241556170485,16.9862743274915
-0.0612869994096655,16.9870109611385
-0.0592054181235877,16.9878642742107
-0.0564654052105789,16.9888834553056
-0.0527690429919189,16.99018305243
-0.0487320507797499,16.991570222972
-0.0448384101661889,16.9929117293712
-0.0411328541467336,16.9942119438017
-0.0376367940071118,16.9954731313177
-0.0343608116567588,16.9966961510545
-0.0313089781887877,16.997881147189
-0.0284808704151135,16.9990279177141
-0.0258727104316117,17.000136108208
-0.0234781418252931,17.0012053109521
-0.0212888396775157,17.0022351104912
-0.0192950311401703,17.0032250971369
-0.0174859538111751,17.0041748600283
-0.0158502605616801,17.0050839660954
-0.0142790610996613,17.0060110940887
-0.0127686503525097,17.0069621517406
-0.0113231183750024,17.0079390165366
-0.00994631624800406,17.0089439242576
-0.00864187227186428,17.0099795082693
-0.0074131396508371,17.011048899814
-0.00626314183827333,17.0121558608863
-0.00519451488760796,17.0133049645975
-0.00420944623814877,17.0145018460872
-0.00330960865066376,17.0157535618214
-0.0024960867433136,17.0170691221575
-0.00176929124006725,17.0184603145366
-0.00112885137101851,17.0199430440438
-0.00057346563571731,17.0215396676002
-0.000124086648019938,17.0231850182776
0.000232708954644351,17.024884652395
0.000512570744325644,17.02665719844
0.000730021080835618,17.0285264209527
0.000898955719793833,17.0305247656263
0.00103321441975874,17.0326996572646
0.00114755799861839,17.0351273524427
0.00125992731016218,17.0379503223881
0.00139967521906691,17.0415252562911
0.0015630646722042,17.0453129242791
0.00176997190328002,17.0495322172516
0.00198871876165707,17.0535726626333
0.00221395967536681,17.0574951920819
0.00244460926283707,17.061388925499
0.00268047549353659,17.0653117303655
0.00292241477392619,17.0693067742261
0.00317222150839948,17.0734102334922
0.00343246148224648,17.0776552030046
0.00370632594727483,17.0820739267587
0.00399757458458664,17.086699591143
0.00431060533557984,17.0915678277185
0.00465071788419492,17.0967180108011
0.00502111467691748,17.102142815108
0.00539570730072336,17.1074100415094
0.00578543498957244,17.1126418801311
0.00618930912994255,17.117780082594
0.00661205385435665,17.1228409772883
0.00705765161794317,17.1278256637749
0.00753109565208651,17.1327423498765
0.00803760869222234,17.1375959315676
0.00858286923479856,17.1423898146433
0.00917301916526562,17.1471251996149
0.0098147940744267,17.1518016479202
0.010516464035264,17.1564227250981
0.0113036789580465,17.1610824777459
0.0121904895856512,17.165770153911
0.0131994171591484,17.1705037067158
0.0143619918675588,17.1753167274018
0.0157305107251141,17.1802894556957
0.0174158665165462,17.1856375255189
0.0198322027895638,17.1922829107345
0.0214664601602196,17.1963536223297
0.0231646371122193,17.2004243339248
0.024636926639868,17.2039885896536
0.025875155721783,17.2071883794165
0.0269070380627195,17.2102267170981
0.0277040482118924,17.2131567166538
0.0282341834849087,17.2159779552336
0.0284928671135265,17.2188131776517
0.0284431504731073,17.2218296844036
0.0279489171573989,17.2254257388495
0.0271450269279842,17.2286314561818
0.0260562359375239,17.2318371735141
0.0249691927513043,17.2345320774803
0.0238949608834986,17.2369523159216
0.0228211218247605,17.2392386516802
0.0217470465258019,17.2414526065711
0.0206757162849347,17.2436274354661
0.0196108129078395,17.2457845626514
0.0185559882891219,17.2479393683432
0.0175146706952488,17.2501037531262
0.016490013915796,17.2522874824468
0.0154848931498063,17.2544989682342
0.0145019119654917,17.2567457707545
0.0135434137342084,17.2590349415207
0.0126114953803819,17.2613732702549
0.0117080133953777,17.2637674960116
0.0108345966338453,17.2662244706459
0.00999265659154637,17.2687513111867
0.00918339355694019,17.2713555602071
0.00840780845710185,17.2740453354796
0.00764593902743367,17.276910968459
0.00690058103248917,17.2799761815148
0.00617551812944713,17.2832653417576
0.00547472567076989,17.2868066495968
0.00480234736243532,17.2906327880634
0.00416262309073688,17.2947818627079
0.003559772742311,17.2992987568802
0.00299781556385348,17.304237369544
0.00248030372808273,17.3096648064784
0.00201006443649102,17.3156684340573
0.00158911864249845,17.3223657718736
0.00123182366792574,17.3296157926692
0.000944796798687294,17.3374709357098
0.000717897742209098,17.346424246109
0.000574970607578029,17.3543004977975
0.000449016611398224,17.3637543965954
0.00035658123380858,17.3737543965954
0.000294760996193785,17.3837543965954
0.000254966253906142,17.3937543965954
0.000230908365441098,17.4037543965954
0.000218111294502182,17.4137543965954
0.000213523036863806,17.4237543965954
0.000215146444798927,17.4337543965954
0.000221732680079711,17.4437543965954
0.000232563459322868,17.4537543965954
0.000247314982038088,17.4637543965954
0.000265983512025689,17.4737543965954
0.000288855935793687,17.4837543965954
0.00031651760081518,17.4937543965954
0.000349898857439653,17.5037543965954
0.000390370894148153,17.5137543965954
0.000439483399423101,17.5236737930457
0.00049553764072223,17.5328753960151
0.000559178509281037,17.5413874316475
0.000631343542351816,17.5492604544098
0.00071315512569848,17.5565423873124
0.000805904938857059,17.5632778567037
0.000911061321887875,17.5695084405562
0.00103028845182612,17.5752729058968
0.00116547119332745,17.580607406045
0.00131874415891651,17.5855456478929
0.00149252335419739,17.5901190597114
0.00168954538275768,17.5943569554414
0.00191291145143697,17.5982866887467
0.0021661409353716,17.6019337912621
0.00245323594742322,17.6053221154149
0.0027787607872171,17.6084739854757
0.00314794343587149,17.6114103494807
0.00356680391529242,17.6141509382061
0.00404232540125119,17.616714448249
0.00458268752464651,17.6191187561006
0.0051975934924984,17.6213811821747
0.00589875198014883,17.623518848909
0.00667331459808611,17.6254858774566
0.00752787980311154,17.6273085236771
0.00847473226122318,17.6290180205092
0.00953205828394181,17.6306456761593
0.0107294120918885,17.6322275039539
0.0121439036076345,17.633838209615
0.0139885748663996,17.6356466841623
0.015961511048503,17.6373375497663
0.0176868945008912,17.6386863186474
0.0195039806202486,17.6400350875284
0.0211279921629562,17.6412240944755
0.0225812407471053,17.6423168285267
0.0238876592668798,17.6433692538527
0.0250435151042838,17.6444202970119
0.0260268804749398,17.6455086724052
0.0267941173567705,17.6466895983312
0.0272523552412064,17.6480803675614
0.0270307126392574,17.6502009015311
0.0263133520188675,17.651649693624
0.025245515508812,17.6530984857169
0.0240144412776402,17.6544562572852
0.0226233312048006,17.6558273469036
0.021080974104501,17.657259677061
0.0193951498997452,17.6587912781948
0.0182940837391302,17.6597952450564
0.0172216986590371,17.660799211918
0.0155626450986936,17.6624497440757
0.0128806405048999,17.6654441555945
0.0106930415029312,17.668302366918
0.00894296422469209,17.6709810776205
0.00754244518163196,17.6734825247499
0.00634306031136234,17.6759792436923
0.00531478061887035,17.6784822260442
0.00441571680453347,17.6810534555248
0.00360969770794842,17.6837866489085
0.00290551312366509,17.6866487858715
0.00249141373317876,17.6886207308476
0.00212733573962883,17.6905926758237
0.0018319118607541,17.6924036071821
0.00157797883068119,17.6941525712678
0.00134588568841573,17.6959478450541
0.00112070478817474,17.6979185420244
0.000881363520299813,17.7003381415432
0.000561121898068558,17.7043367076618
0.000330889341137143,17.7080864401783
0.000175473351965306,17.7113523072405
4.91414970226878e-05,17.7148198520588
-5.78296295966256e-05,17.7190264763059
-0.000128945805015567,17.7245622356755
-0.000124777104173481,17.7293572041767
-5.91129354622468e-05,17.7337433049983
6.48844966838293e-05,17.7377210963439
0.000247001090267296,17.7413302982957
0.000489213443211821,17.7446171245379
0.000795671959353062,17.747632480762
0.00117264423745739,17.7504254290648
0.00162982361838299,17.7530479584804
0.00218260822530077,17.7555573925162
0.0028550985696959,17.7580168659676
0.00368805297816092,17.7605066652202
0.00475446295420126,17.7631388063639
0.00612456745166273,17.7659507717231
0.00767164706815045,17.7686205271995
0.00920803385827804,17.7708857031056
0.0107222455473864,17.77281684204
0.0122840682323031,17.7745478904172
0.0139727941652948,17.7761723327237
0.0157958735226336,17.7776894821977
0.0178198691243948,17.7791428685963
0.0200646981576956,17.7805300673751
0.0225774120428198,17.7818641690368
0.0253937715520517,17.7831475401839
0.0285540504183296,17.7843830697122
0.0321068560048932,17.7855748762822
0.0361005978946929,17.7867248559864
0.0405969962952467,17.7878368702999
0.0456657399144573,17.7889142405504
0.0513880918558385,17.7899602998419
0.0578588232072098,17.790978315854
0.0651969895546981,17.7919725653894
0.0735455515690416,17.7929472870647
0.0830820065471554,17.7939072264753
0.0940313001374254,17.7948578799573
0.106685356210708,17.7958058392764
0.121435506211375,17.7967594256425
0.13883186170798,17.7977299446313
0.159507861566755,17.7987255159862
0.183470730237425,17.7997247638528
0.211364037967139,17.8007387889935
0.244061498344345,17.801783540085
0.282878839566936,17.8028855055055
0.327306637787159,17.804028076972
0.366750886060585,17.8049839807926
0.399918606049948,17.8057776677033
0.428734765958155,17.806487318882
0.453907363508609,17.8071533652301
0.47549963567559,17.807801278515
0.493174346341512,17.8084526707991
0.506145223041479,17.8091314689233
0.512843089863403,17.8098722589403
0.510291798260533,17.8106869889286
0.4964940001084,17.8115193916667
0.470152369468597,17.8123849276505
0.429611442394569,17.8132948451026
0.373045696459293,17.814258071361
0.330147383531586,17.8148744627447
0.282915992717495,17.8154908541284
0.240661427900162,17.8160110047541
0.20419820277237,17.8164497740528
0.172018764213368,17.8168381733198
0.143114111164251,17.8171950813994
0.116863172031625,17.8175323158586
0.0928321263460393,17.8178585497141
0.0706620352762492,17.8181815784899
0.0499735604963025,17.8185106170058
0.0301675585129972,17.8188617481632
0.00929430356549522,17.8192894029755
-0.000763935065961294,17.8195264811472
-0.00802429273762068,17.8197150374182
-0.0146576432926196,17.8199035936891
-0.0205238427588825,17.8200865803001
-0.0264848884507566,17.8202923103213
-0.0322752821342452,17.8205168383935
-0.0377209077031875,17.8207575978877
-0.04272482821691,17.8210135844151
-0.0472360650596769,17.8212848151532
-0.0512295601222775,17.8215720216726
-0.0549580415690923,17.8219034508649
-0.057815330492156,17.8222261886747
-0.0601557427570546,17.8225698918542
-0.0619961432752997,17.8229378409402
-0.0633506349698214,17.8233336003898
-0.0642327980403713,17.8237615634958
-0.0646542117302551,17.824227198456
-0.0646228246121005,17.8247374089944
-0.0641409300028975,17.8253010917032
-0.063199705270629,17.8259315153542
-0.0617759279705416,17.8266457990163
-0.0598223539782721,17.8274694370731
-0.0572423858693993,17.8284453752283
-0.0538012241389579,17.8296655976138
-0.0497336094007898,17.8310657795294
-0.0457947391400708,17.8324182747343
-0.0420363273925449,17.8337287600353
-0.0384835008971388,17.834999958472
-0.0351489199234023,17.8362329546796
-0.032038024004583,17.8374280000089
-0.0291513937498324,17.8385849380669
-0.0264860260983818,17.8397034285178
-0.0240361677969472,17.8407830627577
-0.0217939526700365,17.8418234191238
-0.0197499388196975,17.8428240823888
-0.0178935803936006,17.843784640821
-0.0162136453258099,17.8447046680821
-0.0146285276939308,17.8456256304338
-0.0131028908558207,17.8465702134476
-0.0116411270546424,17.8475400720437
-0.0102471369140257,17.8485373518459
-0.00892461402614875,17.849564572744
-0.007676991368035,17.8506247235203
-0.00650738752504868,17.8517213848969
-0.00541855001983861,17.8528588955964
-0.00441279534522442,17.8540425817858
-0.00349194468651206,17.8552790829858
-0.00265725324718983,17.856576830485
-0.00190932915346763,17.8579467780972
-0.00124803415746748,17.8594035745654
-0.000672350343583506,17.8609675657746
-0.00019717155674128,17.8626017439824
0.000180743698138746,17.8642851559118
0.000477638680745523,17.8660361647368
0.00070825004731783,17.8678768267396
0.000886564908800977,17.8698368255479
0.00102632510441232,17.8719586776027
0.00114184186445296,17.8743087812411
0.00124971211774393,17.8770053340759
0.00137420026504533,17.8803151280432
0.0015264868645488,17.8840632308876
0.00171458024872698,17.888123985964
0.00192775925359555,17.892238448887
0.00214754745887126,17.8961870385599
0.002372598245019,17.900075704157
0.00260248705824381,17.9039722175374
0.00283778414096922,17.9079243013536
0.00308000740611939,17.9119702678861
0.00333146440629174,17.9161440243368
0.00359510106889732,17.9204778418641
0.00387441001038101,17.9250042353926
0.00417344725692797,17.9297575610594
0.00449700885886639,17.9347754141268
0.00485105099405553,17.9400999153215
0.00522001955199142,17.9454428305552
0.00559963997974064,17.9507028757911
0.00599341914112152,17.9558891757613
0.00640386201787332,17.9609906293087
0.00683515744424245,17.9660139747255
0.00729188134078274,17.9709655285978
0.00777909087896821,17.9758517111768
0.00830220510288154,17.98067681965
0.00886708359738062,17.9854430973434
0.00948011334095256,17.9901508622515
0.0101483387748788,17.9947990518984
0.0108884904194551,17.9994389319087
0.0117203977957526,18.0041108086222
0.0126619188589664,18.0088179146801
0.0137390682848657,18.0135834582663
0.0149911322901169,18.018458178446
0.0164900026607329,18.0235673989907
0.0184216040223744,18.0293012199569
0.0208449709840401,18.0356141318562
0.0223764764355787,18.0393256891218
0.0239273974605681,18.0430372463874
0.0252750164231665,18.0463826548274
0.0264105008788921,18.0494827023741
0.0273396543714447,18.0524950638118
0.0280032256445492,18.0553570028441
0.0284002159763927,18.0581685250838
0.0285131488924754,18.0610669427153
0.0282731315457736,18.0642862775988
0.0273578944722468,18.0686899223447
0.0264815662476541,18.0714653584022
0.0254230614880482,18.0742407944598
0.0243497760884187,18.076742465804
0.0232765229596199,18.0790744153122
0.0222022614189646,18.0813137931505
0.0211292975870188,18.0835020407729
0.0200611825847907,18.0856645115194
0.0190016213465752,18.0878187098055
0.0179541466158334,18.0899777960133
0.0169220301360961,18.0921523197321
0.0159082637302785,18.0943511941098
0.014915563456095,18.0965822950149
0.0139463818224588,18.0988528560244
0.0130029167661213,18.101169759526
0.0120871245620823,18.103539751546
0.0112007305797282,18.1059696206452
0.0103452336456044,18.1084663728848
0.00952192383736572,18.111037360764
0.00873188386887486,18.1136904600033
0.00796427308561379,18.11647859534
0.00721151805148751,18.1194575838787
0.00647745254941273,18.1226498951446
0.00576597074559781,18.1260820684372
0.00508114994188181,18.1297848345393
0.00442720142832994,18.1337939091997
0.00380837173745426,18.1381511542697
0.00322878830018404,18.1429063958885
0.00269224574319318,18.1481204894659
0.00220189331102868,18.153871389335
0.00176008113176258,18.1602628180542
0.00137549935792762,18.1672889584106
0.00112312070529693,18.1730659787275
0.000930509553235496,18.1788429990444
0.000724996336873914,18.1870998941906
0.000569956427418733,18.1956638118779
0.000447041062014959,18.2050763876448
0.000356744782422744,18.2150763876448
0.000296753816978296,18.2250763876448
0.000258506883963972,18.2350763876448
0.000235774367108807,18.2450763876448
0.000224170103187834,18.2550763876448
0.00022073316091982,18.2650763876448
0.000223544108807726,18.2750763876448
0.000231420068488742,18.2850763876448
0.000243705324561362,18.2950763876448
0.00026014438650561,18.3050763876448
0.000280816302924837,18.3150763876448
0.000306114991592638,18.3250763876448
0.000336770352345618,18.3350763876448
0.000373914922191187,18.3450763876448
0.000419211874171226,18.3550763876448
0.000472272746223613,18.3646120105456
0.000532655907926148,18.3734425547679
0.000601158268075439,18.3816099774377
0.000678816874317152,18.3891636381077
0.000766846257797132,18.3961498168325
0.000866634486609548,18.4026116048924
0.000979757384093553,18.4085891567368
0.00110800062453709,18.414119910804
0.00125338726709076,18.4192387682718
0.00141820759100631,18.423978263316
0.0016050555353973,18.4283687313366
0.00181686962233861,18.4324384717816
0.00205698360869736,18.4362138935666
0.00232918439974615,18.4397196548387
0.00263778602395196,18.442978811975
0.00298772061623567,18.4460129741575
0.00338465397099298,18.448842457622
0.00383513771053201,18.451486458419
0.00434681300080426,18.4539632546248
0.00492869345280402,18.4562904468015
0.00559157388398887,18.4584852728193
0.00633445143819132,18.4605294011552
0.00715357920143269,18.4624156818022
0.0080593304394553,18.4641754669269
0.00906707893794216,18.4658398863686
0.0102007310038711,18.4674424375284
0.0115025060774371,18.4690268288911
0.0131293817471353,18.4707341796703
0.0155211169022548,18.4728814243189
0.017232046150357,18.4742504398073
0.0190483527928333,18.4756194552958
0.0207113246088369,18.476844605461
0.0221946652095553,18.4779567489962
0.0235290689777935,18.479017779502
0.0247158121717757,18.4800688818524
0.0257369937573687,18.4811476334062
0.0265551356907632,18.4823033779268
0.0270943547940766,18.4836304889678
0.0271155158764596,18.4854673657975
0.0265408389298751,18.4870026365841
0.0255333638504103,18.4885379073706
0.0243586885062632,18.4899128925064
0.0230239679499616,18.491274873189
0.0215358147145498,18.4926837132308
0.0199031403179574,18.4941783173102
0.0181299208841888,18.4957997135128
0.0163379995328784,18.4975176037515
0.0136969014673745,18.5003415781319
0.0113847764777084,18.5032112590429
0.00950326255770381,18.505944142949
0.0079986689258993,18.5084974034219
0.00674192927700518,18.5109829444508
0.00564660691886635,18.5135149970559
0.00468849592773465,18.5161208577951
0.00385029997438285,18.5188235124285
0.00311816050635613,18.521646447375
0.00268298967033504,18.5236093950458
0.00230026290740613,18.5255723427166
0.00198615360958664,18.5273965741136
0.00171313623304793,18.5291818657516
0.00146147008503191,18.5310370455981
0.00121477971748922,18.533106952465
0.000946166760665578,18.5357404653224
0.000621637572908299,18.5397049326226
0.000396798719354315,18.543277200133
0.00023808227557882,18.5465220886631
0.000106953888896166,18.5500527478351
-2.38318204141941e-06,18.5543672159889
-6.79215613540656e-05,18.559795696554
-5.75494828283987e-05,18.5645320868605
1.56451240202767e-05,18.5688628725986
0.000148268724947929,18.5727943618988
0.000340035815851369,18.5763669996458
0.000592932535331949,18.5796265265618
0.00091128715018258,18.582623723821
0.00130178589015928,18.5854080258173
0.00177472609853257,18.5880312140459
0.00234637586122832,18.5905503803664
0.00304227124940453,18.5930292173436
0.00390476213990028,18.5955469702741
0.00500199255295869,18.5981980189398
0.00637173806542185,18.600958988539
0.00787296935841983,18.6035143248468
0.00937464940274763,18.6057049600841
0.0108821462559128,18.6076085334127
0.0124431687815487,18.6093205566641
0.0141377310680551,18.6109326811438
0.015976558583521,18.612445358887
0.0180169439835959,18.6138929638293
0.0202886528606263,18.6152794270361
0.0228269682843951,18.6166100270967
0.0256748303415323,18.6178911534704
0.0288683952339041,18.6191236693243
0.0324589786030193,18.6203127403075
0.0364981116168623,18.621460950886
0.0410440976298388,18.6225709229793
0.0461699352525641,18.6236466404469
0.0519585557606642,18.6246914904326
0.0585083690177248,18.6257090218381
0.0659382628798298,18.6267031080409
0.0743961867731637,18.6276782879862
0.0840648846347889,18.6286394368486
0.0951768614544132,18.6295922352648
0.108035863664193,18.6305435842629
0.1230514331937,18.6315022415558
0.140805952319861,18.6324803213811
0.161805799990549,18.6334792214793
0.186161740438277,18.6344835724051
0.214546298849348,18.6355052916617
0.247885315063088,18.6365617980392
0.287616715267451,18.6376830992294
0.332303870870626,18.6388311525908
0.370236769889365,18.6397567683852
0.40235734357888,18.640536665679
0.430361694262119,18.6412414590817
0.45478295252084,18.6419073178004
0.47559991440148,18.6425583578812
0.49240748220485,18.6432159986393
0.504329206525377,18.6439048414798
0.509622587164046,18.6446616504082
0.505270142757119,18.6454808184293
0.489547911957321,18.6463195324178
0.461109108073031,18.6471924280541
0.418288317081368,18.6481099902175
0.359273882018113,18.6490817740774
0.317717458431254,18.6496663319314
0.272505715576309,18.6502508897855
0.231943428506897,18.6507499287218
0.196660826018778,18.6511766930588
0.165358808454554,18.6515580282919
0.137154366196114,18.651910728301
0.111486130626521,18.6522456933254
0.0879483221546961,18.652571240745
0.0661905181815007,18.6528952179594
0.0458170691871683,18.6532275388473
0.0261317104086258,18.6535872719162
0.00425107650182576,18.6540555450451
-0.00370144750741565,18.6542521058309
-0.0109604501294804,18.6544486666168
-0.0172039428037149,18.6546342037678
-0.0231438321738816,18.6548285805055
-0.0290437437599855,18.6550436918836
-0.0346838445001927,18.6552762613029
-0.0399295385799204,18.6555244971448
-0.044707405530252,18.6557878963925
-0.0489804446608874,18.6560668190873
-0.0527402875802309,18.6563635470684
-0.0559200818927056,18.6566742171111
-0.0585804344942663,18.6570046700426
-0.0607331299953528,18.6573574810623
-0.062391646904471,18.6577357660727
-0.0635699880130769,18.658143361446
-0.0642811318842855,18.6585850117947
-0.06453550922318,18.6590666469854
-0.0643392789463256,18.6595957997668
-0.063691432332384,18.660182722507
-0.0625785257279212,18.6608418558714
-0.0609705367772105,18.6615926658349
-0.0588073322653764,18.6624652298847
-0.0559614707995251,18.6635135320104
-0.0520801272126103,18.66487166125
-0.048061951865041,18.6662512203016
-0.0441965520589917,18.6675859841151
-0.0405236288205638,18.6688799332826
-0.037062434127352,18.6701350504765
-0.0338223252460444,18.6713520503561
-0.03080656011361,18.6725310061237
-0.0280141196316311,18.6736716834339
-0.0254407689214494,18.6747737155698
-0.0230797992600754,18.6758366922377
-0.0209226209106233,18.6768601990796
-0.0189592729095497,18.6778438274124
-0.0171788726773191,18.6787871647738
-0.0155609366842357,18.6796950181586
-0.0139994397704809,18.6806258718335
-0.012499465505782,18.6815808997722
-0.011065008085061,18.6825620673711
-0.00969988750002923,18.6835716677394
-0.00840769247277448,18.6846124060467
-0.00719172828001262,18.6856875039637
-0.00605496168038771,18.6868008389506
-0.00499996280559657,18.6879571340128
-0.00402884336355245,18.6891622228119
-0.003143189722823,18.6904234312274
-0.00234398807250447,18.6917501463895
-0.00163153626010693,18.6931547028816
-0.00100533170813451,18.6946538396953
-0.000464958680347282,18.6962677401307
-3.2362862256522e-05,18.697920473217
0.000310345986651907,18.6996305296169
0.000578510903835101,18.7014168982621
0.000786518534874567,18.7033044788043
0.000948203449043028,18.7053275900271
0.00107746048795994,18.7075370580334
0.0011893348972552,18.7100162072672
0.00130269441028069,18.7129260057726
0.00144977701324012,18.7166716615848
0.00161776087151332,18.7204984438215
0.00182412009218204,18.7246455679444
0.00204085866189074,18.7286178284774
0.00226570448780952,18.732521728231
0.00249720525469577,18.7364282426063
0.00273500898325485,18.7403866574387
0.00297993423608357,18.7444360964612
0.00323380851486265,18.7486108968509
0.00349928087911419,18.7529435966029
0.00377967300594151,18.7574668070979
0.00407894033258113,18.762214862152
0.00440179204438201,18.7672252266521
0.00475405815665108,18.772539814698
0.00512264640408744,18.777906593214
0.00550043575727443,18.783180359839
0.00589188720603844,18.7883844601912
0.00629904605671141,18.7935016870608
0.00672616464635431,18.7985403793531
0.00717768525070451,18.8035061894879
0.00765859927223523,18.8084060060806
0.00817421757513465,18.8132443451807
0.0087302790684356,18.8180237505956
0.00933302671789181,18.8227447882062
0.00998933587305961,18.8274065630288
0.0107118637988841,18.8320379417735
0.0115232185845871,18.8367042312439
0.0124394322992586,18.8414021271574
0.0134847805356594,18.8461520613459
0.0146946408833194,18.8509960695796
0.0161307004801175,18.8560359424404
0.0179372147566284,18.8615648314383
0.0203590441915879,18.8680295662999
0.0219314197401814,18.8718842442023
0.0235437173195554,18.8757389221047
0.0249518645232732,18.8791838674429
0.0261396251101236,18.8823296435811
0.0271221178436552,18.885351366545
0.0278546047669997,18.8882446437125
0.0283210551277687,18.8910573429841
0.028511119877003,18.8939174848508
0.0283748132191157,18.897017781987
0.0277103452409589,18.9009261007624
0.0268737062421706,18.9039118862839
0.0258050607716251,18.9068976718054
0.0247264806308093,18.9095016645801
0.0236530920700909,18.9118831191668
0.0225790202205064,18.9141493702365
0.021505209274145,18.9163523493219
0.0204349410306352,18.9185217845033
0.0193719240401137,18.9206774086744
0.0183197679372113,18.9228336625012
0.017281840490477,18.9250018823789
0.0162612317081566,18.9271914822054
0.0152607534607649,18.9294106566629
0.0142829496192847,18.9316668359218
0.0133301055823222,18.933967008887
0.0124042622592309,18.9363179557546
0.0115072245774721,18.9387264447638
0.0106405691412628,18.9411994051037
0.00980566030217943,18.9437440629745
0.00900365141052023,18.9463681177029
0.00823172308185426,18.9490937628207
0.00747328644499593,18.9520032865154
0.00673221596864655,18.9551176498683
0.00601232985567511,18.9584620893385
0.00531764444501981,18.9620657793161
0.00465233242074139,18.9659625663804
0.00402064094128636,18.9701919862485
0.00342676150022567,18.9748007761255
0.00287463406051036,18.9798454170037
0.00236766186061895,18.9853969928939
0.00190848447362973,18.9915489184473
0.00150023313316411,18.9984031672156
0.00115735860731411,19.0057837581961
0.000912646583099681,19.0130233267426
0.000730361129937544,19.0204336412314
0.000568988801397833,19.0292885788571
0.000447774880328017,19.0385514270696
0.000356876572832446,19.0485514270696
0.000296387583256311,19.0585514270696
0.0002577054248894,19.0685514270696
0.000234564876327081,19.0785514270696
0.000222549977928505,19.0885514270696
0.000218674559193106,19.0985514270696
0.000220996145297278,19.1085514270696
0.000228308328282184,19.1185514270696
0.000239928730422729,19.1285514270696
0.000255569251111538,19.1385514270696
0.000275266910048748,19.1485514270696
0.000299359359941237,19.1585514270696
0.000328498831750261,19.1685514270696
0.000363707639161874,19.1785514270696
0.000406488178864722,19.1885514270696
0.000457461064470734,19.1982771828737
0.000515524714536744,19.2072928195897
0.000581391075792966,19.2156332508224
0.000656039296825866,19.2233481715043
0.000740628714893209,19.2304844624194
0.000836488716682912,19.2370858000414
0.000945129540225222,19.2431929003823
0.00106826269682017,19.2488437426191
0.00120782700741986,19.2540737516148
0.00136601778648466,19.2589159621359
0.00154532049843085,19.2634011837387
0.00174855039903066,19.2675581621106
0.00197889944710118,19.2714137267795
0.0022399909308989,19.2749929267084
0.00253594809189134,19.2783191741004
0.00287147743360026,19.2814143956479
0.00325197549810695,19.2842991827601
0.00368366595792026,19.2869929539545
0.00417378209395239,19.2895141436201
0.00473081792708982,19.2918804231255
0.00536488385231548,19.2941089802784
0.00608385251859544,19.2962052469545
0.00687623843808278,19.2981332140779
0.00775095607734571,19.299924100287
0.00872134329508686,19.3016088690233
0.00980741416086406,19.3032192006213
0.0110425836866672,19.3047930829398
0.0125300985971113,19.3064273979664
0.0145301990377742,19.3083164797215
0.0163421578473919,19.3098259924746
0.0183128128279378,19.3113355052276
0.0201061196497208,19.3126497294481
0.0216748318277382,19.3137985513844
0.0230826994686005,19.3148714845425
0.0243446158030736,19.3159177803343
0.0254505558081906,19.3169747228895
0.0263725616358795,19.318084092041
0.0270561545912471,19.3193130316298
0.0273716714222045,19.3208317083675
0.0270405792319187,19.3225671105124
0.0260844407832044,19.3243025126572
0.0249517657843991,19.3257211870019
0.0236671045062125,19.3270768887912
0.0222258263574964,19.3284622055977
0.0206358239457065,19.3299208565514
0.0189031008336074,19.3314918463724
0.018238648040124,19.3320987578395
0.0175862458059856,19.3327056693065
0.0150755851020153,19.3352160485
0.0124806146691447,19.3381941714283
0.0103739970867577,19.3410267274616
0.00869660032582228,19.3436684725197
0.0073484084460706,19.3461443583868
0.00617905366160446,19.3486480487478
0.00515730878726965,19.3512138118491
0.00426352842263595,19.3538651408507
0.00348236548424547,19.3566250246535
0.00294888556281288,19.3588431507898
0.00248756871593546,19.3610612769262
0.0021355043529602,19.3630026736634
0.00184561177439943,19.3648118712939
0.00158885753605222,19.3666177183061
0.00134798592827436,19.3685344037446
0.00110591859415628,19.3707442084572
0.000822753109569944,19.3738304917396
0.000526589566173891,19.3779611593194
0.00033711791747461,19.3814475463514
0.00019847026880406,19.3847885730938
8.44155611435324e-05,19.3885911792368
-1.44709700021237e-06,19.393444802277
-2.24097151386165e-05,19.3985330837526
2.42156841315346e-05,19.403086235471
0.000131669735991885,19.4072328443423
0.000298217889632602,19.4110013419034
0.000524577048048383,19.4144308854808
0.000813732987972342,19.4175694699692
0.00117090445257799,19.420466311805
0.00160384510381703,19.423169554879
0.00212454781117392,19.4257307948134
0.00275149676478349,19.4282057608976
0.00351312306762983,19.4306558548918
0.00445643129787784,19.4331586155249
0.0056346645667014,19.4357605500271
0.00703369117766496,19.4383564040612
0.0085353409532652,19.4407256156472
0.010052711628161,19.442785355591
0.0116019478222648,19.4446079934219
0.0132383766879736,19.4462792169615
0.0150083515178355,19.4478455459461
0.0169626415846472,19.4493397601038
0.01911232673597,19.4507561256642
0.0215135410673067,19.4521171862354
0.024197769483184,19.4534241579611
0.0272066576248178,19.4546818051114
0.0305868256647079,19.4558943632909
0.0343834114345213,19.4570634463818
0.0386568508902168,19.4581935387437
0.0434721717633672,19.4592876978131
0.0489036080074577,19.4603488279113
0.0550433800727774,19.4613808692644
0.0620006779485704,19.4623876920199
0.069907667579401,19.4633734079943
0.0789276937368961,19.4643426093326
0.0892650346693794,19.4653004398724
0.101186166017793,19.4662533162767
0.115043621016919,19.4672090669821
0.131325258809583,19.4681780481482
0.150746281204941,19.4691750854116
0.173330482795813,19.4701776359856
0.19958598712865,19.4711915558594
0.230301538293758,19.4722313866901
0.26662045522169,19.4733199253645
0.309029204324326,19.4744633159367
0.350489418038523,19.475502457581
0.385080747951019,19.4763461693086
0.41494092018931,19.4770858487474
0.441061351674495,19.4777707100715
0.463645539793867,19.4784290632555
0.482477643864663,19.4790828260657
0.496946477305134,19.4797540700607
0.505839881740221,19.480471393111
0.506646267778174,19.4812836778508
0.496665611675151,19.4821120368909
0.474720803224765,19.4829672994887
0.439296736589373,19.4838618573993
0.38866016018186,19.4848048276246
0.344799000245853,19.4854772085584
0.295365126560042,19.4861495894923
0.251167760337254,19.4867072779022
0.213423911392673,19.4871679309762
0.180340154277442,19.4875699560393
0.150732969085266,19.4879358495279
0.123905182672291,19.4882789929026
0.0993912256354454,19.4886086959478
0.0768260940101138,19.4889327882878
0.0558554190421349,19.4892596957331
0.0359950634328929,19.4896022327577
0.0160621860599865,19.4899935808491
0.00758543118237969,19.4901803705118
-0.000237370198588824,19.4903671601744
-0.0085811307488865,19.4905855581722
-0.0151917924917264,19.4907763656799
-0.0210627671124123,19.4909625584563
-0.0269962411595974,19.4911710618573
-0.0327395144405231,19.4913981230918
-0.038127650467584,19.4916413313415
-0.0430691882981423,19.4918997846567
-0.0475164027519085,19.4921735720381
-0.0514433848004375,19.4924634813225
-0.0549582851109102,19.4927834566286
-0.0577750687090161,19.4931081845062
-0.0600789629663156,19.4934542514974
-0.061884845770125,19.4938247765235
-0.0632067083348846,19.4942233592609
-0.0640579677109763,19.4946544388386
-0.0644499783434428,19.4951235409308
-0.0643904028890503,19.4956376435697
-0.0638811479515864,19.4962057680812
-0.0629127393915846,19.4968413914523
-0.0614613063775366,19.4975618247299
-0.0594784958605885,19.498392994424
-0.0568653177532926,19.4993788052472
-0.0533788169639006,19.5006144198525
-0.0493285730766164,19.5020102745655
-0.0454112163694867,19.5033587622243
-0.0416766958971199,19.504665210458
-0.0381490191781757,19.5059322781119
-0.0348401680417572,19.5071610279681
-0.0317550946161767,19.508351709507
-0.0288939946819302,19.509504173859
-0.0262535524188636,19.5106180919636
-0.0238277623085423,19.5116930670747
-0.0216085619279042,19.512728688032
-0.0195863655866209,19.5137245474545
-0.0177505325091128,19.5146802378334
-0.0160897800270189,19.5155953326229
-0.014509920712407,19.5165191351025
-0.0129901102698501,19.51746669525
-0.0115346014119504,19.5184397700073
-0.010147271495873,19.5194405460552
-0.00883178306566536,19.5204715947957
-0.00759153081399343,19.5215359695066
-0.00642958729441472,19.5226373327879
-0.00534864564566646,19.5237801290067
-0.00435095883959644,19.5249698232949
-0.00343827427748306,19.5262132422724
-0.00261176137601929,19.5275190764003
-0.00187192763677948,19.5288986514292
-0.00121851444659994,19.5303671744311
-0.000650354640948555,19.5319458803601
-0.000185240703403761,19.5335850548558
0.000184804888616439,19.535275747993
0.000475763873278878,19.5370364199814
0.000702295408919634,19.538889883184
0.000878371676986058,19.5408670353888
0.00101781665730931,19.5430125344394
0.00113520151787437,19.5453970296329
0.00124781606193992,19.5481489706247
0.00138227685833096,19.5515713324607
0.00154326708647184,19.5553342714543
0.00174381911387522,19.5594622628907
0.00196020611597472,19.5634787515478
0.00218552024667993,19.5674005677172
0.00241797381742744,19.571307389967
0.00265681971229175,19.5752533086478
0.00290251420174042,19.5792797602702
0.00315659990181427,19.5834221861638
0.00342151420940561,19.5877135020543
0.00370041978801065,19.592186193337
0.00399712751316396,19.5968740187072
0.00431616431822409,19.6018134874113
0.00466306104903602,19.6070451567618
0.0050333743609999,19.6124470888488
0.00540993868973981,19.6177224546723
0.00580059248882083,19.6229455979417
0.00620581691824179,19.6280781082421
0.00663009610829024,19.6331323164162
0.00707764294427597,19.6381117867179
0.00755342819385484,19.643024086537
0.00806269560222012,19.6478740192547
0.00861112087859789,19.6526646278146
0.00920485663226824,19.657396861535
0.00985066040507061,19.6620700985559
0.0105577912417978,19.6666937087856
0.0113512251777914,19.6713550932534
0.0122454653103003,19.6760452225433
0.0132634321417181,19.6807825859216
0.0144375211494782,19.6856026587925
0.0158220855635244,19.6905903822445
0.0175349377797593,19.6959774401803
0.0199532380266865,19.7025790454122
0.0215710049474989,19.7065920971256
0.0232467840773076,19.7106051488391
0.0247043702670902,19.7141406610353
0.0259315682959388,19.7173277054076
0.0269528460836461,19.7203617913865
0.0277359074123446,19.7232832382857
0.0282523779709803,19.7261020720717
0.0284964852446354,19.7289419359605
0.0284287355993719,19.7319748223136
0.0279017436559995,19.735627767488
0.027091119065003,19.7387841503285
0.0260075987136861,19.741940533169
0.0249226839688277,19.7446163701273
0.0238487061758412,19.7470289610713
0.0227748332886974,19.7493114594492
0.0217007960264384,19.7515233640346
0.0206296424414667,19.75369722489
0.0195650616608002,19.7558541372355
0.0185106982243962,19.7580093019839
0.0174699692239536,19.7601745141054
0.0164460164173341,19.7623594753271
0.0154417029471109,19.7645725604758
0.0144596210920472,19.7668213100162
0.0135021030630178,19.7691127699953
0.0125712352861401,19.7714537353523
0.0116688644815864,19.7738509595566
0.0107966094587797,19.7763113203869
0.00995587323187947,19.7788419676036
0.00914784726353195,19.7814504895723
0.0083735249996144,19.7841450593295
0.00761228885536214,19.7870189431961
0.00686773035477836,19.7900933590737
0.00614363091649827,19.7933928669281
0.0054439732849087,19.7969458492626
0.00477290636850612,19.8007852063461
0.00413467131611631,19.8049493096606
0.00353348287039364,19.8094833838701
0.00297334569165498,19.8144417987779
0.00245778431231694,19.8198923776825
0.00198959005258646,19.8259235761002
0.0015707502336003,19.8326544739755
0.00121617527843074,19.8399290903174
0.00093338233768129,19.8478137238828
0.00073468758257533,19.8556680202937
0.000579928789463812,19.8639978292619
0.000454334704039371,19.873287532597
0.000360172248354753,19.883287532597
0.000297166295624529,19.893287532597
0.000256527497060144,19.903287532597
0.000231835262952141,19.913287532597
0.00021853145267691,19.923287532597
0.000213510572116514,19.933287532597
0.000214736581841451,19.943287532597
0.000220929046593643,19.953287532597
0.000231341569245013,19.963287532597
0.000245622990336414,19.973287532597
0.000263740193991153,19.983287532597
0.000282158527587997,19.9916437662985
0.000303635489313368,20
