ecg,time
0,0
0.000363279047659241,0.000466726865624193
0.00124128050946135,0.00172567813305484
0.00202792231277835,0.00306407622077079
0.00270701026019199,0.00445439348293106
0.00327921047393917,0.00587663931663663
0.00376136765799641,0.00733685477587911
0.00417055948024196,0.00884217888430694
0.00452446944311268,0.0104015715079936
0.00484165175814476,0.0120257176634767
0.00514207758245166,0.0137267659748618
0.00544788967722161,0.0155174574160775
0.00578415406232561,0.0174087507350612
0.00603419218856034,0.0187043753675306
0.00630809636669197,0.02
0.00681559038954557,0.0220881973979779
0.00744199770871226,0.0242255136314744
0.00818863176472469,0.0263237244943444
0.00904664040575722,0.0283192308502624
0.0100036018156429,0.0301797330258582
0.0110503708860344,0.031899960789927
0.012219815597309,0.0335371354771655
0.0135259803272347,0.0351010437312777
0.0149817174205307,0.0365958592935025
0.0166022985007998,0.0380258590097891
0.0178747089977791,0.0390129295048946
0.0192933083551145,0.04
0.0213800743527171,0.0412764350763906
0.0237212506337967,0.042512011504418
0.0263284725846365,0.0436989306818868
0.0292326310141659,0.0448396735118613
0.0324694091354438,0.0459369010095645
0.0360793373612771,0.0469931584571764
0.040108518427081,0.0480108922975354
0.0446095208133085,0.0489924711450653
0.0499855968567475,0.05
0.0556728324567024,0.0509160248679304
0.0620353888775248,0.0518009894364297
0.0691758401702471,0.0526588724690807
0.0772016059336211,0.0534918996548873
0.0862371253439583,0.0543022283542819
0.0964274435546029,0.0550920007992102
0.107942106280224,0.0558633461035152
0.120979800653773,0.05661838054431
0.135774004444334,0.0573592133893888
0.152600267956683,0.0580879738010572
0.171786802534792,0.0588068952798146
0.18996551870891,0.0594034476399073
0.210486363615557,0.06
0.238251822504943,0.0607068254729221
0.270731800838393,0.0614229897320788
0.309653903969272,0.0621659925642699
0.354657890023073,0.0629131747468246
0.407228505686303,0.0636824879234773
0.449869263496523,0.0642537790558967
0.494521199740798,0.0648250701883162
0.534485425139861,0.0653322732788246
0.569924011009361,0.0657973137201725
0.601705052182117,0.0662479972214702
0.629948489065734,0.0667056801111989
0.654245266291819,0.0671952300089761
0.673440361573188,0.0677629755307557
0.682828079204888,0.068398374142828
0.679508259231772,0.0690683936563335
0.670045847506753,0.0695341968281668
0.65543945375157,0.07
0.62760849792006,0.0706490068466929
0.589594128648442,0.0713412837612338
0.537647239854321,0.0721218121760697
0.465724041788238,0.0730344222389163
0.403442304791118,0.0737297221046934
0.350223802643749,0.0742794070094249
0.294425130997393,0.0748290919141564
0.247047771979035,0.0752866388306829
0.207080445489706,0.0756749921079921
0.172213914492081,0.0760226432520767
0.141120466472753,0.0763460770424192
0.113002195631244,0.0766559226111319
0.087281460757269,0.0769608401029708
0.0634168915514137,0.0772704165930004
0.0406302683886346,0.0776008938485046
0.0164444726758119,0.0780083884329859
0.00553594545827533,0.0782204431135674
-0.00220596033110402,0.0783857621554106
-0.00930812577547553,0.0785510811972539
-0.0155344834195451,0.0787093274561854
-0.021931149926076,0.0788880894979517
-0.0282543834159492,0.0790853224541851
-0.0342817931549798,0.0792982427306526
-0.03988329254496,0.0795255578978602
-0.0449869654619496,0.0797670082019697
-0.0495564555252536,0.0800230554986404
-0.0535774371492331,0.0802947208858901
-0.0570493603759652,0.0805835157865855
-0.059980212431511,0.0808914353435958
-0.0623830180514032,0.0812210001956119
-0.0642733398746316,0.0815753441254005
-0.0656673276233851,0.0819583543908116
-0.0665800097684203,0.0823748820586585
-0.0670235763029815,0.0828310555103977
-0.0670053781866562,0.0833347592575962
-0.0665251793365941,0.083896446637745
-0.0655684894462072,0.0845317973656578
-0.0641003640336121,0.0852622883420128
-0.0618993105038562,0.0861748797591161
-0.0590656514793276,0.0872245089961869
-0.0550831713265184,0.0886122544980935
-0.0509968721082112,0.09
-0.0469542465172427,0.0913745234203704
-0.0430795854071469,0.0927128231548113
-0.0393999439910406,0.0940156754837495
-0.0359300928892395,0.0952831964450766
-0.0326781233471714,0.0965149968550827
-0.0296474142843333,0.0977104639279285
-0.0268700281919329,0.0988552319639643
-0.024222273006973,0.1
-0.0218415831935828,0.101083169775776
-0.0196672633555912,0.102126385683345
-0.0176876870684511,0.103130151765845
-0.0158923402998401,0.104094039054136
-0.0142701159729902,0.105017579075578
-0.0127529134922327,0.105935636228732
-0.0112954169674957,0.106877235656971
-0.00990215651919143,0.107843939697114
-0.00857710775924978,0.108837853018715
-0.00785197374613233,0.109418926509358
-0.00716282853696813,0.11
-0.00599299515219879,0.1110633701394
-0.00490529605629471,0.112160888198175
-0.00389973036255069,0.113299425584753
-0.00297881212269304,0.114484325587491
-0.00214459563602352,0.115722270836647
-0.0013986368971796,0.117021753441155
-0.000741939246447667,0.118393815645618
-0.000414185334329733,0.119196907822809
-0.000124658915591872,0.12
0.00034351799936914,0.12157604687659
0.000709071233111014,0.12321500049678
0.000980032603640031,0.124905488597793
0.0011716862217437,0.126666043562947
0.00129794058713419,0.128519486378683
0.00137187586232877,0.130496739501481
0.00140494204969768,0.132506549208891
0.00141344212705931,0.13439866913699
0.0014119268263303,0.136177592187297
0.00140854572202589,0.137852700293064
0.00140742620380867,0.138926350146532
0.00140816436769081,0.14
0.00141325189982458,0.141453978437317
0.00142346905115893,0.142847774171258
0.00143873785886339,0.144179062966015
0.00145882615126669,0.14545809098771
0.00148353288711695,0.146697041950319
0.00151285166148288,0.147911304437362
0.00154214541778818,0.148955652218681
0.00157522950199686,0.15
0.00162296312609593,0.151332246503876
0.00169191325268327,0.153008492397379
0.00174035466542318,0.154060932358444
0.00179287065621706,0.155113372319509
0.00184386930280137,0.156063272492469
0.0018951401548036,0.156958054499064
0.00194976208711268,0.157854310007338
0.00201143465763631,0.158804922647453
0.00209474992285771,0.16
0.00220833689814675,0.16148938776262
0.00238934483243156,0.163591033053135
0.00257605840635449,0.165478768660352
0.00278185953822097,0.167298101755947
0.00295411937178423,0.168649050877973
0.00314581297594382,0.17
0.003497508476263,0.172142167358803
0.00389958323780476,0.174180616518054
0.00435635890826501,0.176107156485556
0.00487820141350407,0.17794052416645
0.00547438424971038,0.179687977304259
0.00615108345223116,0.181345576608423
0.00691477520616654,0.182911720823039
0.00774989832436359,0.184351568949152
0.00865511619027686,0.185672889974571
0.00963896050717833,0.186897233301478
0.0107118107783199,0.188042689350964
0.0117664742662015,0.189021344675482
0.0129689317485844,0.19
0.0144990271444873,0.191084124165985
0.0163254149487147,0.19220261917853
0.0186221604500995,0.193415835354314
0.0220352853083882,0.194956917402177
0.0244752882547472,0.195938066027858
0.0270670348016088,0.196919214653539
0.029452652203313,0.19780068917117
0.031610301065215,0.198609543237645
0.0335850600697507,0.199390437471936
0.0353825045042431,0.200175073393183
0.0369836676872049,0.200995707390318
0.0383447817617931,0.201900551925534
0.0393692852245366,0.203000202027292
0.0396101150458341,0.204822351514803
0.0389340803678811,0.206011075704327
0.0377914122814222,0.207199799893851
0.0363817230185831,0.208347361406257
0.0352419062925533,0.209173680703129
0.0340355525125978,0.21
0.0320373312714494,0.21131736287048
0.0296711644197286,0.212855149481977
0.0269314055262936,0.214669145014056
0.0236892904765902,0.216934230006385
0.021206347538335,0.218817350666005
0.0178751600357565,0.221631141009491
0.0149721747603664,0.224444931352976
0.0141857349489973,0.225282369312367
0.0134396071745337,0.226119807271758
0.0122384689211565,0.227579009040789
0.0111306091159205,0.229038210809819
0.0101801844463431,0.230368550246964
0.00947136931307883,0.231440172647485
0.00809450829299037,0.233787244179502
0.00690457698993422,0.236207798410599
0.00589323810691236,0.238684709445597
0.0050318711368076,0.241238915919121
0.00429753531706542,0.243892126495366
0.003672636958133,0.246667037614691
0.00314344719912155,0.249588596565543
0.00269895895840968,0.252685338139068
0.00233007450185697,0.255990979629267
0.00202906062880792,0.259546521083569
0.00178921202218705,0.263403207373686
0.00160465836925796,0.267626942740868
0.0014702773879759,0.272305230206828
0.00138170413060276,0.277558752408811
0.00133550332252695,0.283562196282176
0.00132966227868352,0.290585694803538
0.00136154846460458,0.298484321526798
0.00141633584129823,0.306126873523531
0.00148687996496081,0.313946648749642
0.0015626314344847,0.321320088343191
0.00164777811660174,0.328943418763562
0.00172739419325167,0.33544482964473
0.00181481802067515,0.342172726977563
0.00190306398737436,0.348602490515911
0.00199558995970109,0.355037083695212
0.00208933235538274,0.361255479780895
0.00218595515787232,0.367386643534254
0.00228458735971416,0.373376644848296
0.00238572907315884,0.379265246209078
0.0024891683459182,0.385046196168705
0.00259497420033577,0.390731990138785
0.00270307246091741,0.39632802430171
0.00281337516965429,0.401840622672666
0.0029257334866935,0.407274781600209
0.00303998180346159,0.41263658086343
0.00315587299759723,0.417928721350714
0.00327327041947033,0.423158468571908
0.00339204014482312,0.428327989350196
0.00351238296572784,0.43344190898418
0.00363507247295525,0.438503385980852
0.00376204890747017,0.443515268123975
0.00389736440493994,0.44848135053797
0.00404846709386118,0.453404138006109
0.0042278672726813,0.458286190600172
0.00445450006102972,0.463129502114379
0.00471597844029872,0.467399124049264
0.005014901624741,0.471192009843736
0.00537087281279465,0.474787121379782
0.00581267953208256,0.478404372939086
0.00639761134780828,0.482328924288437
0.00713375981806072,0.486430033436874
0.00797422373118693,0.490415881825607
0.00893534458859289,0.494396102533433
0.00985809773719239,0.49782337256002
0.0107999165941636,0.501035547632391
0.0117851420103052,0.504163306245912
0.0128268561874496,0.507273385222601
0.0139328958309997,0.510409168218379
0.0151062396870787,0.513603655470832
0.016342949274291,0.516884817030566
0.0176281217112213,0.520278345049488
0.0189298715967581,0.523809510176653
0.0201482587410619,0.527369617252344
0.0211637287571361,0.530780769011424
0.0219644025448378,0.534181988895626
0.022489858735759,0.537519033750452
0.022719847065522,0.5409062046956
0.0226033807128198,0.544584631663063
0.0219222063634035,0.549276888928917
0.0209315339149762,0.553289168835087
0.0198087946172485,0.556849716974717
0.0186638735041445,0.56003985726129
0.0175027039072091,0.563056288521943
0.0163228750673662,0.566015269701845
0.0151292912861422,0.568981138506299
0.0139277286781526,0.571999562618218
0.0127221994571449,0.57510901539564
0.011517102767175,0.578346059481723
0.0103171885037888,0.581748597139469
0.00912759724595467,0.585358496107855
0.00795391913134581,0.589224329589122
0.00736292748284846,0.591314541580602
0.00717242209049465,0.592012246512727
0.00699237855754168,0.592709951444853
0.0066078896113115,0.594438137689277
0.00626970042946166,0.596307338988535
0.00596232191258796,0.598375482413229
0.0056685186833689,0.600737173394352
0.00536259836001771,0.60359737592266
0.00502961774765181,0.607102953689801
0.0047124138214749,0.610759903339582
0.00438778749655433,0.614841488355023
0.00410698736721727,0.61878038522304
0.00384675257969378,0.622996361718872
0.00361445027791683,0.627596474232428
0.00342105144185565,0.632668439781503
0.00328218268623956,0.638103471532031
0.00320576538606719,0.643634120566966
0.00318659063429033,0.649115361429096
0.00321645869480178,0.654536198940734
0.0032895886379603,0.659907988210834
0.00340313979720232,0.665255968328975
0.0035560885594899,0.670575930315167
0.0037495043991757,0.675876197408534
0.00398520452570476,0.681140233142274
0.0042666244126699,0.686359904784814
0.00459751686556894,0.691509311569124
0.00498222621466315,0.696559706033792
0.0054265956573071,0.701492847142209
0.00593624774408476,0.706281009871576
0.00651675758973427,0.710897338567495
0.00717442069743583,0.715324714019368
0.00791650343337337,0.719555341692341
0.00874847388740018,0.723575826286522
0.00967209572490454,0.727367159177773
0.0106936528789037,0.730940000771711
0.0118241004363753,0.734319536277547
0.0130687739905589,0.737511452018877
0.0144582652794492,0.740577029549815
0.0160510936616231,0.743601383458887
0.0178858884970969,0.74659623136191
0.0200323463120589,0.749604178651071
0.0225931197793252,0.752678948005189
0.0256274803164896,0.755800888921577
0.0290157342645978,0.758814587042148
0.0328154374499781,0.761786382276111
0.0362999926962032,0.764258313845415
0.0400089039582828,0.766730245414718
0.0432925454964312,0.76886600942365
0.0461497323571146,0.770760819071557
0.0486133667987374,0.772507595374797
0.0506668593359129,0.77416147850256
0.0522623346079358,0.775761160031155
0.0533141658538253,0.777316055849287
0.0537474599413723,0.778859892613587
0.0534462753230264,0.780441063435549
0.0521999870290733,0.782126579199623
0.0495602074360782,0.784049589521096
0.0464232610354588,0.785643214152841
0.0425295756667887,0.787236838784586
0.038660497617485,0.788617988315628
0.034893705081225,0.789860687292108
0.0312106625527768,0.79102443764789
0.0276122617607897,0.792140726267313
0.0241075274539949,0.793228744140012
0.0207055262705932,0.794302462588175
0.0174117590522126,0.795373964621507
0.0152797151808625,0.796091843951336
0.0132275531958285,0.796809723281166
0.00971897202707484,0.798122677782851
0.00605434376095501,0.799647989066286
0.00280652586026998,0.801185800182964
0.00207479612873206,0.801563837070836
0.00139339191537994,0.801941873958709
0.000159847182874582,0.802766658725423
-0.000617528951854665,0.803440940300752
-0.00122892623541732,0.804134244187925
-0.00168727860375408,0.804851326434701
-0.00200255805430458,0.805596412618465
-0.00218324007323811,0.806374103980663
-0.00223665610914313,0.807189581890896
-0.00216922493255131,0.808048865743639
-0.00198658356239637,0.808959173929056
-0.00169360918376763,0.809929468840894
-0.00129428630574446,0.810971340257275
-0.000791300787754567,0.812100552676357
-0.000185059567784499,0.813340029756
0.000528728570722625,0.814726427877317
0.00130897409519387,0.816218227782249
0.00208767920329406,0.817727342892979
0.00285825044024999,0.819274250545852
0.00361617509118549,0.820875776721772
0.00436024034139912,0.822550324275246
0.00509268103509511,0.824320058282416
0.00581994472552164,0.826214023939273
0.00655443816301735,0.828273525415204
0.0072991580894602,0.830503762293166
0.00803109595582287,0.832804773767642
0.0087861222615114,0.8352399351237
0.00960377585705337,0.837879193865842
0.0105407422604755,0.840830076034546
0.0116966181214812,0.844293936606731
0.0133207294553497,0.84880817127468
0.0152497213522183,0.853743747541157
0.0169722673725635,0.857929854039186
0.0184199080811095,0.861438826433475
0.0196599476141007,0.864585773984887
0.0207267629228368,0.867579507528306
0.0216070217987293,0.870522121496304
0.0222433187222211,0.873351675880638
0.0226333539141057,0.876186624933234
0.0227498416052208,0.879188081682106
0.022491938487308,0.88271899571504
0.0218563548283569,0.88617978453963
0.0210021215225676,0.889323229558215
0.0200965883911226,0.892041027356546
0.0191840109448699,0.894484211007381
0.0182618596605052,0.896790921189738
0.0173324815746993,0.899024811958392
0.0164002264190956,0.901220439392695
0.0154695558017327,0.903400121075356
0.0145445907851305,0.905580043190951
0.013629019439245,0.90777301380034
0.0127260858426689,0.909989958042248
0.0118386110766866,0.912240823678334
0.0109690277192141,0.9145351889856
0.0101772993457154,0.916718992634188
0.00947983673554172,0.918733230303079
0.00882398398364848,0.920718824825595
0.00817063937277798,0.922800310118559
0.00747320901390242,0.92515657348316
0.0067245897502488,0.927870465000102
0.00599978501332499,0.930719676592606
0.00529886717750172,0.93373091036319
0.00463852178515106,0.936854102348418
0.00400334367665789,0.94018677368211
0.00355378217200893,0.942786125345059
0.00339773485170862,0.943742955743147
0.00325268939934694,0.944699786141235
0.00294433593717914,0.94712708865416
0.00267565876383772,0.949869795852696
0.00243402409571479,0.953174070693869
0.00220287814794362,0.957724249284629
0.00206944664913803,0.96195340676439
0.00200977395949627,0.965792856340522
0.00201065011571436,0.969426676510468
0.00206817077245754,0.972794348689863
0.00218029047957128,0.975989143895607
0.00234953084384791,0.979104500462716
0.00258398009551062,0.982261773263249
0.00290454325849503,0.985698141612364
0.00325549274434965,0.989005693740228
0.00360738846683462,0.992313245868092
0.00387149625679771,0.995124760627179
0.00408500020731879,0.998047378786276
0.00424416324789345,1.00148995621103
0.00432220916298801,1.00545781350038
0.00433546741696196,1.00901547742207
0.00433762062058832,1.01235065006166
0.00436111744486272,1.01590525467759
0.00444196768833556,1.01995726921622
0.00462934717638666,1.0246688668705
0.00494856109556746,1.02964329688606
0.005344799690805,1.03404766378413
0.00580635637934541,1.03803617750608
0.0063306557285948,1.041701065798
0.00691884511650302,1.04509333951348
0.00757330680867868,1.04824242575684
0.00829662022094809,1.05116781309537
0.00909116719034835,1.05388501109684
0.00995920608604643,1.05640872390821
0.0109032512028776,1.05875433214383
0.0119526517461043,1.06098976903344
0.0131261636307099,1.06313480738407
0.0144392518179863,1.06519512593955
0.0159091698014844,1.06717575389344
0.0175559323609042,1.06908211491843
0.0194030161096686,1.07092004583117
0.0214780444588096,1.07269563049044
0.0238135692974169,1.07441505903747
0.0264491635301021,1.07608524783657
0.0294331090793598,1.07771365090424
0.0328260987365736,1.07930887815878
0.0367072035602081,1.08088150758771
0.0411839548450922,1.08244531825862
0.0464139178588072,1.08402040213829
0.0526543401613004,1.0856401380993
0.0600544293919876,1.08729841573353
0.0687513022776672,1.0889935979745
0.079232721006767,1.09079542929312
0.0875311013272507,1.09210487421962
0.0961859053219632,1.09341431914613
0.103898871380661,1.0945769825294
0.110593226969502,1.09562731897959
0.116302539180418,1.09660747639917
0.120960496273682,1.09754335886148
0.124434258479409,1.09845365873125
0.126532395251968,1.09935511757381
0.126984356031955,1.10026677912404
0.12536586963765,1.10121730922749
0.120786636311078,1.10227357288068
0.112823824081228,1.10336855558185
0.104243757123342,1.10424019662573
0.0939312998331299,1.10511183766961
0.0838374953120173,1.10587073133641
0.0741990531609356,1.10654981544587
0.0649489844951179,1.10718181903721
0.0560738499459397,1.10778473175757
0.047579331848453,1.10837022247404
0.0394704620253617,1.10894742325271
0.0317429200308112,1.10952490436246
0.0243740558570672,1.11011255092797
0.0173019310345713,1.11072509815638
0.0103473713209261,1.11139387856777
0.00261312382196646,1.1122539715018
-0.00162067828016855,1.11280246631078
-0.00533585151648389,1.11335096111976
-0.00835997734999004,1.11386245520742
-0.0108799037691797,1.11435128047123
-0.0130950663400443,1.11484728737123
-0.0150921561199123,1.1153710728346
-0.0168508751708872,1.11592244009425
-0.018360414607834,1.11650205908167
-0.0196168251075021,1.11711142571069
-0.0205787024826108,1.11775266082918
-0.0211796147453493,1.11844977088181
-0.0213860184048306,1.11905509982606
-0.0213446689771752,1.11969522677837
-0.021064379380196,1.12037403920594
-0.0205527385847456,1.12109782560755
-0.0198181957408329,1.12187154207206
-0.0188703464257215,1.12270092556634
-0.0177198371075619,1.12359281822074
-0.0163781910350567,1.12455562150645
-0.0148573180368851,1.12560015156419
-0.0131681879476286,1.12674140356504
-0.0115754431521537,1.1278247352724
-0.0100932065350403,1.12885643468101
-0.00864554396566769,1.12990016527028
-0.00724183357031557,1.13095988274501
-0.00588888795103316,1.13204008078072
-0.00459260672871239,1.13314511635697
-0.00335805278778252,1.13427949496563
-0.00218950345638324,1.13544811566232
-0.001090465457234,1.13665653069721
-6.36597771070707e-05,1.13791125703334
0.00088902271735861,1.13922018711345
0.00176659927545924,1.14059317140992
0.00256911908358456,1.1420428982447
0.00329786029992679,1.14358630914657
0.00395565985913763,1.14524704646404
0.0045303108584231,1.14700187061786
0.00501616799503785,1.14880824591312
0.00543286618863562,1.15069145563879
0.00579815456250095,1.15268028746407
0.00612987991420361,1.15481381658514
0.00644759849449854,1.15714983026966
0.00677575729880611,1.15978422826129
0.00715241988284798,1.16290812355434
0.00764566008808792,1.16689302019133
0.00819104549211031,1.17101175681957
0.00886909176913239,1.17571830572855
0.00958245279509472,1.18026323481473
0.0103548573844375,1.1848012192172
0.0111851320279819,1.18929638421197
0.0120947425614761,1.19381305432886
0.013107727099986,1.19838881435903
0.0142480058658169,1.20303041303411
0.0155531408279907,1.20777373102501
0.0170855893453722,1.21270360426523
0.018980695015826,1.21805541579698
0.0214679391904612,1.22418979895652
0.0232883668197918,1.22826233179559
0.0251962105213226,1.23233486463466
0.0268686984630306,1.23588665067761
0.0283113194989004,1.23907961124774
0.0295629529149614,1.24211570967302
0.0305971701839438,1.24504068155101
0.0313859240360754,1.24786049772606
0.031939153851695,1.25069842186281
0.0322468311323187,1.25372442967845
0.0322464349933402,1.25735306120667
0.0318622515887634,1.26129241007375
0.0313409125532953,1.26448306261303
0.0308314923674531,1.26708666722635
0.0303354677951209,1.26945858911669
0.0298555014995748,1.27171958984574
0.0293937287786169,1.27392046520837
0.028947348124593,1.27609002457903
0.0285068209594847,1.27824757273015
0.0280609109952646,1.28037791120419
0.0276216754589234,1.28233782001223
0.0271531682735475,1.28421593148558
0.026618885263519,1.28608299644099
0.0259789089169238,1.28799360615633
0.0251735785745188,1.29002471567349
0.0240839065041708,1.29233234347134
0.0227573116459533,1.29471832774305
0.0212002974258421,1.29716869814539
0.019586680963804,1.29947615319895
0.0180888422632052,1.30149710661321
0.0165990982016349,1.30344582680279
0.0161705474985415,1.30400052216205
0.0157464125614981,1.3045552175213
0.0139054037704632,1.3071104117323
0.012165553433835,1.30978213310844
0.0105478898236148,1.31254178132366
0.00903781963470308,1.31541252051446
0.00762215005618016,1.31842036827149
0.00635607214369717,1.32142559558853
0.00528484484203328,1.32424585626486
0.00436764656754847,1.3268963449659
0.00357150565092084,1.32939778438866
0.00287111411304469,1.33177070199078
0.00224660123930706,1.33403629286348
0.00168171137601491,1.33621820034555
0.00116216060231485,1.33834579053232
0.000675773364931783,1.34046125529823
0.00021365774860634,1.34263950717906
-0.000261667556585718,1.34507370369534
-0.000640593479127947,1.34716956457629
-0.000994057216713929,1.34926542545724
-0.00126931659483489,1.35100700279958
-0.00149988041006608,1.35255311679999
-0.00171078465349059,1.35405075523042
-0.00191500658231004,1.35559324726337
-0.00212421053178685,1.3572914590843
-0.00235874155325368,1.35938402811737
-0.00268031966559993,1.36275386058535
-0.0029173060915239,1.36591998623915
-0.00307347236222279,1.368710556066
-0.00318681701405271,1.37168170575785
-0.00325544922363323,1.37528617734609
-0.00325382637107038,1.37912042854783
-0.00319981200017132,1.38236540457149
-0.00311055237421848,1.38542002300221
-0.00299035440547216,1.38842427454715
-0.00284019753470011,1.39143522661385
-0.00265885070106282,1.39448626034247
-0.00244264107838813,1.39760282101777
-0.00218469683418515,1.40080678980752
-0.0019001275460309,1.40385337303365
-0.00159134779808713,1.40670482956213
-0.00125392232119188,1.40938997358628
-0.000880661052685234,1.41194598612765
-0.000461319846477717,1.41441763180605
1.97652217074122e-05,1.41686812500534
0.000589553650670204,1.41940277094041
0.00131337292803481,1.42227965515137
0.00187080498468973,1.42437756004851
0.00242370600869831,1.42647546494565
0.00292255307054839,1.42848605946348
0.00339835900141391,1.43063362622981
0.00390804405315324,1.43340529518391
0.00428955059273571,1.43604168242447
0.00459907549315172,1.43867806966503
0.00484694765910716,1.44103643402782
0.00509413637441273,1.44336521349078
0.00537819584034906,1.44576929479927
0.00574319564437937,1.4483633579645
0.00621496942543151,1.45107822771256
0.00681789716317954,1.45386141869909
0.00755137739207684,1.45659475657554
0.00839372793544634,1.45916674117312
0.0093262008903527,1.46153749727894
0.0103573312390987,1.46374736425764
0.0115049272678955,1.46583765600932
0.0127798145018644,1.4678206278531
0.0141959348127099,1.46970725227859
0.0157693093080185,1.47150610443772
0.0175192854841791,1.473225257433
0.0194678163679976,1.47487138097553
0.0216402108579259,1.47645049718257
0.0240657758828286,1.4779682256045
0.0267782184841151,1.47942973028675
0.0298171149874151,1.48084015832294
0.0332287732775497,1.48220450620611
0.0370685130095346,1.48352797090823
0.0414029034086514,1.48481596254077
0.0463138404985123,1.48607443199263
0.0519041961635689,1.48731014953586
0.0583074690767325,1.48853130232699
0.0657044225762331,1.48974847722822
0.0743557561559799,1.49097668650776
0.0846753129502115,1.4922399930004
0.0968648173619754,1.49352877042956
0.1111214621423,1.49483925822341
0.128068136779954,1.49620894492956
0.144203007799803,1.49738813317343
0.161436836123939,1.4985673214173
0.176935101572962,1.49959716495219
0.190737566354195,1.5005238204671
0.202994113628202,1.50138940004112
0.213602923004402,1.50221644846798
0.222328239221071,1.50301922917534
0.228844457072,1.50380856201179
0.23274156627353,1.504594308462
0.233500461770263,1.50538762262863
0.23040685856586,1.50620479452096
0.222203932851266,1.50708205304821
0.207712385813004,1.50800880946231
0.186620113444137,1.50896322554654
0.169465873917124,1.50959825971177
0.150293091329645,1.510233293877
0.132005993163096,1.51079838965266
0.114920982679751,1.51130893605716
0.0988909967030334,1.51178449429948
0.0838244703835658,1.51223753142978
0.0696596456722674,1.51267696853011
0.0563383236425923,1.51311034695834
0.0437880039760729,1.51354537461974
0.0318943145853469,1.51399206925427
0.0204188527266304,1.51446846271683
0.00855094198395486,1.51503019180466
0.000735496931926244,1.51545655155687
-0.00454101195577768,1.51578057596295
-0.00927257977850139,1.51610460036903
-0.0132857080724147,1.51641205681472
-0.0170538327281426,1.5167369157143
-0.0205931622382271,1.51708509826707
-0.0238333627059202,1.51745474908362
-0.0267349129454015,1.51784540255371
-0.0292780558476627,1.51825765690244
-0.0314548126918663,1.51869286875946
-0.0332643751625243,1.51915300620024
-0.0346947443325994,1.51964059206551
-0.0357367775947357,1.52017656131794
-0.0363187730346764,1.52071253057038
-0.0365301135249214,1.52127222120239
-0.0363976400152448,1.5218730196675
-0.0359283062783085,1.52252134718491
-0.0351255283114004,1.52322585704436
-0.0339909239259591,1.52399576542469
-0.0325235440198497,1.52484275436876
-0.0307184498860952,1.52578218996719
-0.0285637838039295,1.52683548850893
-0.0260332854569396,1.52803554908283
-0.0234540220904811,1.52925523088631
-0.0210493688078594,1.53041270514287
-0.0188314195778415,1.53151380977499
-0.0167988321621954,1.53256348619973
-0.0149457637104985,1.53356478863724
-0.0132638816434678,1.53451959848019
-0.0116965911321631,1.53545789257591
-0.0101835638393884,1.53641801356179
-0.00873023918820157,1.53740175562883
-0.00734110768337994,1.53841152293031
-0.00602033180612084,1.53945004127948
-0.00477171341252007,1.54052046363024
-0.00359865822888489,1.54162649910809
-0.00250413267696804,1.54277258245528
-0.00149061344748618,1.54396410412607
-0.000560028998922429,1.54520773342549
0.000286309249890295,1.54651188903287
0.00104779089585011,1.54788745303271
0.00172461550108815,1.54934890944558
0.00231794670879376,1.55091627544695
0.00281719527025711,1.55256994629298
0.00321831001946271,1.55427059058753
0.00353854090874914,1.55603787342514
0.00379330502461366,1.55789430416983
0.00399732725415625,1.55986997791943
0.00416528766147407,1.56200780094269
0.00431289067363647,1.56437456386253
0.00445917003651353,1.56708880122215
0.00463380332985886,1.57041681383413
0.00484994922434725,1.57421307243885
0.00509556224576789,1.57803107552121
0.00537308372159042,1.58189298593637
0.00568251997644507,1.58583770445692
0.00602361906846186,1.58989918471951
0.00639769505584956,1.59410928402333
0.00680859072338715,1.59849962336423
0.0072632631447917,1.60310315842735
0.00777229230452269,1.60795554026702
0.00831042231271075,1.61274832739265
0.00888702907315388,1.61751801361081
0.00950510920976122,1.62223579364714
0.0101705186472744,1.62689291885736
0.010892592114697,1.63149766676019
0.0116963327208923,1.6361347667256
0.0125966405085718,1.6407973934746
0.0136170483384932,1.64550621667457
0.0147906043176035,1.65029849326251
0.016171973624928,1.65525928901539
0.0178778672035706,1.66061634173107
0.0202964283548017,1.66721354426259
0.021919463816153,1.6712362190394
0.0236009630840017,1.67525889381621
0.0250616360573737,1.6787985312428
0.0262905019762972,1.68198775948456
0.0273125823741358,1.68502376668348
0.0280946646893508,1.68794347684692
0.0286098108334592,1.69076137958296
0.0288521372494354,1.69360156983655
0.0287816773803186,1.69663714842946
0.028248544732077,1.7003017769581
0.0274375267877508,1.70344560637475
0.0263561772301431,1.7065894357914
0.0252725369583845,1.70925971726154
0.0241994585535551,1.71166924041689
0.0231265288336034,1.71394944903432
0.0220536031341004,1.71615936741322
0.0209837879070313,1.71833135097983
0.0199208156619286,1.720486380247
0.0188683725223072,1.72263956591843
0.017829918593152,1.72480261821124
0.0168086386408496,1.72698515542194
0.0158074447017765,1.72919545264618
0.0148289756550403,1.73144094757578
0.0138756190497504,1.73372855147304
0.0129495146412081,1.73606491224071
0.012052566965381,1.73845660435419
0.0111864599200775,1.74091028014267
0.0103526592288245,1.74343283754002
0.00955242707325315,1.74603155126665
0.00878453076289346,1.74872261293368
0.00803045538829257,1.75159382906936
0.00729425542583673,1.75466558936201
0.00657995205506301,1.75796259820585
0.00589183320906866,1.7615134641493
0.00523443504399334,1.7653514748514
0.00461249772895034,1.76951566540887
0.00403089161016341,1.77405240543917
0.00349450537554726,1.77901806375861
0.00300810378943464,1.78448396352307
0.00257628821876203,1.79054496546982
0.00220516760551701,1.79730398496037
0.00191208845315222,1.80456873253644
0.00170488621782573,1.81243864756554
0.0015889375077469,1.82122881326137
0.00155904692267557,1.82878363634272
0.00158898357400046,1.83785015951532
0.00168716851745258,1.84702799970344
0.00183536545645098,1.85544840977635
0.00201937215806051,1.86315152480221
0.00222822544049422,1.87020871020747
0.00245205915180645,1.87668332181129
0.00268107883827264,1.88263105248825
0.0029051682242628,1.88810133154228
0.00311400698989688,1.89313806720397
0.00329765822919995,1.89778209254501
0.00344720546533749,1.90206974607457
0.00355552460271676,1.9060349662091
0.00361776690316585,1.90970861274161
0.00363158607707371,1.91311964015198
0.0035970075763979,1.91629484928902
0.00351602071090756,1.91925973820572
0.00339199260011373,1.92203857897927
0.00322900910156306,1.92465519887985
0.0030312110437202,1.92713364921449
0.0028021435612815,1.92949944828797
0.00254403979194921,1.9317818364884
0.00235864720914138,1.93325421542875
0.00216714588097373,1.9347265943691
0.00199176823466376,1.93615101060528
0.0017166118411724,1.93856005050531
0.00141952721805193,1.94140490071294
0.00123236393438338,1.94332538797598
0.00105372646342888,1.94524587523902
0.000899620439323111,1.94696750388151
0.000761073581622496,1.94856381305
0.00062716673281261,1.95014846825693
0.000489477888824397,1.95181981281631
0.000336615291370869,1.95372565343377
0.00013761010608155,1.9562915066809
-0.000166344609998429,1.96043600178151
-0.00040624087453693,1.96399248396114
-0.000603621662958644,1.9672287574196
-0.000797468333722062,1.97088689189425
-0.000959974592723712,1.97469431829086
-0.0010789840956873,1.97861987056958
-0.00114406889050123,1.98275256103278
-0.00113651347172523,1.98726041498023
-0.00104775444995767,1.99142938421892
-0.000887883235250708,1.99525850058985
-0.000663945745980914,1.99878206737138
-0.000378714683690468,2.00204159775345
-3.09849150921604e-05,2.00507884388715
0.000385066227676763,2.00794369517943
0.000880956345828289,2.01069744186427
0.00147641163502484,2.01342113032481
0.00220705418609611,2.01624303338459
0.00295783854196223,2.01880422449549
0.0037620054432874,2.02136541560638
0.00448601884991474,2.02362833265393
0.00522766628332531,2.02598553846958
0.00617754995205114,2.0291174686075
0.00684022095357322,2.03134559553477
0.00751622606084847,2.03357372246203
0.0081820092502372,2.03563674440824
0.00886486941890038,2.03756063300329
0.0096294888219092,2.03947056118298
0.0104937864251832,2.04134792628835
0.0114896661254577,2.0432059138182
0.0126267433893067,2.04501516615665
0.0139255039430304,2.04677285321736
0.0153944375327707,2.04846327327773
0.0170516206141483,2.05008691359854
0.0189111984207293,2.05164077704356
0.0209952066114185,2.05312875983141
0.023327095206853,2.05455384994309
0.0259343727450209,2.0559197283601
0.0288506201796324,2.05723100466971
0.0321141197042578,2.05849182882113
0.0357690570602404,2.05970615549887
0.0398680702528668,2.06087819551349
0.044472459803832,2.06201193700558
0.0496545747573172,2.06311135408932
0.0555009599462705,2.06418056065834
0.0621161104608375,2.06522386930287
0.0696278919183296,2.0662459197708
0.0781955866594319,2.06725188757549
0.0880226655826801,2.06824784483448
0.0993763751803719,2.06924122081919
0.112622166112611,2.07024170447329
0.128288764039615,2.07126297697659
0.146872459454499,2.07230896038358
0.168446612568775,2.07336167234096
0.19364936880719,2.07443571581995
0.223399711892232,2.07555334335304
0.259191698511381,2.07675352569115
0.297453601985357,2.07792781089279
0.330796530170972,2.07890370206452
0.360057517115474,2.07975521311782
0.385955620526209,2.08053380459771
0.408622739630989,2.08126825028067
0.427907101987175,2.08197927142625
0.443420171103772,2.08268499729441
0.454468293918574,2.0834040068368
0.459872750745208,2.08415856682186
0.457552283521185,2.08498015011801
0.445155665710705,2.08584031043318
0.421554388514039,2.0867169204763
0.385515570090816,2.08762065375695
0.335655309208334,2.08856383828027
0.298881553863989,2.08915139563031
0.258546002368708,2.08973895298034
0.221869865511499,2.09024419630066
0.189538094348208,2.09067994836531
0.160570026848791,2.09107157541753
0.134287441646104,2.09143502715987
0.110249466931109,2.09178081190164
0.0881292437172377,2.09211702521601
0.067638371667316,2.09245128002109
0.048449256672266,2.09279296878468
0.030004659284793,2.09315915888335
0.0103411695600381,2.09361098913536
0.00150757725491694,2.09384418089412
-0.0064697712640752,2.09407737265288
-0.0126926713698105,2.09427846693185
-0.0183977381752881,2.09448173895455
-0.0240667752743789,2.09470670265953
-0.0294887000943151,2.0949499631783
-0.0345311360466221,2.09520953897387
-0.0391222320869027,2.0954848423514
-0.0432187848587863,2.09577620740975
-0.0468286790687151,2.09608767587158
-0.0498543517096634,2.09641158138065
-0.0523776004493015,2.09675583829036
-0.0544096961487048,2.09712308620411
-0.0559632520738571,2.09751647691207
-0.0570513914177213,2.09793987635972
-0.0576863031908518,2.09839804466217
-0.0578778399247772,2.09889689992783
-0.0576319603322213,2.09944391308864
-0.0569476714293068,2.10004946347625
-0.0558129094797069,2.10072755655217
-0.0542010939155302,2.1014970266004
-0.0520596460951171,2.10238648741684
-0.0492797982582994,2.1034458118152
-0.0455779950450168,2.10479077057963
-0.0417767356929136,2.10615021171945
-0.0381376815182762,2.10746249213624
-0.0346956151200112,2.10873191421672
-0.0314663416883216,2.10996082627653
-0.0284564954825957,2.11115023428696
-0.025667011732076,2.11230044929437
-0.0230948745945454,2.11341143314828
-0.0207341759962156,2.11448297953289
-0.0185768660362188,2.1155148051963
-0.0166133464828027,2.11650658981766
-0.0148329686226224,2.11745798479031
-0.0132244599444194,2.11836860185802
-0.0116830451739613,2.11929580754758
-0.0102027302230139,2.1202468819916
-0.0087876765838481,2.12122369313609
-0.00744179090816198,2.12222847709095
-0.00616876319917204,2.12326386509552
-0.0049720169628656,2.12433298363706
-0.0038546576902307,2.12543958682399
-0.00281941914868992,2.12658823592032
-0.00186860740157895,2.12778454892349
-0.00100404202006531,2.12903555769986
-0.000226993221600504,2.13035023694774
0.000461887637802482,2.13174032111737
0.00106264927388382,2.13322163336097
0.00157614368685034,2.13481639639153
0.00198372686503449,2.13646157106555
0.00229810127257992,2.13816067947545
0.00253462448450786,2.13993235812351
0.00270743687185204,2.1418002776605
0.00283010474743578,2.14379672219461
0.00291588567409729,2.14596881711505
0.00297843964517206,2.14839219536465
0.00303365684495527,2.15120772118129
0.0031056243297362,2.15476560159418
0.00320340880799426,2.15855146876222
0.00333143799368607,2.16241792193894
0.00348326332741014,2.16624911686133
0.00365495382533487,2.17010184538274
0.00384328912055322,2.1740201802251
0.00404657803274197,2.1780406369918
0.00426482264101888,2.1821963039916
0.00449959936026884,2.1865193901119
0.00475387244220604,2.19104292680798
0.0050318764781732,2.19580230920082
0.00533917832337162,2.20083678435977
0.00568305002568655,2.20619083818844
0.00603651516875147,2.21138518867815
0.0064108166455536,2.2165568134926
0.00680448434864494,2.22164045108454
0.00722196734816803,2.22665046017441
0.0076671526469074,2.23158644341802
0.00814510792766385,2.23645567893373
0.0086612886842654,2.24126253385241
0.00922170459313159,2.24600980245022
0.00983333766882284,2.25069819492564
0.0105036353805989,2.25532695858704
0.0112541197865748,2.25997492159457
0.0121009324434415,2.26465225978743
0.0130640891453051,2.26937006769173
0.0141717980754951,2.27415553106775
0.0154685775886405,2.27907140582088
0.0170412386636018,2.28427790670063
0.0191489851206309,2.29033687680608
0.0209157167962237,2.29488335741621
0.0227913570035924,2.29942983802634
0.0243561783135378,2.30319333553809
0.0256558802703937,2.30647591632813
0.0267446051959957,2.3095452304431
0.0276174605865045,2.31252935106407
0.0282208403363792,2.31537043000039
0.0285562178782987,2.31818855660227
0.0285985205709731,2.3211317069874
0.0282559631746618,2.32448767436852
0.027241649499308,2.32883454999879
0.0263433106314929,2.33152149253735
0.0252843351733117,2.33420843507592
0.024211336527427,2.33666191950509
0.0231371389314923,2.33896923482583
0.0220622146331162,2.34119550577762
0.0209893501344801,2.34337736801332
0.0199221768007209,2.34553800698296
0.0188643699374659,2.34769379511705
0.017819402979181,2.34985725247777
0.0167904814890442,2.3520385605119
0.0157805322151775,2.35424643215558
0.0147922087219415,2.35648866059467
0.0138279039378404,2.35877248799218
0.0128897609244172,2.36110487962131
0.0119796828399152,2.36349274155772
0.0110993467064248,2.3659430945715
0.010250207802122,2.3684632565712
0.00943351595705052,2.37106098917715
0.00865031996164886,2.37374468598879
0.00788736232807178,2.37657821981236
0.00714040959642999,2.37960814811267
0.00641334610409181,2.38285807679334
0.00571016532672866,2.38635577938615
0.00503505075968979,2.39013353505935
0.00439231819441366,2.39422910038557
0.00378631911564026,2.3986871065459
0.00322128086845958,2.40356139443765
0.00270109566903864,2.4089190679264
0.00222904610815717,2.41484834657953
0.00180776212484753,2.42147009577648
0.00146365586746808,2.42862976832592
0.00124771254035702,2.43499537426569
0.00106148450072592,2.44249729349383
0.000915120529631757,2.45088404072252
0.000814427891529802,2.45989092478881
0.000757425294847654,2.46989092478881
0.000747790321284741,2.47989092478881
0.000778866230231601,2.48988444722139
0.000841927146444685,2.49909281830473
0.000930491621969749,2.50755594663933
0.00104175507271423,2.51533979370594
0.0011751361766105,2.52250523105247
0.00133037793426399,2.52906853820769
0.00150827254235633,2.5350764176673
0.00171050896673512,2.54058625204181
0.00193928862569351,2.54565001680991
0.00219731115111984,2.55031530930148
0.00248777599626728,2.55462551353111
0.00281446501809544,2.55862064279261
0.00318189127110275,2.56233807798837
0.00359551924533646,2.56581328735174
0.00406217332929108,2.56908089250666
0.00459070535908043,2.57217612256781
0.0051932165173635,2.57513714710625
0.00588756616234803,2.57800977516691
0.00670309322776581,2.5808578401116
0.00769753159166007,2.58379445208955
0.00896066383051745,2.58695658839035
0.0100897250592264,2.5894343109294
0.0113202890120717,2.59191203346846
0.0123755358200503,2.59395062224512
0.0132771567816181,2.59570270296259
0.0140684905382827,2.59731786899935
0.0147573023170396,2.59886887467035
0.0153358636938734,2.60040507291083
0.0157858224208796,2.60197438067091
0.0160745449460641,2.60364103839033
0.0161372390953971,2.60552835054779
0.015763099482238,2.60807769365667
0.015134528771984,2.61005660345944
0.0142622038351229,2.61203551326222
0.0133285211462723,2.61379794510615
0.0123366050300243,2.61548886947665
0.0112907028407881,2.61717475783587
0.0110013595656689,2.61763204777984
0.0107116629732241,2.61808933772382
0.010373625320416,2.61863443679569
0.00895502815859849,2.62109770489509
0.00766759337126832,2.62364344097987
0.00653127414905015,2.62622920875534
0.00552900981279687,2.62887936458003
0.00464749695239538,2.63161844718147
0.00387714607112043,2.63447080288608
0.0032116374565706,2.6374622216182
0.00264822959983075,2.64062145547664
0.00218894302135368,2.64398185634403
0.00184305869279364,2.6475834087082
0.00164428522376971,2.65112429412143
0.00158615883900175,2.65443172647023
0.00165174233468443,2.65761469556632
0.00184301817893556,2.66080236996287
0.00217788110380139,2.66412114807997
0.00267693350234185,2.667659014005
0.00339004181691045,2.67169155596686
0.00417834940252428,2.67552503621964
0.00475308269759807,2.67802149029801
0.00539846546197872,2.68051794437638
0.00607366654858565,2.68277909932583
0.00678571975535121,2.68481345706833
0.00758566709156867,2.68674755618405
0.00850189300180864,2.68861078463773
0.00955735574896931,2.69041140307708
0.0107716873776118,2.69214970992454
0.0121631019132332,2.69382447099426
0.0137502737462332,2.69543556972783
0.0155510325345002,2.69698224113053
0.0175866542825663,2.69846650130595
0.019881205127627,2.69989102816645
0.0224621537436001,2.70125887773479
0.0253622337085719,2.70257383105099
0.0286190817775159,2.70383954138607
0.032277358177986,2.70505995704453
0.0363892459470797,2.70623894009956
0.0410166232068603,2.70738045731084
0.0462331773081833,2.70848856329679
0.0521273361710833,2.70956745072883
0.0588069494023964,2.71062163789147
0.0664052216028623,2.71165607396035
0.0750901475580084,2.71267641450763
0.0850795466039618,2.71368946006241
0.0966656864439806,2.71470383002208
0.110260579754258,2.71573128178364
0.126488704513854,2.71678948043602
0.145439704658613,2.71785795826379
0.167511346171341,2.71894063662147
0.193446462143998,2.72005695860545
0.22440578259649,2.7212393416215
0.259166633763043,2.7224409388706
0.292139282074368,2.72350918725121
0.32131064235071,2.72443159755208
0.347403938101632,2.72526768175988
0.370564077573992,2.72604924339466
0.390646557191439,2.72679681910286
0.407334564654652,2.72752714460297
0.420114757318271,2.72825600417397
0.428184600589275,2.72900013841807
0.430272708009508,2.72977947880974
0.424276460121165,2.73062096203793
0.408210239266491,2.73149495218326
0.381123489805253,2.73238382080603
0.341876357720149,2.73329904624772
0.306135760355878,2.73397042791018
0.265269122671598,2.73464180957264
0.227902105369175,2.73520554117465
0.1952780778712,2.73567795358316
0.166179095491118,2.73609489284895
0.139815658871648,2.73647703838122
0.115716035464851,2.73683691262795
0.0935541310232923,2.73718340764708
0.0730642953791646,2.73752406468873
0.0539808900104264,2.73786689239229
0.0359423675104854,2.73822350671037
0.0181405126542686,2.73862070786613
0.00518546888517031,2.73895100731512
-0.00258197724930459,2.73917239855384
-0.00964331955901873,2.73939378979256
-0.0156320021835097,2.73960067617001
-0.0211952998495154,2.73981291988007
-0.0266868795196442,2.74004682148522
-0.0319125319909906,2.74029908303637
-0.0367528942896287,2.74056787859178
-0.0411437977481613,2.74085274204401
-0.045099298749682,2.74115884815206
-0.0484440185760965,2.74147433951066
-0.0512895645707,2.74180870060434
-0.053643662349393,2.74216417446292
-0.0555165363270012,2.74254341402454
-0.0569202793047396,2.74294967919765
-0.0578672584672148,2.74338696121079
-0.0583687319318915,2.74386016632467
-0.0584334962893243,2.74437538592343
-0.0580663680140472,2.74494030060596
-0.0572644380745587,2.74556596906155
-0.0560142577088074,2.74626653468372
-0.0542877295973854,2.747061432418
-0.0520302055715145,2.74798031348144
-0.0491286888494018,2.74907534698008
-0.0452825725555657,2.75047054039229
-0.0415546272790582,2.75180995563201
-0.0380056981196894,2.7531012846426
-0.034661842325592,2.7543491752667
-0.0315348856453645,2.75555588872915
-0.028628757903442,2.75672243747915
-0.0259423396404422,2.75784918581336
-0.0234709936196657,2.75893616451699
-0.0212075383779417,2.75998323490781
-0.0191429580158116,2.7609901701575
-0.0172669681291489,2.76195668876415
-0.0155684878413002,2.7628824586558
-0.0139774633754191,2.76380195752453
-0.0124452270069612,2.76474488330199
-0.0109763292184403,2.76571281283962
-0.00957470790319298,2.76670787028178
-0.00824409301317412,2.76773254348705
-0.00698795316697209,2.76878977706288
-0.00580944269425568,2.7698830921348
-0.00471134548019723,2.77101674747927
-0.00369601523594316,2.77219596144776
-0.00276531117233866,2.77342722611824
-0.00192052697301894,2.77471876665592
-0.00116230900475268,2.7760812397366
-0.000490555930238663,2.77752884772061
9.57161069159987e-05,2.77908122760309
0.000584266119235119,2.78071248660748
0.000973946354871841,2.78239101983941
0.00128136802690905,2.78413520856818
0.00152148103504296,2.78596654295482
0.00170847835339226,2.78791379085441
0.00185630741519446,2.79001785365004
0.00197949223183454,2.79234195578022
0.00209482857764407,2.79499682014494
0.00222647304784979,2.79822431711148
0.00239054827009406,2.80196665207376
0.00259089408938686,2.8059803900308
0.00283975158455237,2.81040915553783
0.00312160240256012,2.81503333252992
0.00343123212557246,2.8198891996919
0.0037653455390976,2.82501565086942
0.00412427417493756,2.83045630909436
0.00449151230538497,2.83594510535374
0.00486040629530332,2.84133950084764
0.00523584333842112,2.84665754073106
0.00562061516661983,2.85188247952857
0.00601920607082003,2.85702317939245
0.00643595511659863,2.86208655228937
0.0068754085147564,2.86708055830856
0.0073422124103885,2.87201091878523
0.00784127342295847,2.87688155667843
0.00837785154747523,2.88169440886213
0.00895770521756897,2.88644989860521
0.00958720307058827,2.89114713518836
0.0102734582819363,2.89578438877224
0.0110370368115427,2.90043250303565
0.011895497399561,2.90511088587975
0.0128685525520752,2.90982871329079
0.0139843794047763,2.91461313740029
0.0152872353842795,2.91952609354344
0.0168629955839329,2.92472517177121
0.0189651451994659,2.93075749558904
0.0207466017177142,2.93533560070572
0.022639021363975,2.93991370582239
0.0242124233459268,2.9436883343311
0.0255178423024118,2.9469750866424
0.0266116592268041,2.95004594533448
0.0274905799835628,2.95303316932333
0.0280996528605774,2.9558756360453
0.0284407074712592,2.95869335979303
0.0284892725965745,2.96163356842748
0.0281553726127367,2.96497997444573
0.0271491747192366,2.96933117218171
0.0262532705855992,2.97202359221374
0.0251952777466171,2.97471601224577
0.0241228901888118,2.97717277891446
0.0230491936607535,2.97948193374636
0.0219746140493691,2.98170930820057
0.020901926348532,2.98389183790616
0.0198347662891791,2.98605284700792
0.0187768156809653,2.98820878174554
0.0177315544051298,2.99037220244757
0.0167021927827798,2.9925533129921
0.0156916616578475,2.99476083494702
0.0147026173665958,2.99700256072719
0.0137374548002578,2.99928572239384
0.0127983185919955,3.00161726455015
0.0118871120413284,3.00400406321367
0.0110055123682126,3.00645309341382
0.0101549733599226,3.00897161219376
0.00933674304732387,3.01156729555827
0.00855186612821317,3.01424842441548
0.00778711592178706,3.01707836494243
0.00703804800572783,3.02010400760253
0.00630850018388893,3.02334873301313
0.00560240662500865,3.02683999897227
0.00492387755005779,3.03060961791383
0.00427713656893287,3.03469463815055
0.00366641637905525,3.03913858644304
0.00309578670270049,3.04399352597417
0.00256892387711163,3.04932357874615
0.00208880080665572,3.05521171210603
0.00165758010143928,3.06176901176368
0.00128730438382259,3.06891422186863
0.0010051006602004,3.0763826701133
0.000814973615188216,3.08330197485212
0.000637877013822463,3.0918574549441
0.000503492914805803,3.10075789809196
0.000397196857933822,3.11075789809196
0.000325836039472833,3.12075789809196
0.000279460393647919,3.13075789809196
0.000250798707662334,3.14075789809196
0.000234696161924566,3.15075789809196
0.000227637960976433,3.16075789809196
0.000227305256299355,3.17075789809196
0.000232215695399999,3.18075789809196
0.000241471127292902,3.19075789809196
0.000254598266027588,3.20075789809196
0.000271456539415049,3.21075789809196
0.000292192679265151,3.22075789809196
0.000317231579712275,3.23075789809196
0.000347301874869009,3.24075789809196
0.000383502480082599,3.25075789809196
0.000427425556172032,3.26075789809196
0.000478624302544636,3.27028638674249
0.000536739034924043,3.27911940415649
0.000602538746919832,3.28729725795946
0.000677016481581848,3.29486733862168
0.000761332660336984,3.30187431061049
0.000856811897322277,3.3083599554585
0.000964956837557854,3.31436335861235
0.00108746948946909,3.31992108047124
0.001226277187572,3.32506730303159
0.00138356105376985,3.32983397079321
0.00156178971499976,3.33425093077319
0.00176375753167777,3.33834606995777
0.00199263082482906,3.3421454443285
0.0022520013775942,3.34567340506373
0.00254595312708668,3.34895273060721
0.00287914359897773,3.35200476360298
0.00325690660771073,3.35484955055262
0.00368538499982168,3.35750599432233
0.0041717057475129,3.35999202804726
0.00472421877548799,3.36232481865703
0.0053528338575681,3.36452102317764
0.00606731187175583,3.36659130965439
0.00685418029425718,3.36849303992617
0.00772171543958409,3.37025644984503
0.00868228048860151,3.37191138109974
0.00975404001432221,3.37348761713133
0.010966358470791,3.37501933339855
0.0124060570667882,3.37658795414445
0.0142762717849481,3.37834248605901
0.016328277728957,3.38002269428427
0.0181017244369934,3.38134457361612
0.0199715163131901,3.38266645294798
0.0216444756037059,3.38383167971888
0.0231424997532021,3.38490191396542
0.0244911556476118,3.3859325732552
0.0256873038451256,3.38696209757083
0.0267091382719782,3.38802867541112
0.0275128853022478,3.38918682320769
0.0280052517140253,3.39055258240018
0.0278119566271915,3.39264406748932
0.0270976311369145,3.3940725988651
0.0260238530944329,3.39550113024087
0.0247798757759374,3.39684180984711
0.0233686267091012,3.39819876382809
0.0217986164378859,3.39961984410443
0.0200770986613077,3.40114351593616
0.0188857549762237,3.40220199103089
0.0177254695461156,3.40326046612563
0.0162884153062577,3.40464546115171
0.0135548326048073,3.40757431873852
0.0111403606473091,3.41060518030228
0.00928804686247293,3.41334500594479
0.00782512342579533,3.41587581019716
0.0065931113248585,3.41836068053824
0.00551848792714883,3.42089624817157
0.00457819506480417,3.42350871187998
0.00375536335708558,3.42622093305438
0.00308014158218796,3.42886818437654
0.00253189442316322,3.43141248292097
0.00207456998340358,3.4339126926646
0.00167810739914869,3.43646560064751
0.00131070366652886,3.43927759094508
0.00100351449534961,3.44209386540354
0.000802788611058595,3.4442518002238
0.000627729810243559,3.44640973504407
0.000490197395963011,3.44833914242
0.000374928207386364,3.45015951790545
0.000271730012024322,3.45198861008179
0.000174029978219335,3.45394153561789
7.48192191229706e-05,3.45621359477595
-4.42807983560164e-05,3.45948968977774
-0.000156391766144581,3.46348211311296
-0.000224983585579337,3.46678685073467
-0.00027284542745669,3.47003460387352
-0.000304610833681242,3.47373072410468
-0.000309543509825644,3.47833506044591
-0.000265503947857503,3.48331211959597
-0.00017060626805691,3.48775795842728
-2.28880499351544e-05,3.49179924762522
0.000180154446722393,3.49546020354946
0.000442131916179038,3.4987819759324
0.000767332007794257,3.50180639595651
0.00116165634480393,3.50458071525905
0.00163343933005386,3.50715361505934
0.00219381910095689,3.50957026449131
0.00285730507987197,3.51187111463736
0.00364272396975478,3.51409253440155
0.00456790358329581,3.51625330043943
0.00565193049715648,3.5183674531099
0.00690371463332672,3.52042693662586
0.00836056942153883,3.52246324781119
0.00998996769333915,3.52440817164845
0.0117576090195374,3.52622026015707
0.013656835645587,3.52789996452889
0.0157025737093878,3.52946487982846
0.0179381749851255,3.53094491080584
0.0203820178794521,3.53234438307314
0.0230904424002681,3.53368493729082
0.026103387047195,3.53497229789731
0.0294542465615921,3.53620727345141
0.0332037412326267,3.5373986931611
0.0374051315711991,3.53854924187592
0.042124852562288,3.53966301090911
0.0474401291973365,3.54074390391945
0.0534379691433006,3.54179513602525
0.0602273664654609,3.54282100403004
0.0679390511536675,3.54382582084168
0.0767343482636906,3.54481435471969
0.086815854674986,3.54579202201151
0.0984511141606628,3.54676580184748
0.111998075462228,3.54774435162691
0.127962443140104,3.54873951064521
0.146988165584439,3.54976289929688
0.169046242454923,3.55079001823377
0.194746148084026,3.55183304197358
0.224930581522428,3.55290974225141
0.260888713036996,3.55404951452861
0.301235626293542,3.55520889347183
0.338576541026055,3.55621808229317
0.370646475718138,3.55706949681958
0.398724853962674,3.55783165726352
0.423319489873467,3.55854303902488
0.44445568088725,3.55922846036696
0.461840397282295,3.55990824490108
0.474831725511306,3.56060290268946
0.482246901424025,3.56133785050707
0.481822946259565,3.56215234191975
0.471030622505948,3.5629969735379
0.448661197024525,3.5638628146048
0.41334649044482,3.5647611544932
0.363555588921289,3.56570188646825
0.323140129320929,3.56633637976917
0.278070714695249,3.5669708730701
0.237393066993014,3.56750601859658
0.202128305067308,3.56795655897879
0.170896331477774,3.56835480692932
0.142767281691086,3.56872024098465
0.117170507693837,3.56906494496227
0.0937085369700354,3.56939767083771
0.072055496163251,3.56972608859152
0.0518766519594246,3.57005885604615
0.0326787262756158,3.57040993989646
0.013113009925996,3.57081909534168
0.00577573247770337,3.57099136313562
-0.00104192792551143,3.57116363092957
-0.00863044068721361,3.57137243978724
-0.015079103853288,3.57156755191569
-0.0208662431321134,3.57176014198595
-0.0266844261056328,3.57197502595551
-0.0322945528556129,3.57220850473874
-0.0375426164883021,3.57245826663104
-0.0423438568775925,3.57272349243718
-0.0466541162867722,3.57300434208536
-0.0507756228415706,3.5733309265698
-0.0539597075218377,3.57364532088488
-0.056626124711518,3.57397903062815
-0.0587902750648504,3.57433496602381
-0.0604649825323549,3.57471616748419
-0.0616637738087589,3.57512636579239
-0.0623993974021144,3.57557016054311
-0.062682360070174,3.5760532752018
-0.062519318258624,3.57658293859221
-0.0619105629963367,3.57716883370071
-0.0608449107665034,3.57782473077454
-0.0592965728816565,3.57856872862526
-0.0572141518934507,3.5794281471752
-0.0544920426468168,3.58044997440098
-0.0508630601949739,3.58173982267552
-0.0468994522670114,3.58311847023559
-0.0430847057400295,3.58445023078306
-0.0394615792997565,3.58573961487583
-0.0360498835511591,3.58698910756032
-0.0328589152400329,3.58819973147951
-0.0298916271671239,3.5893717577461
-0.0271466133936185,3.59050508598426
-0.0246192524730642,3.59159944383009
-0.0223024921865647,3.59265448880519
-0.0201874639558827,3.59366985494198
-0.0182640013523748,3.59464516636393
-0.0165210905108669,3.59558002979923
-0.0149146778905851,3.5964930923822
-0.013365866039317,3.59742936506632
-0.0118794774355768,3.59839020760179
-0.0104594761991063,3.5993776551772
-0.00910963784147809,3.60039408742707
-0.00783349379149707,3.60144231652821
-0.00663427870853273,3.60252569843891
-0.00551487482518582,3.60364828187598
-0.004477753081495,3.60481501231325
-0.00352491024029409,3.60603201873161
-0.00265780027678658,3.60730702934396
-0.00187725672468741,3.60864999708649
-0.00118339961599013,3.61007408447541
-0.000575514354008767,3.61159730548845
-5.94072457786661e-05,3.6132186373733
0.000353057013535566,3.61488269540212
0.000679121622119335,3.61660782813645
0.000933923659974513,3.61841411985119
0.0011317270689938,3.62032814621455
0.0012863705814667,3.62238704983485
0.00141195932416683,3.62464689084076
0.00152417933620361,3.62720224557698
0.00164381784054193,3.63024548359001
0.00179644165481562,3.63398005321585
0.00197668711851022,3.63788421601543
0.00218286133901855,3.64184553278634
0.00240281954289857,3.64572703332717
0.00263396325769327,3.6496001244285
0.00287460171561612,3.65351621749934
0.00312436045979856,3.65751523118831
0.00338419011249171,3.66163159709835
0.00365619861442497,3.66589747827776
0.00394346900606437,3.67034477908567
0.00424994751390447,3.67500670502529
0.00458048122462444,3.67991920340833
0.00494108724836376,3.68512218657113
0.00532351603658531,3.69043958480246
0.00571519677353618,3.69565167168886
0.006122614664184,3.70080741725524
0.00654711202575858,3.70587886477671
0.00699325730989076,3.71087505919395
0.00746568955127704,3.71580003318518
0.00796976036553714,3.72066005991686
0.00851119987983504,3.72545905387298
0.00909622793780363,3.73019905351464
0.00973161944795589,3.73488019048123
0.0104248420624559,3.73950133546978
0.0112008380601618,3.74415575972246
0.0120741120814065,3.74883804592893
0.0130662126344125,3.7535636495359
0.0142071201123035,3.75836285912861
0.0155453841518115,3.7633072403751
0.0171797756362413,3.76858417724195
0.0194392109023366,3.77491660232717
0.0211343384061927,3.77919725401068
0.0229136496144814,3.78347790569419
0.024433236214509,3.78713737393714
0.0257048717522836,3.79037799876963
0.0267680807652802,3.79343089990758
0.0276062202579222,3.79638768139888
0.0281761255409701,3.79921762624166
0.0284766425923052,3.80204158790626
0.0284776585945926,3.80501533021407
0.0280696936045676,3.80847010290795
0.0272845247508553,3.81182646426593
0.0261772287538656,3.8151828256239
0.0250832767669396,3.81793102080382
0.0240082833099173,3.82037100481271
0.0229346334009201,3.82266683996001
0.0218606128430184,3.82488568518631
0.0207890140980506,3.82706263633384
0.0197234986501712,3.82921995052225
0.0186677378241478,3.83137345106731
0.0176251894762136,3.8335352914596
0.016599039615651,3.83571538067387
0.0155921956411359,3.83792220414291
0.0146072917411447,3.84016334743062
0.0136467016390205,3.84244584622451
0.0127125500400599,3.84477644360716
0.0118067203890156,3.84716179876371
0.0109308689079095,3.84960864559821
0.0100864291952308,3.85212395757466
0.00927462536244762,3.85471508326418
0.00849647753461611,3.85738990708736
0.00773296774294161,3.86023405565491
0.00698555722647845,3.86327523733327
0.00625802703543075,3.86653733790424
0.0055543360852204,3.87004805297138
0.00487861632218606,3.87383945949956
0.00423510589894108,3.87794891007064
0.00362803844726724,3.88242031471348
0.00306146997819579,3.88730622917234
0.00253902218336089,3.89267172344724
0.00206361425714105,3.8986010471259
0.0016373570554438,3.90520710260046
0.00127282236829932,3.91239297257646
0.00104519051894646,3.91802031550513
0.000866469907226665,3.92364765843381
0.000681811830466771,3.93143603600315
0.000531626670826249,3.94010913698853
0.000412674106898821,3.94968194722157
0.000326621275463161,3.95968194722157
0.00026886993867331,3.96968194722157
0.000231431527589094,3.97968194722157
0.000208482759013272,3.98968194722157
0.000195882687613892,3.99968194722157
0.000190800094756186,4.00968194722157
0.000191370173656077,4.01968194722157
0.000196412172046737,4.02968194722157
0.000205227997414289,4.03968194722157
0.000217474228706414,4.04968194722157
0.000233089045272875,4.05968194722157
0.00025225840779804,4.06968194722157
0.000275413323193924,4.07968194722157
0.000303257348869843,4.08968194722157
0.000336830219477346,4.09968194722157
0.000377621540311283,4.10968194722157
0.000426701247278544,4.11948718998212
0.000482786024414811,4.12857528542533
0.000546612845733939,4.13697910524851
0.000619183196642669,4.14474942349743
0.000701673683112878,4.15193417751075
0.00079543010812773,4.1585779707801
0.000901979662997868,4.16472232388718
0.00102305184744899,4.17040591188519
0.00116060430239847,4.1756647665815
0.00131685243255444,4.18053245626113
0.00149430293240504,4.18504025875028
0.00169579383389794,4.18921732818702
0.00192454120759453,4.19309085134883
0.00218419505884807,4.19668619466878
0.00247890807894098,4.2000270538377
0.00281342026645889,4.20313560870587
0.00319316717442525,4.2060326812935
0.00362441930181027,4.2087379054757
0.00411446830576218,4.21126992129726
0.00467188352895107,4.21364660523064
0.00530687700581164,4.21588536217243
0.00602619666868535,4.21798845689834
0.00681953470952455,4.21992388417915
0.00769609493571943,4.22172324195329
0.00866965628632686,4.22341793187997
0.00976109938416532,4.2250404677371
0.0110058142507363,4.22663065746118
0.0125159013454388,4.2282936966319
0.0145857436336962,4.23025109913964
0.0163560848498304,4.23173187099357
0.0182694129448662,4.2332126428475
0.0200120943155926,4.23451010830945
0.0215454214045241,4.2356560857376
0.0229225678675687,4.23673209603588
0.024154390678391,4.23778515781859
0.0252288870555352,4.23885251703477
0.0261160817848884,4.23997743671173
0.0267575187964789,4.24123202716066
0.0270075285786945,4.24281068654094
0.0266114277705553,4.24451507713649
0.025635228663203,4.24621946773203
0.0244937156446626,4.24763354154171
0.0232008070820523,4.24899459416868
0.0217537921585734,4.25038809811568
0.0201608266266486,4.25185653045535
0.0184276127043617,4.25343899232598
0.016972433137174,4.25480027610997
0.0156011278789605,4.25616155989397
0.0129684441811641,4.25906351286405
0.0106621931133157,4.2620339846579
0.00887415334261729,4.26473797507378
0.00745036084551917,4.26724907698189
0.0062342193543365,4.26974521343388
0.0051703801414647,4.27229679067469
0.00427426063957312,4.27481537994338
0.0035484945112367,4.27719578637421
0.00295220805429773,4.27946067952305
0.00245345624836924,4.28164020483412
0.00202728152451389,4.28377248915856
0.00165260481050598,4.28591396669529
0.00130760499149327,4.28817183983626
0.000950228302388278,4.29089083733528
0.000735003570961184,4.29277029745105
0.000542170884242247,4.29464975756683
0.000386548322363722,4.29632978214175
0.000255360246911528,4.29788091107124
0.000136288897181142,4.29941388639847
2.16242517065106e-05,4.30102101189239
-9.65520454010993e-05,4.30283426455823
-0.000235028339765674,4.30520051218685
-0.000436560590342087,4.30923511089516
-0.000584253595922246,4.31279094871595
-0.000696435814949379,4.31596291121498
-0.000802417635040795,4.31948162337422
-0.000915730318973937,4.32409790906989
-0.00101842948843238,4.32984342735443
-0.00106726107206767,4.3348044555517
-0.00106837654490382,4.33929968073729
-0.00101892645458054,4.34333209266916
-0.000915218330934063,4.34695140491734
-0.000752951841136772,4.35020784432759
-0.000526978615825463,4.35315843442815
-0.000230257354203639,4.35586510166987
0.000147657996267724,4.35839196592129
0.000624194719930352,4.36081179536903
0.00123361839228549,4.36322582959338
0.00204543046541704,4.36578387875708
0.00317939403529458,4.36867263077202
0.0046559172183157,4.37179223800606
0.00649661920356119,4.3750970803122
0.0077132108569166,4.3770162528925
0.00907061823140311,4.3789354254728
0.0105119515003644,4.38073808498648
0.0119944538922608,4.3823656889482
0.0136238504753468,4.38392711363439
0.015412730678657,4.38541386502405
0.0174113420712286,4.38684823313341
0.019644054833856,4.38822753332588
0.0221487930478651,4.38955717246655
0.024960638427275,4.39083868410634
0.0281112343767087,4.39207132289749
0.0316484639754666,4.39325975289966
0.0356204145372776,4.39440630691299
0.0400821656024982,4.39551356654121
0.0450975235418177,4.39658434404108
0.0507459403155789,4.39762251633646
0.0571190481342529,4.39863154284403
0.0643265859419749,4.39961508016593
0.0725015000368899,4.40057704777196
0.0818058921189935,4.40152162012067
0.0924437414667158,4.40245367009643
0.104673295856192,4.40337872175603
0.118830268825243,4.4043033870908
0.135364814463694,4.40523598297969
0.154906085585062,4.40618762893399
0.17794628232521,4.40715719568731
0.20464052616126,4.40813175655461
0.235699779204142,4.40912207137791
0.272093745825435,4.41014408181284
0.315347475591996,4.41122674541825
0.351891477717702,4.41206899760068
0.390108040557608,4.41291124978311
0.423956491475135,4.41365111870755
0.453468816112756,4.41431753352176
0.479280389052163,4.41494679277509
0.501456093254049,4.41556411747753
0.519615116319009,4.41619208298663
0.532844128610683,4.41685808888386
0.539175881674838,4.4176080366512
0.535223188109603,4.41840380922774
0.51943639773455,4.41922624507232
0.490319773707807,4.42009194633845
0.445927404628275,4.42101283953436
0.384409819944571,4.42199301792201
0.339227393518426,4.42260543934831
0.289783121446699,4.4232178607746
0.245887991480459,4.4237330564855
0.208246799563361,4.42416641240638
0.175167619453276,4.42454945400088
0.14553763849384,4.42490127216923
0.118679265838662,4.42523375485337
0.0941227551924814,4.42555563018202
0.0714801286179075,4.42587481955674
0.0503369475821289,4.42620090815474
0.0300138579479191,4.42655138970018
0.00803325268019107,4.42699269218791
-0.000960583722425579,4.4272007038518
-0.00911880934151627,4.4274087155157
-0.0156026115025275,4.42759073192232
-0.0216245485247683,4.42777657128349
-0.0276600402835876,4.42798347407498
-0.0334683666018917,4.42820801016376
-0.038897535450463,4.42844815449855
-0.0438635244926575,4.42870323210651
-0.0483229863989415,4.42897346849402
-0.0522571128960278,4.4292597412609
-0.0556556588781764,4.42956346343235
-0.058534242907049,4.42988892678041
-0.0608460183869493,4.43023097295802
-0.0626541885917402,4.43059749964123
-0.0639737992971188,4.43099224248404
-0.0648186762711265,4.4314197489801
-0.065200342333158,4.43188570126607
-0.0651262966207443,4.43239731196403
-0.0645976997048669,4.43296402741913
-0.0636035251179362,4.43359985481228
-0.0621167905110744,4.43432317730558
-0.0600825286643301,4.43516206553872
-0.0573852751096126,4.4361657269936
-0.0537210429373534,4.4374494654011
-0.0496247023769302,4.43884788292126
-0.0456621591066736,4.44020128979034
-0.0418819888573841,4.44151421888544
-0.0383080198682897,4.44278885400721
-0.0349525160427409,4.44402596580256
-0.0318209030857825,4.44522561185721
-0.0289139090152113,4.44638750956984
-0.0262287351355531,4.44751123245068
-0.023759835326575,4.44859631109899
-0.0214995252114175,4.44964228042044
-0.0194385051536154,4.45064869475236
-0.0175663262959418,4.45161512257256
-0.0158718076251724,4.4525411272263
-0.014289482591448,4.45345845160965
-0.0127661335779226,4.45439923796246
-0.0113063331026785,4.45536501265604
-0.00991401969985724,4.45635786981953
-0.00859293796949505,4.45738026530433
-0.00734658487042193,4.45843510827091
-0.00617815734797676,4.4595258789267
-0.00509049749830946,4.46065678693553
-0.00408603511659008,4.46183298947287
-0.00316672700816959,4.46306089958698
-0.00233399166210921,4.46434863643697
-0.00158863651059696,4.46570670853164
-0.000930772379360844,4.46714910097036
-0.000359704306527507,4.46869511273707
0.000113663028833866,4.47032325361649
0.000486810195413757,4.47199782161446
0.000776189051045982,4.47373711189684
0.000996485910727074,4.47556228659952
0.00116151679720306,4.47750161212231
0.00128466021960228,4.47959513843587
0.00137951731332281,4.48190446394359
0.00146119858200949,4.48453659564058
0.00154999690433218,4.48772159163613
0.00166387071301983,4.49145813886674
0.00180809338180433,4.49544464103761
0.00200394931548525,4.50007521862947
0.00223879620922176,4.50507553538892
0.00245772259921402,4.50949360390743
0.00266157779706788,4.51351925249121
0.00285929442517769,4.51738589120117
0.00305577616208077,4.52120083322877
0.00325465033862794,4.52502747657307
0.0034591274408603,4.52891112928824
0.00367231038930878,4.53288868885267
0.00389732842384646,4.53699271944248
0.00413748045870392,4.54125446680696
0.00439636234854445,4.54570554793234
0.00467804796830623,4.5503793597105
0.00498739115471634,4.55531252421139
0.005330518932277,4.56054608815878
0.00569504540463853,4.56583249794588
0.00607364761931068,4.57102664134569
0.00647082384455506,4.57615428764298
0.00688864193212832,4.58119874053137
0.00733155126425577,4.58616847056511
0.00780422605041046,4.59106794664552
0.00831206505715982,4.59590319953299
0.00886089461841833,4.60067772746581
0.00945707680302381,4.6053930468974
0.0101075907826686,4.61004889254646
0.0108262285268699,4.61468110334578
0.0116345828991524,4.61934725355232
0.0125491445406715,4.62404593279525
0.0135944628709012,4.62879791714048
0.0148065530113956,4.63364669999819
0.0162487183022217,4.63869793149581
0.0180715531263117,4.64425995200895
0.0204887372555583,4.65069558399271
0.0220515108238858,4.65452404276447
0.0236507825127897,4.65835250153622
0.0250462377933218,4.66177809291723
0.0262234557994684,4.66491468685688
0.0271956176610523,4.66793389721925
0.0279149578755321,4.67082052848719
0.0283682958648721,4.67363194708923
0.0285440785890677,4.67649752294483
0.0283893527948125,4.67961605644828
0.0276843483625141,4.68360202359004
0.0268402780225469,4.68654702942322
0.0257737952450027,4.6894920352564
0.0246960614781834,4.69207712732873
0.0236224531971517,4.6944495188106
0.0225481117378659,4.69671059013551
0.0214742459252624,4.69891034806264
0.0204041873785858,4.70107774770091
0.0193416454494693,4.70323212758043
0.0182902183913608,4.70538769429651
0.0172532601551347,4.70755562928982
0.016233846729962,4.70974523522448
0.0152347769027864,4.7119646195686
0.0142585820561794,4.71422113932755
0.0133075358423743,4.7165217167847
0.0123836678158807,4.71887306754806
0.0114887716370967,4.72128189384049
0.0106244128350371,4.72375505341256
0.00979194444159988,4.72629969312863
0.00899250812328116,4.72892342188692
0.00822105739303217,4.7316565417166
0.00746332093901188,4.73457433092024
0.00672315932827018,4.73769799095459
0.0060044093402184,4.74105291931249
0.00531110553808933,4.74466848757365
0.00464743825209667,4.74857878563974
0.00401767020944089,4.75282366280259
0.0034260041459713,4.75745028992112
0.00287638520584896,4.76251579654721
0.00237221622673005,4.76809230991657
0.00191614243268879,4.77427490880122
0.00151228233058549,4.78114939835098
0.00117380520440405,4.78855424447962
0.000908074168006936,4.79659641712506
0.000744084285933462,4.80358744649537
0.000589563058995619,4.81247497002595
0.000476676222822143,4.82162772708819
0.000392650293144771,4.83162772708819
0.000339173554235987,4.84162772708819
0.000308057230311126,4.85162772708819
0.000293415791141398,4.86162772708819
0.000291214294287286,4.87162772708819
0.000298898400641155,4.88162772708819
0.000315060258331314,4.89162772708819
0.000339190637529492,4.90162772708819
0.000371547792543763,4.91162772708819
0.000413148825483676,4.92162772708819
0.000465600230132873,4.9315770448656
0.000526660492647154,4.94078282821292
0.000596806728274748,4.94927693161301
0.000676970459498377,4.9571151327254
0.000768361737010337,4.96434969906785
0.000872422559746722,4.97102882057443
0.000990820538146457,4.9771970180722
0.00112546334919457,4.98289550598056
0.00127852360787624,4.98816248649572
0.00145247094098071,4.99303339728612
0.00165010951369326,4.99754114386027
0.00187462567493038,5.00171631812872
0.00212964415204527,5.00558739882264
0.00241929771336347,5.00918093571913
0.00274831498702022,5.01252173938614
0.00312213190448271,5.0156330817009
0.00354703935428895,5.01853690529245
0.00403038042206145,5.02125405989545
0.00458082654594548,5.02380459261212
0.00520877909021597,5.0262081221773
0.00592260345618272,5.02847171140582
0.00671238979010574,5.03055959512182
0.00758889945289692,5.03250787617756
0.00856880884120164,5.03435378303858
0.00967908592391065,5.0361389504993
0.0109705044101144,5.03792201024179
0.0126103036183288,5.03986995582758
0.014468415375213,5.04179348511583
0.0160351819957385,5.04326758442857
0.0176870600016191,5.04474168374131
0.0191628998313954,5.04603960590067
0.0204775429770369,5.04722662075594
0.0216536588977676,5.04836457989612
0.0226880139287458,5.04949529424219
0.023560470817845,5.05065861531928
0.0242314460807288,5.05190873099441
0.0246197065454599,5.05335342996736
0.0244420476725404,5.05542073283335
0.0237844331285089,5.05698885269005
0.022769052420488,5.05855697254676
0.0216115020466038,5.05998783247625
0.0203172319059104,5.06140701294426
0.0188944441116309,5.06286910002618
0.0173525378741468,5.06441145448519
0.01639951989462,5.06536396356243
0.0154707464610441,5.06631647263966
0.0131484317430787,5.06890539914005
0.0108484770896911,5.07185802125816
0.00902719675636275,5.07458983756103
0.00757403268042185,5.07712570361997
0.00633630414296557,5.07963370000167
0.00529215085827733,5.08209240004854
0.00440567474833244,5.08451674590151
0.00362974799066297,5.08698444336792
0.00290793999572203,5.08967648296835
0.00223800835280281,5.09265086664482
0.00186192529222955,5.09459364661586
0.001527567283579,5.09653642658689
0.00125434136212256,5.09831100595914
0.00101810138019611,5.10001133204908
0.000800210122228889,5.10174454131408
0.000586526339165315,5.10362994409526
0.000357467617735439,5.1059010951925
2.89210848665654e-05,5.10974558670152
-0.000235593341979735,5.11353418881007
-0.000424406154907592,5.11677401856342
-0.000590889063072644,5.12014465049829
-0.000757425183981638,5.12420096590127
-0.000936318775019143,5.12981694481767
-0.00104690007084471,5.13486663184024
-0.00109974597077599,5.13945926932796
-0.00109586494515551,5.14361508842385
-0.00103326000060186,5.14737908443837
-0.00090807076827484,5.15079799188544
-0.000714814787920142,5.15392771467997
-0.00044599665857321,5.15682562767564
-9.04099042538705e-05,5.15955559265094
0.000371415672340746,5.16219817110169
0.000978309577269469,5.16487168101948
0.00181530284812802,5.16777438750089
0.00293026708698033,5.17089562380283
0.0043678438637241,5.17424333177169
0.00553169738559914,5.17659825267596
0.00684270407409545,5.17895317358024
0.00814392538147949,5.18101387195315
0.00944634769584723,5.18282845052449
0.0108441863353071,5.18453462217475
0.0123625844831481,5.18614841871197
0.014044802872404,5.18769751267323
0.0159158617280404,5.18918454292326
0.018009784748958,5.19061718374719
0.0203545247084919,5.19199614630566
0.02297928574421,5.19332222443129
0.0259216882044562,5.19459923128702
0.0292185929833867,5.19582872128916
0.0329129148512355,5.19701313709809
0.0370585476433306,5.19815645954751
0.0417152193341856,5.19926184339017
0.0469531853116551,5.20033264847217
0.0528548274170805,5.20137225798059
0.0595200472117166,5.20238449809316
0.0670702184598487,5.20337349396932
0.0756531827362443,5.20434359121643
0.0854530180394291,5.20529964915957
0.0967033794616379,5.20624727402978
0.109709013394898,5.20719325472513
0.12488071662074,5.20814622749374
0.142797200031628,5.20911787628925
0.16400554239346,5.21011138146287
0.188585887212393,5.21110971393115
0.217207033340766,5.2121243603269
0.2507833823891,5.21317199879951
0.290719513645698,5.2142811145592
0.336044352740341,5.21542540866598
0.374667788237353,5.21634994770576
0.407223426040661,5.21712443210527
0.435565169384815,5.21782263155091
0.460292087468054,5.21848186452767
0.481406240098312,5.21912661608702
0.498511150587555,5.21977856545555
0.510727981902208,5.22046280541908
0.516282580746131,5.22121754797047
0.512097132675682,5.2220322765594
0.496460105751186,5.22286776428124
0.468000304234974,5.22373901687724
0.425004666971048,5.22465673922494
0.365610590292855,5.22563007582144
0.323339409854329,5.22622095981122
0.277273976020469,5.226811843801
0.236023779037593,5.22731472159627
0.20024597505716,5.22774321901691
0.168566341469609,5.22812517183451
0.140056641538222,5.22847787191401
0.114132273145693,5.22881243822558
0.0903746963846348,5.2291372770587
0.068426384191669,5.22946024052795
0.0478894395668103,5.22979113055081
0.0280774023774881,5.23014850687709
0.0062597488893556,5.23060844255226
-0.00193890130216318,5.23080779139442
-0.00941273519789403,5.23100714023658
-0.0157327038415343,5.23119226706939
-0.0216879090832465,5.23138425216053
-0.0276215196572668,5.23159715218211
-0.0333069542589529,5.23182762196886
-0.0386038840000518,5.23207377592639
-0.0434354438393823,5.23233504588399
-0.0477625871787325,5.23261174366847
-0.0515635034280514,5.232904823782
-0.0548877919284832,5.23322230434695
-0.0575885222961515,5.23355069146334
-0.0597787748232552,5.23390113707103
-0.0614731854016051,5.23427684065117
-0.0626859230350622,5.23468160121339
-0.0634301980594657,5.23512011574525
-0.0637167456897419,5.23559825387485
-0.0635521091163627,5.23612346961891
-0.0629359047403958,5.2367058188897
-0.0618554088339018,5.23735963027801
-0.060281569798148,5.23810409246141
-0.0581559231812064,5.23896875879162
-0.055354838767109,5.24000633387336
-0.0515406518770458,5.24134565506444
-0.0475181982703424,5.24272943154056
-0.0436441795448584,5.2440683861342
-0.0399603911383216,5.24536656312297
-0.0364870367996054,5.24662600088637
-0.0332340592508225,5.24784743374409
-0.0302051408676142,5.24903093605439
-0.0273995967857228,5.25017626595057
-0.0248134617780136,5.25128304583766
-0.0224402411186868,5.25235085423975
-0.020271507585111,5.25337926721599
-0.0182974140958,5.25436786940305
-0.0165071467085643,5.25531624554701
-0.0148893251842634,5.25622395846544
-0.0133325795827073,5.2571518047256
-0.0118370842713548,5.25810362217983
-0.0104069056011938,5.25908131500934
-0.00904590475011433,5.26008712979291
-0.00775772239010224,5.26112371367806
-0.00654572747632612,5.26219421538823
-0.00541296376542617,5.26330241934019
-0.00436209379169055,5.26445292782808
-0.00339533993219934,5.26565141468722
-0.00251442161446332,5.26690498890031
-0.00172048668791968,5.26822273420347
-0.00101403311137136,5.26961654440249
-0.000394813425629622,5.27110248622757
0.000138293562230895,5.27270317815483
0.000564545244640567,5.27434992525461
0.000898492263667567,5.27605158367808
0.00115554757655888,5.27782682641946
0.00134999996847365,5.27969963893545
0.00149545891428119,5.28170282927491
0.00160538244814519,5.28388447627585
0.00169396226240077,5.28632218126912
0.00177814722810101,5.28916186463203
0.00188505296492285,5.29277422862289
0.0020150962879801,5.29656851128936
0.00217543879199418,5.30052659514989
0.00235240733277789,5.30438306521996
0.00254252109549719,5.30821509155265
0.00274306530164768,5.31207794697353
0.00295263687656211,5.31601329770869
0.00317120884325066,5.32005624539149
0.00339996386582833,5.32423905084089
0.00364107840641503,5.32859333328836
0.00389754161348016,5.33315167325361
0.00417308065519014,5.33794909770381
0.00447226722807154,5.34302448937472
0.00480090054269964,5.34842193501896
0.00514440845285161,5.35384275729687
0.00549789325117591,5.35916754502753
0.00586499328809924,5.36441088715464
0.00624807617194835,5.36956223584144
0.006651204915928,5.37463161211143
0.00707862449097995,5.37962662582396
0.00753498198621532,5.38455480657857
0.00802520711717294,5.38942117727087
0.00855461491532473,5.39422859325834
0.00912900198165528,5.39897792300437
0.00975477148383425,5.40366850870409
0.0104390734165287,5.40829875130243
0.0112048863455684,5.41295307865041
0.0120678632152756,5.41763585902812
0.0130488017317183,5.42236024793763
0.0141769913164755,5.42715557350379
0.0154994324300695,5.4320902391891
0.0171103135245883,5.43734148883817
0.0193106754907781,5.44356835363775
0.0210293846597945,5.4479404629279
0.0228410348362244,5.45231257221805
0.0243770941298698,5.4560100989673
0.0256595988817681,5.45926653490418
0.026733019082521,5.46232547999168
0.0275853077015005,5.4652931780217
0.0281689655996286,5.46812756633875
0.0284838494199768,5.4709490722437
0.0285018994207907,5.47391008243061
0.0281213153295396,5.47732286904141
0.0273396027876326,5.48074463219227
0.0262201903649838,5.48416639534312
0.0251226047718118,5.48693249131581
0.0240466971869067,5.48937868083791
0.0229724691908127,5.49167799815913
0.0218978110050753,5.49389931367492
0.0208254478911392,5.4960782336655
0.0197590250178093,5.49823726196205
0.0187022077558786,5.50039237902699
0.0176584507268267,5.50255585767384
0.0166309372338518,5.50473771113543
0.0156225716805441,5.50694652683863
0.0146359852158943,5.50918999755388
0.0136735480536565,5.51147527915478
0.0127373818507126,5.51380925238254
0.0118293668610652,5.51619874013371
0.0109511572383738,5.51865067108785
0.0101041850176934,5.52117225593395
0.00928967519395225,5.52377112916843
0.00850865027927207,5.52645552709617
0.00774500801915034,5.52930022090955
0.00699740546891075,5.53234227026108
0.00626965900772045,5.53560549658799
0.00556572340233642,5.53911770705377
0.00488972704856848,5.54291114115887
0.00424590655408806,5.54702338578631
0.00363849822762783,5.55149868402559
0.00307156737768336,5.55639006417901
0.0025487492241431,5.56176332914032
0.00207298318974779,5.5677039021498
0.00164640273203787,5.57432678930143
0.00128259638678088,5.58151602759437
0.00105062803683421,5.58771690950359
0.000835155234635044,5.59551410427435
0.00066801905843627,5.60373009072817
0.000534152728073974,5.61277466980578
0.000431951084069794,5.62277466980578
0.000365401064245145,5.63277466980578
0.000324665772231547,5.64277466980578
0.000302631334584335,5.65277466980578
0.000294351889529053,5.66277466980578
0.000296585136238639,5.67277466980578
0.000307368975143693,5.68277466980578
0.000325694322613465,5.69277466980578
0.000351301130261915,5.70277466980578
0.00038459184250708,5.71277466980578
0.000426651715902264,5.72277466980578
0.00047855149973181,5.73262859240037
0.000538454386746893,5.74175664263784
0.000606851354773038,5.75019135215605
0.000684633755322505,5.75798523030253
0.000772944032751742,5.76518766472661
0.000873134598394499,5.77184442455998
0.000986764001619969,5.7779979907764
0.0011156116555684,5.78368784980921
0.00126170196074651,5.78895072767996
0.00142733392274593,5.79382078945887
0.00161511555056213,5.79832983560143
0.00182800665598386,5.80250749038136
0.00206936900170932,5.80638137280268
0.00234302652318413,5.80997725007531
0.00265334124749053,5.81331919992603
0.00300530693094445,5.8164297824557
0.003404671262896,5.81933021253093
0.003858094594676,5.82204054850247
0.00437336599429782,5.8245799176094
0.00495970735997886,5.82696678978953
0.00562821566705572,5.82921933823986
0.00637606830118833,5.83131385028512
0.00720198018103485,5.83325058534737
0.00811752401254121,5.83506284296657
0.0091401596701662,5.83678439797604
0.0102981674064565,5.8384535646653
0.0116449482158295,5.8401251777764
0.0133898564168857,5.84199044952708
0.015325035124884,5.84379521350744
0.0169805645691878,5.84520018170706
0.0187256230409556,5.84660514990669
0.020285356026668,5.847842805307
0.021678077888754,5.84897716700644
0.022927546451089,5.85006703398268
0.0240304687792265,5.85115265980582
0.0249658972394666,5.85227318964623
0.0256922984883627,5.853483101434
0.0261229204731868,5.85489426165729
0.0259296429741732,5.85699462905316
0.025243926626015,5.8584948319865
0.0242035291380277,5.85999503491983
0.0230089857094409,5.86138392941117
0.0216649343089057,5.86277495073199
0.0201801996153044,5.86421874047171
0.0185635773663275,5.86575281794784
0.0175329753322402,5.86673222391609
0.0165283700583811,5.86771162988434
0.0147650239644539,5.86954652950039
0.0121866026993737,5.87257749781135
0.0101054071251039,5.87544790177356
0.00848001770681802,5.87807318636729
0.0071595307163081,5.8805575641935
0.00601078790643966,5.88307699529948
0.00500575386084112,5.88566247116771
0.00412568641205842,5.88833736025965
0.0033557868807832,5.89112489121868
0.00280078678322349,5.89349989657107
0.00238169002100785,5.89557203071134
0.00202957392165375,5.89755857460824
0.00171367786628332,5.89958975242869
0.001413435129262,5.90180696694412
0.00110358214730376,5.90449239562283
0.000746732852387816,5.90832124308506
0.000462888319191177,5.91228511055514
0.000271023535422108,5.91578328425149
0.000120369349696617,5.91940794836172
-2.05691385832026e-06,5.92363269252085
-8.3055559353442e-05,5.92897847619644
-8.47968899834269e-05,5.93365773041921
-2.16106409203164e-05,5.93795903222526
0.000102995779605809,5.94188360400053
0.00028923737585848,5.94547843934108
0.000539462858741487,5.94878226770135
0.000858761829211445,5.95184461476277
0.00125518711818067,5.95471601171984
0.0017407623020471,5.9574480474601
0.00233367264363223,5.9600962433855
0.00306066318795696,5.96271871689995
0.00395766196811226,5.96536802747735
0.00505317297262091,5.96804700382413
0.0063051733938202,5.9706121884727
0.00763057513683022,5.9729181652625
0.00900830493006727,5.97497538750136
0.0104545227578823,5.97683853542288
0.0119975920145302,5.97855628111857
0.0136852266886214,5.98017816206671
0.0155316964573795,5.98170748969792
0.0175859462456055,5.98317182993228
0.0198708634489507,5.98457173656416
0.0224260456622857,5.98591634099851
0.0252901205133083,5.98721032911597
0.0284993512249263,5.98845523589298
0.0321040584078919,5.9896562462632
0.0361560233850002,5.99081628705118
0.0407142131799782,5.9919382571072
0.0458520531825068,5.99302623855382
0.0516538210718723,5.9940838196397
0.0582198217099583,5.99511473206519
0.0656731058927237,5.99612323323138
0.0741665589446239,5.99711414408229
0.0838917409329036,5.99809284558852
0.0950960927303088,5.99906577740034
0.108109743181934,6.00004103791519
0.123391700393805,6.00102940714723
0.141625410370934,6.00204675448622
0.162858415687688,6.003071124025
0.187558665032319,6.00410778496913
0.21649600772225,6.00517271704399
0.250806582523988,6.00629115802338
0.290321150975926,6.00745141537237
0.329490335671458,6.00852103206089
0.362868189665028,6.00940612677112
0.391960434866517,6.01018674761178
0.417489330119182,6.01090833324465
0.439582825742011,6.01159810738772
0.458030069206256,6.0122770687473
0.472292439566129,6.01296530728862
0.481360633550975,6.01368641434034
0.483343232541682,6.01447473070737
0.475478796239492,6.01531568020692
0.456354420479831,6.01617432585992
0.424665225124717,6.01706288300959
0.378912692830303,6.01799103613279
0.337426529743293,6.01867481202773
0.29017764296154,6.01935858792267
0.247522612259548,6.01992698359911
0.210925121332272,6.02039626143707
0.178731900060406,6.02080571419684
0.149845427238815,6.02117820111653
0.123620187841432,6.02152725793575
0.0996248595511857,6.02186224720889
0.0775218813759077,6.02219094201766
0.0569874285530631,6.02252149235216
0.0375945558426567,6.02286573302918
0.0183876830879371,6.02325167932603
0.00339601332874803,6.02359906414115
-0.00433652709227404,6.02380068246966
-0.0113886067461338,6.02400230079816
-0.0174501499236324,6.02419265885543
-0.0232900344710519,6.02439495369499
-0.0290497949924802,6.02461779894825
-0.0345271793272911,6.02485805284529
-0.0396010899967908,6.02511410164379
-0.0442062451009686,6.02538557673973
-0.048305528016245,6.02567294716913
-0.0519942903593992,6.02598847976437
-0.0549943394611545,6.02630924184827
-0.0574830292534132,6.02665039272642
-0.0594737036343048,6.02701476939124
-0.0609796168601237,6.02740563883591
-0.062014197029538,6.02782701543588
-0.0625895790705755,6.02828386155778
-0.0627151151354506,6.02878238088422
-0.0623956525736279,6.02933046192314
-0.06162785905617,6.02993927894823
-0.0603960400852158,6.03062375850703
-0.0586670962682371,6.03140462278938
-0.0563753759491102,6.03231434874056
-0.0533794603324125,6.03341292399663
-0.0493524658221733,6.0348285320651
-0.0454370986019704,6.03618868002911
-0.0416923780955219,6.03750366071822
-0.0381486652196927,6.03877749882195
-0.0348209217554345,6.04001199194087
-0.0317156602597439,6.041207802186
-0.0288339788775092,6.04236501928074
-0.0261731251681578,6.04348345594111
-0.0237274636215979,6.04456280198085
-0.021489179576666,6.04560270085264
-0.0194488506717988,6.04660278137025
-0.017595936807586,6.04756266198109
-0.0159192074643459,6.04848193702138
-0.0143343558813118,6.04940375120163
-0.0128090899754013,6.05034919856437
-0.0113477775466105,6.05131995902339
-0.00995431662728908,6.05231819021733
-0.00863239458966461,6.05334642596921
-0.00738543478874737,6.05440767157163
-0.00621654270211238,6.05550552788182
-0.0051284490378156,6.0566443588608
-0.00412344937544782,6.05782952318686
-0.00320333923512881,6.05906770349113
-0.00236934234756367,6.06036739010114
-0.00162202783668777,6.0617396207994
-0.000961208011614273,6.06319916942059
-0.000385799875215414,6.0647665796132
8.86531475286635e-05,6.06640212064352
0.000466425841467021,6.06808739737875
0.00076374729035737,6.06984080579328
0.000995389495538662,6.0716845788938
0.00117540628870687,6.07364867942989
0.00131765861541736,6.07577611017318
0.00143667412114072,6.07813422385141
0.00154948585643785,6.08084348480386
0.0016814998019706,6.08417845120038
0.00184251828021644,6.08793008362042
0.00203520492548336,6.09188082364424
0.00225266783281211,6.09588113547517
0.00249159158656929,6.09996993501586
0.00274818916144134,6.1041826192271
0.00301995281236172,6.1085524340761
0.00330628085618735,6.11311255911176
0.00360852660870213,6.11789789138751
0.00392985847725321,6.12294642177244
0.00427521010437434,6.128300520798
0.00463737116598672,6.13379388235703
0.00500251543284307,6.13916359286245
0.00537770684996628,6.14446937303866
0.00576408385890026,6.14967871587901
0.0061660062949428,6.15480447748846
0.00658751316310128,6.15985207718861
0.0070331651515582,6.16483002777113
0.00750768670448534,6.16974409614575
0.00801612018055148,6.17459816986154
0.00856390071605629,6.1793941056096
0.00915698290140008,6.1841321336983
0.00980196179942812,6.18881120823726
0.0105067959299019,6.19343319952423
0.0112974615605698,6.19809421531278
0.012187949287042,6.20278310661865
0.0132008749106412,6.2075181071726
0.0143679782506745,6.21233333479462
0.0157421001056608,6.21731032715588
0.017435964958932,6.2226689642086
0.019854287970704,6.22930350748525
0.0214846795265541,6.23335874058599
0.0231773111611689,6.23741397368673
0.0246461347968084,6.24097076338874
0.0258818611028185,6.24416739001069
0.0269114660814108,6.24720478931232
0.0277055599409798,6.2501330443732
0.0282327718471119,6.25295409157869
0.0284882280649519,6.25579089513096
0.0284343783972102,6.25881192548469
0.0279324204378907,6.26242242182194
0.0271270095908176,6.26561638354805
0.0260396578899162,6.26881034527416
0.0249531670253844,6.27150112070544
0.0238789360484897,6.27392013410966
0.0228049632827005,6.27620624774239
0.0217307153087974,6.27842049688964
0.0206591906386934,6.28059598320312
0.0195940716881737,6.28275407350291
0.018539006215146,6.28491013135328
0.0174974167758042,6.28707606358485
0.0164724509379763,6.28926165795695
0.0154669772104921,6.29147536313258
0.0144835929625759,6.29372478857526
0.0135246349875295,6.29601705065542
0.0125921945934174,6.29835901871986
0.0116881230407162,6.30075753055703
0.0108140442770262,6.30321956024131
0.00997136674827337,6.3057523714108
0.0091612885424833,6.30836368675272
0.00838481058082273,6.3110618415219
0.00762326137272974,6.31393255837738
0.00687828040884335,6.31700354231915
0.00615367027577977,6.32029920587775
0.00545340744245581,6.32384787855628
0.00478163573466186,6.32768239861886
0.00414259325524601,6.33184106191819
0.00354049542403086,6.33636898905529
0.00297935349382998,6.34132038246313
0.00246270397820022,6.346762790608
0.00199335386006644,6.35278421389982
0.00157330224186939,6.3595030652544
0.00121729342619932,6.36676822561995
0.000994790930387481,6.37290472601728
0.000779933372654928,6.38089423686703
0.000614693859750447,6.38925023327756
0.000481974744298214,6.39845472652338
0.000381329440401544,6.40845472652338
0.000313906122675413,6.41845472652338
0.000270244697173518,6.42845472652338
0.000243445589818977,6.43845472652338
0.000228630254386863,6.44845472652338
0.000222481299198549,6.45845472652338
0.000222818042339274,6.46845472652338
0.000228256109941344,6.47845472652338
0.000237970236057894,6.48845472652338
0.000251545720843897,6.49845472652338
0.000268894094175686,6.50845472652338
0.000290214149257623,6.51845472652337
0.000315989264665858,6.52845472652337
0.000347020777554201,6.53845472652337
0.00038450531597767,6.54845472652337
0.000430174218329973,6.55845472652337
0.000482806111369225,6.5678437974071
0.000542572786789997,6.57653920848517
0.000610317937981817,6.58458679415942
0.000687086846673786,6.59203409131302
0.000774091012551907,6.59892564720712
0.000872710066878527,6.60530307499173
0.000984508192529523,6.61120525766677
0.00111125684351271,6.61666852721561
0.00125496184369664,6.62172681836538
0.00141789286252689,6.62641181842157
0.00160261910221575,6.63075311450666
0.00181204931353769,6.63477833624099
0.00204948080752522,6.63851328830714
0.0023186565853788,6.64198208248066
0.00262383647286392,6.64520727565219
0.00296988541680008,6.64821001174789
0.00336238471078867,6.65101016781329
0.00380777773898678,6.65362651621814
0.00431356418746939,6.65607691124832
0.00488856749571461,6.65837851143326
0.00554331819294523,6.66054806690539
0.00627933030822243,6.66257394279559
0.00709027604817926,6.66444052801472
0.00798572422226791,6.66617821867342
0.0089797731838934,6.66781692880662
0.010093806190445,6.6693878316359
0.0113641263270364,6.67092940339388
0.0129200195183062,6.67255800024418
0.0150612905527631,6.67448221137207
0.0168606750701538,6.67591352913339
0.0188026307567189,6.67734484689471
0.0205869303689881,6.67861075618601
0.0221605918368558,6.67973156436079
0.0235758194637224,6.68078518095472
0.0248435535754293,6.68181748425313
0.025951612871337,6.68286521869689
0.0268694615764821,6.68397152145281
0.0275372270896712,6.68520920516589
0.0278033257712145,6.68677912174912
0.027407825431724,6.68844976355835
0.0264285558549098,6.69012040536757
0.0252776776138554,6.69151291804698
0.0239682308196272,6.69285887435518
0.0224980068339555,6.69424117577893
0.0208749738593672,6.69570207112675
0.0191041708465697,6.6972813877936
0.0176868145262202,6.6985725141638
0.0163454995980775,6.69986364053401
0.0136595168026903,6.70272434059372
0.0112147522690757,6.70576673929866
0.00933573700464819,6.70852138425357
0.00785387211360989,6.71106212121436
0.00661047311116112,6.71354668704119
0.00552580603643877,6.7160802991861
0.00457627459504095,6.71868962086868
0.00375328908461194,6.72136728172695
0.00309040173405217,6.7239195104226
0.00254625625205757,6.72638251625741
0.00208742283626628,6.72881419230547
0.00168491698417122,6.73131303064772
0.00130345223535368,6.73411684481727
0.00101960184245496,6.73658280349554
0.000776404943295154,6.73904876217381
0.000601756677201756,6.74108622911636
0.000464011663973583,6.74289558741888
0.00034446324272199,6.74464676231278
0.000234139381766865,6.74644745982175
0.000126098231533798,6.74842543284745
1.01245016931725e-05,6.75085314853221
-0.000173598024268056,6.75564864975468
-0.000298265875036215,6.76007462766955
-0.00037383859331962,6.7637554396419
-0.000428291956317105,6.76763805871158
-0.000460550923693954,6.77252848532242
-0.000446382671645744,6.77757083481046
-0.000381691056126283,6.78208788555748
-0.000265307637221215,6.78618721201781
-9.46727428044181e-05,6.78989570930844
0.000133980923386323,6.79325802191664
0.000425164200641076,6.7963182420052
0.000784793971819046,6.79912440252335
0.00122134877530348,6.8017279587388
0.00174720349343099,6.80418127125109
0.00238083386156944,6.80653800326305
0.00314723281821068,6.80884637234085
0.0040801703646366,6.8111518164259
0.0052162764241872,6.81348094293595
0.00656615881536096,6.81580109884918
0.00811373915249174,6.81805291297139
0.00976654466676785,6.82010837281896
0.0114853428757286,6.8219513992084
0.0132825758938063,6.8236215631089
0.0152233807306913,6.82518664280834
0.0173536972186694,6.82667522463588
0.0196759899677093,6.82807904315616
0.0222531652289398,6.82942505495309
0.0251287824431915,6.83072056589383
0.0283357649506434,6.83196549562078
0.0319233091890787,6.83316489371334
0.0359490040185193,6.83432369989156
0.0404705545460614,6.83544428285037
0.0455592230323827,6.83653027819687
0.0512993310178073,6.83758547899629
0.0577893897279864,6.83861350554762
0.0651462952089326,6.83961803609829
0.0735185523405897,6.84060385044291
0.0830889666153271,6.8415759705014
0.0940911586738939,6.84254031884185
0.106832482640555,6.84350419724441
0.121731189962185,6.8444770103255
0.139392996279013,6.845472162052
0.160185570580049,6.8464842751101
0.184323398340827,6.8475040189877
0.21250252848313,6.84854473390278
0.245703894281627,6.84962640662939
0.285489104640344,6.85078407477809
0.319604398246756,6.85169942949085
0.355269020480291,6.85261478420361
0.387129882291647,6.85342495512063
0.41507316494109,6.85415715051454
0.439484952439665,6.85484515232209
0.46035848346633,6.85551314090355
0.477342629693362,6.85618187371936
0.489678894733893,6.85687367812063
0.495923224722787,6.8576188453464
0.493303253146111,6.85844720892913
0.479736601084978,6.8592889753902
0.454007251822667,6.86015863949551
0.414602745683382,6.86106693331525
0.359856347103056,6.86202367970666
0.318996542404049,6.86262705815975
0.274112839756361,6.86323043661285
0.233728643883619,6.86374334361977
0.198613241157205,6.86417963631829
0.167460915451106,6.86456800651927
0.139385148757945,6.86492616756012
0.113828777136705,6.86526542865758
0.0903943372280458,6.86559424335301
0.0687456126378565,6.86592034441293
0.0485179624271657,6.86625303853811
0.0291179869545822,6.86660888840875
0.00853486067898869,6.86704581614553
-0.000945741637559997,6.86727723570862
-0.00948532270343892,6.86750865527171
-0.015881776202795,6.86770043148669
-0.0217507005384622,6.86789416617404
-0.0276113478659441,6.86810931171576
-0.0332365685849583,6.8683424459285
-0.0384827479889985,6.86859153600924
-0.0432711623819502,6.86885593103027
-0.0475616496640971,6.86913589698944
-0.0515731143228469,6.86945407498055
-0.054742692971448,6.86976720740089
-0.0573929727045269,6.87009985870221
-0.0595386323085871,6.87045487286907
-0.0611928785223031,6.8708353457199
-0.0623694805828806,6.87124508094735
-0.063081270974409,6.87168877604784
-0.063338652367017,6.87217229085699
-0.0631479265774327,6.87270305102409
-0.0625085181676446,6.87329112669542
-0.0614078462912972,6.87395069545528
-0.059817601641252,6.87470070424325
-0.057681271311202,6.87557015620314
-0.0548806373847879,6.87661022277687
-0.0511003485083669,6.87794290020974
-0.0471155116290321,6.87932055020458
-0.0432832035217009,6.88065255124416
-0.0396437863462679,6.88194305686064
-0.0362163864056121,6.88319424498603
-0.0330100890262856,6.8844069554421
-0.0300278325586743,6.88558134581741
-0.0272682785427592,6.88671724172625
-0.0247269004612236,6.88781432057767
-0.0223967406113485,6.88887220492556
-0.0202690106008031,6.88989050437178
-0.0183336031170353,6.89086882649899
-0.0165795401588435,6.89180676791498
-0.0149714073067557,6.89271787562761
-0.0134205262910599,6.89365211765871
-0.0119318147924109,6.89461078502821
-0.010509250618255,6.89559588647505
-0.00915662922409897,6.89660976899709
-0.00787750781771188,6.89765520450984
-0.00667515308176305,6.89873549851593
-0.00555248603216392,6.89985463541855
-0.00451202385416894,6.90101747712889
-0.00355581802622467,6.90223004161058
-0.00268538722799749,6.90349990561705
-0.00190164208442435,6.904836808651
-0.00120479606488446,6.90625360004108
-0.000594251298425386,6.90776780962899
-7.35898466249219e-05,6.90938628219346
0.00034186908257916,6.91104603923847
0.000669557686087904,6.91276546372049
0.000924646211469621,6.91456422341896
0.0011213883043466,6.91646825309501
0.00127354496884053,6.91851361034022
0.00139502954155262,6.9207543290349
0.00150109675728228,6.92328057533639
0.00161140864410191,6.9262721184889
0.00175362617826756,6.93000887500112
0.00192101972226515,6.93388285475343
0.00211933065316615,6.93791541669115
0.00232963556883875,6.94181367858446
0.00254947095954456,6.945667974328
0.00277729016442083,6.94953994391734
0.0030127437304043,6.95347429767718
0.00325669302979308,6.95750765922154
0.00351104667159158,6.96167292879063
0.00377858052939522,6.96600178756669
0.00406280640721127,6.9705264030026
0.00436795404631431,6.9752809374294
0.00469913147915767,6.98030292845004
0.00506275416709048,6.98563452771759
0.00543804558680258,6.99091592696224
0.00582682039767633,6.99613609197993
0.00623080874165113,7.00127645904967
0.00665342230963146,7.00633624282388
0.00709891827700999,7.01132011634035
0.00757217279894497,7.01623463136825
0.0080785098627179,7.02108538905611
0.0086236695379574,7.02587594914531
0.00921387733652924,7.03060782512299
0.00985593996662617,7.03528074573375
0.0105588574545487,7.03990254480263
0.0113477343441142,7.04456241913607
0.012236927183562,7.04925081736264
0.0132491634309905,7.05398588607974
0.0144164193150336,7.05880214880163
0.015792024792608,7.06378217946524
0.0174903227784483,7.06914963200087
0.0199065339384122,7.07577185473325
0.0215317266266133,7.07981246542154
0.0232178644905127,7.08385307610982
0.0246822520946745,7.08740232044381
0.0259145439062489,7.09059536696639
0.0269407365356044,7.09363132360908
0.0277302876118704,7.09655653981936
0.0282531477698732,7.0993761554291
0.028504127953439,7.10221335046726
0.0284449781563308,7.10523775341086
0.0279339450660129,7.10886187888623
0.0271264711706639,7.11204165315271
0.0260403259184432,7.11522142741918
0.0249543149637961,7.11790613688714
0.0238801842978622,7.12032202024064
0.0228063328340031,7.12260589505393
0.0217323137398532,7.12481823761968
0.0206611421861689,7.12699193140348
0.0195965047077601,7.12914821843276
0.0185420511283989,7.13130237007616
0.0175012061641549,7.13346621209091
0.016477119776009,7.13564945255148
0.0154726635980887,7.13786045435792
0.0144904378854983,7.14010673199498
0.0135327829054098,7.14239529083173
0.0126017925107498,7.14473287146498
0.0116993202197117,7.14712615788714
0.0108269915303033,7.14958193937684
0.00998621465220665,7.1521072585342
0.00917818573884961,7.15470957075039
0.00840370838943939,7.15739758427727
0.00764193051422072,7.16026522104791
0.00689673575414911,7.16333259847148
0.00617189845480884,7.16662415983903
0.00547140022240235,7.17016812502717
0.00479939076404526,7.17399719409971
0.00416011521414475,7.17814948547676
0.0035577969561549,7.18266989262173
0.00299645555447625,7.1876123314362
0.00247964107550402,7.19304393287089
0.00201017770038647,7.19905209373163
0.00159008840639865,7.20575428325129
0.00123367020962819,7.21300976157588
0.000943020400457585,7.22087178068479
0.000758716904177875,7.22787541778703
0.000593150244907454,7.23637340563139
0.000462687037880332,7.24564665782081
0.000364450766265169,7.25564665782081
0.000298375846932159,7.26564665782081
0.000255431907928145,7.27564665782081
0.000229043047132882,7.28564665782081
0.000214505782109047,7.29564665782081
0.000208587742319318,7.30564665782081
0.000209158668649626,7.31564665782081
0.000214877863408867,7.32564665782081
0.000224966217259488,7.33564665782081
0.000239060626018436,7.34564665782081
0.000257133045017794,7.35564665782081
0.000279457533663232,7.36564665782081
0.000306616927026943,7.37564665782081
0.000339550163118497,7.38564665782081
0.000379651071388394,7.39564665782081
0.00042848660352399,7.40556131621383
0.000484388945076792,7.41475282188945
0.000548039309812473,7.42325057269536
0.000620413128678715,7.43110618239594
0.000702672002990735,7.4383684604458
0.000796151108292352,7.44508277385713
0.00090236812473991,7.45129131590386
0.00102304314145225,7.45703336140394
0.00116012404998614,7.46234548262505
0.00131581624219374,7.46726173663297
0.00149261569523535,7.47181384499719
0.00169334923111413,7.47603136635907
0.00192122072936394,7.47994185842998
0.0021798672749084,7.4835710285701
0.00247342745593866,7.4869428861491
0.0028066259374845,7.49007990072285
0.00318488168314648,7.49300316359604
0.0036144469809013,7.49573256019496
0.0041025937182738,7.4982869676947
0.00465786997234457,7.50068448978694
0.00529046527694545,7.50294275392236
0.00600781650952774,7.50506598584346
0.00679918954874642,7.50701995544676
0.00767384704870267,7.50883669060814
0.00864571109322766,7.51054812669975
0.00973596284361741,7.512187459072
0.0109807240776942,7.51379563576839
0.0124926691980404,7.51547926419767
0.0145823202997472,7.51747661376202
0.0163399936074011,7.5189638395372
0.0182353058920246,7.52045106531239
0.01994706804314,7.52174663483714
0.0214555335556652,7.52289562991339
0.0228103652634864,7.52397733929876
0.0240204586488516,7.52503792061259
0.0250727936781943,7.52611474835599
0.0259363581374738,7.52725204917549
0.02655057416179,7.5285249720678
0.026760366978738,7.53014321187993
0.0263289069224444,7.5318377686229
0.0253417372602175,7.53353232536588
0.0241971679912262,7.53494773311759
0.0229031817929113,7.5363146287375
0.0214578723543337,7.53771520217504
0.0198695634576504,7.53919130050113
0.018143908376094,7.54078203603027
0.0163065510462204,7.54253906230766
0.0148212034081098,7.54406960638168
0.0122032065158166,7.54709469465759
0.0100742468414422,7.54998128757094
0.00841474862795209,7.5526171765193
0.0070743372800923,7.55509586608183
0.00590775142112693,7.55760703974255
0.00488567727119667,7.56018245652902
0.00404986279117826,7.56264916398017
0.00336618759429322,7.56499770892139
0.00279718690784759,7.56725847537922
0.00231337668549587,7.56947155470131
0.00188984072789216,7.57169772779027
0.00150004058960752,7.57405975495802
0.00108649406859444,7.57700601350876
0.000859986211965881,7.57887346089812
0.00065717061605213,7.58074090828748
0.000491468303588332,7.58243328973386
0.000349831169536199,7.58402227273152
0.000220204052541102,7.58561241213059
9.43741005686065e-05,7.58730210747226
-3.70835942661896e-05,7.58924962445471
-0.000198654531461123,7.59195487263412
-0.000390314962789041,7.59574179662115
-0.000525034632424125,7.59891395718085
-0.000634508984760561,7.60192135934737
-0.000740377395375241,7.60534272753839
-0.000850698533899363,7.60973685046506
-0.000954415415967273,7.61548782177629
-0.00100144090276758,7.62043121828708
-0.000999589394112542,7.62492391651205
-0.000946447415443924,7.62896369507316
-0.000838478463451545,7.63260154170904
-0.000671458343731587,7.63588330594579
-0.000440077177398354,7.63886543736808
-0.000137246192637846,7.64160651506209
0.000247510102514629,7.64416861839601
0.000731842673792835,7.6466242971118
0.00135086128893719,7.64907680959459
0.00217074550041803,7.6516640464329
0.00331711110229487,7.65458799248599
0.00479468462764576,7.65770416182926
0.00618361564886635,7.66022515296911
0.00776856359643324,7.66274614410896
0.00922569335066822,7.66477416525148
0.0106758652669203,7.66654717774202
0.0122103688694762,7.66819030091851
0.0138763125389222,7.66974401252919
0.0157143181341614,7.67122962775244
0.0177625126883464,7.67265869518908
0.0200509010737683,7.67403323508522
0.0226150348899028,7.67535710833379
0.0254918040540869,7.67663285087387
0.0287145881546821,7.67786029563784
0.032332165385008,7.67904399910664
0.0363943434481346,7.68018644248879
0.0409577179899905,7.68129018369241
0.0460899803483245,7.68235843510669
0.0518730985089344,7.68339495744905
0.0584027092198504,7.68440328782942
0.0657938135307014,7.68538719413347
0.0741864118830554,7.68635075131076
0.0837521022754661,7.68729833716946
0.0947089225497086,7.68823517207748
0.10733543450784,7.68916725206865
0.121998873227513,7.69010193036729
0.139201130350345,7.69104873243868
0.159663281042663,7.6920209015786
0.183495617998992,7.69300030737789
0.211158477923552,7.69398905838296
0.243441267844881,7.69499999886767
0.281466862599365,7.69605321010749
0.326859739324673,7.69718149643839
0.361462515574262,7.69798367011467
0.397075924848145,7.69878584379095
0.428762112641992,7.69950483542385
0.456517036245142,7.70016575599437
0.480670640088937,7.70079854789473
0.501105368747008,7.70142637755668
0.517275149772195,7.70207220333081
0.52801328754717,7.70276643528462
0.53075755721655,7.70356317976122
0.522454286334575,7.70437289645353
0.501961241103437,7.70521369852082
0.467653819428702,7.70609992076231
0.417579037586671,7.70704129593564
0.369843985754034,7.70776929612795
0.315175920648094,7.70849729632027
0.266911904157967,7.7090872850384
0.226459310955108,7.70956292782435
0.191443596182955,7.70997152479432
0.160335802501607,7.71033981508281
0.13227818716144,7.71068292002775
0.106724401618386,7.71101088259134
0.0832655645284962,7.71133177210868
0.061526942579104,7.7116538235612
0.0410362433874707,7.71198875426849
0.0207717793437341,7.71236395300506
0.00502050798117006,7.71270042454631
-0.00296469178277565,7.71289225030641
-0.010258649510901,7.7130840760665
-0.0165406702531181,7.71326524938897
-0.0225577337774807,7.71345624156436
-0.0285392877685782,7.71366772577854
-0.0342612453589406,7.71389645511061
-0.0395866471146413,7.71414066634474
-0.0444405387571928,7.71439986137189
-0.0487850090993752,7.71467439259131
-0.0526037348160618,7.71496523984256
-0.0561201928267215,7.71529919083731
-0.0588039812278518,7.71562676045881
-0.0609726724200216,7.71597629034597
-0.0626435358351233,7.71635127961062
-0.0638309861281266,7.71675560731125
-0.0645482868915459,7.71719407489037
-0.0648060193072327,7.71767269860951
-0.0646102917572998,7.71819914602438
-0.0639597138459513,7.71878389088163
-0.0628399259668447,7.71944172286683
-0.0612188954936828,7.72019279378993
-0.0590319623881772,7.7210686341582
-0.0561393780132756,7.72212717452486
-0.0521327258409738,7.723520948951
-0.0480843272031006,7.72490360566154
-0.0441889081766382,7.72624257810658
-0.0404852725090448,7.7275416417149
-0.0369928045482379,7.72880252734471
-0.0337211800267235,7.73002578659383
-0.0306740427446282,7.73121138151876
-0.0278507661707959,7.73235899782809
-0.0252474781492167,7.73346820920206
-0.0228577810927855,7.73453856038845
-0.0206733331983448,7.73556960378545
-0.0186843536435609,7.73656090778183
-0.0168800727545048,7.73751204678543
-0.0152491325157434,7.73842257839125
-0.0136871947118532,7.7393486827205
-0.0121861416147968,7.74029867978738
-0.0107501147780029,7.74127441318173
-0.00938298608941725,7.74227810366255
-0.0080884113799863,7.74331236627722
-0.00686977874117499,7.74438030973136
-0.0057301551177822,7.74548566772797
-0.00467223037619006,7.74663297711027
-0.00369825851560398,7.74782782544773
-0.00280999511257821,7.74907720515748
-0.00200862911248396,7.75039003764908
-0.00129470528677471,7.75177798207284
-0.000668030158365899,7.75325674942073
-0.000127546589142215,7.75484838398118
0.000307359389103908,7.75649187854527
0.00064869736958036,7.75818890573752
0.000912027287692044,7.75995803418705
0.00111169195090854,7.76182275794673
0.0012613187999825,7.76381508307691
0.00137432781151066,7.76598164664208
0.00146476730757775,7.76839709852234
0.00154917301098028,7.77119983866098
0.00165307649948858,7.77473045032844
0.00178016274629904,7.77851018377935
0.00194698729427128,7.78270266477334
0.00216358764305565,7.78745911689811
0.00236939177452168,7.79163063348291
0.00257063507233448,7.79555887796318
0.00277071669440417,7.79939387220146
0.00297209459863728,7.80321451062624
0.00317721732170673,7.80707286651014
0.00338872335549999,7.81100899834949
0.00360947587084038,7.81505721160528
0.00384256749527283,7.81924916635531
0.00409137307309227,7.82361621797438
0.00435963627962135,7.82819086893981
0.00465166469007446,7.83300823366352
0.00497268664725635,7.83810735122938
0.00532883417515713,7.84352284999154
0.00569137695385691,7.84876537167061
0.00607195645275922,7.8539761746186
0.00646921559602482,7.85909237578994
0.00688783130812487,7.86413120537681
0.00733184073579619,7.8690946791376
0.00780622850807479,7.87399045144825
0.00831631474064658,7.87882343655455
0.00886789456725079,7.88359672898079
0.00946727507930835,7.88831127927858
0.0101213958303656,7.89296642553729
0.0108445850995878,7.89760094355415
0.0116580912514886,7.90226897964969
0.0125786765102758,7.90697005054781
0.0136312092384786,7.9117254971525
0.0148524279800108,7.91658045547156
0.0163075293719583,7.92164496582373
0.0181545761281096,7.92724471870627
0.0205731875328268,7.93365106082652
0.022128769799209,7.93745189722765
0.0237167697605003,7.94125273362879
0.0251007959094865,7.94465863419337
0.0262682812784216,7.94778611587458
0.0272305922818395,7.95080321534333
0.0279371256802862,7.95368371322304
0.0283776066068935,7.9564946694186
0.0285391975442865,7.95936702125202
0.0283656739586372,7.96250656360921
0.0276156919075127,7.96658445027173
0.0267642820013716,7.96948784291222
0.025700342584899,7.9723912355527
0.0246238603011495,7.97495685448577
0.0235503418215747,7.97732016932141
0.0224759603554701,7.97957646492713
0.0214022073164145,7.98177371682563
0.0203324706614457,7.98394006009523
0.0192704607521782,7.98609442571675
0.0182197620498629,7.98825079217806
0.0171837105098966,7.99042020639241
0.0161653635825276,7.99261189090262
0.0151675015930114,7.99483390918474
0.0141926383737764,7.99709359902686
0.0132430306005398,7.99939788360363
0.012320691302039,8.00175349702697
0.0114273989551448,8.00416717421513
0.0105647040676865,8.00664582292127
0.00973394569237203,8.00919665613468
0.00893625248789879,8.01182736726362
0.00816555746009507,8.01457222337688
0.00740881301542781,8.01750307904152
0.00666987667396089,8.02064139581161
0.00595259708927804,8.02401281693191
0.00526101772565464,8.02764700693348
0.00459933348160075,8.03157840588639
0.00397180420474952,8.03584729450992
0.00338261794869403,8.04050140540701
0.00283568962014657,8.04559864571963
0.00233436940132355,8.05121234842109
0.0018812384288882,8.05743939507219
0.00148146242267606,8.06434580325931
0.00114653697585568,8.07178880226268
0.000940497718901089,8.0780318280443
0.000741994630096904,8.08619826884086
0.000589715162666783,8.09484313558839
0.000471621696575794,8.10423977062587
0.000386178158302218,8.11423977062587
0.000331277066047389,8.12423977062587
0.000298581114904825,8.13423977062587
0.000282090915451256,8.14423977062587
0.000277676717226573,8.15423977062587
0.000282679364278156,8.16423977062587
0.000295552629194888,8.17423977062587
0.000315595230044687,8.18423977062587
0.000342794489610823,8.19423977062587
0.000377778036406087,8.20423977062587
0.000421869366489021,8.21423977062587
0.000475665287429619,8.22397452452521
0.000537735129432863,8.23297989199363
0.000608719905197479,8.24129411625498
0.000689629175499401,8.24897081501952
0.000781712473041249,8.25606011564268
0.000886431681103355,8.2626083590747
0.00100546462370249,8.26865846059007
0.00114072348739785,8.27425022510591
0.00129438174906241,8.2794206025654
0.00146890624578962,8.28420391328149
0.00166709591743136,8.2886320611102
0.00189212827125675,8.29273473501982
0.0021476161386082,8.29653959182258
0.00243767540767077,8.30007242841936
0.0027670120729353,8.30335736135618
0.00314103146187979,8.30641701514482
0.00356598156997938,8.30927271728193
0.00404914538263963,8.31194472052248
0.00459910735068824,8.31445247346943
0.00522613826282965,8.31681496477841
0.00593905621300782,8.31904061329109
0.00672700499651616,8.32109127794387
0.00760010402026384,8.32300171154079
0.00857388225279861,8.32480731797238
0.00967285810534291,8.32654650929408
0.0109413984474206,8.32827052560655
0.012518442607454,8.33011597809917
0.014897965420228,8.33249575416171
0.0164747528592265,8.33390763815684
0.0181340963418715,8.33531952215198
0.019645158709915,8.33658724222
0.0209948233103432,8.33774964802491
0.0222038905505872,8.33886520166969
0.0232689876151736,8.33997490594975
0.0241695871133437,8.34111827653529
0.0248651895680955,8.34234961532568
0.0252720175100664,8.34377849689287
0.0250874394503499,8.34585827741846
0.0244173209408586,8.34739432413166
0.02339062271914,8.34893037084486
0.0222159914643699,8.35034147570393
0.0208987055515872,8.35174724424133
0.0194473125740899,8.35320035201399
0.0178709707556409,8.35473817325175
0.0168825860333036,8.35570252014516
0.0159189806441782,8.35666686703856
0.0135312742682868,8.35926459868304
0.0111329170241378,8.36227428282576
0.00925331127246506,8.36503772554565
0.00776364383426513,8.36759077968369
0.0065087118393584,8.37009059640213
0.00542318361455543,8.3726094758509
0.00450956168960595,8.37508261337749
0.00371921024163288,8.3775799500666
0.00299913838998353,8.38025357860656
0.00233018150745019,8.3832137357374
0.00193513544849684,8.38525749782288
0.00158678798596821,8.38730125990837
0.00130766173859657,8.38914526715026
0.00107181750319229,8.39088113859014
0.000858198921287358,8.39262535129565
0.000652715042406328,8.39449116985785
0.000439125439140941,8.39667173753647
0.000170448728476817,8.39986517824692
-9.4313166931663e-05,8.4036883248746
-0.000278788204206678,8.40692232600554
-0.000432126140112218,8.4101251602743
-0.000578279408564072,8.41381680028278
-0.000724670528944918,8.41855312828772
-0.000839204698677002,8.42393743882782
-0.000890060997782877,8.42867955905675
-0.000885324664432076,8.43300161000573
-0.000824190113327807,8.43691288741875
-0.000703785898844559,8.44046616357077
-0.000519754047400448,8.44370813718125
-0.000265778565481947,8.44669484706178
6.73216006375514e-05,8.44948532345722
0.000494070011084897,8.45214647678973
0.0010395563073791,8.45476163835225
0.00175233506038429,8.45745277127166
0.00275380408369568,8.46047519007111
0.00403805203721803,8.46363881461174
0.00563125957703847,8.46691639993423
0.00679682262742741,8.46899208832292
0.00811399597126211,8.4710677767116
0.00945742882224698,8.4729253964107
0.0108864951403081,8.47465311537513
0.0124292292733232,8.47627614424215
0.0141300338438618,8.47782646302691
0.0160169743300429,8.47931127983933
0.0181255906962213,8.48074006206803
0.0204845138003923,8.48211423856479
0.0231263342510806,8.48343639374016
0.0260886695579538,8.48470988337163
0.0294071589517375,8.4859355798139
0.0331302032331313,8.48711761167828
0.0373103403334119,8.48825901871946
0.0420082684380091,8.48936291566871
0.0472936874148213,8.49043230308343
0.0532531950722003,8.49147114551321
0.0599888384152014,8.49248324919069
0.067623951647914,8.49347264695495
0.0763100618875563,8.49444376260219
0.0862360264726131,8.49540153695181
0.0976435636471147,8.4963518113474
0.110849681753204,8.497301703208
0.126284529309943,8.49826033034462
0.144561475683506,8.49924025863844
0.166088212609845,8.50023759117629
0.191057884867967,8.50124161219208
0.220170176255553,8.50226469095546
0.25439669538893,8.50332513851157
0.295281927911215,8.50445548336435
0.33051327356154,8.50535239284243
0.367395603686518,8.50624930232052
0.400170503323347,8.50703836089014
0.428813528235383,8.50774884379566
0.453835424517946,8.50841651357712
0.475275475189499,8.5090663754043
0.492786257080939,8.50971994467351
0.505571651772431,8.51040111675854
0.512049290090816,8.51114442666668
0.509249296172542,8.51196076910538
0.495208190455984,8.51279473372552
0.4686277427502,8.51366158915968
0.427861873622703,8.51457242130574
0.37110023834871,8.51553626861036
0.328540305491529,8.51614717836552
0.281767206821701,8.51675808812068
0.239887199713324,8.51727473366463
0.203685701087488,8.5177116500697
0.171700917113291,8.51809907053243
0.142951384506351,8.51845548720273
0.116829400887149,8.51879254896806
0.0929078976619996,8.51911886034877
0.0708310021291831,8.51944221362203
0.0502187483262942,8.51977191037007
0.0304614673972063,8.52012440788869
0.00951268832576174,8.52055702429058
-0.000158391328231485,8.52078675417934
-0.00886588804533181,8.52101648406811
-0.015325114348901,8.52120501458329
-0.021252766844741,8.52139539382299
-0.0271837653137121,8.5216070954407
-0.0328848846176424,8.52183668646981
-0.0382081912983134,8.52208211408147
-0.0430722909706512,8.52234270323353
-0.0474354370535122,8.52261869436388
-0.0512740502472252,8.52291098838646
-0.0546340992971939,8.52322717518599
-0.0573734322121328,8.523554443817
-0.0596020287292603,8.52390355372901
-0.0613342871292491,8.52427764237886
-0.0625843098201171,8.52468043625281
-0.0633653834451473,8.5251165383518
-0.0636884737289985,8.52559169198474
-0.0635605459325008,8.52611317495312
-0.0629820875651895,8.52669066492842
-0.0619416102616644,8.52733816313506
-0.0604120944727616,8.52807414221577
-0.0583390997939135,8.52892674775541
-0.0556090251758016,8.52994517108877
-0.0519247335254353,8.53124400359399
-0.0478966535364159,8.53263173331928
-0.044011556113066,8.53397383230492
-0.0403142908464684,8.53527467853344
-0.0368263170098654,8.53653653330327
-0.0335582329132581,8.53776025149991
-0.0305141166816133,8.53894597308916
-0.0276935492303825,8.54009349213567
-0.0250927555945059,8.54120245071694
-0.0227053807078858,8.54227243814259
-0.0205230989295685,8.54330303659986
-0.0185361338761914,8.54429383473841
-0.0167337163959763,8.54524442081213
-0.0151044890813763,8.54615436173145
-0.0135422482498535,8.54708100600743
-0.0120409475717217,8.548031556129
-0.0106047100056689,8.54900787235787
-0.0092374037023743,8.5500121832862
-0.00794267839727286,8.5510471132617
-0.00672391378085326,8.55211578221813
-0.00558416593356263,8.55322193776142
-0.00452611112897001,8.55437013438156
-0.00355198662928685,8.55556598263005
-0.00266352749443312,8.55681650570854
-0.0018618973783074,8.55813066761696
-0.00114760938375943,8.55952018875611
-0.000520429294412508,8.56100087256435
2.07546447253374e-05,8.56259491191698
0.000456108089673933,8.56423935131043
0.000798303875815736,8.56593767845303
0.00106290310804557,8.5677084933896
0.0012642837821309,8.56957542092994
0.00141613561071342,8.57157067858882
0.00153198664544841,8.57374128096691
0.00162608106155105,8.57616264552309
0.00171535785661379,8.57897510924765
0.0018264836151379,8.58252685628126
0.00196156385157305,8.58631046330914
0.00212617914216563,8.5902438427566
0.00230823445955933,8.5940970618975
0.00250433308955575,8.59793996870762
0.00271163960207541,8.60182400869711
0.00292860288957167,8.60578905836864
0.00315508789259313,8.60986941985338
0.00339223224703048,8.61409712991802
0.00364223271568438,8.61850397524842
0.00390816416227476,8.6231230428563
0.00419391481319925,8.62799020061944
0.00450431892620765,8.63314542971756
0.00484560214527455,8.63863422868562
0.00519318969307566,8.64400383473737
0.00555353199538697,8.64931856719393
0.00592676745147523,8.65453569939641
0.00631687326156827,8.65966703238525
0.00672765728408304,8.66471725006932
0.00716360988847614,8.66969556888759
0.00762943052586953,8.67460846939203
0.00813016288422322,8.67946052786258
0.00867123996027339,8.68425402942432
0.00925860750158554,8.68898942891413
0.00989884622629194,8.69366577119102
0.0106007059066173,8.69829003687142
0.0113893316067813,8.70295235409697
0.0122790546797241,8.7076430615984
0.0132926963752017,8.71238068348767
0.0144624982532925,8.71720053573319
0.0158425360696574,8.72218715363839
0.0175498151484026,8.72757069970048
0.0199648077342221,8.73417690141874
0.0215823015969899,8.7381953166511
0.0232585133129044,8.74221373188347
0.0247164399123549,8.74575199381508
0.0259440699742321,8.74894026827896
0.0269660170739738,8.75197473637097
0.0277503165337314,8.75489721007346
0.0282679704937792,8.75771640998073
0.0285133202595063,8.76055586597373
0.0284471504488697,8.76358703450878
0.0279233379292835,8.7672335979288
0.0271129516560947,8.77039568589599
0.0260283436012855,8.77355777386319
0.0249427581402303,8.77623597668068
0.0238683451144405,8.77864968873758
0.0227940776378387,8.78093291193755
0.0217196364049612,8.78314538031642
0.0206480549887506,8.7853197349006
0.0195830160541908,8.78747712171395
0.0185281599209249,8.78963277831014
0.0174869001278111,8.79179853148541
0.0164623752175944,8.79398411409166
0.015457444962144,8.79619793484044
0.0144746985086738,8.79844757208106
0.0135164646325102,8.80074011706097
0.0125848266418037,8.8030824181677
0.0116816282356806,8.80548129379252
0.0108084852682696,8.80794370162103
0.00996679852640046,8.81047688865934
0.00915775777799747,8.81308856349816
0.00838235587264923,8.81578704710336
0.00762098934922132,8.81866181629126
0.00687629578145341,8.82173733253068
0.00615207093807792,8.82503815556632
0.00545229847339672,8.8285927368896
0.00478112905609055,8.83243407238643
0.00414280679671917,8.83660066847774
0.00354155145804942,8.84113794131323
0.00298137593134016,8.84610053516543
0.00246581542229113,8.85155670077987
0.00199767585846063,8.85759558972743
0.00157896349462898,8.86433751686594
0.00131537218452511,8.86957821723312
0.00110479567345582,8.8748189176003
0.000873051453817493,8.88254004751516
0.000703223093892957,8.89022837247366
0.000554953249832793,8.89933005033414
0.000441484657839272,8.90933005033414
0.000366167646286767,8.91933005033414
0.000318414040618932,8.92933005033414
0.000290525014383738,8.93933005033414
0.000277040304782338,8.94933005033414
0.000274272077676674,8.95933005033414
0.000279872279373461,8.96933005033414
0.000292473260947481,8.97933005033414
0.000311438163610379,8.98933005033414
0.000336720446405729,8.99933005033414
0.000368816356374736,9.00933005033414
0.00040880062981141,9.01933005033414
0.000458454052254395,9.02933005033414
0.000515696477019747,9.03861254161426
0.00058096675967665,9.04719363987855
0.000655129434278562,9.05512531886693
0.000739287668935891,9.06245711874391
0.000834742425665701,9.0692350287819
0.000942988149741345,9.07550177834771
0.00106572756372423,9.0812971200952
0.00120489500847141,9.08665806121803
0.001362685566084,9.09161905458842
0.0015415871203831,9.09621218591756
0.00174442115925421,9.10046735394084
0.00197438852863183,9.10441243857048
0.00223512633511092,9.1080734508072
0.00253077630222828,9.11147468642136
0.00286607020092996,9.11463888849572
0.00324643962748427,9.11758741244122
0.00367815624181635,9.12034040009848
0.00416852110220528,9.12291698278659
0.00472612598657943,9.12533552402807
0.00536122595082187,9.12761392666861
0.00608102509033194,9.12975574567
0.00687517382009744,9.13172775712366
0.00775322631188553,9.13356256641674
0.00872959430987334,9.135292836571
0.00982642390870918,9.13695293643765
0.0110820890376602,9.13858619724166
0.0126177628283045,9.14030775726472
0.0147926284340314,9.14239811800359
0.0164690555802115,9.14383001943087
0.0182631255300709,9.14526192085814
0.0199285247721926,9.14655033587317
0.0214050861602769,9.14770382034189
0.0227314339704687,9.14879367154211
0.0239137452693589,9.14986476998236
0.0249377395468629,9.15095472328838
0.0257710820266459,9.1521091309796
0.0263503562464887,9.15340748330707
0.0265068172036907,9.15508253793684
0.0260311090705886,9.15676659506788
0.0250301424598271,9.15845065219891
0.0238825596404911,9.15986853047561
0.0225886724833615,9.16124366369947
0.0211474819406182,9.16265425296383
0.0195675346187957,9.16414135807757
0.0178544528492657,9.16574416634197
0.0160402643912569,9.1675150448685
0.0140886706962336,9.1696011533359
0.0116362793854264,9.17258812198357
0.00967800289253004,9.17538662536909
0.00813510137345579,9.17796502589798
0.00685733536881997,9.18045218100531
0.00574370736592611,9.18298244285182
0.00476889126703123,9.18558425294684
0.00391514310779499,9.18828072796447
0.00316827382428011,9.19109529726042
0.00251650520825811,9.19405329523529
0.00206954780416746,9.19646785161599
0.00174395649549849,9.19849919483089
0.0014734222015969,9.20041671939769
0.00123184859256688,9.20235583082094
0.00100301699949285,9.20444754869725
0.000768325314666813,9.20693412482763
0.000464774613429541,9.21089264594658
0.000227733356234492,9.21492957013163
7.35780176246554e-05,9.21835140175645
-4.72444646622057e-05,9.22186867436587
-0.00014613103864861,9.2259822426024
-0.000211417273463289,9.23129061017117
-0.000207366086689381,9.23604049279237
-0.00014297932214439,9.24038848863763
-2.025602797201e-05,9.244351028527
0.00016173725325699,9.24796838712839
0.00040596972378871,9.25128338626288
0.000717402953470456,9.25434255635047
0.00110343278831934,9.25719413734436
0.00157478572881975,9.25988733669766
0.00214717029974195,9.26247345826955
0.00284346938854112,9.26500603809271
0.00369861394947159,9.26754601521065
0.00475304998655874,9.27013243706891
0.00600557128589688,9.27269652866915
0.00737703913432128,9.27506930575673
0.00881562341387212,9.27719770778094
0.0103100958778259,9.27910294500618
0.0118847814804957,9.28083899921737
0.0135971214052311,9.28247172316371
0.0154565798279701,9.28400285046526
0.0175195542084236,9.28546775600078
0.0198133980158828,9.28686988791515
0.0223696068310842,9.28821353093157
0.0252321697077305,9.28950672048011
0.028436927125769,9.29075073385405
0.0320347702848314,9.29195093941481
0.0360777388342903,9.29311028992664
0.0406236853446897,9.29423137557904
0.0457460746597501,9.29531835931769
0.0515285039025252,9.29637476256794
0.0580704032543559,9.29740426620433
0.0654931019346831,9.29841100806705
0.0739476126172038,9.29939975058364
0.083622346249107,9.30037574711034
0.0947597560148094,9.30134524795704
0.107681659561339,9.30231605266043
0.122832023090572,9.30329842034897
0.140864786988727,9.30430725405304
0.161948531540268,9.30532683570003
0.186455367209096,9.30635694223943
0.215126804766255,9.30741251650303
0.249037338820891,9.30851667166154
0.2886712897473,9.30967544146507
0.329303798149665,9.31077410627966
0.363585985984902,9.31166957161128
0.393302740871099,9.31245189177996
0.419363797280765,9.31317166905941
0.441969115969397,9.31385780397794
0.460946820278843,9.31453191010429
0.475790672950474,9.31521431131411
0.485529125900552,9.31592867935053
0.488324596667227,9.31670947970483
0.481356887823177,9.31754652257812
0.463135603119938,9.31840127967283
0.432351804325945,9.31928643521371
0.387481252773359,9.32021166932596
0.345102359849923,9.32091602114273
0.296458732342607,9.3216203729595
0.25261666097317,9.32220184435209
0.215210564376578,9.32267779731946
0.18243101867552,9.32309070942227
0.153083214083593,9.32346497867802
0.126476246313589,9.32381478897722
0.102156250704738,9.32414978112936
0.0797742549659359,9.32447781156957
0.0590032664553121,9.32480692646753
0.0394270903019654,9.32514844728598
0.0201651346086276,9.32552788303665
0.00591878927453131,9.32584907255649
-0.00221747620392251,9.32605422120573
-0.00963259026599283,9.32625936985497
-0.0159476826511476,9.32645138137501
-0.0217840021284455,9.32664674199559
-0.0276086630331214,9.32686362261062
-0.0331958089268766,9.32709855435832
-0.0384037276276416,9.32734950820501
-0.043154899479378,9.32761584236087
-0.0474088128429589,9.32789783369169
-0.0514609510015222,9.32822548162131
-0.0545854318409297,9.32854137372337
-0.0571921852705104,9.32887686067613
-0.0592969809877001,9.32923491900866
-0.0609129540834437,9.3296186791276
-0.0620537132163559,9.33003198374653
-0.0627318712070765,9.33047957712799
-0.062957564210015,9.3309673764907
-0.0627367872597384,9.33150287988625
-0.0620684573423754,9.33209635551847
-0.0609395220753314,9.33276206290298
-0.0593211206740048,9.33351917978789
-0.057155857904109,9.33439712719938
-0.0543234862101493,9.3354480485569
-0.0505000805126631,9.33679765785641
-0.0465420310422049,9.33817014926059
-0.042741136214811,9.33949689892961
-0.0391354212332223,9.34078202312103
-0.0357428673778233,9.34202766176676
-0.0325718038822268,9.3432346489761
-0.0296245950692095,9.34440315239376
-0.0268994403821223,9.34553301419859
-0.0243914383047796,9.34662392984679
-0.0220933339953589,9.34767553850269
-0.0199961145959398,9.34868746307263
-0.0180895163337537,9.34965931980611
-0.0163624670832571,9.35059070827463
-0.0147619585772117,9.35150563674461
-0.0132195234652259,9.35244386928212
-0.0117398808897782,9.35340683550352
-0.0103269811120691,9.35439659612693
-0.0089845815295158,9.35541556316929
-0.00771619171235459,9.35646658949895
-0.00652502051433902,9.35755308274718
-0.00541392023945201,9.35867915813692
-0.00438532760012578,9.3598498481923
-0.00344120062336069,9.36107139823373
-0.00258294973282553,9.36235169601684
-0.00181135956899744,9.36370092041516
-0.00112649492385326,9.36513256721242
-0.000527577575015721,9.36666516868768
-2.26629427240595e-05,9.3682893692867
0.000380159186941699,9.36995781152502
0.000697875990733119,9.37168881536894
0.000945524283520074,9.37350290418263
0.00113729587150591,9.37542733703484
0.00128699814895556,9.37750042405079
0.00140877080693129,9.37978043051495
0.00151847932686407,9.38236681608388
0.00163757455694825,9.3854663669897
0.00178857981416192,9.389200456818
0.00196867737523638,9.39312049970661
0.00217177416465834,9.39704234839794
0.00239539609905201,9.40101336830951
0.00263594335623596,9.40507343069187
0.00289070230839203,9.40925733531534
0.00315860663276268,9.41359782114052
0.00344034170300363,9.41812770821876
0.00373819776090348,9.42288150726924
0.00405591481957112,9.4278967660801
0.004398709281255,9.43321540965463
0.00476065787921809,9.43868945973928
0.00512644890687154,9.44403543230743
0.00550352591882785,9.44932070136653
0.00589277756436152,9.4545102345098
0.00629860742317151,9.45961734460793
0.0067250860073568,9.46464708004505
0.00717687219249419,9.46960788279799
0.00765880751072124,9.4745053068522
0.00817607928722104,9.47934303310211
0.00873428858011726,9.4841226739123
0.00933957622640371,9.48884419964093
0.00999874927478722,9.49350636464741
0.0107246498904993,9.49813908315012
0.0115398266828441,9.50280662994123
0.0124604473344804,9.50750608676674
0.0135110047256361,9.51225831012525
0.014727366115368,9.51710646466007
0.0161724882555832,9.52215529044256
0.0179955036446482,9.52770925997952
0.020418532291538,9.53415355668714
0.0219861190623828,9.5379891476887
0.0235908223122041,9.54182473869027
0.0249910399309123,9.54525560532557
0.0261721296959344,9.54839484485892
0.0271480633979037,9.55141493907332
0.0278719919301991,9.55430390500439
0.0283298334543475,9.55711618605996
0.0285104020224109,9.55998077684429
0.0283616223092822,9.56309478788597
0.0276690405252328,9.5670592929256
0.026827569418439,9.57001634598805
0.0257609509954504,9.5729733990505
0.0246832869798195,9.57556451024146
0.0236099214678971,9.57794023466393
0.0225357421035134,9.58020361764916
0.0214618949958456,9.58240522345613
0.0203917017990996,9.58457424729797
0.0193288722771787,9.58673016525959
0.0182770070210079,9.58888728000824
0.01723946165401,9.59105685254775
0.0162193136447614,9.59324825836106
0.015219362163206,9.59546967980435
0.0142421391014735,9.59772855342676
0.0132899182134437,9.60003189139039
0.012364729090654,9.60238651327439
0.011468366646681,9.60479924079177
0.0106023975843777,9.6072770752424
0.00976817755958136,9.60982733319196
0.00896685228168012,9.61245782645613
0.00819541571088314,9.61519160447951
0.0074376265948922,9.6181102054814
0.00669736464101601,9.62123474690004
0.00597845678649966,9.62459063646208
0.00528492648987401,9.62820725201852
0.00462095112818993,9.63211868205833
0.00399077828202543,9.63636475676544
0.00339859298816314,9.64099258872624
0.00284831958003391,9.64605916473776
0.00234333174244052,9.65163633693503
0.00188623301272947,9.65781864680351
0.0014808830148125,9.66469478310049
0.00123233161655838,9.66991064538153
0.00103451880737978,9.67512650766256
0.000833070256214651,9.6821114662031
0.000655238394492451,9.69036407304574
0.000513031087724243,9.69938789196078
0.000402153020789203,9.70938789196078
0.000327371409252272,9.71938789196078
0.000278465299184529,9.72938789196078
0.000247978342420977,9.73938789196078
0.000230583765555984,9.74938789196078
0.000222619748958499,9.75938789196078
0.000221659466331263,9.76938789196078
0.00022615104279023,9.77938789196078
0.000235156763709998,9.78938789196078
0.00024818527804282,9.79938789196078
0.000265094328822387,9.80938789196078
0.000286043739887627,9.81938789196078
0.00031148756496162,9.82938789196078
0.000342203721672553,9.83938789196078
0.000379368168380265,9.84938789196078
0.000424691148461465,9.85938789196078
0.000477196660635227,9.86881774242769
0.000536889088902826,9.87755033918502
0.000604603070777983,9.88563050824818
0.000681385210814169,9.89310636701726
0.000768451495925218,9.90002301013735
0.000867187957907983,9.90642251915967
0.000979166590241621,9.91234417951423
0.00110616792413799,9.9178246716971
0.00125020821501918,9.922898234053
0.00141356911253917,9.92759681953602
0.00159883355845897,9.93195024901213
0.00180892617161293,9.93598635943203
0.00204716276560968,9.93973114093319
0.00231730799559114,9.94320887235644
0.00262364746175057,9.94644226271863
0.00297107710934155,9.94945259682498
0.00336521620673062,9.95225988480942
0.00381255560490053,9.95488302822126
0.00432065571059495,9.95734001169784
0.0048984199741281,9.95964813199661
0.00555648808096312,9.96182429523908
0.00629520794498037,9.96385379648481
0.0071093919126148,9.96572484731848
0.00800890887628089,9.967468140393
0.00900831688168273,9.96911395676039
0.0101298966563914,9.97069422143399
0.0114120129281398,9.97224913703771
0.0129940063287937,9.97390384213252
0.0152173402334516,9.97589808450159
0.0169582657200984,9.9772846113246
0.0188251463477537,9.97867113814761
0.0205705448671107,9.97992467747271
0.0221182733794967,9.98104433537763
0.0235107593278993,9.98210095248103
0.024756075985712,9.98313894089791
0.0258406129392507,9.98419514685195
0.0267322778800784,9.98531400129629
0.0273679058869139,9.98657264870475
0.0275808183118236,9.98819536640241
0.0271350441918696,9.98984866380805
0.0261362936082488,9.99150196121369
0.0249765907013746,9.99289243661557
0.0236599956883831,9.99424340853447
0.0221851067849227,9.99563330640539
0.0205599847843617,9.99710356855064
0.0187893946662845,9.99869427127685
0.0168943832718914,10.0004596136239
0.0154344705006967,10.0019220326888
0.0127041398826309,10.0049855434937
0.0104750618463673,10.0079273302539
0.00875400023082653,10.0105958397581
0.00737902387603845,10.0130826082844
0.00619313079917937,10.0155814345295
0.00515626419699895,10.0181400229437
0.0042479778458182,10.0207823843082
0.00350155990319556,10.0233471044699
0.00289135697588928,10.0258112669213
0.00238101938232423,10.0282215308938
0.00194024705367869,10.0306525044
0.00153733263836256,10.0332614744601
0.00109624266030062,10.0367169428016
0.000884239214376316,10.0386883907499
0.000696564403895362,10.0406598386983
0.000543396945768098,10.0424664046768
0.000411894076675149,10.0441932049267
0.000291695493343235,10.0459460495036
0.000175277715539665,10.0478395217748
5.31217950638345e-05,10.0500870643027
-0.000108020024881482,10.0536048412413
-0.000243229567637925,10.0572814134298
-0.000335211660735658,10.0604000440718
-0.000410162251160771,10.0635844952467
-0.000475243941957981,10.0672898509071
-0.000525181129467293,10.0720408604487
-0.000533382062798999,10.0772092215638
-0.00049036170307543,10.0818046183965
-0.000396009782131741,10.0859780885567
-0.000248021452866838,10.0897514609404
-4.27407286293218e-05,10.0931708808087
0.000224142671623131,10.0962796619089
0.000558377971942744,10.0991272377948
0.00096830490017963,10.1017671373469
0.00146609426541325,10.1042536269247
0.00206898292200472,10.1066393178453
0.00280956653292311,10.1090003228143
0.00372733997541098,10.1113891968685
0.0048815366996742,10.113868694053
0.00629921899092999,10.11640641224
0.0078993468485102,10.1188208288562
0.00954263952089406,10.1209395797774
0.0112081437443101,10.1227949974928
0.0129530538284163,10.1244829633058
0.014820224171686,10.1260517666297
0.0168583485268498,10.127536533706
0.0191116546565443,10.1289563134855
0.0216029483082362,10.1303112155149
0.0243835412111763,10.1316147059991
0.0274875239109554,10.1328676211635
0.0309664026946019,10.1340761533252
0.0348684756237888,10.1352425206235
0.0392514420122535,10.1363699091254
0.0441840159563245,10.1374620083652
0.0497443429376617,10.138522061702
0.0560237791443815,10.1395533431417
0.0631367855854095,10.1405601306025
0.0712203537533729,10.1415466394788
0.0804444318106167,10.142517612457
0.091023389381286,10.1434784802363
0.103236816453336,10.1444359134129
0.117460454659447,10.1453983784244
0.134220928242219,10.1463772371248
0.154178730484746,10.1473832112036
0.177307398331969,10.1483925753648
0.20423188726821,10.1494167028627
0.23580432635498,10.1504719637944
0.273306296224034,10.1515852139354
0.31601042065318,10.1527328021678
0.355092390094616,10.1537198139413
0.388159702202761,10.1545410809099
0.416925771032868,10.1552731292181
0.442076843953091,10.1559571865954
0.46369058503282,10.1566190462167
0.481468187174073,10.1572799524736
0.494705402500771,10.1579622825657
0.502036856052636,10.1586961081777
0.500731086043669,10.1595187939458
0.488491154933572,10.1603544273294
0.464118037335547,10.1612182715015
0.42607829460426,10.1621216748185
0.372664439092449,10.1630738679988
0.330439896608881,10.1637037385223
0.283607929085911,10.1643336090458
0.241593741964648,10.1648637697063
0.205332260800735,10.1653094224116
0.173323383203159,10.1657029412056
0.144561932337021,10.1660638750915
0.118433300717999,10.1664043389275
0.094511371921468,10.1667331145222
0.0724476343845787,10.167057947853
0.0518822726500468,10.167387722301
0.0322730423858864,10.1677372107213
0.0120366002611101,10.168151425958
0.000127807367308213,10.1684327680806
-0.00716344587823315,10.1686243252912
-0.0138222919949966,10.1688158825018
-0.0196301428684523,10.1689991983646
-0.0255485572586751,10.1692057223494
-0.0313082684571818,10.1694313839054
-0.0367311850233992,10.1696734804118
-0.0417181360375904,10.1699309295982
-0.0462168544851368,10.1702037037851
-0.050198800745862,10.170492506782
-0.0537825613649529,10.1708121639373
-0.0566541095750888,10.1711354491252
-0.0590125216205932,10.1714797703574
-0.0608725204093052,10.1718481845527
-0.0622479754935172,10.1722441968775
-0.0631523865692966,10.1726721250365
-0.0635974066715193,10.1731373332332
-0.0635912565371585,10.1736465768787
-0.0631367852609542,10.1742085324992
-0.0622263800595676,10.1748360388429
-0.0608386471775681,10.1755456798769
-0.0589299469808987,10.1763618055154
-0.0564119411864817,10.1773247108938
-0.0530767538671549,10.1785174853613
-0.0490319668679151,10.1799189784329
-0.0451136268456653,10.1812713295147
-0.0413747543060011,10.1825809027879
-0.0378410954638431,10.1838506975182
-0.0345254749360684,10.185081957456
-0.0314333081499369,10.1862750313727
-0.0285650753801566,10.1874298257648
-0.0259176497653958,10.1885460428002
-0.0234851564058334,10.1896233035631
-0.0212596230511438,10.1906612073985
-0.0192315232456558,10.1916593536935
-0.0173902502793752,10.1926173401932
-0.0157245344813885,10.1935347455486
-0.0141460610444592,10.1944573209548
-0.0126274967595011,10.195403587531
-0.011173162383215,10.1963752568045
-0.00978695192810795,10.1973744975678
-0.00847254895882492,10.1984038584963
-0.00723337367814502,10.1994663641747
-0.00607252931345267,10.2005656405595
-0.00499274568027917,10.2017060845337
-0.00399631954411235,10.2028930985638
-0.00308505077872454,10.2041334246767
-0.00226017226713247,10.2054356358869
-0.00152226957557209,10.2068108890293
-0.000871182704549736,10.2082741370217
-0.000305874207473919,10.2098462090061
0.000157360397204314,10.2114831687535
0.000524449426897979,10.2131706120524
0.000811442972230127,10.2149269536658
0.00103297837244928,10.2167746629445
0.00120295920984124,10.2187440843858
0.00133506586806395,10.2208788959991
0.00144358637263271,10.2232477914291
0.00154519754379921,10.2259744622083
0.00166472797716788,10.2293447742762
0.00181104460733327,10.2331005341866
0.00199519469936946,10.2371975105483
0.00219607807367178,10.2411727163832
0.0024067788725463,10.2450432737811
0.00262536865418359,10.2488914234328
0.00285095286058469,10.2527721082929
0.00308382864340661,10.2567268210846
0.0033253780233382,10.2607906488065
0.0035778864052278,10.2649958550697
0.00384438111943197,10.2693740500525
0.00412854164406814,10.2739578113384
0.00443473946377745,10.2787821653042
0.0047682720619085,10.2838858972027
0.00513569802924809,10.289309947296
0.00550724525911115,10.2945616098279
0.00589518664411613,10.2997844105447
0.00629798205625188,10.3049122782195
0.00672048549578752,10.3099633478645
0.00716666861465816,10.3149382526197
0.00764158592694959,10.3198453355401
0.00815052478479721,10.3246894255214
0.00869924525251581,10.3294738542034
0.00929398478703246,10.3341997372275
0.00994158670710042,10.338866548119
0.0106529362165443,10.3434931911347
0.0114517858781186,10.3481561967613
0.0123533485300775,10.3528492792394
0.0133811022450841,10.3575916432771
0.0145686728305593,10.3624214519949
0.0159733858289123,10.3674304838088
0.0177234650144562,10.3728747096306
0.020141826106185,10.3794163229755
0.0217367585383497,10.383353881169
0.0233819062575048,10.3872914393625
0.024818277584274,10.3907879338194
0.0260290186306587,10.3939573713345
0.0270343124915575,10.396985746383
0.0277966939199146,10.3998949996737
0.0282928453242532,10.4027105058963
0.0285151865465647,10.4055574321492
0.0284202633668208,10.4086152883041
0.027841794437909,10.4123595458156
0.0270208398624212,10.4154456273122
0.0259438498768775,10.4185317088088
0.0248615790144807,10.4211788204841
0.0237878065851858,10.4235790774354
0.0227138190093399,10.4258549511448
0.0216398451947958,10.4280629398929
0.0205690271243844,10.430234499605
0.0195050633756674,10.4323901958202
0.0184515871949739,10.434544927204
0.0174119992644465,10.4367102973365
0.0163894240627285,10.4388958774165
0.0153867078334224,10.4411099474739
0.0144064269814554,10.443359974079
0.0134508983729441,10.4456529427416
0.0125221934882835,10.4479955956274
0.0116221450897322,10.4503946352544
0.0107523574640596,10.4528568906593
0.00991422017264003,10.4553894574172
0.00910891037138067,10.4579998666341
0.00833543059548014,10.4607034117941
0.00757498755179273,10.4635883189948
0.00683145852721876,10.4666750639995
0.00610863792175868,10.4699884126079
0.00541052366487016,10.4735569732579
0.00474127745920842,10.4774139106875
0.00410514833197631,10.4815979150496
0.00350635021456173,10.4861546193708
0.00294887379499202,10.4911389670897
0.00243621352529385,10.496619664652
0.00197112271360734,10.5026865074652
0.00155556166470008,10.5094604144347
0.00120503102723342,10.5167680406861
0.000923260441492653,10.5246925902036
0.000698532199695595,10.5338502384287
0.000560696988809693,10.541754047506
0.000438790118753905,10.5513118327517
0.000350766461107735,10.5613118327517
0.00029220355852344,10.5713118327517
0.000254897865901294,10.5813118327517
0.000232850984946897,10.5913118327517
0.000221803511072911,10.6013118327517
0.000218867851755504,10.6113118327517
0.000222179301607218,10.6213118327517
0.000230606847550792,10.6313118327517
0.000243550048093163,10.6413118327517
0.000260816602625743,10.6513118327517
0.000282562993157541,10.6613118327517
0.000309284460727338,10.6713118327517
0.000341850641497678,10.6813118327517
0.000381594669911923,10.6913118327517
0.000430319818002547,10.7012820356199
0.0004861622367288,10.7105260703348
0.00054976699434674,10.7190715610156
0.000622091479664209,10.7269705481044
0.000704287058905124,10.7342722820009
0.000797681986025972,10.7410225137956
0.000903788060875423,10.7472637740811
0.00102431978123015,10.7530356380771
0.00116121941686878,10.7583749486935
0.00131668668444944,10.7633160078628
0.00149321160082146,10.7678907596211
0.00169361479527402,10.772128965623
0.0019210934729702,10.7760583700745
0.00217927769855274,10.7797048520417
0.00247229840663278,10.783092579101
0.00280487198873995,10.7862441671198
0.00318240844440527,10.7891808436128
0.00361115021188161,10.7919226213861
0.00409835845858491,10.7944884977712
0.00465256962452213,10.7968966916598
0.00528396074967583,10.7991649433259
0.00600033566261217,10.801298541387
0.0067907274969936,10.80326204638
0.00766442717176914,10.8050877063345
0.00863542770785915,10.8068077313846
0.00972506001469353,10.8084556669854
0.0109698134653138,10.8100730474824
0.0124826220904971,10.811767177509
0.0145824746313698,10.8137852327929
0.0163338165880749,10.8152758278773
0.0182201299444891,10.8167664229617
0.0199166357830436,10.818061208254
0.0214127281761664,10.8192118058312
0.0227563964530427,10.8202964450082
0.023955592885351,10.8213608780641
0.0249967944253711,10.8224425596313
0.0258484595555364,10.8235862284476
0.0264488963686205,10.8248686565789
0.0266378675430965,10.8265080072706
0.0261886134524512,10.8281980523382
0.025195517876631,10.8298880974057
0.0240491544753806,10.8313042534529
0.0227544690648558,10.8326741635699
0.0213098975352808,10.8340784304404
0.0197238306587485,10.8355585913213
0.0180018830272591,10.8371537815809
0.0161720419532406,10.8389159136885
0.0145724221809954,10.8405826944207
0.0120072654127942,10.8435910873438
0.0099288509732452,10.8464501343935
0.00830253015409079,10.849068749626
0.00697881270748642,10.8515497261084
0.00582583851844194,10.8540663284847
0.00481594666670047,10.8566479930788
0.00399618444480852,10.859102286739
0.00332132152356976,10.8614534567805
0.00275485690155701,10.8637380439247
0.00226720357077246,10.866008051853
0.00183055700238968,10.8683566086384
0.00140326285624569,10.8710421417279
0.00111361556137317,10.8731515973262
0.000858566430520712,10.8752610529245
0.000662242978752359,10.8770863498474
0.000501915394320563,10.8787364216006
0.000359294813612151,10.8803486212616
0.000224442496015871,10.8820214038462
8.85117005408206e-05,10.8838813953089
-6.41893093492385e-05,10.886223741109
-0.000301321766250892,10.8905567804046
-0.000475600959960518,10.8945089188805
-0.00059996893717158,10.8979251625771
-0.000711133927819567,10.9016154917922
-0.000823388838512903,10.9063789830625
-0.000910842100010048,10.9118889971832
-0.000943766370139806,10.916718088701
-0.000926584428803455,10.9210982390878
-0.00085696187390742,10.9250455526803
-0.000731312974579242,10.9286072523611
-0.000545182915713849,10.9318319560368
-0.000293119328218769,10.9347719992901
3.26800349605394e-05,10.9374870488852
0.000444104261862966,10.940040530741
0.000961237185151078,10.9425067572894
0.0016204326616849,10.9449813840834
0.00250801133342743,10.9476484863378
0.00372684683031402,10.9506225210186
0.00527913628993656,10.9537649722765
0.00657266322153615,10.9560276704509
0.00803880159008331,10.9582903686253
0.00946106330066471,10.9602177721711
0.0109546970851285,10.9619941397492
0.0125078658738177,10.9636082555063
0.0142185571719209,10.9651554804542
0.0161092179968798,10.9666359314397
0.0182096535269959,10.9680549603513
0.0205617781643602,10.9694228055791
0.0231907909668582,10.9707369956969
0.0261402712642223,10.9720037212122
0.0294481238413491,10.9732241214867
0.03315787683217,10.9744002409344
0.0373245421575915,10.9755359328285
0.0420083607125279,10.9766341189255
0.0472796719972808,10.977697908665
0.0532207954127907,10.9787304989754
0.0599337068333587,10.9797359006774
0.0675393498453127,10.9807179946123
0.0761855575171585,10.9816810012456
0.0860559255833646,10.982629629797
0.0973819889095613,10.9835692313261
0.110465395388633,10.9845063387059
0.125708464460792,10.9854490675895
0.143671201561569,10.9864082135922
0.165013242078106,10.9873921815091
0.189731580034623,10.9883793617957
0.218477742437573,10.9893802799292
0.252129329111196,10.9904100067027
0.291999176862255,10.991493688242
0.338183847731917,10.9926301514935
0.378388719860933,10.9935629033127
0.41193088973832,10.9943328049982
0.441026088920305,10.9950217544512
0.46644284902103,10.995670323465
0.48824663238294,10.9963039429503
0.506075809215592,10.9969446823799
0.519078587287248,10.9976180874948
0.525495283716016,10.9983637633596
0.522150164173703,10.999169825552
0.507270942584887,10.9999979046721
0.479466609124586,11.0008638990502
0.43695117474192,11.0017792374022
0.377766613447968,11.0027524434968
0.333903701190173,11.0033639569381
0.285801010455874,11.0039754703795
0.242908723741798,11.0044913221545
0.205977298425106,11.0049264249508
0.173434740416143,11.0053116206326
0.144235245344807,11.0056656938901
0.117736371113321,11.0060004133211
0.0934896872534645,11.0063244454847
0.0711232641710161,11.0066456456763
0.0502400987039287,11.0069734509491
0.0301968940410794,11.007324808581
0.00874835672337026,11.0077612103579
-0.000576212578405558,11.0079795538352
-0.00900467901057377,11.0081978973125
-0.0154847970424322,11.0083831464554
-0.0214593144991404,11.0085709784953
-0.0274450350215518,11.0087800411048
-0.0332039816235603,11.009006888554
-0.038585358794647,11.0092494665799
-0.0435059670147358,11.0095070901225
-0.0479229698498712,11.009779985107
-0.0518169412994921,11.0100690353313
-0.0554202736290118,11.0104012683598
-0.0581784734779217,11.0107264983764
-0.0604204759778101,11.0110732659802
-0.0621634146713097,11.0114449739723
-0.063421649458188,11.0118453700376
-0.0642086455922754,11.0122790849749
-0.0645354666342296,11.0127519056115
-0.0644090539277371,11.0132711791565
-0.0638296846756289,11.0138466905016
-0.0627853357447253,11.0144926253546
-0.0612478256463355,11.0152278120887
-0.0591601857031986,11.016081136381
-0.0564023729715142,11.0171037119099
-0.052652071239865,11.0184180947663
-0.0485939346172486,11.0198082592085
-0.0446779844215154,11.0211535637647
-0.0409490526691179,11.0224582093862
-0.0374288958787683,11.0237243003909
-0.0341284580555986,11.024952588872
-0.0310521752342993,11.0261431431742
-0.0281999718635345,11.0272957046636
-0.0255683832045913,11.0284098752907
-0.0231513187831416,11.0294852135168
-0.0209406653096141,11.0305212783151
-0.0189268043226226,11.0315176420227
-0.0170990714109421,11.032473883275
-0.0154461643180249,11.0333895661909
-0.0138762689796243,11.0343128361696
-0.0123666151431199,11.0352598510771
-0.0109214830444905,11.0362323513434
-0.00954476608051438,11.0372325160233
-0.00824014808763472,11.0382629074724
-0.00701105097540425,11.039326568063
-0.00586058156344028,11.0404271469154
-0.00479147585014054,11.0415690713237
-0.00380604043147529,11.0427577842424
-0.0029060902246426,11.0440000826782
-0.00209288070934905,11.0453046162828
-0.00136703120083535,11.0466826524059
-0.000728432369000746,11.048149310536
-0.000176124164764418,11.0497256860578
0.000273081295408467,11.0513639630747
0.000626615933048679,11.0530534121186
0.000900337345488089,11.0548124690726
0.00110872426800537,11.0566638235547
0.00126549672951943,11.0586381770203
0.00138410452463054,11.0607798411282
0.00147851285469175,11.0631587748612
0.00156488030616342,11.0659017446726
0.00166703743791573,11.0693056229793
0.00179388483983112,11.0730656376257
0.00195784717436589,11.0771823561982
0.00215630152220389,11.0815339929596
0.00235547408378992,11.0855509579937
0.00255592285586398,11.0894209028045
0.00275850420984318,11.0932453924523
0.00296446509726219,11.0970860721673
0.00317561281830592,11.1009874705231
0.00339426479517698,11.1049860279409
0.00362316594827477,11.1091143809371
0.00386543676901316,11.113403898845
0.00412457637003979,11.1178864585401
0.00440455288399597,11.1225958930775
0.0047100432144682,11.1275694374482
0.0050468872530719,11.1328489348987
0.00540396286029428,11.1382020595696
0.00577230746606185,11.1434531445041
0.00615681567760106,11.1486354534874
0.00655935387409106,11.1537303182843
0.00698420180868561,11.1587470884276
0.00743584728174322,11.1636917715594
0.0079193320421477,11.1685710199552
0.00844006674524832,11.1733891273023
0.00900392517629186,11.1781483269092
0.00961732294439787,11.1828488777692
0.0102873505735016,11.1874896726717
0.0110329703269085,11.1921344449243
0.0118723761344571,11.1968097146337
0.012824445830083,11.2015223484223
0.0139162177142069,11.2062973779671
0.0151893685989604,11.2111910288021
0.0167224308945955,11.2163441694965
0.0187320253470319,11.2222188502819
0.0205732953388537,11.2270159170538
0.0225452752781516,11.2318129838257
0.0241470082155383,11.2356559809301
0.0254671560796717,11.2389663698811
0.0265737986494581,11.2420460190071
0.0274702189377484,11.2450471335045
0.0280960175697568,11.2478949401191
0.0284543852742344,11.2507093406056
0.0285232777592506,11.253634202602
0.0282202613056906,11.2569349853858
0.0272417556248772,11.2613051442081
0.0263518383601943,11.2640222126308
0.0252936779889812,11.2667392810536
0.0242209057999097,11.2692093589126
0.0231472858331952,11.2715248648061
0.0220728106908129,11.2737550443599
0.0210001098269757,11.2759382212065
0.0199327921003758,11.27809834034
0.018874547931535,11.2802521575878
0.0178288758740959,11.2824123920343
0.0167990087086654,11.2845893171933
0.0157878996133762,11.2867916673257
0.0147982271120115,11.2890272027588
0.0138324079050409,11.2913030845297
0.0128926058953807,11.2936261537303
0.011980744030803,11.2960031418361
0.011098515879331,11.298440843511
0.0102473905084254,11.3009462877977
0.00942862799277622,11.3035268728014
0.00864328256435126,11.3061905387311
0.00787733066716329,11.3090028657018
0.00712677660994734,11.3120087691506
0.00639543845146786,11.3152313310453
0.00568724155135271,11.3186976200161
0.00500629221783759,11.3224389881047
0.00435681871000819,11.3264919294266
0.00374307178927225,11.330899283223
0.00316915942397606,11.3357122090678
0.00263882483328815,11.3409935362004
0.00215513678169061,11.3468243005913
0.00172036816220602,11.353312848284
0.00134533777917235,11.360407801692
0.00103919612891002,11.3680766609934
0.000844208906181664,11.3749184540578
0.000669773306919913,11.3831547116148
0.000530711396954728,11.3922037476608
0.000423764628368797,11.4022037476608
0.000353035880785027,11.4122037476608
0.000308545661031677,11.4222037476608
0.000283066006341662,11.4322037476608
0.000271477884046831,11.4422037476608
0.000270337949029272,11.4522037476608
0.000277483254617534,11.4622037476608
0.0002917026408596,11.4722037476608
0.000312510761783949,11.4822037476608
0.000340028415190432,11.4922037476608
0.000374958392799819,11.5022037476608
0.00041865328665078,11.5122037476608
0.000471763008534709,11.5219457013148
0.000532895141265387,11.5309614113651
0.000602702413366545,11.5392881969283
0.000682187456191724,11.5469789953896
0.000772581230214734,11.5540833857851
0.000875318462118454,11.5606472629471
0.000992042487909974,11.5667131767808
0.00112462403452332,11.5723206311671
0.00127518790465312,11.5775063267869
0.00144614443058682,11.5823043756138
0.0016402270402554,11.5867465050547
0.0018605372019403,11.5908622516985
0.00211059889796335,11.5946791374561
0.00239442341979689,11.5982228348529
0.00271659212886873,11.6015173391557
0.00308235963785882,11.6045851484866
0.00349778850200244,11.6074474488303
0.00396992827279473,11.6101243222612
0.00450706140961075,11.6126349972289
0.00511905468787677,11.6149981613028
0.00581788222341097,11.6172323885663
0.00659106973822025,11.6192902516564
0.00744648411122976,11.6212015664157
0.00839801815546445,11.623000740804
0.00946701092269799,11.6247237173082
0.0106902471507167,11.6264151716133
0.0121667372421838,11.628173640446
0.0142357266772064,11.6302875963258
0.0158701459494321,11.6317701194079
0.0176237168567375,11.63325264249
0.0192541469826982,11.6345855837704
0.020695209164149,11.6357728612792
0.0219875441220304,11.636890694936
0.0231385635981721,11.6379860106671
0.0241350781793683,11.6390969584088
0.0249464833245046,11.6402684575706
0.0255133886714324,11.6415762394711
0.0256851773725063,11.6432284880126
0.0252402194541183,11.6449665239597
0.0242574407776054,11.6467045599069
0.0231290712756786,11.6481522110313
0.0218620792826316,11.6495443715389
0.0204544217144576,11.6509651955586
0.0189147460263629,11.6524565924719
0.0172495524513372,11.6540567150406
0.0154940796212029,11.6558149285658
0.0135282893237119,11.6579745575066
0.0111834292543596,11.6609117094656
0.00930262652848397,11.6636678081345
0.00780840014748705,11.6662212195476
0.00655198325303862,11.6687179237756
0.00545386378231003,11.6712631307531
0.00453090052747514,11.6737646800732
0.00373889934296826,11.6762756609083
0.00302734923040954,11.6789285168577
0.00236208397208968,11.6818856567957
0.00195173554132405,11.6840269456071
0.00159248145987259,11.6861682344186
0.00131203044784782,11.6880612702108
0.00107901552032308,11.6898195138014
0.000870340268839944,11.6915700189317
0.000671837439106164,11.6934242702431
0.000468868309657375,11.6955563502256
0.000226317023343951,11.6985075823931
-5.35392896526767e-05,11.7026736035507
-0.00024094236284259,11.7061404527494
-0.000387023408481294,11.7094168592604
-0.000521999680698614,11.7131373561109
-0.000652875602308014,11.717885609505
-0.000747766888229919,11.7232193402192
-0.000780712517230906,11.7279304389227
-0.000758474968055029,11.7322231288203
-0.000680269120353593,11.7361135772126
-0.000543333322720771,11.7396479330677
-0.000343241224117033,11.742876463047
-7.37602741535248e-05,11.7458520599377
0.000274125575562277,11.7486313099195
0.000714699240365939,11.7512789456881
0.00127295791141971,11.7538768864252
0.00199300837970564,11.7565295990377
0.00297977008890885,11.7594491583292
0.00426895467252401,11.7625621833154
0.00586134895687231,11.7657580931259
0.00705565199929649,11.7678232229309
0.00841102275108165,11.769888352736
0.0097913587911013,11.7717283432342
0.0112677476493771,11.7734460267857
0.0128656036963764,11.7750614887138
0.0146194709749303,11.7765965787669
0.0165701018180584,11.7780699201802
0.0187429942245447,11.7794828693515
0.0211768617244635,11.7808435279881
0.0238993834713807,11.7821511528117
0.0269529936586401,11.7834110956629
0.0303780078214273,11.7846253148984
0.0342194257891459,11.7857959427279
0.0385348799335828,11.7869270224731
0.0433881607404366,11.7880217068883
0.0488543979014067,11.7890833540277
0.0550215303524483,11.7901153083991
0.0619989494602909,11.7911217489311
0.0699177442757279,11.7921068258898
0.0789397747872108,11.7930751298927
0.089268672848813,11.7940319005392
0.101165806154785,11.7949832861629
0.114979259130855,11.7959370447765
0.131188375839665,11.7969033103361
0.150492223134416,11.7978964810813
0.172982285641385,11.7988972249414
0.19911092813467,11.7999085092069
0.229652393243122,11.8009444503817
0.265719577830695,11.8020269419267
0.308088091549537,11.803169258595
0.350272755009601,11.8042237098637
0.38530609281701,11.8050736446409
0.41546953553786,11.8058152732702
0.441851267447501,11.8065002711338
0.464691221575575,11.8071576822358
0.48379530358947,11.8078096293066
0.498574769324814,11.8084781398951
0.507852377462624,11.8091915046822
0.509192481027179,11.8099977065189
0.499811270361931,11.8108241145789
0.478507954878134,11.8116770550071
0.443774059919601,11.8125692198301
0.393869100793194,11.8135097886831
0.349574041965979,11.8141939238917
0.299429765407676,11.8148780591002
0.254641321102281,11.8154432199542
0.216503655023054,11.8159078530027
0.183139335304558,11.8163120897581
0.153313716047161,11.8166792584269
0.126306358982182,11.8170230916472
0.101640655182827,11.8173530470956
0.0789466811085616,11.8176769892935
0.0578703389772391,11.818003256638
0.0379385929667692,11.8183442715448
0.0180397825522164,11.8187310938738
0.00947430247875182,11.8189176686056
0.00156545396745081,11.8191042433373
-0.007184582600981,11.8193308388133
-0.0138886291088621,11.8195226555294
-0.0197464391600533,11.8197067294782
-0.0256908969007086,11.8199134561937
-0.031461551631392,11.820138982047
-0.036886184758711,11.8203807582878
-0.0418689921871466,11.8206377935311
-0.0463596807190019,11.8209101161208
-0.050331927529853,11.8211984679109
-0.0539507125870839,11.8215223835718
-0.0568028032549074,11.8218457095979
-0.0591403197039043,11.822190134515
-0.0609788629444298,11.822558817022
-0.0623324739980293,11.8229553144499
-0.0632147064705776,11.8233840115919
-0.0636371459485996,11.8238503635657
-0.0636077948835167,11.8243612535273
-0.0631290725192945,11.8249255449391
-0.0621924031070681,11.8255564557635
-0.0607750174667114,11.8262710055127
-0.0588305478454304,11.8270944900675
-0.0562643487044535,11.8280693759477
-0.0528477294390971,11.8292859605206
-0.0487989804161888,11.8306854311096
-0.0448794277886004,11.83203693886
-0.0411406720341158,11.8333462365438
-0.0376076762011845,11.8346161012229
-0.0342929306589336,11.8358476523385
-0.0312017076085853,11.8370411653072
-0.0283344311312142,11.8381965013606
-0.0256879583877096,11.8393133335574
-0.023256416505729,11.8403912636082
-0.0210318417116419,11.8414298776644
-0.0190047165986202,11.8424287660786
-0.0171644409612449,11.8433875205512
-0.0154997476373884,11.8443057160001
-0.013924672336558,11.8452277593457
-0.0124094992791569,11.8461734734303
-0.0109585754003113,11.8471445516998
-0.00957580320395472,11.8481431553054
-0.0082648775441011,11.8491718235446
-0.0070292328832913,11.8502335694311
-0.00587199011803282,11.8513320043822
-0.0047959007397974,11.8524715066556
-0.0038032880300773,11.8536574543409
-0.00289598441788179,11.8548965567619
-0.00207526316603918,11.8561973417478
-0.00134176081972781,11.8575709014126
-0.000695383490519678,11.8590320916661
-0.000135182884023675,11.8606015873789
0.00032322724434548,11.8622376339796
0.000685050980369982,11.8639237695491
0.000966326495419995,11.8656783896069
0.00118164038653994,11.8675238307203
0.00134481586837687,11.8694902248955
0.00146940365899551,11.8716208762577
0.00156946950382414,11.8739837376579
0.0016612559531926,11.8767007180862
0.00176846665928801,11.8800514195375
0.00190196636477265,11.8838045191837
0.00206640265149034,11.8877570028518
0.00224897854932458,11.891620552683
0.00244651319561135,11.8954675736378
0.00265598325574255,11.8993513214759
0.00287553540460642,11.9033125798871
0.0031047501148716,11.9073860972732
0.00334454096557271,11.911604090908
0.00359694767696538,11.9159983551559
0.00386494409463745,11.9206018382542
0.00415235105342159,11.9254501264146
0.00446393800997546,11.9305827815425
0.00480582950333789,11.9360447351925
0.00515585270909192,11.9414240719491
0.00551764426735635,11.9467391066728
0.00589223436566478,11.9519610281987
0.00628323189951127,11.9570959932256
0.00669452962143142,11.9621497550174
0.00713059356281528,11.9671311290988
0.00759613944125388,11.9720467922138
0.00809621309437815,11.9769014147786
0.00863624664273105,11.9816974069825
0.00922217601379524,11.9864353147257
0.00986056374465362,11.9911142453373
0.010559403026232,11.9957366441313
0.011344390280916,12.0003978147649
0.0122295131927977,12.0050867537061
0.0132373054351793,12.0098216005606
0.0143993780509968,12.0146362831891
0.0157683049820814,12.0196118769141
0.0174560167036,12.0249667094158
0.0198702898816756,12.0316051593624
0.0215002672214346,12.0356659250266
0.0231932668992584,12.0397266906909
0.0246621504414367,12.0432861046482
0.0258980336233567,12.0464837750365
0.0269279263979703,12.0495213873573
0.0277226501921794,12.0524501909195
0.0282505176672546,12.0552711895578
0.0285067487625372,12.0581072495727
0.0284540127499089,12.0611263653862
0.0279545255575458,12.064730971727
0.0271492173034929,12.0679294553314
0.0260608317012345,12.0711279389357
0.0249737588616834,12.0738202373506
0.0238992234057127,12.0762396290766
0.0228250353249162,12.0785257233367
0.0217506126491482,12.0807397464259
0.0206789409948674,12.0829148600631
0.0196136984387969,12.0850724537354
0.0185585312325412,12.0872278980808
0.0175168615681204,12.0893930985399
0.016491837144666,12.0915778358255
0.0154863268796548,12.0937905468756
0.0145029284713561,12.0960388255561
0.0135439790949117,12.0983297682098
0.0126115701093069,12.1006702201406
0.0117075525947096,12.1030669902217
0.0108335500517584,12.1055270179932
0.00999096984513778,12.1080575270121
0.00918100855220356,12.1106661927013
0.00840466487550983,12.1133612954891
0.00764284910374476,12.1162300416569
0.00689758177735291,12.1192988314387
0.00617266030186388,12.1225920767306
0.00547206232943627,12.1261380878246
0.00479993395263908,12.1299696892592
0.00416051734222814,12.1341251733579
0.00355803465248873,12.138649675397
0.00299650754589383,12.143597444617
0.00247948880150828,12.1490361219468
0.00200980694283278,12.1550539122673
0.00158948762248874,12.1617697098
0.00123348406928408,12.1690295766062
0.0010150527686916,12.1750497203949
0.00079866251430724,12.1830916380282
0.000635318974252218,12.1913779482389
0.000503883468095927,12.2005473915801
0.000404661746512063,12.2105473915801
0.000339345677181562,12.2205473915801
0.000298458882581144,12.2305473915801
0.000275122973219266,12.2405473915801
0.000264520795992819,12.2505473915801
0.000263441135012517,12.2605473915801
0.000269861100141734,12.2705473915801
0.000282617300887218,12.2805473915801
0.000301187773084244,12.2905473915801
0.000325573666175496,12.3005473915801
0.000356261902309092,12.3105473915801
0.00039425969445307,12.3205473915801
0.00044120904019124,12.3305473915801
0.000496119185519637,12.3399943881554
0.000558776132351481,12.3487354281322
0.000629974204543969,12.3568163829634
0.000710768937614202,12.3642871097606
0.000802412189699596,12.3711941439436
0.00090634365509905,12.3775807440982
0.001024203453936,12.3834871681269
0.00115785399786027,12.3889509078457
0.00130940800935836,12.3940068805744
0.00148125930405091,12.3986876122377
0.00167612135724753,12.4030234141787
0.00189707052652614,12.4070425514239
0.00214760016342988,12.4107713932431
0.00243168363355313,12.4142345621764
0.002753854424221,12.4174550912938
0.00311930675829989,12.4204545860162
0.00353402383213641,12.423253390438
0.00400494933035764,12.4258707771584
0.0045402205258359,12.4283251721401
0.00514949687908945,12.4306344313268
0.00584444525678844,12.4328162154963
0.00661405956760382,12.4348278461549
0.00746386147494298,12.4366922128568
0.00840639263239701,12.4384416634743
0.00946043963136881,12.4401089955574
0.0106569449865586,12.4417325344704
0.0120730381068862,12.4433882603558
0.0139443086650212,12.4452708722912
0.0157965228326288,12.4469070776262
0.0178273878163975,12.4485432829612
0.0195996742706706,12.4499041529927
0.0211356413733047,12.451081312481
0.0225113701349577,12.452177521949
0.0237431938089993,12.4532443965693
0.0248217222100785,12.4543198539885
0.0257199773703025,12.4554455636907
0.026385628423396,12.456687119728
0.0266969298621261,12.4582052309907
0.0263758104740364,12.4599889216551
0.025421535899692,12.4617726123195
0.0242974259507161,12.4632161974966
0.0230295438323655,12.4645872655938
0.0216115519828367,12.4659835934126
0.0200512767521727,12.4674495669006
0.0183552976219788,12.4690236011064
0.0170246370711741,12.4702817023441
0.0157636573136106,12.4715398035818
0.0132050382323745,12.4743600316816
0.0108887215616222,12.4773351653519
0.0090882062836951,12.4800508887214
0.00765680869619431,12.482570656364
0.00643890118609704,12.4850676706585
0.00537499529601966,12.4876188396716
0.00444317358719673,12.4902495975166
0.00362705043268773,12.4929829359728
0.00291330874407944,12.4958427657859
0.00229076398009758,12.4988553827771
0.00192492053107876,12.500943745603
0.00160499062367795,12.5030321084288
0.00134641434339032,12.5049514145441
0.00112467010900679,12.5068084248992
0.000922151335896115,12.5087208381166
0.000725340400109744,12.5108330095452
0.000514353428587809,12.5134654948148
0.000234050978920893,12.5178323398049
4.68587075516188e-05,12.5216651051032
-7.99983369589534e-05,12.5250225948323
-0.000183360927993058,12.5286398532905
-0.000267007622638561,12.5330136341409
-0.000309980399592804,12.5383027112566
-0.000289403235114453,12.5429567375024
-0.000211646553469873,12.5472194983847
-7.71624871320948e-05,12.5510950018395
0.000116157959203036,12.5546301866881
0.000372081072854621,12.5578691047633
0.000695900136448639,12.5608559475659
0.00109540067260424,12.5636392196495
0.00158190917276777,12.5662690854138
0.00217286650952959,12.5688008781629
0.00289702009929812,12.5713014801187
0.00379074971285514,12.5738228782811
0.00490085414898946,12.5764098612399
0.00622229583686563,12.5789805656127
0.00766254470517347,12.5813495021482
0.00915101175307123,12.5834453408192
0.0106887893594756,12.5853139999466
0.0123039977236484,12.587013687533
0.0140642640180572,12.5886176318371
0.0159879861435889,12.5901323496741
0.0181124126765938,12.5915753433663
0.0204807025266442,12.5929607635414
0.0231174818074461,12.5942876878851
0.0260707963118946,12.5955655395231
0.0293802936465445,12.5967963788792
0.0330936709358423,12.5979835607615
0.0372670987972514,12.5991308649476
0.0419619577264812,12.6002411320466
0.0472521086594631,12.6013178801895
0.0532261794789036,12.6023649756776
0.0599890344860561,12.6033862414753
0.0676677602891945,12.6043857921457
0.0764199494741394,12.6053683012654
0.0864457893085445,12.6063392877185
0.0980029594306708,12.6073052129522
0.111435550793243,12.6082742093658
0.127223519177397,12.6092571764805
0.146078145054152,12.6102699306609
0.167974286352535,12.6112871753573
0.193446938386822,12.6123171830789
0.223288507943042,12.6133757945304
0.258668853058073,12.6144881601609
0.299363581156736,12.6156417226139
0.338966278159338,12.616688073596
0.372539687779845,12.6175521068958
0.401729498444896,12.6183147571773
0.427303084537423,12.6190213307148
0.449396808298085,12.6196990268365
0.467784311528191,12.6203690786681
0.481883352976672,12.6210523509579
0.490583740360564,12.621774437867
0.491725061827634,12.6225751202399
0.482582284901003,12.6234121559588
0.461871672477417,12.6242707580036
0.428204430884705,12.6251630151019
0.379997002975253,12.6260983795062
0.337847579687887,12.6267687914438
0.29021144151139,12.6274392033813
0.24736018952998,12.6279975125643
0.210583018115015,12.6284602221181
0.17823202834155,12.6288649362628
0.14921203370877,12.6292337338158
0.122873307712803,12.629579822084
0.0987785832220976,12.6299124292671
0.0765827713993656,12.6302393223352
0.0559497162911999,12.630568821802
0.0364224353725819,12.6309134252593
0.0169119800036949,12.6313045740002
0.00856358230627022,12.6314920480333
0.000850454560202643,12.6316795220664
-0.00770713646426503,12.6319077080786
-0.0143447746004993,12.6321032528474
-0.0201417483526309,12.6322909324033
-0.0260114189297735,12.6325013778059
-0.0317003378836915,12.6327307415025
-0.0370413251175809,12.6329764873823
-0.0419417352474503,12.6332376454359
-0.0463531703299324,12.6335142689167
-0.0502934469419854,12.6338111563897
-0.0536175428864428,12.6341189113989
-0.0564236242864743,12.6344457750938
-0.0587223325948798,12.6347941734514
-0.0605262124265052,12.6351669982628
-0.0618489404197855,12.6355678071072
-0.0627037429955221,12.6360009836634
-0.0631019181230418,12.6364719732615
-0.063051258477813,12.6369876338331
-0.062554110480996,12.637556776189
-0.0616019002155188,12.6381926019249
-0.0601724621468607,12.6389118920814
-0.0582209120915427,12.6397395281387
-0.0556563891630763,12.6407169327138
-0.0522628842588754,12.6419306612515
-0.0482503955206404,12.6433249259722
-0.0443709442834132,12.6446705051555
-0.0406748620614341,12.6459731706845
-0.0371860509842515,12.6472358433338
-0.0339161976548385,12.6484597482338
-0.0308698877529917,12.6496452425023
-0.0280469414525656,12.6507922528452
-0.0254436931295768,12.6519005054751
-0.0230538336431031,12.6529696448319
-0.0208690534825681,12.6539992901342
-0.0188795803535904,12.6549890552418
-0.0170746465369629,12.6559385455006
-0.0154428983245187,12.6568473390128
-0.013874398259351,12.6577748879466
-0.0123668156912957,12.6587263710284
-0.0109242330747047,12.6597036776379
-0.00955050399617308,12.6607090496088
-0.00824925828560733,12.6617451272643
-0.00702385003627685,12.6628150500495
-0.00587730320776702,12.663922589938
-0.00481225425388321,12.6650723325469
-0.0038308912424952,12.6662699291584
-0.00293488820908984,12.6675224577323
-0.00212533225164015,12.6688389582494
-0.00140263857529268,12.6702312606621
-0.000766444110180266,12.6717153341675
-0.000215460282236729,12.6733136387804
0.000229271005184039,12.6749597049285
0.000581619866457701,12.6766602954847
0.000857202311957713,12.678434065162
0.00107052122015658,12.6803048715078
0.00123545644234872,12.6823053102453
0.00136583775529629,12.6844830741288
0.00147642748129813,12.6869149666008
0.00158519950386723,12.6897448516814
0.0017216976220214,12.6933350174475
0.00188233336540939,12.6971256983927
0.00207078843207282,12.7010249027679
0.0022796896441249,12.7049274916422
0.00250566554785175,12.7088808007083
0.002745647020933,12.71292407343
0.00299793081645504,12.7170916588082
0.00326244834423639,12.7214160019979
0.00354066966976722,12.7259296731448
0.00383541381627253,12.7306669473885
0.00415072688224626,12.7356651727881
0.00449197524680629,12.7409660724549
0.00485348179794641,12.7464245816943
0.00521964938658903,12.7517544942869
0.00559793875881641,12.7570245979215
0.00598917556595162,12.7621996349085
0.00639778894255279,12.7672930799191
0.00682788109371411,12.7723098016873
0.00728417861792704,12.7772581367653
0.00777160653338681,12.7821434617926
0.00829545659488696,12.7869692881533
0.00886144985404906,12.7917370329482
0.00947586433522077,12.7964464813685
0.0101456648461336,12.8010962601561
0.0108874345541124,12.8057368139968
0.0117211612161824,12.8104095124017
0.0126646896934824,12.8151174434941
0.013744113070805,12.8198840396533
0.0149989064360811,12.8247605109662
0.0165015012614822,12.8298734550856
0.0184402111690329,12.8356185074622
0.0203548437665242,12.8406556337522
0.0219476375154013,12.8445596468479
0.0235806175747268,12.8484636599436
0.0249845949313687,12.8519025362489
0.0261673076834491,12.8550435409258
0.0271447981905207,12.8580639965035
0.0278707797070274,12.8609539466317
0.028330685068165,12.86376625536
0.0285135353511352,12.8666296711826
0.028367773504013,12.869740196393
0.0276821534609861,12.8736904433461
0.0268418258581061,12.8766544385355
0.0257746756075746,12.8796184337248
0.0246967491817913,12.8822126422631
0.0236233435504372,12.884589707272
0.0225491604202083,12.8868537173202
0.0214752959200384,12.8890555713613
0.0204050616004532,12.8912245948123
0.0193421666917985,12.8933803258935
0.0182902142469757,12.895537099013
0.0172525625934633,12.897706192267
0.0162322928176309,12.8998969870361
0.0152322071633856,12.9021176658573
0.0142548402533538,12.9043756606756
0.0133024696562141,12.9066779714198
0.0123771263893542,12.9090314061409
0.0114806088534864,12.9114427646698
0.0106144865332871,12.9139190218998
0.00978011618220255,12.9164674659173
0.00897864556335193,12.9190958693098
0.00820702849961165,12.9218273711754
0.00744901805790018,12.9247434271288
0.00670849186295729,12.9278651139919
0.00598927400299374,12.9312177953667
0.00529538860157594,12.9348307815315
0.00463101181572183,12.9387380936864
0.00400039214629386,12.9429794748256
0.00340771775310869,12.9476019242084
0.00285691887106947,12.9526622739713
0.00235137935415022,12.9582321389453
0.00189371524126078,12.9644057064976
0.00148757033383692,12.9712756348244
0.00123278427195283,12.9766181906206
0.00102998925330394,12.9819607464168
0.000814478913761305,12.9895334898701
0.000646285474583896,12.9975372171906
0.000504535834616616,13.0067295707388
0.00039657316617347,13.0167295707388
0.000323888003866295,13.0267295707388
0.000276520380010269,13.0367295707388
0.000247202729553446,13.0467295707388
0.000230745142801365,13.0567295707388
0.000223585337954436,13.0667295707388
0.000223370712659582,13.0767295707388
0.000228608040199224,13.0867295707388
0.00023841031837527,13.0967295707388
0.000252335157159348,13.1067295707388
0.000270293136740197,13.1167295707388
0.000292506853603653,13.1267295707388
0.000319510704040372,13.1367295707388
0.000352191296167093,13.1467295707388
0.000391878057998789,13.1567295707388
0.000440091695606734,13.1666505430743
0.000495164817625933,13.1758554453636
0.000557732633470601,13.1843720521655
0.000628723107066972,13.1922505234609
0.000709249203736678,13.1995384728809
0.000800592924598423,13.2062802888051
0.000904212203205675,13.2125173641879
0.00102175969474392,13.2182883195605
0.00115510719013126,13.223629192231
0.00130637413591447,13.2285736007564
0.00147795907056551,13.2331529061231
0.00167257789305873,13.2373963685585
0.00189330730091904,13.2413312961142
0.00214363749794877,13.244983182617
0.00242753561785407,13.2483758480421
0.00274952381039996,13.2515315849891
0.00311477833336757,13.2544713078668
0.00352925533169516,13.2572147100945
0.0039998576270665,13.2597804423824
0.00453466123829474,13.2621863208013
0.00514323243916671,13.264449583185
0.00583709230502529,13.2665872329944
0.006605447350845,13.2685580296048
0.00745296406907169,13.2703824769207
0.00839143556388714,13.2720915327931
0.00943825192863595,13.273716045315
0.0106213073063981,13.2752908396275
0.0120087092280224,13.2768824533814
0.0137954937492359,13.278648129936
0.0158820228696598,13.2804408673548
0.0176202739898869,13.2817945108715
0.0194561317328954,13.2831481543882
0.0211016130434468,13.2843414408218
0.022572659043589,13.2854339974752
0.0238958405131726,13.2864835277454
0.025068888777659,13.2875293885229
0.0260710071495708,13.2886097816904
0.0268602969481355,13.2897779678381
0.0273489631088732,13.2911437530553
0.0272026798164427,13.2931922502209
0.026522008825867,13.294653741739
0.0254703134661146,13.296115233257
0.0242519217289457,13.2974719647942
0.0228712954357987,13.2988364200092
0.0213369562464127,13.3002588453865
0.0196569664869099,13.3017773612903
0.018466781235688,13.3028550378497
0.0173065014395033,13.303932714409
0.0159729798947243,13.3052391972634
0.0133179905071446,13.3081215270133
0.0109517608891141,13.3111235491797
0.00912451550123922,13.3138499882194
0.00767605573937497,13.3163743465892
0.00644923931175039,13.318864909546
0.00537780463473527,13.3214079923379
0.00443922172580401,13.3240293746149
0.00366453129406114,13.3265804122131
0.00302962036168344,13.3290344889108
0.00249759564602746,13.3314371695603
0.00203733306017308,13.3338626437101
0.00161563475296116,13.3364702779228
0.00115664614890548,13.3398999375167
0.000937309708277512,13.3418412316961
0.000742719370574372,13.3437825258754
0.000583159029784692,13.3455662855681
0.000445333310735469,13.3472789999879
0.000318692950661521,13.3490246043875
0.000195300622487479,13.3509198080592
6.45455269959319e-05,13.3531906716208
-0.000115698511732413,13.3569209398386
-0.000257948556310028,13.3605962824368
-0.000355542415100549,13.3637204015916
-0.000436813711309493,13.3669553649152
-0.000509102470701139,13.3707685184341
-0.000567016330540567,13.3757604771326
-0.000579523384384,13.3808576458895
-0.000540740982578942,13.3854212623371
-0.00045040009844758,13.3895609889244
-0.000306077396753805,13.3933046091719
-0.000104072708050594,13.3966979466311
0.000160026145876125,13.3997851029637
0.000492352909450287,13.4026178407672
0.000901656764430222,13.4052499354226
0.00140100027580623,13.407737480731
0.00200939567840364,13.4101366857483
0.00276200008526993,13.4125269979244
0.00371259065548301,13.4149904487365
0.00493896401540737,13.417608256418
0.00645967675373939,13.4203060498968
0.00810272224982058,13.4227627395801
0.00972404606748432,13.42484042941
0.0113511734112573,13.426648115421
0.0130796101898836,13.4283181670753
0.0149246440147705,13.429866623166
0.0169552776564507,13.4313437921751
0.0191967508422457,13.4327531126627
0.0216883925993946,13.4341044667291
0.0244709310442204,13.4354042898883
0.0275818885111461,13.4366548554989
0.0310701829459126,13.4378610810295
0.034982199433049,13.4390246578041
0.0393788758025241,13.4401497626357
0.0443271147108609,13.4412395340526
0.0499039856599973,13.4422970312611
0.0562029078327484,13.4433259205866
0.0633373900109767,13.4443302717998
0.0714444019600649,13.4453142809387
0.0806937897565267,13.4462826598753
0.0912994777114743,13.4472407790268
0.103540306861349,13.4481952361191
0.117789734171342,13.4491543371078
0.134569432707841,13.4501291803419
0.154572093003701,13.4511320604896
0.177746868493063,13.4521378331637
0.204713711433977,13.4531575660063
0.236313792030506,13.4542071056045
0.273800717170586,13.4553122083394
0.316770607751727,13.456457420754
0.356463627394665,13.4574496175746
0.389911857583786,13.4582704793559
0.41895553645182,13.4589998504002
0.444351156177582,13.4596804928244
0.466203003553805,13.4603386853671
0.484225663693133,13.4609958739632
0.497723777929462,13.4616746097265
0.505336319215538,13.4624053367764
0.504319199922991,13.4632251557266
0.492336064310547,13.4640582972759
0.468183756503523,13.4649203021574
0.430309350933864,13.465822735628
0.376976872023495,13.4667746840546
0.334215069938296,13.4674119618199
0.286676232830301,13.4680492395851
0.244087181305256,13.4685840047707
0.207423157324356,13.4690319417727
0.175114605477109,13.469426541822
0.146114223151767,13.4697879064179
0.119786728061001,13.4701283895644
0.09569521747277,13.4704568734835
0.0734855343850803,13.4707811228253
0.0527964495651238,13.4711099433528
0.0330931262778859,13.4714577633906
0.0128606530330727,13.4718673683152
0.000153101639981947,13.4721649690979
-0.00714289942301684,13.4723556862823
-0.0138070302538284,13.4725464034666
-0.0196281060421507,13.472729168712
-0.025560693510314,13.4729350894759
-0.0313347132295583,13.4731601029961
-0.0367716295228441,13.4734015159705
-0.0417719714477714,13.4736582494208
-0.0462832858189408,13.4739302756921
-0.0502779117935122,13.4742182968979
-0.0539235580382053,13.4745420142997
-0.0567985461376942,13.4748648409513
-0.0591589760750273,13.4752086347485
-0.0610203168036841,13.4755765227612
-0.0623965135047092,13.4759720181115
-0.0633011163792765,13.4763994485985
-0.063745804846068,13.4768641931952
-0.0637387922012145,13.4773730295782
-0.0632828690471229,13.4779346689161
-0.0623702718914213,13.4785620083464
-0.0609793143339017,13.4792717271459
-0.0590657448411803,13.4800883681674
-0.0565397872605944,13.4810526769769
-0.0531889309028187,13.4822492404414
-0.0491375863080116,13.4836511327117
-0.0452125659722721,13.4850041639104
-0.0414668612921535,13.4863146018621
-0.0379262519265994,13.4875853917931
-0.0346036266041765,13.4888177438077
-0.0315044772472728,13.4900119841684
-0.0286293621309001,13.4911680033962
-0.0259752271582957,13.4922854918406
-0.0235362608002799,13.493364061675
-0.0213045424014834,13.4944033055903
-0.0192705844027317,13.4954028182521
-0.0174238062488152,13.4963621944788
-0.0157529523878616,13.497281011767
-0.0141733682448721,13.4982027489846
-0.0126535351223626,13.4991481387121
-0.0111978141324954,13.5001188626899
-0.00981010623613948,13.5011170776298
-0.00849410439350264,13.5021453171184
-0.00725324050556225,13.5032065869062
-0.00609063196857261,13.5043044890917
-0.00500902544631394,13.5054433898241
-0.00401073751452155,13.5066286511913
-0.00309759122589208,13.5078669609089
-0.00227084663288674,13.5091668168219
-0.00153112146442184,13.5105392679771
-0.000878294587504818,13.5119991056268
-0.000311377250578138,13.5135669017419
0.000154180877929392,13.5152024001277
0.000522951317400968,13.5168877193172
0.000811054139496179,13.5186412462179
0.00103314281549235,13.5204852309572
0.00120311723182154,13.5224496665672
0.00133462307868793,13.5245776121302
0.00144185705582589,13.5269365351708
0.0015412694351598,13.5296471803674
0.00165696398483725,13.5329850935813
0.00179959963219089,13.5367366514878
0.0019789437930649,13.5408142554301
0.00217677595087801,13.5448011032244
0.00238438142351902,13.5486744268836
0.0025997647556676,13.5525194389207
0.00282197771310163,13.5563927810733
0.00305125411779255,13.5603367464866
0.00328890587307789,13.5643867919653
0.0035371409929715,13.5685753116311
0.00379889952172184,13.5729338924764
0.00407775618624898,13.5774949587419
0.00437794568573054,13.5822932588847
0.0047045738665882,13.587367213935
0.0050641099006059,13.5927601859241
0.0054318054973654,13.5980463846257
0.00581404855202862,13.6032841833618
0.00621105508247985,13.6084331909809
0.00662687578982194,13.6135021365876
0.00706555774819828,13.6184940534149
0.00753197862314421,13.6234168173496
0.00803132285347302,13.6282758525005
0.00856920703604195,13.6330748424846
0.00915171100730517,13.6378152809874
0.00978549259856914,13.6424969049267
0.0104779278781347,13.6471183300493
0.0112543547170326,13.6517752820654
0.0121289504888587,13.6564597695407
0.0131235114774945,13.6611881217984
0.0142683847339103,13.6659915000461
0.0156130702872886,13.6709438154319
0.0172594308778927,13.6762398635022
0.0195569963048365,13.6826512439294
0.0212336302560356,13.6868720669801
0.0229889002517564,13.6910928900307
0.0244950413051077,13.6947264437276
0.0257574173282238,13.6979561692372
0.0268121431877867,13.7010050405005
0.0276396108351711,13.7039548806665
0.0281994018149015,13.7067824472867
0.0284894098812361,13.7096089621543
0.0284778089964758,13.7125928013312
0.0280491721892392,13.716079989284
0.027259477759593,13.7193968051845
0.026157458761373,13.722713621085
0.0250651742788953,13.7254490400258
0.0239901967542063,13.7278846593714
0.022916316895211,13.7301785291769
0.0218420902983356,13.7323964653233
0.020770351383595,13.7345731501481
0.0197047638057994,13.7367306611867
0.0186489919962341,13.7388847317676
0.0176064847893792,13.7410474695439
0.0165804185326323,13.7432287643984
0.0155736909290265,13.7454371010886
0.0145889269183468,13.7476800784187
0.0136284908020993,13.7499647592518
0.0126944988652244,13.7522979250292
0.0117888261278332,13.7546862878117
0.0109131203493209,13.7571366512012
0.010068808425896,13.7596560730885
0.00925710751042762,13.7622520106533
0.00847903242358443,13.7649324806215
0.00771586736444071,13.7677822791588
0.00696889817519598,13.7708298325589
0.00624191380077161,13.7740991399637
0.00553887733367242,13.7776180504806
0.00486392425235908,13.7814188300613
0.00422129444588197,13.7855390717502
0.00361522064596724,13.7900230007764
0.00304975402190974,13.7949236072332
0.00252850489778997,13.8003066150033
0.0020543774420085,13.8062572800336
0.0016294698168599,13.8128900574076
0.00126701725555538,13.8200931140786
0.000972463510498482,13.8278919740085
0.000773868114618102,13.8353221171179
0.00061199355987091,13.8435442816704
0.00047902426314937,13.8528374250801
0.000379445506353123,13.8628374250801
0.000312840397832567,13.8728374250801
0.000269986105785928,13.8828374250801
0.000244167837159536,13.8928374250801
0.000230601926724244,13.9028374250801
0.00022602385902375,13.9128374250801
0.000228307564110912,13.9228374250801
0.000236146536234307,13.9328374250801
0.000248825546254707,13.9428374250801
0.000266079884066899,13.9528374250801
0.000288024306747604,13.9628374250801
0.000315136534321685,13.9728374250801
0.000348290393072079,13.9828374250801
0.000388846025024682,13.9928374250801
0.000438334336055674,14.0027477130787
0.0004950431622244,14.0119335791921
0.000559630269977102,14.0204248409753
0.000633064414329327,14.0282734051369
0.00071651049322387,14.0355283065448
0.000811312642462297,14.0422350883722
0.000919001353369597,14.0484360846283
0.00104131282089022,14.0541706848676
0.0011802143525846,14.0594755559931
0.00133793429845989,14.0643848336801
0.0015169955236875,14.0689303061244
0.0017202563261258,14.073141590156
0.00195095749538247,14.0770462958381
0.00221277952343404,14.0806701788251
0.00250991251695526,14.0840372952261
0.00284714284127999,14.0871701628099
0.00322996442296858,14.0900899256256
0.00366472211982749,14.0928165304622
0.00415880454811801,14.0953689306347
0.00472091096183797,14.0977653296207
0.00536143311572987,14.1000234923092
0.00608545944981444,14.1021409834562
0.00688439926563424,14.1040917664689
0.0077680168016138,14.1059081612269
0.00875097269226923,14.1076224673146
0.00985588092052932,14.1092688884602
0.0111221570228833,14.1108909809852
0.0126800495180073,14.1126109587314
0.0149096626278658,14.1147199434525
0.0165943480483415,14.1161371432397
0.0183931224415938,14.117554343027
0.0200527185028609,14.1188249848129
0.0215267207178941,14.1199673509004
0.0228512768412711,14.1210499090812
0.0240309449364937,14.122116355965
0.0250503180649115,14.1232042520322
0.0258755572965922,14.1243602290352
0.0264397962532142,14.1256677683997
0.0265572205224083,14.1273847199721
0.0260413532031871,14.1290447096934
0.0250185752236462,14.1307046994148
0.0238557528622174,14.1321123828889
0.0225454117654401,14.1334850998453
0.0210868146408326,14.1348971722982
0.0194882976406897,14.1363890417829
0.0177548119687889,14.1380005088409
0.0159203607209853,14.1397858851572
0.0130109749947787,14.1429765077861
0.0106723669248374,14.1459966242634
0.00888748150799345,14.1487060188116
0.00746865951764766,14.1512175329973
0.00625521789029789,14.15371704796
0.00519364538384972,14.1562725098679
0.0043066500945245,14.1587733242611
0.00357794246747391,14.1611707216959
0.00296811361468566,14.1635001832658
0.00244479853609975,14.1658146812881
0.00197766901657673,14.1682099804268
0.00152138417030178,14.1709551293119
0.00121711348544376,14.1730836783661
0.000949770332284332,14.1752122274204
0.00074393062270049,14.1770587826858
0.000575831482470958,14.1787320997556
0.000426407689833017,14.1803699881089
0.000285234457370136,14.1820729131779
0.000142989089018663,14.1839721230909
-1.72179279518518e-05,14.1863816085852
-0.000260942910075454,14.1907784722254
-0.000435764476009037,14.1947201208091
-0.000560043302747181,14.1981348152294
-0.000670825233504294,14.20184535822
-0.000780677562780946,14.206623723499
-0.000862121847580917,14.2120729209349
-0.00088864092235554,14.2168644036836
-0.000864346915811246,14.2212132144369
-0.000787120424270562,14.2251361286567
-0.000653413352335503,14.2286822892007
-0.000458865065137845,14.2318973163635
-0.00019778781260392,14.2348351808876
0.000137854871279877,14.2375540116276
0.000560290212674197,14.2401160771674
0.00109036616863434,14.2425960078754
0.00176514931264939,14.2450881209329
0.00267140646982171,14.247773007479
0.00391234543161296,14.2507616732933
0.00548106751836874,14.2538935234951
0.00675625701633701,14.2560899858289
0.00820252755248704,14.2582864481628
0.00962941281142436,14.2601873119484
0.011135944126789,14.2619461518023
0.0127190239879776,14.2635591379264
0.0144567900369311,14.2650983443241
0.0163851027353791,14.2665761294934
0.0185222816468286,14.2679886532863
0.0209153375735869,14.2693500590528
0.0235900577669091,14.2706581515749
0.0265904926190704,14.2719190277884
0.0299569022726415,14.2731344737695
0.0337314767081265,14.2743057209027
0.0379716643566017,14.2754370732921
0.0427394116485724,14.2765315076758
0.0481074920500667,14.2775922479202
0.0541601851450907,14.2786224126901
0.061002952013397,14.279626102429
0.0687611083272547,14.2806072838016
0.077588334599117,14.2815702926861
0.0876763350719889,14.2825200065376
0.099268689891261,14.2834620585633
0.112683925835221,14.2844033131101
0.128352422681728,14.2853525307906
0.146881743707024,14.2863215830482
0.16874580277197,14.2873094759541
0.19409328603268,14.2883029910452
0.223617302376354,14.2893137129847
0.258269346225012,14.2903586454755
0.299536758110234,14.2914677088276
0.335571889916448,14.2923577167326
0.373380403400608,14.2932477246377
0.406826916860412,14.2940258611564
0.435988689986007,14.2947240031604
0.461476536433956,14.29537959147
0.483367604029901,14.2960182100526
0.501325906012409,14.296661781204
0.514547057065601,14.2973350088981
0.521391294677602,14.2980748103071
0.518774013747398,14.2988832704623
0.504766184531119,14.2997115460515
0.478028063292051,14.3005755391496
0.436831267928791,14.3014867914132
0.379267432705478,14.3024539353164
0.335477323408305,14.3030748182442
0.287248045671347,14.303695701172
0.244217837892101,14.3042181169721
0.207204011991485,14.304657396045
0.174609173053364,14.3050454460053
0.145371423722382,14.305401584053
0.11884244761312,14.3057378137997
0.0945728755855606,14.3060628899586
0.0721936492494233,14.3063846412927
0.0513176962338099,14.3067122835959
0.0313378669822607,14.3070618545839
0.0102875844564986,14.3074875244226
0.000133108155453151,14.3077237925375
-0.00716243738536911,14.3079108225636
-0.0138296946328383,14.3080978525897
-0.0197185197622727,14.3082790662366
-0.025711663353349,14.3084830239399
-0.0315395040396265,14.308705762435
-0.0370248103886651,14.3089446924366
-0.0420687080566387,14.3091987892089
-0.0466190538165049,14.3094680517077
-0.0506516541142105,14.3097531942051
-0.0543705336378637,14.3100771142678
-0.0572726679939328,14.3103971409342
-0.0596561718111097,14.3107380049914
-0.0615373339271792,14.3111028839136
-0.0629304009917478,14.3114953022463
-0.0638491816383678,14.3119196062295
-0.0643055519343999,14.3123812059934
-0.0643078233435129,14.3128869315209
-0.0638587255941696,14.3134455822484
-0.0629502273097986,14.3140701704333
-0.0615598261545103,14.3147776649089
-0.0596414301035728,14.3155931657677
-0.0571007495228967,14.3165587653237
-0.0537102915782252,14.3177637136113
-0.0496296776924278,14.3191688787011
-0.0456731199377861,14.3205260554589
-0.0418941866202991,14.3218413302528
-0.0383192541893393,14.3231174763129
-0.0349617342950485,14.3243555893099
-0.0318276082900112,14.3255559137549
-0.0289178884469792,14.3267182784634
-0.0262299266462982,14.3278423256779
-0.023758258314301,14.3289276297689
-0.021495243666288,14.3299737543339
-0.0194316073228055,14.3309802730099
-0.0175569134433923,14.3319467675523
-0.0158599877954713,14.3328728106145
-0.0142750452713938,14.333790294508
-0.012749033531837,14.3347312356572
-0.0112865233099069,14.335697163677
-0.0098914508346618,14.3366901748833
-0.00856755672860826,14.3377127273703
-0.00731833220987522,14.3387677326966
-0.00614696651520393,14.3398586737534
-0.00505629173352968,14.3409897633428
-0.00404872486085763,14.3421661624679
-0.00312620637631497,14.3433942890415
-0.00229013380695894,14.3446822686658
-0.00154128726260539,14.3460406187673
-0.00087974109720322,14.3474833374196
-0.000304749960259812,14.3490297436568
0.000172663073952091,14.3506581053488
0.000549981517246169,14.352332942319
0.000843703861861101,14.3540725569047
0.00106857368396665,14.3558981318803
0.00123848422274016,14.3578379646887
0.00136692521107507,14.3599321574032
0.001467672103995,14.3622424070558
0.0015561443726993,14.3648759439386
0.00165331444855238,14.3680635256706
0.00177715360000218,14.3718004788229
0.00193239062493903,14.3757886923078
0.00212271651108753,14.3800252276852
0.00231874567205466,14.3839964683904
0.00251923916256364,14.3878521016257
0.00272386282481655,14.391680019218
0.00293310063240091,14.3955363782763
0.00314827823911214,14.3994631822022
0.00337143331954115,14.4034956725884
0.00360517993381138,14.4076660511314
0.00385261230407441,14.4120057398407
0.00411727676427105,14.4165470276737
0.00440325483736806,14.4213245394439
0.00471541689088888,14.4263766304393
0.00505992650744036,14.4317466189901
0.00541710713650889,14.437071789548
0.00578773039812845,14.4423278978539
0.00617360652965642,14.4474997991178
0.00657801911070473,14.4525879459236
0.00700502188553704,14.457597817171
0.00745927859994302,14.4625370806568
0.00794581684907323,14.4674117605218
0.00847006578536716,14.4722259238181
0.00903790625048439,14.4769814418423
0.00965577582539636,14.4816783283056
0.0103308022554324,14.4863153266968
0.0110832823342466,14.4909630775354
0.0119305603794522,14.4956405910675
0.0128921345240217,14.5003567965134
0.013995732953904,14.505137982805
0.0152846374800654,14.5100440092749
0.0168419514572232,14.5152263233454
0.0189070083884157,14.5211998703488
0.0207064168739369,14.5258517447549
0.0226238003523324,14.5305036191611
0.0242060583964238,14.5343024419819
0.0255160729794527,14.5375976502875
0.0266140137542,14.5406714392353
0.0274988508807447,14.5436633686594
0.0281136537218492,14.54650730115
0.028460748059953,14.5493231671815
0.0285165823488324,14.5522568227089
0.0281941419428482,14.5555846474665
0.0271979704894528,14.5599423841937
0.0263042332225131,14.5626432523736
0.0252461535334228,14.5653441205535
0.0241735697238202,14.5678052952794
0.0230999139512919,14.5701161665014
0.0220254492464803,14.5723438221918
0.020952892191424,14.5745257089043
0.0198858670257198,14.5766853687217
0.01882805922466,14.5788393430907
0.0177829568369609,14.5810002260017
0.0167537804688136,14.5831782154321
0.0157434713843358,14.585381999269
0.0147546963696452,14.5876193116929
0.0137898607078849,14.5898973023097
0.0128511178962549,14.5922228108119
0.0119403801189587,14.5946025789487
0.0110593315539994,14.5970434182585
0.0102094316798304,14.599552385279
0.00939193184028323,14.6021369138957
0.00860787790942889,14.6048049908393
0.00784249509872254,14.6076253205997
0.00709267329816169,14.6106401374378
0.00636222724414871,14.613872710048
0.00565508987426936,14.6173502789308
0.00497537317410892,14.6211043996402
0.00432730764524436,14.625171811697
0.00371514022717761,14.6295956645583
0.0031429662424884,14.6344275350568
0.00261450397045345,14.6397308661299
0.00213278577230352,14.6455876371869
0.00170004607422197,14.6521075675928
0.00132769212301938,14.6592254692229
0.0010254568702114,14.6669218295283
0.000814763428798661,14.6745226999001
0.000652081303709955,14.6825097844983
0.000515139003697814,14.6917215119125
0.000412118161313696,14.7017215119125
0.000344041650840642,14.7117215119125
0.000301258726850187,14.7217215119125
0.000276764578871956,14.7317215119125
0.000265606779903443,14.7417215119125
0.000264459072078397,14.7517215119125
0.000271228209920601,14.7617215119125
0.000284730188234184,14.7717215119125
0.000304468807388868,14.7817215119125
0.000330516532341783,14.7917215119125
0.000363484449424532,14.8017215119125
0.000404575395638366,14.8117215119125
0.000455357044765073,14.8216535554385
0.000513875231521378,14.8308545623583
0.000580696198080534,14.8393547039765
0.000656758163038101,14.8472072130649
0.000743230125709978,14.8544622332907
0.000841480592504612,14.8611662095188
0.000953078174300221,14.8673622187054
0.00107980857535863,14.8730902712173
0.00122369954799996,14.8783875578437
0.00138705136409264,14.8832886591357
0.00157247129267597,14.8878257458918
0.00178291660535187,14.8920287700517
0.00202174421933233,14.8959256411157
0.00229277150963731,14.8995423872623
0.00260035138443704,14.9029033205725
0.00294946592050145,14.9060312102717
0.0033458480030794,14.9089474598274
0.00379613945914728,14.9116722992967
0.00430810651799286,14.91422501231
0.00489094256555245,14.9166242133304
0.00555570888477675,14.9188882120272
0.00630022028945737,14.9209947657003
0.0071227735674701,14.9229424903685
0.00803492509540573,14.9247649345767
0.00905415121868143,14.926496185081
0.0102088051710722,14.9281749580435
0.0115525642335574,14.9298568138549
0.0132942579905027,14.9317338585616
0.0152089324583832,14.9335349472085
0.0168545345444098,14.9349444541858
0.0185885699105039,14.9363539611631
0.0201378915070399,14.9375956159341
0.0215211689912006,14.9387339815724
0.0227617061468116,14.9398278574252
0.023856001994025,14.9409175550805
0.0247829965733719,14.9420423310828
0.0255010431336448,14.9432568705393
0.0259231133451065,14.9446735829823
0.0257187928737476,14.9467843713006
0.0250285492337969,14.9482874341889
0.0239862278489226,14.9497904970772
0.0227912066192387,14.9511824438852
0.021447872432249,14.9525763264982
0.0199649943856362,14.9540226768675
0.0183513262334319,14.9555589477499
0.0173263013250007,14.9565363020891
0.0163278123604329,14.9575136564282
0.0138890609163914,14.9601091092975
0.0114032397039642,14.9631639419084
0.00946779166259819,14.965957113918
0.00794324138189288,14.9685265863153
0.00667208174098068,14.9710189936631
0.00556217162406707,14.9735568672703
0.00461906145071746,14.9760803841981
0.00381777552324842,14.9785911633951
0.00311057741120474,14.9811945389413
0.00243971854259406,14.9841349504176
0.00198991371702726,14.9864633852734
0.0016010083884815,14.9887918201291
0.00131451533194693,14.9907514562728
0.00108256211409697,14.9925312787712
0.000877723934557665,14.9942811904267
0.000685316238815334,14.9961119510663
0.000492013224797469,14.998177250367
0.000272008946973982,15.0008804660757
-2.30341515815743e-05,15.0053307522675
-0.000220134519034527,15.0091067066455
-0.000362968188862764,15.01248560005
-0.000490251099541475,15.0162370933205
-0.000610378061604947,15.0209983246352
-0.000692112486295543,15.0263006302586
-0.000713177979335479,15.030992791187
-0.000679398020845001,15.0352693051145
-0.000589944710221859,15.0391453984485
-0.000442040681626044,15.0426676745178
-0.000231202707856557,15.0458868564466
4.85744175160294e-05,15.0488523494882
0.000405990034916341,15.0516190640547
0.000854669573235,15.0542491525366
0.00141879153028616,15.056822481485
0.00214051191113894,15.059438237375
0.00310933016447288,15.0622680701878
0.00439943126429192,15.0653435835979
0.00599112418522328,15.0684869519405
0.00720878945620712,15.0705523919067
0.00859463724796791,15.0726178318728
0.0100024939990106,15.0744500904731
0.0115149127813717,15.0761663832172
0.0131455210555366,15.0777734433572
0.0149347100026249,15.0792998413547
0.0169271012371803,15.0807665909712
0.0191410166488658,15.0821697711929
0.0216206190427313,15.0835211530035
0.0243944177321806,15.0848201159412
0.0275054884896161,15.0860718298779
0.0309963717279276,15.0872787088716
0.034912247874192,15.0884424968059
0.0393128517635391,15.0895673977537
0.0442640401006917,15.0906566004127
0.0498434064606795,15.0917134891876
0.056142035622449,15.0927414583026
0.0632726372638156,15.0937446376672
0.071371636284364,15.0947272990425
0.0806077415019177,15.0956941476512
0.0911941220882001,15.0966505959299
0.103406484833788,15.0976030976553
0.117613180824256,15.0985597676739
0.134328432359432,15.0995314964849
0.154281749491524,15.1005325593578
0.1773915505317,15.1015359724881
0.204270411324778,15.1025525483881
0.235745842605156,15.1035976792861
0.273039854805626,15.1046961063809
0.316045398729592,15.1058396269985
0.356337052523337,15.1068420465357
0.390172090106058,15.1076666057881
0.419497920739005,15.1083965044784
0.445143689186568,15.1090762730602
0.467243724216035,15.1097327521805
0.485531709532428,15.110387553443
0.499332299273713,15.1110632085788
0.507315046295195,15.1117899735
0.506763090033118,15.1126079909843
0.495255866282819,15.1134390561103
0.471599677190176,15.114298962848
0.434238760142428,15.1151995229529
0.381423638310844,15.1161497548224
0.338207905285967,15.1167966736016
0.289997267683513,15.1174435923807
0.246851880552816,15.11798454546
0.209806384366743,15.1184357959979
0.177218732061777,15.1188322158543
0.147997746169103,15.119194583613
0.121487468702452,15.1195355451154
0.097240850333826,15.1198641039955
0.0748992148725957,15.120188042852
0.0541020709291502,15.1205160579785
0.0343278493499499,15.1208621077913
0.0141598394988281,15.1212660347606
0.00681099509266114,15.1214312529862
-2.88099631027652e-05,15.1215964712118
-0.00781943199591472,15.1218011984119
-0.0143968218274347,15.1219911522403
-0.0202685129988597,15.122177439394
-0.0262020923078149,15.1223860392142
-0.0319445066566918,15.1226131807235
-0.0373312522639873,15.1228564613972
-0.0422711444328631,15.1231149851061
-0.0467166271341823,15.123388844766
-0.0506416587701099,15.1236788311382
-0.0541423290528871,15.1239976395606
-0.0569594262117007,15.1243223706423
-0.0592639502708697,15.1246684599717
-0.0610706418516343,15.1250390106658
-0.0623935186162804,15.1254376229161
-0.0632460311352928,15.1258687367575
-0.0636395751881309,15.1263378790543
-0.0635818656549843,15.1268520294557
-0.0630748752182705,15.1274202129163
-0.0621092260446665,15.128055909082
-0.0606611757776468,15.1287764350007
-0.0586825579956247,15.1296077283953
-0.0560746757875949,15.1305937198424
-0.0525950949417365,15.1318296612853
-0.0485545633036736,15.1332254623341
-0.044647165928855,15.1345739065936
-0.0409227456302438,15.1358803150754
-0.0374052211197576,15.1371473445041
-0.0341064981246138,15.1383760566009
-0.0310314624206156,15.1395667003209
-0.028180252865351,15.1407191265503
-0.0255495050193808,15.1418330061309
-0.023133172487794,15.1429079422914
-0.0209231587086617,15.143943523876
-0.0189098498523987,15.144939343512
-0.0170825820065319,15.1458949936859
-0.0154300534840438,15.1468100478214
-0.0138583997525308,15.147733873146
-0.0123470187973412,15.148681457289
-0.0109001697963017,15.1496545580188
-0.00952174059438441,15.1506553623495
-0.00821540669762613,15.1516864421035
-0.00698457887377018,15.152750851086
-0.00583234969531508,15.1538522525684
-0.00476143737701592,15.1549950917861
-0.00377412655671031,15.1561848350153
-0.00287220506633299,15.1574283104196
-0.00205689472110203,15.1587342106036
-0.00132877230108901,15.160113864402
-0.000687673283255622,15.1615824835319
-0.000132563101267427,15.1631613103754
0.000319195204179326,15.1648005261277
0.000675723114136779,15.166491279254
0.000952891288243976,15.1682520309122
0.00116522969647327,15.1701055997719
0.00132654100349013,15.172082893807
0.00145041042082967,15.174228588936
0.00155103812976451,15.176613370667
0.00164504548289828,15.179365777379
0.00175747012422433,15.1827891083056
0.00189558370296674,15.1865521892724
0.00206412808872181,15.1904949804125
0.00225058220426389,15.1943576050657
0.00245172575925834,15.1982097302408
0.00266462173794346,15.2021030207645
0.00288754423011638,15.206077508479
0.00312020374435958,15.2101676092968
0.00336363465138488,15.2144054539254
0.00361998668660339,15.2188229150971
0.00389233979644598,15.2234531676753
0.00418463236498589,15.2283321643604
0.00450178846092538,15.2334999481117
0.00485016484489286,15.2390020524789
0.00520247204051009,15.2443507780929
0.00556817483211642,15.2496559735755
0.00594653037154861,15.2548609574028
0.00634193087115991,15.2599823503501
0.00675814972850814,15.2650232730408
0.0071997829306976,15.2699931463151
0.00767159548243364,15.2748980907406
0.00817871763813682,15.2797424981901
0.00872667418492221,15.2845284569097
0.0093215134460867,15.289256266702
0.00996992977657437,15.293924861305
0.010682859008543,15.298553783697
0.0114839813301201,15.303218889432
0.0123886030658403,15.3079142037132
0.0134203898104895,15.3126593845823
0.0146134164540844,15.3174937246689
0.0160261885432415,15.3225118682303
0.017791262755497,15.327980039642
0.0202097428206753,15.3344999122379
0.0217960515356539,15.3384097795472
0.0234295940599712,15.3423196468565
0.0248577294867359,15.3458016436323
0.0260622035915842,15.3489646366574
0.0270615629114624,15.3519911659243
0.027816213979975,15.3548963871644
0.0283046491162049,15.3577113142464
0.0285185943505495,15.360561794874
0.0284129741274776,15.3636305720726
0.0278131774672796,15.3674147021433
0.0269880357339906,15.3704747601295
0.0259132089077458,15.3735348181158
0.0248317516934143,15.3761713040986
0.0237578616216584,15.3785673303198
0.0226835978989309,15.3808413528543
0.0216093769074452,15.3830487067646
0.0205383737441867,15.3852204289781
0.0194742859786023,15.3873768969609
0.0184207371076656,15.3895329188927
0.0173811153609101,15.3917000603207
0.0163585324494522,15.393887886846
0.0153558214583264,15.3961046983185
0.0143755464400109,15.3983580009063
0.0134200119345645,15.4006548406313
0.01249127749441,15.4030020415539
0.0115911653464316,15.4054064096074
0.0107212692657477,15.4078749063454
0.00988297005126042,15.4104147899602
0.00907743728790736,15.4130337930147
0.00830438446712601,15.4157448672367
0.00754449033330808,15.4186382513285
0.00680164626970665,15.4217345467337
0.00607965197241041,15.4250587097232
0.0053825091888059,15.4286395843902
0.00471438136155829,15.432510630091
0.00407951592080094,15.4367109143898
0.00348212022142203,15.4412865711609
0.00292617192195481,15.4462932374802
0.0024151405019869,15.4518006859408
0.00195174803288574,15.4579003614718
0.00153792538229546,15.464715741126
0.00128074029248726,15.4699525946642
0.00107523248442626,15.4751894482025
0.000850986602899535,15.4828180135868
0.000681523697501811,15.4906381453256
0.000535908892877028,15.4997720631861
0.000424674610139775,15.5097720631861
0.000350473345316995,15.5197720631861
0.000302964657683181,15.5297720631861
0.000274620875347231,15.5397720631861
0.000260088510173245,15.5497720631861
0.000255728464375705,15.5597720631861
0.000259189366168635,15.5697720631861
0.000269051475880563,15.5797720631861
0.000284574746523702,15.5897720631861
0.000305548297936875,15.5997720631861
0.000332222523001142,15.6097720631861
0.000365309313792113,15.6197720631861
0.000406049643836049,15.6297720631861
0.000455938513368767,15.6396932636391
0.000513149503459013,15.6488921016268
0.000578260503903019,15.6573975481527
0.00065218915953371,15.6652610923818
0.000736065519444561,15.6725314221829
0.000831205200910836,15.6792537870323
0.000939111690554326,15.6854702782006
0.00106149369690757,15.6912200891989
0.0012002896373828,15.6965397306417
0.00135769695480476,15.7014632131342
0.00153620474866424,15.7060222261855
0.00173863421238163,15.7102463106757
0.00196818471488822,15.7141630195661
0.00222848995397589,15.717798064291
0.00252368641902039,15.7211754653307
0.00285849799961406,15.7243177102983
0.00323834472095878,15.7272459142914
0.00366948190935877,15.729979990752
0.00415918709262538,15.7325388494905
0.00471601774866134,15.734940632133
0.00535017801245335,15.7372030102556
0.00606910476838014,15.739330204228
0.00686207265189089,15.7412880063349
0.00773841148303056,15.7431085605946
0.00871215459655642,15.7448239535551
0.00980469273880308,15.7464676197591
0.0110526199108743,15.7480809845095
0.0125704019904511,15.7497723883559
0.0146778139719167,15.7517879376976
0.0164325332542385,15.7532743855718
0.0183221905286067,15.754760833446
0.0200229354066317,15.7560530350569
0.0215230874061284,15.7572015796804
0.0228705993696058,15.7582843985567
0.0240734544409559,15.759347153249
0.0251181374484209,15.7604272622553
0.0259730888094685,15.7615694654503
0.0265765429964744,15.7628506287557
0.0267678227756637,15.7644896861062
0.0263197214120041,15.7661769791436
0.0253276831797052,15.7678642721809
0.0241817930926241,15.7692786657969
0.0228870432598794,15.7706473787962
0.0214419886269929,15.7720507961833
0.0198550615349436,15.7735304346173
0.0181318852463467,15.7751254947521
0.0163001141695086,15.7768880564293
0.014713399064348,15.7785396110866
0.0121414798773223,15.7815525399978
0.0100585182670248,15.7844165497999
0.00843095520239862,15.7870380922228
0.00710913683214369,15.7895183546866
0.00595906877491758,15.792033668232
0.0049525304550469,15.7946149446124
0.00408347156818076,15.7972431471054
0.00333656353339305,15.7999186019492
0.00265729963208943,15.8028282191997
0.002064702502473,15.8059035295068
0.00172637860779201,15.8079764312734
0.00142996983383795,15.81004933304
0.00119114834627152,15.8119441778774
0.000987111211705108,15.8137650935266
0.000801148224393482,15.815629038549
0.000621000195244861,15.8176701744485
0.00042997598160047,15.8201646409718
0.000155724303733947,15.8246080253542
-3.25107375718842e-05,15.8286239467009
-0.000155704762641147,15.8320261555157
-0.000255182246959347,15.8356340923352
-0.000337043843498217,15.8400006101693
-0.00038164893806307,15.8453321968167
-0.000364627731952708,15.850013103485
-0.000291832846936207,15.8542980120434
-0.000163280260908357,15.8581885963426
2.34128324734998e-05,15.8617329807836
0.00027205537109393,15.8649743919816
0.000587923941230215,15.8679578214324
0.000978711408676151,15.8707326553561
0.00145548982056017,15.8733494197504
0.00203513332867554,15.8758631488146
0.00274740091455439,15.8783466492212
0.00363102328427443,15.8808582779449
0.00474213962856772,15.8834611897369
0.0060917244929037,15.886092848583
0.00756907352681647,15.8885223124292
0.00908020648945654,15.8906475855947
0.0106258695605343,15.8925243658697
0.0122472817011534,15.894230655008
0.0140121507844897,15.8958399275132
0.0159253110160124,15.8973485882297
0.0180462363538052,15.8987925714825
0.0204098397715705,15.9001789765383
0.023039512784133,15.9015062291764
0.0259844065604642,15.9027844597818
0.0292825238819322,15.9040151385073
0.0329837616445381,15.9052025152246
0.0371428718136546,15.9063499009074
0.0418198925435501,15.9074598991171
0.0470896743376464,15.9085363798522
0.0530393488313542,15.9095829954653
0.0597727129255988,15.9106035276072
0.0674147952761987,15.9116019654136
0.076122273141481,15.9125830652572
0.086091813938637,15.9135521775188
0.0975764036740888,15.9145156111386
0.11091247061469,15.915481255677
0.126566396537757,15.9164595879697
0.145223199574746,15.917465635321
0.166963842728946,15.9184793463912
0.192238960230434,15.9195043785854
0.221816486261809,15.9205557532702
0.256813380236723,15.9216569095002
0.297531981468234,15.9228090558961
0.338250938135317,15.9238781167356
0.372520981865551,15.9247507966895
0.402198092402027,15.9255154289492
0.428193053105234,15.9262211755917
0.450698165777863,15.926896469438
0.469519320498363,15.9275629591678
0.484104364831513,15.9282415947092
0.493383712600432,15.928957837428
0.495268020313242,15.9297510990259
0.486951289011407,15.9305850150059
0.467097429824328,15.9314402836325
0.434318692454887,15.9323294067417
0.387014103116327,15.9332618315297
0.344150561106654,15.9339497541541
0.295384717866808,15.9346376767786
0.251577849264601,15.9352071838645
0.214152210814835,15.9356757627147
0.181332054418895,15.9360836424198
0.151943375903197,15.9364541733058
0.125299868117965,15.9368011019285
0.10094636777958,15.9371338862398
0.0785292296855291,15.9374603528616
0.0577112742436046,15.9377887047475
0.0380490123994707,15.9381309000427
0.0185422562967417,15.9385155817428
0.00256137295839844,15.9388809125006
-0.00505224203556434,15.9390777107202
-0.0120010967714816,15.9392745089399
-0.0180008189658948,15.9394610186361
-0.0238955849089431,15.9396632200332
-0.0296891781713662,15.9398854782628
-0.0351844848899973,15.9401247791574
-0.0402658926217636,15.9403796699475
-0.0448713463211812,15.9406498799849
-0.0489674789968093,15.9409359408762
-0.0527396193031353,15.9412587328453
-0.0557174266083777,15.9415789712704
-0.0581803786945874,15.9419196272547
-0.0601435293314689,15.9422837095093
-0.0616204768707597,15.9426745570618
-0.0626248100496457,15.9430962756125
-0.0631686422413721,15.9435539506086
-0.063261082945848,15.9440539576866
-0.0629064353277615,15.9446044347726
-0.0621001314028645,15.9452170537129
-0.0608246484467981,15.9459072862509
-0.0590434629501163,15.9466970062047
-0.0566836351366783,15.9476211236523
-0.0535835780367069,15.9487464469998
-0.0495358215695608,15.9501593961318
-0.0456025560836488,15.9515193044163
-0.0418416883986094,15.9528350986784
-0.0382825603101798,15.9541104142168
-0.0349397836187634,15.9553468277743
-0.0318197989827865,15.956544867959
-0.0289237505036614,15.9577045393798
-0.0262489768453908,15.9588255978837
-0.0237899425963648,15.9599076939393
-0.0215389237310072,15.960950443325
-0.0194865697439493,15.9619534556011
-0.0176223897649138,15.9629163365748
-0.0159351790746299,15.9638386735867
-0.0143488375339518,15.9647585789434
-0.0128217657247154,15.965702036232
-0.0113584216016414,15.9666706585689
-0.00996271925907751,15.967666576367
-0.00863836830652734,15.9686922896908
-0.00738882025553199,15.969750761919
-0.00621721513495814,15.9708455410306
-0.0051263252299237,15.9719809230913
-0.00411849560286803,15.9731621778275
-0.00319558044047907,15.9743958685365
-0.00235887326182613,15.9756903208187
-0.00160902719261072,15.9770563369364
-0.000945957951521151,15.9785083386965
-0.000368714668205035,15.9800663122007
0.000109135939717363,15.9816986208792
0.000488806745911337,15.9833792021141
0.000786664911768611,15.9851264008405
0.00101749170397043,15.9869619729072
0.00119529722204279,15.988915120831
0.00133381466398618,15.991027516942
0.00144729096534977,15.9933639021054
0.00155212389795376,15.9960385588284
0.00167186067518411,15.9993050958314
0.00182043048341924,16.0030489268962
0.00199894890755907,16.0069740088244
0.00219744155244151,16.0108563994892
0.00241302165864163,16.0147544444302
0.00264249514134444,16.0187139245752
0.00288376049986908,16.0227722054129
0.00313625037776621,16.0269626993056
0.00340089866056291,16.0313175578935
0.00367995056003975,16.0358694647094
0.00397678657870382,16.0406531328132
0.00429588101935684,16.0457066727364
0.00464302313219699,16.0510729240443
0.00500426183061101,16.0564788883309
0.00537363313946914,16.0617905064766
0.00575535147451083,16.067026565329
0.00615169426221034,16.0721727563395
0.00656686077019133,16.077238194789
0.00700520705109018,16.0822296197265
0.00747153010615915,16.0871543574123
0.00797090202065842,16.0920173220826
0.00850877722377671,16.0968213643943
0.00909108216360374,16.1015673584972
0.00972434063424768,16.1062546501242
0.0104158157201537,16.1108816443731
0.0111894588666334,16.1155369189922
0.0120604247162804,16.1202203684528
0.0130499233918149,16.1249463409851
0.0141877072167208,16.1297449294416
0.015521835575408,16.134686781384
0.0171496630899446,16.1399562071515
0.0193913353978533,16.1462560368339
0.0210938102312946,16.1505642238739
0.0228830228459109,16.1548724109139
0.0244077823966961,16.1585437080177
0.0256828636916628,16.1617893825885
0.0267493846925109,16.1648442639114
0.02759234415243,16.1678048554899
0.0281670469482053,16.1706365094139
0.0284725935295404,16.1734599256774
0.0284794897646304,16.1764297467193
0.0280808668310749,16.179870832583
0.0272970686039162,16.1832486660923
0.0261860989143701,16.1866264996017
0.0250910336661933,16.189381056859
0.0240157414978091,16.1918235918616
0.0229418599493156,16.1941210920959
0.021867549575133,16.1963413018166
0.0207955808975506,16.1985195054428
0.0197296091545672,16.2006780602287
0.0186733019938678,16.2028328614045
0.0176301141371119,16.2049961240943
0.0166032282558578,16.207177817603
0.0155955480391278,16.2093864917494
0.0146097040187446,16.2116298036744
0.0136480657822147,16.2139148728927
0.0127127546583437,16.2162485397766
0.0118056505363786,16.2186375810861
0.0109284068089319,16.2210888718943
0.0100824552650721,16.2236095561436
0.00926901963303058,16.2262071889363
0.00848912119889835,16.2288899067517
0.00772568351373663,16.2317361875332
0.00697832980739365,16.2347799000977
0.00625086472675348,16.238044906418
0.00554724407003504,16.2415589933778
0.00487159637012884,16.2453543572234
0.00422815626400779,16.2494685075136
0.00362115440193793,16.253945559727
0.00305464498689022,16.2588383382431
0.0025322460455856,16.264212307116
0.00205687272656189,16.2701523005759
0.00163062937180158,16.2767721701622
0.00126656584521975,16.2839650539322
0.000975207879076598,16.291751456685
0.00076353893511726,16.2997842247691
0.00060703458058271,16.3078918681992
0.000476297979646053,16.3171449215632
0.000377826028720305,16.3271449215632
0.000311967225277624,16.3371449215632
0.000269538174425676,16.3471449215632
0.00024383108816814,16.3571449215632
0.000230083736531657,16.3671449215632
0.000225055297806273,16.3771449215632
0.000226628883876734,16.3871449215632
0.000233485134508592,16.3971449215632
0.000244872199324818,16.4071449215632
0.000260463314072782,16.4171449215632
0.000280280670110785,16.4271449215633
0.000304668527452252,16.4371449215633
0.000334308555134127,16.4471449215633
0.000370280811752445,16.4571449215633
0.000414184975422029,16.4671449215633
0.000465858243916358,16.4767193829852
0.000524739812207096,16.4855883150822
0.000591609217796352,16.4937920667092
0.000667490516444384,16.5013799095624
0.000753585304564159,16.5083981342518
0.000851267989645104,16.5148898731117
0.000962099258446336,16.5208953378117
0.00108784766922177,16.5264520329303
0.0012305164154992,16.5315949353677
0.00139237300893564,16.536356661648
0.00157598460221303,16.5407676307312
0.00178425845903982,16.5448562212814
0.00202049110253667,16.5486489169556
0.0022884255430529,16.5521704465881
0.00259232327021855,16.5554439300703
0.002937052805811,16.5584910293441
0.00332820249665989,16.5613321023165
0.00377222788388587,16.5639863724523
0.0042766486142193,16.566472124995
0.00485032107183451,16.568806941107
0.00550382992568553,16.5710080007431
0.00623874366650422,16.5730635824451
0.00704904488589784,16.5749584741766
0.00794462280905657,16.5767238884333
0.0089401447348476,16.5783907500071
0.0100581438669713,16.5799917691475
0.0113376507101434,16.5815684125829
0.0129170467012095,16.5832465397641
0.0151568563656577,16.5852863964399
0.0168812672644519,16.5866819112307
0.0187265057561122,16.5880774260215
0.0204384498173665,16.5893325367303
0.0219581304862984,16.5904575806054
0.0233250229414835,16.5915218256415
0.0245454032257304,16.5925690794766
0.0256046786114371,16.5936364271753
0.0264697152341875,16.5947693695773
0.0270751047662102,16.5960483851782
0.0272429993947686,16.5977160756375
0.0267601719939634,16.5993651998087
0.0257471208551062,16.6010143239799
0.0245827193938665,16.6024084713772
0.023264574388228,16.6037668904635
0.0217916648169809,16.6051654048359
0.0201721370084871,16.6066449163175
0.0184106859011811,16.6082455595149
0.0165336135289068,16.6100220820144
0.0148286380933964,16.6117725716183
0.0122001662228741,16.6148206302041
0.0100891377351906,16.6176985845201
0.00844537628431857,16.620325785935
0.00711558895050965,16.6228021891872
0.00595892535223473,16.6253122456029
0.00494652786756087,16.6278872851519
0.00408243525143738,16.6304748704852
0.00337738803863303,16.6329565723031
0.0027909214353329,16.6353707517567
0.00228950289729226,16.6377786847968
0.00184113814289492,16.6402972271344
0.00139184796166464,16.6433006956759
0.00112598845610162,16.6453873044543
0.000892380268303611,16.6474739132326
0.000706974223742986,16.6493439493656
0.000553328167957362,16.6510726954524
0.000416189600458953,16.6527838327992
0.000286415059480239,16.6545814075946
0.000155186285693421,16.6566167348384
4.4036712644096e-06,16.6593012147716
-0.000203681456863663,16.6638716000215
-0.000339598973949498,16.6677256076966
-0.00043467334500337,16.6711410406405
-0.000515740155677961,16.6749445279473
-0.000584185241010106,16.6798424295473
-0.000610201028192024,16.6850274296471
-0.000584062817168624,16.6896480886303
-0.000506440673346117,16.6938436178866
-0.000375092968369553,16.697638960045
-0.000186560595343602,16.7010772216148
6.35755690199643e-05,16.7042048055292
0.000381392953656428,16.70707387873
0.000775253162122012,16.7097368842215
0.00125791311323248,16.7122509378546
0.00184988674226816,16.7146804291008
0.00258202937623293,16.7170916143476
0.00351523045044438,16.7195922835554
0.00473963233541523,16.7222861446536
0.00629589017486755,16.7251196769689
0.00795599706936866,16.7276591233792
0.0095594499445685,16.7297602658756
0.0111678783356841,16.7315878566895
0.0128451731715019,16.7332458205103
0.0146752296302623,16.7348175788869
0.0166635135202805,16.7362969303773
0.0188633685610501,16.7377116779869
0.0213172531854784,16.7390725534906
0.0240486528693071,16.7403768293688
0.0271084862441623,16.7416339639742
0.0305375450363906,16.7428455593051
0.0343844135445482,16.7440144804555
0.0387075582622826,16.7451444689596
0.0435715182566801,16.746238464408
0.0490505838123627,16.7472993979015
0.0552378713968415,16.7483313487788
0.0622422815043605,16.7493380879187
0.070196326030207,16.7503237375095
0.0792630010026829,16.7512928149245
0.0896488419407893,16.7522506483137
0.101620712371046,16.7532036009525
0.115532656956983,16.7541595308246
0.131874986553338,16.7551288449975
0.151367198665039,16.7561264591869
0.174019333868751,16.7571292193766
0.200350168425913,16.7581435071991
0.231152258837392,16.7591839533999
0.267576494914299,16.760273547095
0.310045994328493,16.7614168773771
0.351391920972515,16.7624523429743
0.385915042588474,16.7632942892827
0.415730348763461,16.7640331602596
0.441811814257814,16.7647176585274
0.464356141254269,16.7653759365923
0.483143017641961,16.7660298730128
0.497555936192846,16.7667015674029
0.506373332389547,16.7674197371637
0.507060422867911,16.7682336312313
0.496937599633159,16.7690623014571
0.474834174951238,16.7699180419958
0.439231708706258,16.7708131805058
0.388396244203874,16.7717568200289
0.344612970278002,16.7724265602336
0.295317529393169,16.7730963004383
0.251237633210907,16.7736522738922
0.213571667971714,16.7741119826756
0.180543163247044,16.7745134577858
0.150978922058383,16.7748790137113
0.124186395047642,16.7752219547145
0.0997021456912682,16.7755515581272
0.0771620049175655,16.775875647108
0.0562112285986345,16.7762026708433
0.0363625155433595,16.776545544998
0.0164136242685717,16.776938011514
0.00795592702121165,16.7771248432311
0.000151799551624912,16.7773116749483
-0.00809333597091152,16.7775279809687
-0.0146818542891678,16.7777184862022
-0.0205568229426644,16.7779051540682
-0.0264885884701358,16.7781140469365
-0.0322262701286459,16.7783414367425
-0.0376066598653169,16.7785849466034
-0.042539328629651,16.7788436964239
-0.0469771655784583,16.7791177899328
-0.0508943986986784,16.7794080260681
-0.0543877042378723,16.7797271928479
-0.0571969525885693,16.7800522246609
-0.0594937627444983,16.7803986506926
-0.0612928960492079,16.7807695834728
-0.0626083624676317,16.7811686335026
-0.0634535820664769,16.7816002538418
-0.0638398967163475,16.7820699884023
-0.0637749399080308,16.7825848399564
-0.0632605422227182,16.7831538855493
-0.0622871263877904,16.7837906426518
-0.0608306646958949,16.7845125139159
-0.0588424782139321,16.7853455969928
-0.0562227339896728,16.7863341916976
-0.052725197085127,16.7875748289877
-0.0486831850087748,16.7889698442428
-0.0447752239631114,16.7903176454081
-0.0410507562345604,16.7916234605454
-0.037533480584207,16.792889916552
-0.0342351855625626,16.7941180603277
-0.0311606837930805,16.7953081335945
-0.0283100622562071,16.7964599839684
-0.0256799175394806,16.7975732810726
-0.0232641732507888,16.7986476279198
-0.0210547103658329,16.7996826135325
-0.0190418990394883,16.8006778307371
-0.0172150652155592,16.8016328719928
-0.0155629022911645,16.8025473102917
-0.0139898998316087,16.8034714823653
-0.0124772003975373,16.8044194306914
-0.0110290443662935,16.8053929255704
-0.00964931425893062,16.8063941590846
-0.00834167880867186,16.8074257094377
-0.00710954049565604,16.8084906384483
-0.00595598185555525,16.8095926195856
-0.00488370901866203,16.8107361112714
-0.00389499208816259,16.8119265971645
-0.00299160133873044,16.8131709288837
-0.00217473715391723,16.8144778316056
-0.0014449496843195,16.8158586810463
-0.000802040403097575,16.8173287595578
-0.000244929519610419,16.8189094225415
0.000208573800231352,16.8205492661035
0.000567130149800894,16.8222409312903
0.000846600662571003,16.82400289401
0.00106153007912112,16.8258580689068
0.00122575025847598,16.827837519065
0.00135289926131634,16.8299861958477
0.0014572748779704,16.8323753372626
0.0015557026003735,16.8351348383056
0.00167380387469253,16.8385729792981
0.00181746978163757,16.842338258826
0.00200050559926912,16.8464756871834
0.00219773316452255,16.8504395883975
0.00240456084090157,16.8543034497564
0.00261909001575016,16.8581483577527
0.00284046416497564,16.8620282096122
0.00306901577326502,16.865983987068
0.0033061405758804,16.8700505294001
0.00355411162759618,16.8742600025466
0.00381591757347805,16.8786440189655
0.00409517480445944,16.8832352488699
0.00439616955096889,16.8880689011308
0.00472409391947156,16.8931840356459
0.00508557866183037,16.8986248548144
0.00545141704930493,16.9038979969469
0.00583310660891888,16.909138928812
0.00622927618773289,16.91428363074
0.00664466362523523,16.9193500970701
0.00708317305404704,16.9243394078121
0.00754974863645086,16.9292602345269
0.0080495463305044,16.9341176724043
0.00858817633724709,16.9389153128698
0.00917170683346879,16.9436544830557
0.00980679330421894,16.9483348171836
0.0105008180378507,16.9529548749876
0.0112796697516025,16.9576131304707
0.0121571753740328,16.9622986984671
0.0131553989053922,16.9670287575371
0.014305025556945,16.9718351547113
0.0156563883513509,16.9767937270774
0.0173140200565771,16.9821054928382
0.019645785189891,16.9885849019351
0.0213086279298355,16.9927581489375
0.0230455563761437,16.99693139594
0.0245411792357818,17.0005436238702
0.0257962033097802,17.0037642372647
0.0268441269841658,17.0068098061127
0.0276626333243071,17.0097536512985
0.0282137280935836,17.0125791847251
0.0284945871588625,17.0154080078712
0.0284719461673821,17.0184009203771
0.0280248220300065,17.021917857879
0.0272309329258025,17.0252017788093
0.0261328930258216,17.0284856997397
0.0250421281619335,17.0312094310542
0.0239673160659257,17.0336407187074
0.0228933930178276,17.0359324788035
0.0218191539074043,17.0381492928076
0.0207474746984761,17.0403254423821
0.0196820237345223,17.0424828235697
0.0186264615422515,17.0446370722307
0.0175842308854508,17.0468002392182
0.016558501494272,17.0489821807302
0.0155521644724529,17.0511913623623
0.0145678385019686,17.0534353734689
0.0136078816816899,17.0557212754973
0.0126744046304205,17.0580558541266
0.0117692768528572,17.0604458316184
0.0108941404495778,17.0628980285647
0.0100504177578695,17.0654195235452
0.00923932088050118,17.0680178032856
0.00846186051501518,17.0707009198557
0.00769901379623235,17.0735550493815
0.00695244999362558,17.0766074387153
0.00622595753269937,17.0798821879293
0.00552350345474828,17.0834072453205
0.00484922634610497,17.0872149951532
0.00420736725354155,17.0913431766996
0.0036021570038092,17.0958362034452
0.0030376402308636,17.1007473252562
0.00251741430636395,17.1061426592663
0.00204436609091616,17.1121080638055
0.00162057743771681,17.1187588807623
0.00125962661893872,17.1259747695425
0.000967916425823757,17.1337889673642
0.000750157907060658,17.1421427334118
0.000600225606503595,17.1500845630731
0.000470165427652069,17.1595080158655
0.000374610841487065,17.1695080158655
0.000310988281501864,17.1795080158655
0.000270394659434914,17.1895080158655
0.000246338266452211,17.1995080158655
0.000234209444574459,17.2095080158655
0.000230881078980167,17.2195080158655
0.000234334809252459,17.2295080158655
0.000243351109219491,17.2395080158655
0.000257291191844503,17.2495080158655
0.000275966229531231,17.2595080158655
0.000299576142396477,17.2695080158655
0.000328704225781041,17.2795080158655
0.000364365156190622,17.2895080158655
0.000408117567716771,17.2995080158655
0.000460214251522237,17.3091578770576
0.000519771606159385,17.3180927061101
0.000587551859991675,17.3263515192535
0.000664591269705985,17.3339852532564
0.000752116303413327,17.3410416990408
0.000851534903217523,17.3475652539698
0.000964448406266954,17.3535972014801
0.00109267289857515,17.3591759613223
0.00123826638001127,17.3643372976079
0.00140355947328855,17.3691145077177
0.00159119180248134,17.3735386035586
0.00180415440059138,17.3776384850038
0.00204584105271473,17.3814410992964
0.00232010868259803,17.3849715930321
0.00263135367963876,17.3882534695432
0.00298460632637544,17.3913087521689
0.00338565231976963,17.3941581513539
0.00384119264344468,17.3968212499129
0.00435905961893509,17.3993167202972
0.00494851993467083,17.4016625887711
0.00562071621381122,17.4038765846544
0.00637118816611911,17.4059312792459
0.00719970467460732,17.4078310288812
0.00811765646630929,17.4096081938177
0.00914207163536305,17.4112953099853
0.0103002615258676,17.4129288777671
0.0116449592354901,17.414562326034
0.0133739482516045,17.4163716975065
0.0154188213527377,17.4182308846361
0.0171063674255863,17.4196204689018
0.0188888573145719,17.4210100531675
0.0204865476833806,17.4222349978612
0.0219130537180856,17.4233552276336
0.0231942719129278,17.424430058597
0.0243279355926277,17.4254996841551
0.0252936609773992,17.4266026953032
0.0260505700620405,17.427792224143
0.0265138048769914,17.429175941134
0.0263746898214784,17.4312050544855
0.0257110584550514,17.4327011358077
0.0246749158945832,17.4341972171298
0.023478428175888,17.4355755385537
0.0221271073151804,17.4369542909571
0.0206294545632287,17.4383855507566
0.0189941517571861,17.4399071600935
0.0178945123706301,17.44093059372
0.0168200134479417,17.4419540273464
0.015587409987867,17.4431887721826
0.0130296972888481,17.4460185026429
0.0107296232477876,17.4489833167599
0.00893909674285699,17.4516912366086
0.00751289380326852,17.4542062545923
0.00629527414686237,17.4567048800921
0.00523025623765602,17.4592586541036
0.0043377185210936,17.4617656845264
0.0036026120298969,17.4641767540102
0.00298520389201563,17.4665310895122
0.00245217183992849,17.4688899754309
0.00196997980164162,17.4713748040567
0.00147362643624396,17.4744115068311
0.00119754462466117,17.4763851436489
0.000952723096386236,17.4783587804666
0.000754742899828038,17.4801460438329
0.000587763241387624,17.4818163459603
0.000436603038697363,17.4834835173205
0.000291398088585861,17.4852517912163
0.000141532603720552,17.4872847175737
-3.91175797931149e-05,17.4900879947501
-0.000254343405941044,17.4941090207418
-0.000400507731981426,17.4974480384926
-0.000515495744973428,17.5005882045524
-0.000623100591764282,17.5041478958619
-0.000729250831112397,17.5086881231887
-0.000813293276239288,17.5142067447647
-0.000840310174326621,17.5190193132309
-0.00081612701632844,17.5233978653572
-0.000738928327977065,17.5273518217841
-0.000605493162306113,17.530926592598
-0.000411399454354908,17.5341722141384
-0.000151211611288972,17.5371381717994
0.000182679643624863,17.5398802834134
0.000601947467678695,17.5424600306024
0.00112517854884617,17.5449451735001
0.00178825026451997,17.5474328877677
0.00266697709597756,17.5500797168096
0.00388541911409973,17.5530591530683
0.00542340878057349,17.5561652320786
0.00670312775415091,17.5583866860376
0.00815942647204958,17.5606081399966
0.00962558128505568,17.5625638662204
0.0111191842121308,17.5643060238249
0.0127348281822524,17.5659494732036
0.0144758817176972,17.5674871018836
0.0164089028629827,17.5689642892297
0.0185527351621951,17.5703772944505
0.0209522102493967,17.5717386671757
0.0236345886311883,17.5730470722489
0.0266430222467615,17.5743080898883
0.030017974554911,17.5755236065698
0.0338026216931809,17.5766951472374
0.0380543218613992,17.5778268862656
0.0428354102966181,17.5789218254916
0.0482188521663023,17.5799831524877
0.0542901819970665,17.5810141316597
0.0611554998832489,17.5820188440479
0.0689412303133012,17.5830012866512
0.0778026736576496,17.5839658479782
0.0879339223911774,17.584917483059
0.0995817692501993,17.5858619073536
0.113071230826448,17.5868062204889
0.128842419180328,17.5877594585144
0.147521288797122,17.5887340168205
0.16950174563172,17.589725032391
0.194995917384405,17.5907227180176
0.224713204932125,17.5917391875749
0.259636574735798,17.5927924184469
0.301332689574421,17.5939147046701
0.336765565205578,17.5947937169465
0.373803402357739,17.595672729223
0.406708349524763,17.5964471097456
0.435451906891319,17.597145337664
0.460557610373707,17.5978028838846
0.482060596115683,17.5984446764933
0.499594763420828,17.5990925002387
0.512319720717987,17.5997712301108
0.518531953609466,17.600518369313
0.515146194661984,17.6013300524927
0.500343308263341,17.6021619840038
0.47276814105705,17.6030296184153
0.430700411523736,17.6039440642531
0.372257218988206,17.6049141468881
0.329237873914788,17.6055199415631
0.282106650425539,17.6061257362382
0.239975709351451,17.6066383904008
0.203582645838746,17.6070723335413
0.171445215237908,17.6074573938662
0.14257028080499,17.6078118594838
0.116342157065158,17.6081472866121
0.0923273212954677,17.6084722513538
0.0701629794813266,17.6087945839282
0.0494578066746218,17.6091237620745
0.0295698659175294,17.6094769470811
0.00821815073049533,17.6099173440025
-0.000896476107940435,17.6101337058908
-0.00914576868866742,17.610350067779
-0.0155887158554168,17.6105364275789
-0.0215408917875559,17.610725814345
-0.0274972740985054,17.610936441188
-0.0332229777647721,17.6111648713364
-0.0385696603703869,17.6114090708004
-0.0434556434017628,17.6116683725498
-0.0478390040726907,17.6119430187378
-0.0516984828793214,17.6122339087168
-0.0551877877099436,17.6125600607587
-0.0579271552607276,17.6128867091963
-0.0601530904373206,17.6132350756119
-0.0618815517249022,17.6136084610283
-0.0631267634621125,17.6140106164844
-0.0639020655309738,17.614446176371
-0.0642184076241692,17.6149209288219
-0.0640826435881502,17.6154422178958
-0.0634949727939112,17.6160198451811
-0.0624433932771111,17.6166679586781
-0.0608999306904469,17.617405330959
-0.0588081778768447,17.6182607130616
-0.0560496388374323,17.6192848315587
-0.0523081628895938,17.6205984980682
-0.0482654835093115,17.6219864723437
-0.0443666222513988,17.6233293277773
-0.0406558113826235,17.6246312872349
-0.0371543818943696,17.625894497478
-0.0338729502810516,17.627119743705
-0.0308156718774981,17.6283071211185
-0.0279822247979247,17.6294563933994
-0.0253689315918565,17.630567181092
-0.0229695245144823,17.6316390578714
-0.0207757497201811,17.6326715946014
-0.0187778847715345,17.6336643720761
-0.0169651963174095,17.6346169737398
-0.0153263454731475,17.6355289645735
-0.0137602050999686,17.6364543826521
-0.0122547349535215,17.6374036491366
-0.0108141128040841,17.6383785810798
-0.00944221444717492,17.6393813889743
-0.00814270022900575,17.6404146745697
-0.00691896307965664,17.6414815295574
-0.00577407499391826,17.6425856656999
-0.00471073087174877,17.6437315911957
-0.0037311893685752,17.6449248555769
-0.00283720979927521,17.6461723996276
-0.00202998311671024,17.6474830726764
-0.00131005312253504,17.6488684295879
-0.000677220418143294,17.6503440233486
-0.00013041370657945,17.6519316437326
0.000311531094058161,17.6535738145185
0.000659423362923788,17.6552688905995
0.000928938808725456,17.6570354052549
0.00113450287525811,17.6588966392395
0.0012898301656645,17.6608842503126
0.00140843930144133,17.6630442508216
0.00150450131845253,17.6654500202486
0.00159471788709957,17.6682367663275
0.00170479770602809,17.6717327279947
0.00183909642621275,17.675506889547
0.00201337869743291,17.679678775239
0.00220375961592565,17.6837038525492
0.00240166422350671,17.6875833860906
0.00260555745083163,17.6914160687905
0.00281491443791377,17.6952641379599
0.0030302640626337,17.6991724512658
0.00325306579635944,17.7031776381229
0.00348553778470877,17.7073125092668
0.00373050875719271,17.7116085717104
0.00399133155014844,17.7160977965688
0.00427189707395224,17.7208141075081
0.00457680806588989,17.7257948151082
0.00491178406096571,17.7310818747948
0.00526735307113717,17.7364676343173
0.00563252021473754,17.7417420669673
0.00601292192213043,17.7469500169135
0.00641006270537845,17.7520677555562
0.00682825625208097,17.7571062327882
0.00727186303710052,17.7620713402707
0.00774580904649191,17.766970254412
0.00825534117766927,17.771807606854
0.00880614258270954,17.7765860027167
0.00940440573387804,17.781306008895
0.0100569622669583,17.7859667112095
0.010776801321856,17.7905993185244
0.0115861354357307,17.7952664441851
0.0125011574873429,17.7999654678115
0.0135462685634632,17.804717066977
0.0147571684038207,17.8095640927191
0.0161964096598702,17.8146104867854
0.018011679511151,17.8201577061272
0.0204308194361725,17.8266067213992
0.0219978102364457,17.8304470227658
0.0236028106525786,17.8342873241323
0.0250037667635506,17.8377215826449
0.0261856914540496,17.8408622797315
0.0271626024454507,17.843882572163
0.0278880414891146,17.846772292883
0.0283474511678,17.8495843333848
0.0285298420118382,17.8524474197949
0.0283836540537026,17.8555574811771
0.0276977166493894,17.8595066717884
0.0268570424849004,17.8624706198992
0.0257895224862743,17.86543456801
0.024711331257148,17.868028571588
0.0236377412738986,17.8704053339562
0.0225634287006426,17.8726689791019
0.021489479249039,17.8748704120046
0.020419200070271,17.8770389540961
0.01935629860319,17.8791941350023
0.0183043768626149,17.8813502785416
0.017266793493854,17.8835186481238
0.016246629360552,17.8857086094789
0.0152466874408188,17.8879283246485
0.014269503171443,17.8901852011643
0.013317353805254,17.892486212589
0.0123922722459135,17.8948381295671
0.0114960558750573,17.8972477146588
0.0106302736853561,17.8997218960216
0.00979628267319994,17.9022679024941
0.00899522897282076,17.9048934402992
0.00822349156656502,17.9076236675818
0.00746536051089125,17.9105382889746
0.00672470721650404,17.9136583914044
0.00600535896798903,17.9170093157977
0.00531134088172855,17.9206203645428
0.00464683394497885,17.9245255421468
0.00401609235525375,17.9287645858123
0.00342331217137457,17.9333845047639
0.00287243449448809,17.9384421722663
0.0023668593816502,17.944009289611
0.00190922478233388,17.9501802393982
0.00150326548025644,17.9570469434183
0.0012242341364152,17.9629570016058
0.00100756113614921,17.9688670597934
0.000800810140200078,17.9764962494078
0.000638047620779988,17.9846589881221
0.000504609768732883,17.9938550188739
0.000404059440292275,18.0038550188739
0.000337666420764406,18.0138550188739
0.000295955195842536,18.0238550188739
0.000272047208660337,18.0338550188739
0.000261094072325601,18.0438550188739
0.000259845982406594,18.0538550188739
0.000266254328506984,18.0638550188739
0.000279149511117737,18.0738550188739
0.000298022504877882,18.0838550188739
0.000322906077037883,18.0938550188739
0.000354340329175654,18.1038550188739
0.00039341499331036,18.1138550188739
0.000441898482945196,18.1238550188739
0.00049828079067849,18.1332154801266
0.000562698322107048,18.1418681672545
0.00063601764421312,18.1498629770889
0.000719354332875683,18.1572504495843
0.000814022791021596,18.1640775447372
0.000921532035357677,18.1703878332872
0.00104360051134791,18.1762217966856
0.00118217946336722,18.1816170779497
0.00133948233464773,18.1866086894781
0.00151801736404381,18.1912292105657
0.00172062861273337,18.1955089758004
0.00195054233744338,18.1994762519983
0.00221142494516521,18.2031573977816
0.00250745209326297,18.2065770237523
0.00284339600405116,18.2097581604511
0.00322473716031417,18.2127224307259
0.00365780802022037,18.2154902317033
0.00414998754737056,18.2180809458655
0.00470997033421498,18.2205131953491
0.00534815274750545,18.2228051660035
0.0060703663538353,18.2249564501478
0.00686770849821197,18.2269388963608
0.00775017152774606,18.2287856675796
0.00873286593209563,18.2305301367917
0.00983934573153158,18.2322080678679
0.0111113612343396,18.2338660128488
0.0126857863589706,18.2356341263072
0.0150108602930976,18.2378674757036
0.016656683222943,18.2392771671255
0.0184019026139986,18.2406868585473
0.0199976481003697,18.2419482508561
0.0214197088076984,18.2430937760208
0.0226965620800438,18.2441864456869
0.0238286804932761,18.2452682513939
0.0247980766164372,18.2463774455024
0.0255676516761281,18.2475640282567
0.0260626628958066,18.2489229544557
0.0260503358124297,18.2507887796223
0.025467523169909,18.2523617234422
0.0244624399087124,18.2539346672621
0.0233016728828528,18.2553368170063
0.0219909218912216,18.256720250641
0.0205364460136214,18.2581461734199
0.018947468654157,18.2596533019741
0.0176414341065288,18.2608879764798
0.0163706562184168,18.2621226509855
0.0150494101492158,18.2634839037143
0.0125147934240147,18.2663859396624
0.0103412863767304,18.2692914184845
0.00864140768855001,18.2719526164368
0.0072774402696705,18.274438568874
0.00609391243965247,18.2769483889829
0.00505838363236937,18.2795173327157
0.00419356316070566,18.2820330079108
0.00345203615931804,18.2845619750341
0.00278491417087664,18.2872445463446
0.00215783786081371,18.290262575323
0.00178594024870704,18.2923675890481
0.00145985794538202,18.2944726027732
0.00120185170501464,18.2963576218026
0.000986254107995823,18.2981196129518
0.000792550281342922,18.2998818822544
0.000607711134141956,18.3017582874199
0.000417755557480614,18.3039339701273
0.000186096249142633,18.3070310147084
-5.56886605894485e-05,18.3109999015948
-0.000218436110638498,18.3143103624087
-0.000348430773846447,18.3175278923024
-0.000467685436659656,18.3212013569233
-0.000579337530178839,18.3258524040975
-0.000655553476904492,18.3311841416116
-0.000671207062845784,18.3358855067668
-0.000632279621027403,18.340173601557
-0.0005380167135801,18.344058707489
-0.000385622447516513,18.3475902190829
-0.000170893535021881,18.3508143038414
0.00011224641032458,18.3537835167495
0.000472481598582619,18.3565523857472
0.000923146589929048,18.3591810159286
0.00148609311769081,18.3617400320939
0.00219870298946456,18.3643177050944
0.00314327078313536,18.367076092462
0.00442196282179664,18.3701208009839
0.00600190576860226,18.3732281463522
0.0072290643845077,18.3752970193597
0.00862754554873094,18.3773658923672
0.0100825232409047,18.3792425935245
0.0115991981409104,18.380945999483
0.0132552926481947,18.3825615995193
0.0150575759577111,18.3840833404488
0.0170630200822708,18.3855450626884
0.0192930140618353,18.3869448555114
0.0217896648593971,18.3882927037889
0.0245836831797771,18.3895889579433
0.0277162258820063,18.3908376592842
0.0312314541076074,18.3920417885594
0.0351755636238275,18.393203226393
0.0396082337687043,18.3943259443388
0.0445964851274957,18.3954132430577
0.0502188952464604,18.3964685114425
0.056567960023435,18.3974951845681
0.0637575929882367,18.3984973495664
0.0719264733999241,18.3994793408593
0.0812461343024939,18.4004459138576
0.0919337185497754,18.4014025577924
0.104270927393031,18.4023558579072
0.118634840495872,18.4033140981345
0.135554938659411,18.4042885164309
0.155706441164108,18.4052902377081
0.179053364306743,18.4062951179015
0.206221954665008,18.4073143017518
0.238062643388396,18.4083637564228
0.275847347800109,18.4094695758836
0.319082654442085,18.4106143438604
0.358646198857045,18.4115981627578
0.391993446585554,18.4124134785612
0.420959924576917,18.4131391766634
0.446282224367131,18.4138172936419
0.468053185174806,18.4144738695296
0.485975687584893,18.415130348173
0.49933575521116,18.4158095137885
0.506732650323581,18.4165425207414
0.505373198967291,18.4173616178113
0.492996630468753,18.4181948640967
0.468381946299823,18.4190577455246
0.429958676531237,18.419961730866
0.375976958532118,18.4209158861685
0.333249836949371,18.4215479942386
0.285857518988385,18.4221801023088
0.243405609457194,18.4227113232791
0.206830335486929,18.4231571205399
0.174583414788921,18.4235503333974
0.145630582501488,18.4239107431388
0.119341993395187,18.4242505640568
0.0952827165850846,18.4245786222524
0.07309840760644,18.4249026835051
0.0524246389679918,18.4252316378953
0.0327139423772058,18.425580257056
0.0123692067273888,18.4259935786213
0.000436805175614566,18.4262733689788
-0.00687537144353274,18.4264639980721
-0.0135543642052612,18.4266546271655
-0.0193760151753378,18.4268368990321
-0.0253136836944242,18.4270423760662
-0.0310956766702148,18.4272669776052
-0.036542084381206,18.4275079887108
-0.0415526100885004,18.4277643158274
-0.0460743123129541,18.4280359209948
-0.0500795083790068,18.4283234982003
-0.0537495405746235,18.42864803984
-0.0566325488612192,18.4289704698771
-0.0590004717143193,18.429313815863
-0.0608689731119327,18.4296812166188
-0.0622520235628668,18.4300761784962
-0.0631632119857069,18.4305030208057
-0.0636142704100927,18.4309671119212
-0.0636134790493328,18.4314752158814
-0.0631637123218463,18.432036025622
-0.0622573587651825,18.432662391799
-0.0608728829697915,18.4333709637544
-0.0589662785351933,18.4341862086435
-0.0564482570266117,18.4351487089477
-0.0531077678861849,18.4363425434119
-0.0490559267447867,18.4377452634608
-0.0451295847621393,18.439099045202
-0.0413820438954244,18.4404102391034
-0.0378392971230725,18.441681802841
-0.0345143578511767,18.4429149507294
-0.0314128047543047,18.444110009394
-0.0285352638492989,18.4452668679138
-0.0258787358017031,18.4463852144758
-0.023437453289448,18.4474646589765
-0.0212035300419869,18.448504792083
-0.0191675037072982,18.4495052069362
-0.0173188102776934,18.4504654975099
-0.0156462028256571,18.4513852412876
-0.0140674795582167,18.4523064440921
-0.0125484364789599,18.4532512738474
-0.0110934623808286,18.4542213930813
-0.00970646465176709,18.4552189508265
-0.00839114461021774,18.4562464710389
-0.00715094445532945,18.457306947418
-0.00598899406430339,18.4584039667736
-0.00490805507469494,18.4595418755432
-0.00391046194376566,18.460726009909
-0.00299805909887609,18.4619630227449
-0.00217213233374432,18.4632613636949
-0.00143333084804294,18.4646320127454
-0.000781572952112364,18.4660896576959
-0.000215921272767081,18.4676547062403
0.000248793374586603,18.4692892786955
0.000616295035647513,18.4709732440432
0.000902733684191155,18.4727249736412
0.00112275615101815,18.4745665779018
0.00129023848768201,18.4765278263017
0.00141877504021477,18.4786513851871
0.0015224604970191,18.4810039471992
0.001617525186527,18.483704408122
0.00172744718507813,18.4870219418994
0.00186430726762536,18.4907710418584
0.0020326796847391,18.4947353799733
0.00221903068992551,18.4986067830226
0.00242030466682691,18.5024589973007
0.00263350991666688,18.5063461339741
0.00285679171082487,18.5103094121347
0.00308972667970189,18.5143838085139
0.00333323203435154,18.5186016506977
0.00358936134278647,18.5229947658316
0.00386111276429972,18.5275960720095
0.00415234103953665,18.5324410655347
0.00446785697668817,18.5375691516842
0.00481383153867263,18.5430250298563
0.00516746407659488,18.5483920118458
0.00553304862175065,18.5536980705376
0.00591143399398779,18.5589113912574
0.00630632760628114,18.5640388572989
0.00672163899767083,18.5690856789215
0.00716189321357931,18.5740605678965
0.00763186526542469,18.5789700257113
0.00813667139088279,18.5838186077825
0.00868182041733643,18.5886086159701
0.00927333156550748,18.5933404991406
0.00991785804198686,18.5980132903375
0.0106250902183592,18.6026393117386
0.011419573101493,18.6073025917425
0.0123160491605105,18.6119950268941
0.0133376853277843,18.6167355650565
0.0145174606454846,18.6215610855758
0.0159112000195572,18.6265600687926
0.0176419060047484,18.6319765115453
0.02005901651462,18.638547453521
0.0216640024928045,18.6425208666373
0.0233229876970139,18.6464942797537
0.0247690284411292,18.6500095478173
0.0259875311618985,18.6531875183592
0.0270006434409941,18.6562186364857
0.0277732966945211,18.6591340505672
0.0282795108765252,18.6619513300671
0.0285126116866438,18.6647948467898
0.028431154305397,18.6678402693299
0.0278786417338448,18.6715379123901
0.0270626311476882,18.6746590700146
0.0259822582571118,18.677780227639
0.0248984762614745,18.6804420365845
0.0238243719929584,18.6828488803351
0.022750192565517,18.6851285043576
0.0216759169255738,18.6873389178307
0.0206046365007246,18.6895121419601
0.0195400415553711,18.6916690258895
0.0184857674710296,18.6938246395826
0.0174452195063032,18.6959907053669
0.0164215272405225,18.698176886311
0.0154175415322577,18.7003915420376
0.0144358431759172,18.7026422140223
0.0134787528899111,18.704935964726
0.0125483461032324,18.7072796189458
0.0116464593809989,18.7096799728814
0.0107747011167249,18.7121439642284
0.00993446538907921,18.714678817557
0.00912693486194524,18.7172922181144
0.00835309576369119,18.7199924580851
0.00759224109574574,18.7228735473022
0.00684819999051674,18.7259560567001
0.00612475896044126,18.7292647088259
0.00542590819750005,18.7328280709301
0.00475580285978056,18.7366792706246
0.00411868805136839,18.740856966301
0.00351877864629823,18.7454067596173
0.00296007388550713,18.7503835444003
0.00244608418226464,18.7558559456368
0.00197958322743968,18.7619136542056
0.00156254674222455,18.7686776237428
0.0012106013564294,18.7759741781625
0.000990159017645292,18.7821663624953
0.000779894741987185,18.7901516572568
0.000617649885941942,18.7985567559293
0.000488604062490274,18.8077772528044
0.000391697496997284,18.8177772528044
0.000327712656337735,18.8277772528044
0.000287414366420577,18.8377772528044
0.000264094605296675,18.8477772528044
0.000253047925565292,18.8577772528044
0.000251124907171117,18.8677772528044
0.000256322705884245,18.8777772528044
0.00026746173138148,18.8877772528044
0.000283968627378386,18.8977772528044
0.000305753578665669,18.9077772528044
0.000333161956083799,18.9177772528044
0.00036698860820148,18.9277772528044
0.000408557575740168,18.9377772528044
0.000459014723919567,18.9476195515733
0.000516793788321057,18.9567426714806
0.000582520879847406,18.9651783054613
0.000657142265137259,18.972977565974
0.000741808913758282,18.9801887005184
0.000837854845665148,18.9868565635522
0.000946802298838815,18.9930228908695
0.00107038015400094,18.9987265520851
0.00121054908549277,19.0040037591703
0.00136953105753327,19.0088882476636
0.0015498427694207,19.0134114536694
0.00175433629963274,19.0176026844666
0.00198624628642976,19.0214892766952
0.00224924653740063,19.0250967421131
0.00254752003286185,19.0284489183878
0.00288584499280527,19.0315681269375
0.00326970568153943,19.0344753328574
0.00370543494286612,19.0371903171531
0.00420040552706159,19.0397318767499
0.00476329485934396,19.0421180627429
0.00540446306612481,19.0443664846273
0.00612920687807826,19.046475320136
0.00692861179069376,19.0484176553183
0.00781230857608186,19.0502255247944
0.00879472998600439,19.0519308743258
0.00989802159221989,19.0535673222194
0.0111604670747515,19.0551772067873
0.0127079429416579,19.0568782808715
0.0148926854144583,19.0589375062663
0.0165875298470999,19.060356653174
0.0184027746460271,19.0617758000816
0.0200922450462131,19.0630549046308
0.0215900081115504,19.0641988746706
0.0229359969108797,19.0652790958284
0.0241370621145671,19.0663404006544
0.0251791922737092,19.0674201702664
0.0260302149471219,19.0685635721501
0.0266270013522796,19.0698490896612
0.0268025081214482,19.0715051367864
0.0263379126884145,19.0731817503578
0.0253382739511652,19.0748583639292
0.024187390171089,19.0762686682608
0.0228871445730338,19.0776366202643
0.0214363579586549,19.0790407972755
0.0198434366131005,19.0805224177822
0.0181137869921708,19.0821208891929
0.01627597610095,19.0838889876271
0.0145871223721692,19.0856522897828
0.012031705249691,19.0886649454908
0.00997137499123275,19.0915163162818
0.00835926690357846,19.0941290634446
0.00704519434439368,19.0966098616858
0.00590136233710099,19.099127241048
0.00490008258696323,19.1017116152479
0.00404767807485504,19.1043033130084
0.00332344898095379,19.1069017647168
0.00267884650463445,19.1096455773395
0.00208147710203022,19.1127066528809
0.00172149498012191,19.114889942208
0.00140816265989558,19.1170732315351
0.00116367143997285,19.1190145267601
0.000961159435027583,19.1208239267506
0.000780491919126296,19.122631489196
0.00060940144560163,19.1245538314273
0.00043529803975902,19.1267779894478
0.000226923315336212,19.1299182996493
9.69161099104183e-06,19.1340180846787
-0.000130837869442197,19.1374029277346
-0.000238530299292192,19.1406741341117
-0.000331454980778365,19.1443917520763
-0.00040750183414959,19.1490544985653
-0.000438889250199112,19.154235938738
-0.000412339299045611,19.1588389648143
-0.000331102397795869,19.1630366755863
-0.000194212369595268,19.1668501726862
1.09149535492573e-06,19.1703212426762
0.000259175687218606,19.1734972273073
0.000585955246048879,19.1764249240872
0.000989764511047604,19.1791534485752
0.00148322008745524,19.1817366124514
0.00208579321005461,19.1842332918146
0.00282622748682638,19.1867042635716
0.00375732140119848,19.1892408894958
0.0049417618248431,19.1919009468856
0.00636860042835651,19.1945695105223
0.00788960540637416,19.1969728450775
0.00941815984487766,19.1990438899769
0.0109788384574782,19.2008738464415
0.0126250121832461,19.2025488845906
0.0144109433083374,19.2041242913403
0.0163811152802033,19.2056270863847
0.0185478641887606,19.2070530702407
0.0209644173796915,19.208423297523
0.0236592384848643,19.2097381112473
0.0266775913488352,19.2110045226891
0.0300616363262519,19.2122251456269
0.0338578351972445,19.2134024112244
0.0381244782371872,19.2145403784887
0.0429255567275592,19.2156421109497
0.0483345620164628,19.2167105928573
0.0544435459779264,19.2177499426197
0.061360368785448,19.2187639917786
0.069216437178232,19.2197569345816
0.0781732775270505,19.2207333416427
0.0884374183787824,19.2216987672097
0.100275195172958,19.2226597307439
0.114042405861247,19.223624417276
0.13023587582065,19.2246038059973
0.149593736656225,19.2256138933586
0.172019348264169,19.2266262225214
0.198110231717749,19.2276518129912
0.228678948666844,19.2287065026413
0.264928568129528,19.2298156329305
0.306552110267716,19.2309651085934
0.346263976854813,19.2319897728535
0.379835629311209,19.2328361376027
0.408997948266675,19.2335848572014
0.434523694750995,19.2342803831382
0.456541249135358,19.2349496078885
0.474803378474816,19.2356138589154
0.488685347895652,19.2362946418446
0.496983120753155,19.2370193487362
0.497277883012316,19.2378329750268
0.486951767681045,19.2386680241589
0.464807233549281,19.2395277328031
0.429387414200325,19.240423973789
0.379044538565554,19.2413660347918
0.336588164092598,19.2420225146973
0.288944094395719,19.2426789946028
0.246171709914706,19.2432273393358
0.20941763391181,19.2436838095075
0.177064971058227,19.2440842426181
0.148037322452836,19.2444498762582
0.121690098727017,19.2447935574552
0.0975856592325706,19.2451243667275
0.0753749629445397,19.2454500631116
0.0547118310995274,19.2457791498927
0.0351095880758589,19.2461248507705
0.0153283452797236,19.2465226211139
0.00703459982623505,19.246710049502
-0.000618108885176877,19.2468974778901
-0.0085161744053898,19.2471091894035
-0.0150147942202969,19.247300939808
-0.0208649076815823,19.2474907326321
-0.0267509709436973,19.2477026064341
-0.0324301170907022,19.2479328953703
-0.0377458934120676,19.2481793125939
-0.0426119705402773,19.2484410430773
-0.046983677654231,19.248718240172
-0.0508726819433815,19.2490151085886
-0.0541543197405431,19.2493236229526
-0.056917245773667,19.2496514400295
-0.0591725208841927,19.2500010329002
-0.0609330194882075,19.250375360777
-0.062212559047885,19.2507780646153
-0.0630243314284013,19.2512136356116
-0.0633794138971614,19.251687662935
-0.063285151587843,19.2522072040432
-0.0627429603425917,19.2527814929673
-0.0617428569424013,19.2534240930364
-0.0602604662371923,19.2541525532089
-0.0582466833286502,19.2549932114071
-0.0556009169001319,19.2559908590031
-0.0520742182925277,19.257243556652
-0.0480595200767263,19.2586333904848
-0.0441834498743701,19.2599760143802
-0.0404935283327365,19.2612764275448
-0.0370122273280062,19.2625372438975
-0.0337505314227835,19.2637595221066
-0.0307126385846851,19.2649435256684
-0.0278981321219843,19.2660891271986
-0.0253031907733609,19.2671960208749
-0.0229213985480764,19.2682638316622
-0.0207443718072502,19.2692921664989
-0.0187622878977204,19.2702806310064
-0.0169643471430979,19.2712288244017
-0.0153391785069707,19.2721363195254
-0.0137739307528221,19.2730645087844
-0.0122697899444765,19.2740166715039
-0.0108308059833754,19.2749947212816
-0.00946082830482146,19.276000909621
-0.00816348175192484,19.2770378892752
-0.00694211483530705,19.278108815528
-0.0057997453995762,19.2792174807333
-0.00473900338504678,19.2803684970926
-0.00376207016761159,19.281567551196
-0.00287061324543213,19.282821768982
-0.00206571382300633,19.2841402575385
-0.00134778258209292,19.2855349441821
-0.000716454412703291,19.2870219462161
-0.00017044294712519,19.2886239635576
0.000268699384642899,19.2902712912046
0.000615908647542995,19.2919737180441
0.000886709667491362,19.2937499393786
0.00109554534237208,19.2956240147815
0.00125623706812797,19.2976288719562
0.00138255606977199,19.2998128038866
0.00148920565341708,19.3022538508829
0.00159411594092491,19.3050990611387
0.00172700090784427,19.3087237710137
0.00188320956504593,19.3125205861176
0.00206747302137388,19.316430941699
0.00226989775565371,19.3203032806344
0.00248722637761374,19.3241951457222
0.0027166893317968,19.3281512805409
0.0029568427079077,19.3322084746285
0.00320774038292972,19.3363998452235
0.00347080459541112,19.3407574066061
0.00374862094880412,19.3453138051378
0.00404478676664524,19.3501038072642
0.00436391578220681,19.355165664772
0.0047119174003113,19.3605424487682
0.00507285678011071,19.3659307616407
0.00544305105981651,19.3712328548849
0.00582595342669726,19.3764562190809
0.0062241622798072,19.3815911743785
0.00664182585613095,19.3866457575614
0.00708338376050621,19.3916271912768
0.00755366763336586,19.3965424455638
0.00805781603952731,19.4013962821427
0.00860135807510365,19.4061913314514
0.0091903113700636,19.4109282816779
0.00983130694272059,19.415606331103
0.0105324292964972,19.4202281805612
0.0113194139262657,19.4248888232128
0.0122062699924775,19.4295773044547
0.0132155411236932,19.4343117050019
0.014378830370088,19.4391258517186
0.015748654719244,19.4441005786691
0.0174366910015539,19.449453446392
0.0198526381773744,19.4560937657295
0.0214844316673792,19.4601572960567
0.0231794552469477,19.4642208263838
0.0246496814287592,19.4677815784498
0.0258863781439587,19.4709798252894
0.0269169539450347,19.4740176251634
0.0277124976155301,19.4769467089688
0.0282411832916877,19.4797677237117
0.0284982828859736,19.4826035005964
0.0284465799185922,19.4856218368077
0.027948776103015,19.4892239942906
0.0271440537169515,19.4924243964636
0.0260557386472654,19.4956247986366
0.0249688172578515,19.4983177476391
0.0238944911720212,19.5007372958505
0.0228205163611756,19.5030233684144
0.0217463018843773,19.5052372711677
0.0206748347214126,19.507412188688
0.0196097959296583,19.5095695164806
0.0185548349476963,19.5117246234873
0.0175133771202506,19.5138894085033
0.0164885731879587,19.5160736416205
0.0154832951323316,19.5182857450011
0.0145001435390859,19.5205332936765
0.0135414585565832,19.5228233598357
0.0126093342950911,19.5251627590088
0.0117056244765652,19.5275582630832
0.0108319551929191,19.530016765436
0.00998973591792289,19.5325454331872
0.00918016507715831,19.5351518715687
0.00840424256488076,19.5378442745953
0.00764239052949735,19.5407116124072
0.0068970714478643,19.5437787619539
0.00617207557263496,19.5470701096129
0.00547137991913165,19.5506139006787
0.00479912989591165,19.55444287214
0.00415956696524705,19.558595195285
0.003556912377351,19.5631158342642
0.00299518642689825,19.5680587892983
0.00247794094028784,19.5734913096658
0.00200800268539623,19.57950096257
0.001587393698879,19.5862055445234
0.00123060969935027,19.5934605958801
0.000947553845017634,19.6013216455058
0.000761579483299795,19.6085690971086
0.000598556069752841,19.6171048521986
0.000472231104952545,19.6262235084271
0.000375503232665612,19.6362235084271
0.000310975041230377,19.6462235084271
0.000269582420052437,19.6562235084271
0.000244711282352226,19.6662235084272
0.000231678609083585,19.6762235084272
0.00022730827409887,19.6862235084272
0.000229535269136241,19.6962235084272
0.000237083767669091,19.7062235084272
0.000249242503399543,19.7162235084272
0.000265727587634309,19.7262235084272
0.000286611615454524,19.7362235084272
0.000312302905751847,19.7462235084272
0.000343569218603404,19.7562235084272
0.000381611371835438,19.7662235084272
0.000428204707655557,19.7762235084272
0.000482064363714685,19.7856035724748
0.000543365173986666,19.7942838156627
0.000612975369479411,19.8023116838859
0.000691976370146039,19.8097360033674
0.000781624777933311,19.816602365491
0.000883353699513977,19.8229532323183
0.00099878932478152,19.8288281798482
0.00112977422275038,19.8342641074409
0.00127839546872484,19.8392954148621
0.00144701539385517,19.8439541722831
0.0016383092755626,19.8482702848413
0.0018553077175838,19.8522716498773
0.00210144894602973,19.8559843010818
0.00238064023843772,19.8594325519825
0.00269733485917671,19.8626391456959
0.00305662862706051,19.8656254085188
0.00346438249853945,19.8684114090936
0.00392738517584312,19.8710161376868
0.00445357279141415,19.873457715686
0.00505233601464088,19.8757536511375
0.00573496875262664,19.8779211790626
0.00649406254325174,19.8799264072452
0.00733151773889177,19.8817811042479
0.008258771617739,19.8835166617615
0.00929275714309608,19.8851644024635
0.0104604887157507,19.8867593320023
0.0118204042108518,19.8883596159183
0.0135622112730987,19.8901256721198
0.0162446726570138,19.8924477467028
0.0179095029846427,19.8937433887507
0.019648777904226,19.8950390307986
0.0212340715869867,19.8962114698475
0.0226578223967222,19.8972993373624
0.0239360530826849,19.8983529499845
0.0250619585112265,19.8994103231704
0.0260110237602214,19.9005113869588
0.0267352794857306,19.9017160625282
0.0271283268352884,19.9031609572858
0.0268983056022866,19.9049739838243
0.0262061065489355,19.9064202324357
0.0251616226228694,19.907866481047
0.0239450290111068,19.9092264881087
0.022567383759998,19.9105968385846
0.021038711685141,19.9120253656923
0.0193672848368205,19.9135498572434
0.0182575442891496,19.9145640963965
0.0171743738109798,19.9155783355496
0.0158494636906484,19.9168852504671
0.0132252922545695,19.919752315722
0.0108817940442077,19.9227418024709
0.00906743737974618,19.9254618129347
0.00762691973335207,19.9279828943153
0.00640361582457395,19.9304760854361
0.0053347870557119,19.9330226898751
0.00440223191004795,19.9356359306377
0.00364300649256545,19.9381389574859
0.00301390962931828,19.9405663622542
0.00247927233080126,19.9429735900734
0.00200653941778118,19.9454608753514
0.00154931629484368,19.9483079673717
0.00124470308098294,19.9505337346516
0.000979429369124025,19.9527595019314
0.000778102984136946,19.9546786934085
0.000614744472974047,19.9564194610664
0.000470488137680446,19.9581247213608
0.000335200047134989,19.9598986823653
0.000200029942875048,19.9618786929811
4.93269671160196e-05,19.9643960354772
-0.000175610293494501,19.9690075455817
-0.000328089138499969,19.9730553805348
-0.000431417762503094,19.9765384390014
-0.000518306365354893,19.9803292068924
-0.000593533852080076,19.9851669733103
-0.000628380980312628,19.9904022322561
-0.000610253089456497,19.9950544258414
-0.000576345101904838,19.9975272129207
-0.000521615070191791,20
