ecg,time
0,0
0.000363279047659241,0.000466726865624193
0.00124128050946135,0.00172567813305484
0.00202792231277835,0.00306407622077079
0.00270701026019199,0.00445439348293106
0.00327921047393917,0.00587663931663663
0.00376136765799641,0.00733685477587911
0.00417055948024196,0.00884217888430694
0.00452446944311268,0.0104015715079936
0.00484165175814476,0.0120257176634767
0.00514207758245166,0.0137267659748618
0.00544788967722161,0.0155174574160775
0.00578415406232561,0.0174087507350612
0.00603419218856034,0.0187043753675306
0.00630809636669197,0.02
0.00681559042213216,0.0220881973979779
0.0074419978391287,0.0242255136314744
0.00818863205072017,0.0263237244943444
0.00904664089164411,0.0283192308502624
0.0100036025316932,0.0301797330258582
0.0110503718514205,0.031899960789927
0.0122198168319598,0.0335371354771655
0.0135259818478819,0.0351010437312777
0.0149817192406952,0.0365958592935025
0.0166023006314326,0.0380258590097891
0.0178747113564327,0.0390129295048946
0.0192933109530655,0.04
0.021380077276985,0.0412764350763906
0.0237212538922825,0.042512011504418
0.0263284761814414,0.0436989306818868
0.0292326349523517,0.0448396735118613
0.0324694134172806,0.0459369010095645
0.0360793419883889,0.0469931584571764
0.0401085234005766,0.0480108922975354
0.0446095261339032,0.0489924711450653
0.0499856025472213,0.05
0.055672838495705,0.0509160248679304
0.062035395264575,0.0518009894364297
0.0691758469055777,0.0526588724690807
0.0772016130176349,0.0534918996548873
0.0862371327773081,0.0543022283542819
0.0964274513382886,0.0550920007992102
0.107942114415688,0.0558633461035152
0.120979809142999,0.05661838054431
0.135774013289936,0.0573592133893888
0.152600277162022,0.0580879738010572
0.17178681210413,0.0588068952798146
0.189965528587317,0.0594034476399073
0.210486373809543,0.06
0.238251833081444,0.0607068254729221
0.270731811812198,0.0614229897320788
0.309653915365882,0.0621659925642699
0.354657901856045,0.0629131747468246
0.407228517980586,0.0636824879234773
0.449869276141465,0.0642537790558967
0.494521212743453,0.0648250701883162
0.534485438466128,0.0653322732788246
0.569924024637416,0.0657973137201725
0.601705066107358,0.0662479972214702
0.629948503297606,0.0667056801111989
0.654245280857153,0.0671952300089761
0.673440376532477,0.0677629755307557
0.682828094614482,0.068398374142828
0.679508275127221,0.0690683936563335
0.670045863746787,0.0695341968281668
0.655439470341894,0.07
0.627608515177684,0.0706490068466929
0.589594146270601,0.0713412837725852
0.537647257981091,0.0721218121999967
0.465724060693849,0.0730344222765724
0.403442324657161,0.0737297221499445
0.350223823239291,0.0742794070619543
0.294425152393099,0.074829091973964
0.24704779403344,0.0752866388971152
0.207080468076576,0.075674992180637
0.172213937537013,0.0760226433307461
0.141120489927214,0.0763460771271496
0.113002219458364,0.0766559227022158
0.0872814849237443,0.0769608402010642
0.063416916017418,0.0772704166994355
0.0406302930752854,0.077600893966431
0.0164444971579308,0.0780083885766047
0.00553597114619121,0.078220443246739
-0.00220593421491531,0.0783857622895158
-0.00930809924904861,0.0785510813322925
-0.0155344565383146,0.0787093275926847
-0.0219311223473464,0.078888089626947
-0.0282543552100462,0.0790853225766581
-0.0342817643908556,0.0792982428475488
-0.0398832632766184,0.0795255580098097
-0.0449869357291712,0.0797670083093199
-0.0495564253553424,0.08002305560149
-0.0535774065585566,0.0802947209841079
-0.0570493293710598,0.0805835158798112
-0.0599801810097498,0.0808914354312243
-0.0623829862012484,0.0812210002767578
-0.0642733075754905,0.0815753441988398
-0.0656672948450582,0.0819583544548933
-0.0665799764700725,0.082374882111174
-0.0670235424315054,0.0828310555483896
-0.0670053436741718,0.0833347592770748
-0.0665251440964608,0.0838964466333289
-0.0655684533648916,0.0845317973298042
-0.0641003269606722,0.0852622882638829
-0.0618994068717644,0.0861748280211536
-0.0590658337018827,0.0872244308871938
-0.0550832509248529,0.0886122154435969
-0.0509968368965591,0.09
-0.0469542076109865,0.0913745239752944
-0.0430795445960402,0.092712823681958
-0.0393999012817289,0.0940156759826914
-0.0359300482281771,0.0952831969233525
-0.0326780766722098,0.0965149973175186
-0.0296473655322494,0.0977104643775678
-0.0268699778346853,0.0988552321887839
-0.02422222086822,0.1
-0.0218415287481571,0.101083169772047
-0.0196672065427773,0.10212638568679
-0.017687627855572,0.103130151777567
-0.0158922786641477,0.104094039074637
-0.0142700519015101,0.105017579105246
-0.0127528469094865,0.105935636251435
-0.011295347679176,0.106877235672492
-0.00990208430895011,0.107843939705012
-0.00857703238366086,0.10883785301845
-0.00785189643425856,0.109418926509225
-0.00716274922797885,0.11
-0.00599291203366763,0.111063370130011
-0.00490520876797696,0.112160888178416
-0.00389963847526408,0.113299425553429
-0.00297871513176327,0.11448432554311
-0.00214449294018078,0.115722270777326
-0.00139852776899359,0.117021753364465
-0.000741822789450571,0.118393815548354
-0.000414064287728205,0.119196907774177
-0.000124533066615562,0.12
0.000343653911479408,0.121576046855485
0.000709218664787925,0.12321500046737
0.000980193175404458,0.124905488556864
0.00117186201353973,0.126666043507044
0.00129813433034229,0.128519486303207
0.00137209126635762,0.1304967394
0.0014050693557392,0.132494564405297
0.00141368017415846,0.134375259445554
0.00141228131751576,0.136143706462877
0.00140893598511047,0.137809269213405
0.00140777361476378,0.138904634606702
0.00140853052338719,0.14
0.00141360386911041,0.141444684843341
0.0014237375928343,0.14282950709736
0.00143886617594245,0.144153131450523
0.00145877779105345,0.145425981134276
0.00148329882110343,0.146660536595366
0.00151246223512354,0.147872783126875
0.00154223806985627,0.148936391563438
0.00157594962775645,0.15
0.00162480459473363,0.151359617656516
0.00169692642494125,0.153101212790499
0.00174403413068962,0.154117102682061
0.0017949512038913,0.155132992573624
0.00184506050457594,0.156064110978586
0.00189617765778557,0.156954773490437
0.00195130969867076,0.157857804840671
0.00201448895473743,0.158828962744017
0.00209634933146709,0.16
0.00222426597190872,0.161663940395995
0.0024047327522233,0.163732209249343
0.0025883333477418,0.165568775197349
0.0027974469876935,0.1673991737965
0.00296474614900287,0.16869958689825
0.00315024877116486,0.17
0.00350225433198026,0.172136815669939
0.00390512147843035,0.174172507778583
0.00436316641782601,0.176098109175002
0.00488677921844839,0.177931886714474
0.00548486553316523,0.179679592203842
0.00616319529997594,0.181336358606581
0.00692822126381063,0.182900905402048
0.00776402663064781,0.184338207826462
0.00867026317233081,0.185657823859534
0.00965512132654762,0.186880616968862
0.0107292113652511,0.188024885768093
0.0117964215779508,0.189012442884047
0.01301467914343,0.19
0.0145526683081948,0.191084700084167
0.0163904864595363,0.192204961445074
0.0187074971568035,0.193423039550082
0.0221915644310173,0.194987520580652
0.0246242064221538,0.195961144371594
0.0272022876606451,0.196934768162536
0.0295731946166686,0.197810598422911
0.0317204581637813,0.198616993398645
0.0336859853413542,0.199397320838412
0.0354737305502456,0.200182976713093
0.0370635698318194,0.201006603021629
0.0384100394744666,0.201917980637868
0.0394114608285146,0.203034638155843
0.0395867969334465,0.204860649334259
0.0386340604833369,0.206338503566745
0.0373847626844119,0.207521212732592
0.0358821681633083,0.208684827577048
0.0339882668499347,0.21
0.0318811057430253,0.211386322909093
0.0294699201512104,0.212952953054236
0.0266882887038284,0.214799392543942
0.024131386097588,0.216579228739704
0.0217455495992293,0.218359064935466
0.0175556992444823,0.221885701766719
0.0146799164356714,0.224712886537005
0.0120683965991477,0.227753826372229
0.0110663426961488,0.229083284566758
0.0101209715957641,0.230412742761287
0.00935190078955562,0.2315869643697
0.00799219987533696,0.23393903107413
0.00681903399389707,0.236363121377938
0.00582155138510402,0.238845238302716
0.00497157805847355,0.241406334438426
0.00424675222976006,0.24406814570478
0.0036299404716821,0.246853497492345
0.0031077390650118,0.249787565579271
0.0026693674870689,0.252899225047376
0.00230588458975744,0.25622267477716
0.00200967178461605,0.25979958977701
0.00177411365352882,0.263682170664042
0.0015934159545324,0.267937707089039
0.00146252584856931,0.272655782172439
0.00137714962626723,0.27796035765231
0.00133394290275427,0.284031651855763
0.00133103986824513,0.291150093852275
0.00136494877863396,0.299011268825769
0.00142120146792129,0.306695381027617
0.00149188720841086,0.314442109236021
0.0015687032807006,0.321879974730285
0.0016530261175163,0.329382995849249
0.00173300793484076,0.335886746801678
0.0018204923755129,0.342595887709139
0.00190902607366695,0.349028202991078
0.0020016023886881,0.355447399652599
0.00209552733006555,0.361660769246103
0.00219225956884623,0.367781938232967
0.00229104794216707,0.373765463485248
0.00239232759561785,0.379646754958641
0.00249591241634817,0.385421307835092
0.00260186374243298,0.391101295669823
0.00271009639999305,0.396691518615207
0.00282053153460753,0.402198984428599
0.00293301243707529,0.407628467942426
0.00304735774967594,0.412985235078429
0.00316335139180867,0.418273642329045
0.00328082167831717,0.423499043703485
0.00339967635584113,0.428665023349363
0.00352012583367416,0.433775409525744
0.00364300384924713,0.438833530710032
0.0037703583773862,0.443842412112094
0.00390641295975498,0.448805553939427
0.00405890002915581,0.453725659256064
0.0042407116691762,0.458605126453934
0.00447122852813055,0.463445997060345
0.00473485746927414,0.467673469204923
0.00503699765726195,0.471444896974141
0.00539777847528636,0.475034610218664
0.00584702791409548,0.478662006331286
0.00644579523331431,0.482625205284783
0.00718821693396095,0.486710938052486
0.00803714355367196,0.490696217830366
0.00899143564848554,0.494617494890266
0.00991409207524838,0.498024995952788
0.010857996774376,0.501229290855565
0.0118463196475476,0.504354397280248
0.0128917424893355,0.507464943191664
0.0140018274674942,0.510603428471427
0.015179216243343,0.513802436713797
0.0164194420355839,0.517089729958869
0.0177067665228234,0.520490925248911
0.0190080433472095,0.524031315491348
0.0202144381969657,0.527578691648102
0.0212175992051388,0.530985022199149
0.0220047810572951,0.53439059110253
0.0225128001522532,0.537726136523513
0.0227237723101957,0.541122589625212
0.0225825248863527,0.544831822806211
0.0218540747967513,0.549610098159724
0.0208505658075316,0.553573820082452
0.0197184586234413,0.557117742272148
0.0185722189493417,0.560288354882924
0.017409539016146,0.563296968732919
0.0162283255945592,0.566254473918864
0.0150339601768158,0.569222973790852
0.0138319373350588,0.572247262853593
0.0126262844168912,0.575365510047205
0.0114214285834337,0.578614279698072
0.010222148781759,0.582031695476121
0.00903361912985853,0.585660053129631
0.007861467936119,0.589548592774346
0.00727133161664573,0.591652762397122
0.00675295538496771,0.593756932019898
0.00633387404018771,0.595933884039916
0.00602102588458299,0.597959134575887
0.00572597056942931,0.600251676369308
0.00542532623206604,0.60298471403853
0.00508424636783414,0.606504925643463
0.00476824219544398,0.610096454999154
0.00443948525065468,0.61416509582176
0.00415422526381154,0.618084897504825
0.00388999953751034,0.622245827031065
0.00365235454442657,0.626768403909616
0.00345115436264191,0.631757224866508
0.00330181732737741,0.637145873148404
0.00321456942606784,0.642677200578581
0.00318601224986666,0.648170528880051
0.00320779485697546,0.653599931086064
0.00327364510438217,0.658979569495113
0.00338014151198777,0.664327245381562
0.00352615918738793,0.669652411695059
0.00371233325321959,0.674956617337004
0.00394038019074402,0.680227585609605
0.00421350743595958,0.685456942206842
0.00453543422123976,0.690621365521289
0.00491026522080826,0.69569032038374
0.00534374025835989,0.700646121699121
0.00584151200174389,0.705461871417604
0.0064091534272319,0.710110118141319
0.00705274108885339,0.714571406566795
0.00777952338438067,0.718837436468621
0.00859557819453366,0.722896708101181
0.00950276700604194,0.726728082591913
0.0105064117218724,0.730337563175731
0.01161700925443,0.733749698104851
0.0128412558798858,0.736974054394833
0.0141987791231953,0.740049184536946
0.015753518036424,0.74308069009898
0.0175416615356221,0.746078486524317
0.019626499800757,0.749080070177805
0.0221033368670911,0.752136802773724
0.0250749658654776,0.755276700626872
0.0284041572187963,0.75830992688819
0.0321207568847611,0.761277739870858
0.0364623035840739,0.764378585347367
0.0403403014618394,0.766955502901523
0.0435992066385051,0.769074643285029
0.0464185717775117,0.770952207447451
0.0488432046229879,0.772687677980178
0.0508539318866674,0.774334564044698
0.0524002879664313,0.775930675921005
0.0533934869728562,0.777482285312447
0.05375927122617,0.779027544409665
0.0533744657842442,0.780615858867854
0.052013680050464,0.782317860419752
0.0491819210276956,0.784280644302165
0.0460093611292448,0.785840534985852
0.042126265505645,0.78740042566954
0.0382719456011886,0.788761882182051
0.0345140069656153,0.789994220659646
0.0308388162117811,0.791151909395605
0.0272490391911932,0.792264509919897
0.0237539818212036,0.793350442811331
0.0203624822678708,0.794423359999419
0.0170795471418423,0.79549528036949
0.0149680915595515,0.796209523947835
0.0129395471595234,0.796923767526179
0.009397804495186,0.798259813968258
0.0057692546331862,0.799785386043935
0.00255470185997591,0.801324684977173
0.00219474514695169,0.801511209264579
0.0018431500557991,0.801697733551985
0.00146494600707597,0.801909938073241
0.000449730767323441,0.802561098896231
-0.000384044781446349,0.803228980076256
-0.00104829809914481,0.803915313176703
-0.00155581384111519,0.804624086537818
-0.00191715710646697,0.805359438376227
-0.00214125016177542,0.806125824546962
-0.00223577067881321,0.806928209974655
-0.00220741892371739,0.807772303942686
-0.00206208140506843,0.808664880282411
-0.00180489155211775,0.809614249412079
-0.00144015618965502,0.810631005610222
-0.000971060311340991,0.811729301063476
-0.000398930493172887,0.812929219288084
0.000278542103625924,0.814261750983233
0.00105748821770413,0.81575325367974
0.00183734678334486,0.817253829344435
0.00261124298895051,0.818786824301525
0.00337354879339557,0.820368974181863
0.00412201174615045,0.82201796958589
0.00485771303492591,0.823754493575296
0.00558562256163278,0.825604953899918
0.00631595728746161,0.827605912433494
0.00706717661971283,0.829812701319276
0.0077988933685334,0.832083735962915
0.00854282811086925,0.834470340878587
0.00933573703139961,0.837036351755392
0.0102273102092639,0.839874072702813
0.0112987651240922,0.843144528381425
0.0127263324719472,0.847219749297899
0.0145840813573508,0.852100135217632
0.0163889454136005,0.856542402055114
0.0179322000732121,0.860265661530812
0.0192393451634312,0.863510647652378
0.0203668206029597,0.866541604200968
0.021321253140674,0.869509616372134
0.0220439036094468,0.872366171347864
0.0225231805917141,0.87518405741829
0.0227430129096959,0.878101845964802
0.0226410830391756,0.88136885434053
0.0221197678646248,0.88497908238403
0.021335518678021,0.888211586108658
0.0204317558761001,0.891097535769937
0.0195218317850442,0.893621088503275
0.0186031286452629,0.895968352558667
0.0176759242331399,0.898224221255761
0.016744168108832,0.900431032912379
0.015812372125385,0.902614603793852
0.0148848020485952,0.904792960535261
0.0139653086922555,0.906979944297444
0.0130572984711898,0.90918705226741
0.012163745630397,0.911424514592635
0.0112872241850672,0.913701986936962
0.0104484936622212,0.915977502067912
0.00972658835198294,0.918027881921717
0.00906061951607828,0.920009191080382
0.00840856139690892,0.922047249674325
0.00772899143835835,0.924292755803656
0.00697221914813584,0.926967260122041
0.00623905354264553,0.929770064158797
0.00553001198985557,0.932724508601931
0.0048504509129844,0.935835365096383
0.00420890129313435,0.939085899423156
0.00356840256695005,0.942715207239344
0.00333535308838873,0.944157785746388
0.00313167337731091,0.945600364253433
0.0028407974759854,0.948127933257689
0.00258398736290432,0.951043968065726
0.00234731476341764,0.954727789492665
0.00215489013343417,0.959125694293495
0.00204624534953912,0.963296455188472
0.00200844806540282,0.967026134370816
0.00202927272877651,0.970555743901039
0.00210557854846865,0.973851431634452
0.00223695530863461,0.977006751478122
0.00242766970377661,0.980121470773562
0.00268872208231896,0.983339343400881
0.00305149887667862,0.987004592225307
0.00337634908510848,0.990015996727002
0.00368854961957365,0.993027401228696
0.00393480559861511,0.995807208329298
0.00413578319052971,0.998865285049731
0.00427164479313452,1.00242222712707
0.00432840710617603,1.00665515357211
0.00433255666147082,1.01018202399171
0.00433877794207954,1.01359921764616
0.00437982862942622,1.01737532778609
0.00449554166494021,1.02166774377753
0.00474124103936186,1.02667479475478
0.00509582529143464,1.03143405981071
0.00551785501074609,1.03564873327738
0.00600437074044271,1.03950204881279
0.00655352930598816,1.04305420747503
0.00716747185313077,1.04634786132857
0.00784872897257433,1.04940710229083
0.00859981513616769,1.05224913975219
0.00942303105171909,1.05488880981025
0.0103206264056696,1.05734080636695
0.0113014598558564,1.05963419620501
0.0123980164768245,1.06183378123569
0.013624554353588,1.06394525017194
0.0149971788352439,1.06597395523153
0.0165342451338346,1.06792517446646
0.0182569787670167,1.06980438783852
0.0201903858063106,1.071617530147
0.0223639645506176,1.07337077211643
0.0248127740234949,1.07507052639415
0.0275795393438845,1.07672389948178
0.0307171082344747,1.07833882182148
0.0342924182566147,1.07992447871202
0.0383944441710912,1.08149260039476
0.0431471717129817,1.08305899802345
0.0487393575319313,1.08464788773612
0.0554992885479822,1.08630253920555
0.063384867399558,1.08797183844103
0.0727239697198978,1.08969995718797
0.0817659225081249,1.09120331593956
0.0914698722393084,1.09270667469116
0.0998543074147151,1.0939688002932
0.107069277147099,1.09507312902515
0.113289401794132,1.09608662830932
0.118503753483878,1.09704355210754
0.122612011801794,1.09796557658948
0.125454383074545,1.09886997032987
0.126806753643196,1.09977399252253
0.126341111131161,1.1006999348243
0.123484952007888,1.10168830270265
0.117344829668549,1.10276990086898
0.107698678267721,1.10388661462317
0.0989579295891596,1.10468197270757
0.0889284666424387,1.10547733079198
0.0790985229718235,1.10619147381809
0.0696629685075517,1.10684551910195
0.060602717008539,1.10746231621078
0.0519185962677436,1.10805606393424
0.04361752038982,1.10863691643883
0.0357010137898722,1.10921353186448
0.0281575468921057,1.10979483284491
0.0209500228420554,1.1103923547089
0.0139787920826942,1.11102609400343
0.00690372549787752,1.11175069994474
0.00179241555600306,1.11234837432086
-0.0026818180205023,1.11294604869699
-0.0062379690921452,1.11349180988123
-0.0091019702799023,1.11399596133128
-0.0115052313351215,1.11448156214946
-0.0136601998061096,1.11498572856723
-0.0155906624287568,1.11551758136813
-0.017279052470997,1.11607711581465
-0.0187168092701546,1.11666525921276
-0.0199014182116889,1.11728369753714
-0.0206935328122299,1.11786892364341
-0.021162741008546,1.11845414974967
-0.0213646755953139,1.11905964070672
-0.0213194421394662,1.11970044283071
-0.021035601884746,1.12037997713842
-0.0205207173424679,1.12110457670061
-0.0197832682587475,1.12187916900404
-0.0188328735164511,1.12270949891292
-0.0176802031817115,1.12360242005456
-0.0163368017788485,1.12456635223502
-0.0148145906858009,1.12561214432846
-0.0131245243068183,1.12675485674727
-0.0115354130098136,1.12783684165763
-0.0100542373119699,1.12886911351247
-0.00860784555515409,1.12991347288833
-0.0072055436201326,1.13097390637837
-0.00585412723613533,1.13205490954126
-0.0045594793980637,1.13316084682788
-0.00332664669656677,1.13429623604005
-0.00215988965034173,1.13546599393302
-0.00106269713480031,1.13667569712196
-3.77706474492903e-05,1.13793189582088
0.000913020864043464,1.13924252827241
0.00178871988547926,1.14061750940235
0.00258940575771399,1.14206962122016
0.00331639441231519,1.1436159476465
0.00397257339721454,1.14528036101937
0.00454485817121442,1.14703649340867
0.00502892309068262,1.14884484924952
0.00544432224395645,1.1507307175825
0.00580879960982783,1.15272310551259
0.00614023137135881,1.15486146413574
0.00645826385428427,1.15720428956487
0.00678757130218024,1.15984902474233
0.00716688663075449,1.16299116507177
0.00766117864894992,1.1669747014368
0.00820981137419869,1.17110536499697
0.00888922177746335,1.17580696479575
0.00960447729169185,1.18035085510631
0.0103787277043216,1.1848868447252
0.0112110307673871,1.18938004289616
0.0121238184031252,1.19389873044
0.0131405071501804,1.19847620118687
0.0142854593556777,1.2031204888157
0.0155967802160462,1.20786855511117
0.0171383155290869,1.21280827009792
0.0190503647906902,1.21818575447616
0.0215540810999907,1.22433778364335
0.0233567544908969,1.22836296749233
0.02524148090766,1.2323881513413
0.026899852546145,1.23591944342662
0.0283314628858177,1.23910358397629
0.0295723614634413,1.2421368088298
0.030592771267724,1.24505586797763
0.0313677551582131,1.24787408371706
0.0319063797104531,1.25071539156993
0.0321969828403734,1.25375319071694
0.0321712668129903,1.25742333055635
0.0318680850012283,1.26057444170144
0.0313716038836875,1.26372555284652
0.0308525163307616,1.26639558275775
0.030343233681267,1.26880587082124
0.0298497345418607,1.27108784066855
0.0293758248259139,1.27330029627992
0.0289210310456229,1.27547556827509
0.0284787942770704,1.27763471130615
0.0280350476620745,1.27979297584483
0.0275988005852004,1.28182078819085
0.0271518399932177,1.28372228386453
0.0266550032078773,1.28558971728433
0.0260725527454611,1.28747509500144
0.0253561172043105,1.28944183943353
0.0244226254595375,1.29159786595258
0.0232073392953287,1.29396486471906
0.0217574016125149,1.29639704058187
0.0200825462756462,1.29889903982868
0.0185483569964939,1.30102460520428
0.0170687161218437,1.30299180151496
0.0163214813078239,1.30396837004302
0.0155767697961016,1.30494493857108
0.0149940498478066,1.30573277562628
0.0132051299268925,1.30831311086932
0.0115166827591467,1.31101118346357
0.00994472339863278,1.31380513186194
0.00847545234841107,1.31671861310202
0.00709622078849854,1.31977841002419
0.00591886129178174,1.32269115379586
0.00491828054727631,1.3254244026661
0.00405643810214063,1.32799793677856
0.00330391181824399,1.33043247092408
0.0026378928615652,1.33274890196337
0.00204014059709895,1.33496963163498
0.00149526833279833,1.33712094248961
0.00098898227847965,1.3392377703437
0.000512891875738895,1.34137548415748
4.64992442627092e-05,1.34364980601287
-0.000489363442188319,1.34650379474992
-0.000796992745998725,1.34827296608104
-0.00108723073580496,1.35004213741215
-0.00133578270323563,1.35164633108013
-0.00155691371754985,1.35315498124457
-0.00176618285536588,1.35466730392692
-0.00197512959484612,1.35627802644867
-0.00219851538985461,1.35814250812007
-0.00247840142796234,1.36077024124406
-0.00277896671136239,1.36419142998875
-0.00297628046901409,1.36710150135368
-0.00311643959488888,1.36992032030734
-0.00321743542669906,1.37314241344742
-0.00326150129243242,1.37698573351031
-0.0032365712786574,1.38052705321696
-0.0031679930162157,1.38368841304481
-0.00306581904306353,1.38672680056241
-0.00293288542079698,1.38973742458398
-0.00276931991340348,1.39276565892903
-0.00257295467428063,1.39584121676168
-0.00233880167125961,1.3989889133911
-0.00206636908631025,1.40214124521896
-0.00177027565098328,1.40509106336651
-0.00144793011737985,1.40785779231853
-0.00109349720750725,1.41047584072641
-0.000698448042220108,1.41298560329082
-0.000250266728633656,1.41543941746026
0.000271248796097382,1.41791749147777
0.000904491420185144,1.42057012802285
0.00149863419317988,1.42285973060388
0.00210792215230835,1.4251493331849
0.0026346675681595,1.42719282601031
0.00311917486345852,1.42923704449263
0.00359733961527713,1.43156158373007
0.00409612889269667,1.43458662988984
0.00441474551700962,1.43704545332173
0.00468589217294797,1.43950427675362
0.00492789555364295,1.44182538877257
0.00518653455184206,1.44417462981593
0.00550071127901666,1.44665695402047
0.00590812716086564,1.44931016702213
0.00643270383059034,1.45206005635798
0.00709354470526449,1.4548434583096
0.00787642536373695,1.45752079382051
0.00875869699747412,1.46001094406508
0.00972580791127652,1.46229843269527
0.0108038347574586,1.46445716647859
0.0120024894869278,1.46650176007026
0.0133339905433272,1.46844401811235
0.0148129370044361,1.47029354069914
0.0164567539006077,1.47205877285409
0.0182859931592037,1.47374730737081
0.020323719798391,1.4753653029372
0.0225970208457779,1.476918752534
0.025136736824334,1.47841293002192
0.0279789799708041,1.47985305399218
0.0311658656968306,1.48124415605572
0.0347472136578055,1.48259132001189
0.0387826517831997,1.48389981118076
0.0433445533123856,1.4851752327995
0.0485227182252504,1.48642384163234
0.0544312939795058,1.48765291154534
0.0612209217254457,1.48887149405304
0.0691003395741873,1.49009169918504
0.0783814943242372,1.49133154096878
0.0895578159971327,1.49261860249863
0.102561168359276,1.49391411929108
0.117853283782283,1.49524443885234
0.136249508661917,1.49666060334668
0.151674785403869,1.49774963405759
0.167844229878529,1.4988386647685
0.182556739119886,1.49981753096163
0.195701756790919,1.50071554682653
0.207283344561606,1.5015633143554
0.21713460739151,1.5023790272478
0.224980811788334,1.50317516154938
0.230463066989907,1.50396189996953
0.233132285827275,1.50474934056407
0.232406155391182,1.50555011762907
0.227421001005322,1.50638587573384
0.216435041502531,1.50730798918465
0.199222959647579,1.50824316788621
0.181981983505448,1.50896358687475
0.16173101337855,1.50968400586329
0.142511607377713,1.51030124310781
0.124739094466384,1.51084196863255
0.108120884503531,1.5113366157806
0.0925129452186611,1.51180197456751
0.0778395843458815,1.51224874110839
0.0640430675750327,1.51268507384293
0.0510618312429045,1.51311839399599
0.038811238275774,1.51355700620815
0.0271431906091613,1.51401307736448
0.0156966662423314,1.51451275785806
0.00544501102900458,1.51502472598784
-0.000643290263678965,1.51537014273672
-0.00609166202966827,1.5157155594856
-0.0105963382737933,1.51603556438415
-0.0144582398684974,1.5163427769423
-0.0181607612463017,1.51667524687579
-0.0216103427699298,1.51703043263534
-0.0247461168695556,1.51740681908148
-0.0275357964933771,1.51780431096777
-0.0299639140385213,1.51822376349215
-0.0320250825755211,1.51866673207564
-0.0337200754424393,1.51913535852374
-0.0350226840358499,1.51963233565385
-0.0358876045099018,1.52014378316409
-0.0363669071831689,1.52067545067923
-0.03649639944581,1.52124443322466
-0.0362841873271798,1.52185585737636
-0.0357363922013641,1.52251679871092
-0.0348559715912926,1.52323588447463
-0.033644062806577,1.52402282226355
-0.0320989917122005,1.52489000430217
-0.0302146318083844,1.52585390871947
-0.0279768449462104,1.52693791681202
-0.0253539257483601,1.52817908681354
-0.0228169311611687,1.52938300736964
-0.02046065134689,1.53052559878376
-0.0182912685076296,1.5316132391589
-0.0163059990125379,1.53265033233597
-0.0144982356345813,1.53363959058547
-0.0128592116171508,1.53458268105988
-0.0113053344272643,1.53552658766536
-0.00980727348921671,1.5364926783301
-0.00837008621034592,1.53748297888188
-0.00699818418660934,1.53849996859496
-0.00569564152996596,1.53954647418342
-0.00446616285372196,1.54062577962795
-0.00331304573504807,1.541741764216
-0.00223913575304213,1.54289908538885
-0.00124677410910706,1.54410342915769
-0.000337736758634701,1.54536186494513
0.000486837729642132,1.54668336749077
0.00122653745361339,1.54807961829831
0.00188179537474513,1.54956630232476
0.00245406108926438,1.55116534901672
0.00292621378349418,1.55282936508547
0.00330501713699162,1.55454554143588
0.00360703822484659,1.5563336470163
0.00384746973059289,1.55821783743797
0.00404095637514572,1.56023088293884
0.00420232064974661,1.56242045643335
0.00434783125540742,1.56486291456605
0.0044981845959027,1.56770025502662
0.0046893870817892,1.57128479921496
0.0049145023517829,1.57510222053099
0.00516980631437183,1.57893459008494
0.00545744272917535,1.58282422947441
0.00577709264766889,1.58680821325853
0.00612881576937113,1.59091964025779
0.00651458926413546,1.59519018045528
0.00693914101172878,1.5996517863538
0.00741049633077659,1.6043382239501
0.007930976524724,1.60919933824801
0.00847983363036567,1.61397966178988
0.00906897371095254,1.61873640237089
0.00970094577244041,1.62343563486553
0.0103822164006945,1.62807174426233
0.0111281531412101,1.63268689661282
0.0119597518016615,1.6373302348696
0.0128945728416908,1.64200468532512
0.0139584210626229,1.64673412265065
0.0151892565139928,1.65156634822644
0.0166539192387181,1.65661413604375
0.0185143114498396,1.66221001442341
0.0209377537639086,1.66859173321787
0.0224935599984166,1.67237854707048
0.0240790339934516,1.6761653609231
0.0254591734836927,1.67956176565574
0.0266223536478647,1.68268562478779
0.0275791481001405,1.68570371525822
0.0282763613206207,1.68857909130031
0.0287070641467334,1.69138960899627
0.0288573679885511,1.69426795922772
0.0286680023656514,1.69742682161143
0.0278752711611062,1.70159670909535
0.027018060145717,1.70446132022238
0.0259571595271275,1.70732593134941
0.0248826197274918,1.70987240922259
0.0238100800264204,1.7122260410523
0.0227366650841161,1.71447664837079
0.0216641654378385,1.71667030420066
0.0205960623290451,1.71883433963949
0.019536110208654,1.7209872562504
0.0184879218620867,1.72314277073319
0.0174548627208306,1.72531174044855
0.0164400168278639,1.72750324766295
0.0154461982966837,1.72972522534824
0.0144759540223317,1.73198489565227
0.0135315791695096,1.73428905892976
0.0126151311200345,1.73664431008352
0.0117284293834986,1.73905724603231
0.0108730766791155,1.74153459465789
0.010050465136967,1.74408336794805
0.00926178174621819,1.74671102027423
0.0084978284800303,1.74946385046066
0.00774904936720809,1.75240371782989
0.00701946376300547,1.75555249937017
0.00631317464437777,1.75893619759136
0.00563453945021115,1.76258498487555
0.00498814717772785,1.76653403959733
0.00437876021872813,1.77082476672441
0.00381122297931323,1.77550668564754
0.0032903371162619,1.78064065860926
0.0028207070466214,1.78630511998013
0.00240679142237212,1.79260603599854
0.00206022972567768,1.79953175799571
0.00178972026546381,1.80699563134243
0.00162408876476539,1.81437075220771
0.00153824168613394,1.82159479702005
0.00150492405781794,1.83021867606278
0.00153719539570512,1.83905957326173
0.00163623114784196,1.84824968592408
0.00178510744939209,1.85669060957348
0.00197062300360521,1.86441172966397
0.00218294755510108,1.87148428574794
0.00241342312716168,1.87797191675437
0.00265343661111316,1.88393064682087
0.00289389518796976,1.88941025929288
0.00312518664269729,1.89445496043521
0.00333762877325819,1.89910577150739
0.00352201397664357,1.90339927564715
0.00367037651811278,1.90736955693123
0.00377656603895217,1.91104765204357
0.00383664764902475,1.91446263297283
0.00384896853352732,1.91764141816119
0.00381394282753998,1.92060961118197
0.00373359945382082,1.92339156711269
0.00361099881405029,1.92601121422287
0.00344958023322486,1.92849268953895
0.00325247468756508,1.93086163778647
0.00302172320939631,1.93314747260293
0.00275714455251413,1.93538791106162
0.00245397517209467,1.93764043951855
0.00213356234905604,1.94002012518391
0.00178075771427691,1.9429328119232
0.0015698408969064,1.94482656516809
0.00137049544953991,1.94672031841299
0.00119872556999894,1.94843090459513
0.00104452312845857,1.95002630563545
0.000895798444531604,1.95161648455375
0.000743019873921133,1.95330084193412
0.000572998591880845,1.95523465736441
0.000347888233527345,1.95789247021362
3.65418958758394e-05,1.96177243480754
-0.000207617724322913,1.9650341743517
-0.000419328216943143,1.9680913506256
-0.000635851924946919,1.97156691481178
-0.000837617416867011,1.97537548310565
-0.000995823084622802,1.97920005068345
-0.00110372773919024,1.98309336069259
-0.00115125638523766,1.98718459436165
-0.00111956266122197,1.99145470719172
-0.00100660847956658,1.99539728585774
-0.000821241995750254,1.99902373034567
-0.000568910069952994,2.00237045313508
-0.0002506502000566,2.0054811962678
0.000136797385487124,2.00840192858916
0.000601914020795501,2.01118803935132
0.00116036923142341,2.01391162499898
0.00184138804035919,2.0166839267573
0.00270866419757947,2.01972552759157
0.00359910696724489,2.02257372312996
0.00433644933705705,2.02487063565465
0.00508107292011998,2.02722175699447
0.00602932128970997,2.03032024362382
0.0067057806881148,2.03257282136618
0.00739567032788669,2.03482539910855
0.00806909185175656,2.03689344692522
0.00875912745213981,2.03882158608414
0.00952555699305643,2.04072237071008
0.0103964899747655,2.04260285634992
0.0113920829439392,2.04445105013807
0.0125337455776622,2.04626035874724
0.0138337075735225,2.04801372208051
0.0153059910695697,2.0497031748363
0.0169657329006012,2.05132520376698
0.0188285060501036,2.05287817419046
0.0209157564773738,2.05436530847589
0.0232502049233279,2.05578914503814
0.0258609108565046,2.0571542888781
0.0287807248318145,2.05846484782063
0.0320474592241381,2.05972478558624
0.0357062910082473,2.06093842896964
0.0398094320554195,2.06210979796577
0.0444180057291448,2.06324282858425
0.0496046111433407,2.06434155324491
0.0554558407532992,2.06541008115712
0.0620761101155881,2.06645269951671
0.0695930985578022,2.06747401732527
0.0781662694655962,2.06847923268744
0.0879987894474795,2.06947437966055
0.0993574335492818,2.07046684819988
0.112606807376189,2.07146627388881
0.128273730667579,2.07248623600233
0.146864594996626,2.07353123690252
0.168444923765164,2.07458277122675
0.193650602067107,2.07565530667552
0.223395274760679,2.07677083360101
0.259177539369209,2.07796831404678
0.29751498071005,2.07914190517841
0.331045011981545,2.08011996181294
0.360448728157925,2.08097208898097
0.386464638807663,2.08175042417099
0.409239689034072,2.08248416928636
0.428630404054586,2.08319424269343
0.444253877475003,2.08389888079461
0.455420980423601,2.08461674195147
0.460956617788365,2.08537019689895
0.458779598620786,2.08619094394434
0.446524801948222,2.08705041957799
0.423056076162745,2.08792645970833
0.387135871770439,2.08882975372024
0.337376871243343,2.08977244020818
0.30042261325598,2.09036302529926
0.259840199321113,2.09095361039035
0.222950545952736,2.09146085621746
0.19045998809033,2.09189768546524
0.161367640484429,2.09228987500395
0.134982595067015,2.0926535835796
0.110857474236755,2.09299941375699
0.0886619975302303,2.09333549822022
0.0681062708074494,2.09366944446353
0.0488634830117073,2.09401057293338
0.0303839857494614,2.09437565440166
0.0107747401446734,2.0948234920377
0.00169067715235342,2.09506183065425
-0.00649485312729726,2.0953001692708
-0.0127348096850874,2.09550127788533
-0.0184454717014055,2.09570421046361
-0.0241211080923745,2.09592882318577
-0.0295502658464527,2.09617172736312
-0.0346000911638291,2.0964309370108
-0.039198442663774,2.09670586045922
-0.043302123983842,2.09699682831339
-0.046926553298212,2.09730860562589
-0.0499575959525955,2.09763214230327
-0.0524856682274896,2.09797599955299
-0.0545221546717385,2.09834282418516
-0.0560796875646175,2.09873576547426
-0.0571714127493959,2.09915868647812
-0.0578095437202257,2.09961634417698
-0.0580039566115584,2.1001146533336
-0.0577606297406116,2.10066108141519
-0.0570786217581159,2.10126599254729
-0.0559458981113157,2.10194339473466
-0.0543358673575168,2.10271211787746
-0.052195901558058,2.10360077262588
-0.0494170949323167,2.10465923460259
-0.0457154392174064,2.10600331805023
-0.0419094235971707,2.10736341929292
-0.0382651368353994,2.1086764028295
-0.0348176004833043,2.10994656529864
-0.0315827530969466,2.11117625249731
-0.0285673248132618,2.11236646665093
-0.0257723269549799,2.11351751472429
-0.023194805831784,2.11462935466941
-0.0208289036057875,2.11570177674308
-0.0186666095758315,2.11673449491217
-0.0166983543465281,2.11772718684765
-0.0149135084569647,2.11867950281398
-0.0133008099931895,2.11959105440883
-0.0117577496791909,2.12051771163676
-0.0102756634946492,2.12146821115393
-0.00885873768968543,2.12244440142155
-0.00751088255562192,2.12344851043535
-0.00623579298569412,2.12448315927065
-0.0050368984677902,2.12555146168423
-0.00391731157285949,2.12665715560156
-0.00287977424198332,2.12780478136054
-0.00192660179386623,2.12899992934727
-0.00105962412086406,2.13024959410134
-0.000280122814301408,2.13156269834305
0.000411238341635259,2.13295090142216
0.00101449453697101,2.13442991274911
0.00153048300034371,2.13602177173416
0.00194097052717952,2.13766592187088
0.00225796727965144,2.13936356059849
0.00249697910869051,2.14113329357088
0.00267218432502596,2.14299863507102
0.00279700885446979,2.14499161428019
0.00288460555150071,2.14715889914297
0.00294862503737765,2.14957518951315
0.00300489457001152,2.15237898837731
0.00307719289900205,2.15591120463072
0.00317519268306656,2.15969264639876
0.00330357558868636,2.16356570621048
0.00345569135566078,2.16740110911739
0.00362762803586085,2.17125627404052
0.00381614309880631,2.17517570397262
0.00401950949479169,2.17919613013391
0.00423769161306772,2.18335073552226
0.00447222877661223,2.18767174398045
0.00472604707409506,2.19219214111714
0.00500333701305507,2.19694721617366
0.0053096071618486,2.20197604691644
0.0056520436561991,2.20732287832409
0.00600487550145049,2.21252551609597
0.00637803154972003,2.21770094346284
0.00677044375246882,2.22278992026141
0.00718637841822307,2.22780465084952
0.0076297298267421,2.23274521784926
0.00810551557651896,2.23761876625271
0.00861915766676425,2.24242979044441
0.00917662296258786,2.2471811705786
0.00978443643239275,2.2518737051735
0.01045003999741,2.25650668831722
0.0111941862222603,2.26115202222653
0.0120338582999413,2.26582740922455
0.0129884088321503,2.27054191758528
0.0140853355233892,2.27532150685076
0.0153675566458356,2.280225369669
0.0169172946482808,2.28540312223788
0.0189697719540723,2.29136065520126
0.0207736677323359,2.29603599674713
0.0226978977562876,2.30071133829301
0.0242822291238546,2.30451807306902
0.0255929144291572,2.30781648742556
0.0266912528289178,2.31089192439356
0.0275768651365311,2.31388588337829
0.0281923858922763,2.31673102903638
0.0285402461121729,2.31954734143357
0.0285970748919156,2.3224804512835
0.0282764395823044,2.32580528427354
0.0272817336428558,2.33016529979171
0.0263878397124922,2.33286930470501
0.0253291077721161,2.3355733096183
0.0242559247981159,2.33803664680373
0.0231817348324609,2.34034917408019
0.0221067457865291,2.34257831089906
0.0210336524695168,2.34476165730843
0.0199660701295109,2.34692284753342
0.0189076797305174,2.3490784946164
0.0178619663925568,2.35124125968463
0.0168321489583372,2.35342141015142
0.015821167226392,2.35562771192355
0.0148316874060319,2.35786798873343
0.0138661146246617,2.3601494967909
0.0129266030980603,2.36247920371016
0.0120150670456668,2.36486400573053
0.0111331936073821,2.36731090440004
0.0102824476051324,2.36982718796358
0.00946408782654972,2.37242057707982
0.00867917109022549,2.37509941245594
0.00791533729588559,2.37792382086474
0.00716729127739755,2.38094356398651
0.00643891626115147,2.38418201926936
0.00573419009251432,2.38766674373937
0.00505728100937313,2.39142975139587
0.00441249096315975,2.39550846479231
0.00380416081253512,2.39994707184334
0.00323651200453531,2.40479878423546
0.0027134369538452,2.41012972948592
0.00223821729967707,2.41602654583885
0.00181346120492265,2.42260754438115
0.00152508840730359,2.42824576315526
0.00131023478514856,2.43388398192938
0.00109396705788919,2.44158462682215
0.000934019605498329,2.44961491073054
0.000817534646072456,2.45823240175339
0.000738939488167769,2.46823240175339
0.000709559831027565,2.47823240175339
0.000720915837816809,2.48823240175339
0.000766713135178441,2.49788659257463
0.000839196101881296,2.5067727585168
0.000934120514027124,2.51494179066519
0.00104999719543671,2.52245705437041
0.00118697469331277,2.52937666047247
0.00134624213844796,2.53575361324718
0.00152975131078808,2.54163657421786
0.0017400973102673,2.54707046365388
0.00198049024644529,2.55209681085847
0.00225476886635149,2.55675414127363
0.00256747633445166,2.56107842611449
0.00292316643778717,2.56509534431312
0.00332708000778541,2.56883221582266
0.00378631737082685,2.57232439559518
0.00430967423689735,2.57560649156284
0.00490840653663758,2.57871369262712
0.00559754980802331,2.58168386365364
0.00639591004816048,2.58455306997285
0.00731226077230177,2.58731737660737
0.00840238941319349,2.5900994663132
0.00982451794653651,2.59318491266443
0.0109255695305136,2.59530207116764
0.0121068879616048,2.59741922967084
0.0131910357124817,2.59930024234769
0.0141339976150789,2.6009537338563
0.0149647259254951,2.60249060131417
0.0156881221539857,2.60397498811189
0.0162946342883096,2.60545381958429
0.0167633216809434,2.60697532984024
0.0170565756504401,2.60860831161344
0.0170956506131041,2.61049637723803
0.0165799004287393,2.61322772416262
0.0158903967941202,2.61506148361655
0.0149822411530813,2.61689524307049
0.01400292743387,2.61858185518569
0.0129572661853744,2.62022877139361
0.0118523768298578,2.62188859426305
0.0115104527989035,2.62239450600645
0.0111717408895799,2.62290041774986
0.0103226672137098,2.62422565198339
0.0088584426259249,2.62674264260883
0.00756611130284059,2.62928405709723
0.00642913048320257,2.63186479417576
0.00542854176963002,2.63451113924353
0.0045503648986192,2.63724749301665
0.00378437525179412,2.64009810722077
0.0031235984987008,2.64308875726808
0.0025645454884068,2.64624824877223
0.00210826838139365,2.64961005582356
0.00176266556927297,2.65321436686135
0.00155711519115501,2.65683481319693
0.00149349912708639,2.66019354107854
0.00155198579949158,2.66340011632009
0.0017307614264712,2.66656343351146
0.0020490861587975,2.66985325408861
0.00252162933394557,2.67329218659129
0.00318879886897311,2.67710948862756
0.00396844364564986,2.68091087951005
0.00459454419440515,2.68364184167047
0.00529480010686788,2.68637280383089
0.00599203129779494,2.68873780857113
0.00670215148500046,2.69080414656833
0.00748962484428963,2.6927529355463
0.0083858983726857,2.69462469636809
0.00941476965888946,2.69643045045604
0.0105983546489716,2.69817452268168
0.0119546750221589,2.69985459823962
0.0135035001360218,2.70147142722835
0.0152635164044593,2.70302452317568
0.0172553191195379,2.70451503035252
0.0195032551365195,2.70594583108607
0.0220340301643626,2.70731960323225
0.0248798193878727,2.70864008707958
0.0280773351095043,2.70991082879501
0.0316702357244849,2.71113575658911
0.035709302588841,2.71231866617571
0.0402549328625512,2.71346353166982
0.0453786720122961,2.71457433810409
0.0511663983355215,2.71565523633724
0.0577224556769695,2.71671065253545
0.0651752727043741,2.71774540483984
0.0736862245824118,2.7187649706791
0.0834631246275713,2.71977584727848
0.0947825079871132,2.72078616579305
0.108029524750276,2.72180682815635
0.12377721300381,2.7228538255941
0.142298099492127,2.72391786442501
0.163839455495372,2.72499291261841
0.189090576867402,2.72609650237029
0.219094941241291,2.72725687070159
0.253777187720944,2.72846402749817
0.288236098246957,2.72957786640214
0.318476155103491,2.73052343862328
0.34544293712977,2.73137123850242
0.369424276438525,2.732158565256
0.390337846614117,2.73290794925523
0.407912005474542,2.73363699397137
0.421681486234411,2.73436185918173
0.430905810690918,2.73509934338597
0.434403796940524,2.7358691516802
0.430217877038377,2.73669756881641
0.416122031684371,2.73756850983548
0.391118484235241,2.73845302915028
0.354072464819685,2.73936213971596
0.316765455724854,2.74008426589545
0.273264622302894,2.74080639207494
0.234394602477906,2.74139223829134
0.200834880066251,2.74187506425977
0.171049172162153,2.74229762632406
0.144131627740775,2.74268293407519
0.119563931809412,2.74304440847074
0.0969978559211416,2.74339132231461
0.0761574602395107,2.74373131784244
0.0567768056553017,2.74407221604727
0.038513298008826,2.74442480034317
0.0206654163873398,2.74481205325265
0.00604172897972259,2.74517556761192
-0.00188880575646451,2.74539732919944
-0.00909835222202469,2.74561909078696
-0.0152037170406587,2.74582602049871
-0.0207811390151409,2.74603459352741
-0.0263148939942972,2.74626521987818
-0.0316004453150918,2.74651445625271
-0.0365096622355389,2.74678029302833
-0.0409732328596655,2.74706214299719
-0.0449482054418998,2.74736035574991
-0.0484143721218582,2.74767628322099
-0.0513341643637026,2.74800710452931
-0.0537594118964113,2.748358653201
-0.0557005844057121,2.7487335652543
-0.0571697321098281,2.74913502138452
-0.058179348817814,2.74956691641374
-0.0587409682216744,2.75003403624227
-0.0588638064926936,2.75054231716097
-0.0585532602192286,2.75109923276069
-0.0578076228222675,2.75171532233893
-0.0566146266998709,2.75240442253273
-0.054948041501764,2.75318519977142
-0.0527567167261933,2.75408584168816
-0.0499361931084502,2.75515499050835
-0.0462198205909865,2.75650314211433
-0.0424548080543369,2.7578511557411
-0.038860688665371,2.75915099430829
-0.0354686855663017,2.76040711034743
-0.0322924632045854,2.76162197083888
-0.0293370833749155,2.76279669294515
-0.0266022211425974,2.76393168757026
-0.024083827902729,2.76502700289218
-0.0217751617137934,2.76608250410757
-0.0196675255296366,2.76709796364141
-0.0177508507637873,2.7680730999753
-0.0160141829674138,2.76900758524386
-0.014410258883208,2.76992207971512
-0.0128639869772139,2.77085976845929
-0.0113801751774284,2.77182204606909
-0.00996279639365324,2.77281096732042
-0.00861562818496419,2.77382893298224
-0.00734219803381093,2.7748787788527
-0.00614573096537833,2.77596388834737
-0.00502909398131525,2.77708834328692
-0.00399473703996603,2.77825713046267
-0.0030446297108911,2.77947643221069
-0.00218019166877304,2.78075404811801
-0.00140221346609457,2.78210003037309
-0.000710760748237333,2.78352768588694
-0.00010504827561103,2.78505525073023
0.000408284951762544,2.78667855585872
0.000818794820979769,2.78834518588451
0.00114368869599527,2.79007352303117
0.00139813471297676,2.79188386410082
0.00159645965565736,2.79380310464567
0.00175261826886234,2.79586892169757
0.00188092570296517,2.79813837022757
0.00199747395858216,2.80070820269019
0.00212399879837368,2.80377711533482
0.00228551320096901,2.80751293451053
0.00247718277119349,2.81143324078746
0.00271861588230234,2.81580241469085
0.0029932437332102,2.82035259098768
0.00329587361965635,2.82511913479836
0.00362264490372836,2.83013955491445
0.00397295055620269,2.83545541620337
0.0043429519376688,2.8410057294892
0.00471005834660441,2.84640985755138
0.00508418347590631,2.85176594788517
0.00546575967979106,2.85702258797008
0.00585969266155129,2.86219493741306
0.00627002389521452,2.86728625155486
0.00670130972723339,2.87230565390003
0.00715811206869458,2.87725932636552
0.00764524240986472,2.88215200495148
0.00816781569091593,2.88698629214964
0.00873140112939611,2.89176319067003
0.00934213218840475,2.89648226268799
0.0100068351145089,2.90114203794661
0.0107389471138751,2.90577541452734
0.0115607836222403,2.91044355496238
0.0124888211208338,2.91514445222348
0.0135479284804723,2.91989956450838
0.0147747782435234,2.92475379399422
0.0162343746657737,2.92981652126722
0.0180838173002168,2.93541059848579
0.0205089044551463,2.9418236814054
0.0220690665072613,2.94562992520579
0.0236619802326304,2.94943616900618
0.025050141732554,2.95284606271624
0.0262209838939779,2.95597574822395
0.0271865452703201,2.95899384155727
0.0278968359284023,2.96187647807158
0.0283409387000004,2.9646885564648
0.0285062953745011,2.96756076155889
0.0283373346959873,2.97069769020711
0.0275969325057203,2.9747600416222
0.0267474900584675,2.97767233720373
0.0256836035022685,2.98058463278525
0.0246071776753825,2.98315519631397
0.023533735869935,2.98552167365143
0.0224593009167435,2.98778048187319
0.0213853278127253,2.9899800030256
0.0203151994265151,2.99214856491353
0.0192526263020035,2.99430522262205
0.0182011936542652,2.99646405281734
0.0171642370611195,2.99863619390485
0.0161448133581242,3.00083096071523
0.0151457012179942,3.00305651818412
0.0141694130975412,3.00532031759636
0.0132182042119274,3.00762941394222
0.0122940862887018,3.00999069691894
0.0113988383491158,3.01241108313603
0.010534011831223,3.0148976995518
0.0097009488589476,3.01745802045747
0.00890078354911982,3.02010005275581
0.008130245887461,3.02284812793239
0.0073736262166754,3.02578271043707
0.00663481316097939,3.02892520086677
0.00591764716134331,3.03230132631812
0.00522616176526957,3.03594085077799
0.00456453935410085,3.03987833340399
0.00393702392305893,3.04415419600164
0.00334778342623752,3.04881633434063
0.00280070743020294,3.0539228324046
0.00229910870443793,3.05954725130076
0.00184551651431405,3.06578674398582
0.00144532411433443,3.07270176919187
0.00111831510622747,3.08015465681062
0.000895269540341781,3.0872558878714
0.000712155563832417,3.09505653342991
0.000556821011083078,3.10398972704701
0.000433923293256238,3.11398972704701
0.000350707142026321,3.12398972704701
0.000295933636312945,3.13398972704701
0.000261387287970229,3.14398972704701
0.000241166830349074,3.15398972704701
0.000231190487497711,3.16398972704701
0.000228733242463877,3.17398972704701
0.000232030934539987,3.18398972704701
0.000239988163269314,3.19398972704701
0.000251986800533271,3.20398972704701
0.000267771237361569,3.21398972704701
0.00028738703554945,3.22398972704701
0.000311158809657153,3.23398972704701
0.000339702653408585,3.24398972704701
0.000373976439224147,3.25398972704701
0.000415379658939668,3.26398972704701
0.000464734698722442,3.27376999427356
0.000520808597328714,3.28284751273775
0.00058425702977014,3.29125342788205
0.000656000382480127,3.29903570941756
0.000737133963714425,3.30623992059804
0.000828915297154899,3.31290870091257
0.000932772888189586,3.31908194938812
0.00105032541617518,3.32479700253218
0.00118340623954247,3.33008878568181
0.00133409114540132,3.33498994966892
0.00150472948221603,3.33953100989642
0.00169798110996594,3.34374048433776
0.00191685901243495,3.34764502444821
0.00216477966618887,3.35126953803443
0.00244562452727157,3.35463731756563
0.00276381451249187,3.35777017499968
0.0031244043554601,3.36068857826403
0.00353320169741271,3.36341179585058
0.00399692351700512,3.36595806074832
0.00452340718024212,3.36834475938323
0.00512190270655544,3.37058866185798
0.00580349571506306,3.37270622611333
0.00656186450885224,3.37466708860575
0.00739721240039323,3.3764781176305
0.00832011179420163,3.37816918303867
0.00934597602077373,3.37976959653951
0.0104986525943717,3.38131087034522
0.01182691123014,3.38284140525216
0.0134880955548121,3.38449241279547
0.0159025716049735,3.38654642781556
0.0176738812345906,3.38788801576365
0.0195592676092289,3.38922960371174
0.0212906162402697,3.39043051937312
0.0228345804860882,3.3915174592073
0.0242256810259001,3.3925528213778
0.025466930247962,3.39357758266337
0.0265412255930516,3.39462860508316
0.027411756424661,3.39575380039728
0.0280041469416935,3.39704381818733
0.028090011548425,3.39881538077973
0.0275447969830972,3.40033905511847
0.026539268063524,3.40186272945721
0.0253579235764727,3.40321839669246
0.0240082605505841,3.40456122311754
0.0224960081877973,3.40595281084793
0.0208296357004537,3.40743261665152
0.0190124596953824,3.40904233816735
0.0170679044846415,3.4108411398825
0.0152046550275754,3.41271821646513
0.0124901242168855,3.41582350099229
0.0103389038742237,3.41872661066732
0.00867559452194427,3.42136446883255
0.0073408555855119,3.42383480486245
0.00618242114443567,3.42633632189218
0.00517055961300174,3.42890111788622
0.00428586280985075,3.43155248076774
0.00352950287938666,3.43424931762623
0.00290808714129772,3.43688830461336
0.0023808235655442,3.43955469004152
0.00190422802791965,3.44244999630318
0.00145041647715689,3.44584234460646
0.00121660603913007,3.44794343182729
0.00101334098844549,3.45004451904812
0.000849818044404263,3.45197975723606
0.000710943787534406,3.45384864761996
0.000585909907118864,3.45576346510779
0.000467029090935907,3.45785622137055
0.000344712645460494,3.46039760408454
0.000175975219572979,3.46498576202073
7.37749427720185e-05,3.46908610206732
1.91595044288427e-05,3.47251860489425
-9.98148729996159e-06,3.47614169597199
-6.62177142771933e-06,3.48047944802529
5.34168613379476e-05,3.48547350403236
0.000168584275756728,3.48992177148378
0.000339547578543043,3.49398216829042
0.000567451879983304,3.49767416690005
0.00085509775769744,3.50103682637917
0.00120602740092179,3.50410725692512
0.0016247884918896,3.50692362488462
0.00211757692148586,3.50952544315769
0.00269298601902135,3.51195224507489
0.00336298373890476,3.51424279510694
0.00414080739960695,3.51642609993122
0.00504064243678942,3.51852377180749
0.00608023702392632,3.5205568362745
0.00727182859788457,3.52252882460833
0.00865572826531102,3.52447784818591
0.0102214505113677,3.526361286341
0.0119502014313501,3.52814475454131
0.0138341374912623,3.52981762439577
0.0158820725158112,3.53138666186566
0.0181139152878888,3.53286375345763
0.0205714917248585,3.53426887015915
0.0232959979693054,3.53561369754187
0.0263179422186138,3.53690051469009
0.0296831831717975,3.53813612038989
0.0334498002968018,3.53932806433606
0.0376740216611985,3.5404797556398
0.0424164299840995,3.54159364398181
0.0477597395763194,3.54267495599723
0.0537947463615074,3.54372735084521
0.0606283366341546,3.54475446922392
0.0683962049484602,3.54576111470647
0.0772637509594565,3.54675219582088
0.0874397302115796,3.54773334421944
0.0992000206153069,3.54871175761724
0.112918212871278,3.54969662810875
0.129127705174009,3.55070067798532
0.148356801308704,3.55172876779091
0.170670778523171,3.55276249474977
0.196706026104611,3.55381500752005
0.227356481176425,3.55490584841329
0.264035671029868,3.55606857896889
0.304326796181993,3.55723213919364
0.340104809608534,3.55821153105582
0.371045337404724,3.5590498441012
0.398228550345958,3.55980811349085
0.422001831293081,3.56052033360428
0.442310712191258,3.56120964586146
0.458804066690322,3.56189576807655
0.470776947657142,3.56259914505773
0.476954977165049,3.56334556085617
0.474910384927283,3.564175190885
0.462358067106363,3.56502523772719
0.438142622012926,3.56589707546091
0.400899334314863,3.56680140562539
0.34911358142165,3.5677489542685
0.310025943430017,3.56835122059067
0.266991270105235,3.56895348691283
0.228073572010329,3.56946717052099
0.194056817027235,3.56990578071993
0.163764758057525,3.57029722263447
0.136393195174584,3.57065877934096
0.111431951283458,3.57100156570182
0.0885132481978294,3.57133393714694
0.0673229781827231,3.57166355068592
0.047518447053233,3.571999585021
0.0285445397052608,3.57235816053032
0.00858447876337913,3.57279349287318
-0.00122640227099094,3.57303951260036
-0.00833367458018105,3.57323609122582
-0.0148186793303287,3.57343266985129
-0.0205594051662432,3.5736239273329
-0.0263590119652565,3.57383806459677
-0.0319693717031471,3.57407118874525
-0.0372289403822449,3.57432079891132
-0.042048571651018,3.57458596078756
-0.0463815299892904,3.57486676086041
-0.050540087189362,3.5751940591563
-0.0537491954217633,3.57550829320106
-0.0564414519604899,3.57584170808493
-0.0586320724261608,3.57619718878775
-0.0603336322289622,3.57657772755164
-0.0615595358537974,3.5769869947695
-0.0623225324241118,3.5774295112895
-0.0626332643676479,3.57791089405914
-0.0624986933948813,3.57843822250201
-0.0619197950111296,3.57902086527505
-0.060886392735173,3.57967231526955
-0.0593743846900045,3.58041007229681
-0.057335676673751,3.58126030510842
-0.0546725171373804,3.582267265215
-0.0511457384882866,3.58352671964516
-0.0471852596854745,3.58490788526954
-0.0433697279936004,3.58624123936104
-0.0397440670477122,3.58753166141192
-0.0363289689086114,3.58878186042161
-0.0331341568088213,3.58999298504183
-0.0301628112635693,3.59116537983658
-0.0274136577493964,3.59229898885868
-0.0248821557153406,3.59339356755967
-0.022561305419418,3.59444879143237
-0.0204422738280147,3.59546430646206
-0.0185149194415374,3.59643974494274
-0.0167682464039469,3.59737471933888
-0.0151582374395113,3.59828782435222
-0.0136057110434737,3.59922413432538
-0.01211549073472,3.60018500902724
-0.0106915375049161,3.60117248423064
-0.00933762230052986,3.60218894000344
-0.00805727031052064,3.6032371888239
-0.00685370797391262,3.60432058682314
-0.00572980688496695,3.60544318275602
-0.00468802430196349,3.60660992198092
-0.00373033936669601,3.60782693317263
-0.00285818318246574,3.60910194398036
-0.00207235916902663,3.61044490639961
-0.00137294685152801,3.61186898140967
-0.00075917546446486,3.61339218042807
-0.00023684827046872,3.61501355991526
0.000181910954924965,3.61667765319231
0.00051440678576347,3.61840281308286
0.000775838237589384,3.62020912369971
0.000980549211106728,3.62212315961382
0.00114248806924611,3.62418206064817
0.00127592322644413,3.62644188073292
0.00139681402905348,3.6289971812526
0.00152650206526861,3.63204028532934
0.00169107505792804,3.63577500593759
0.00188335759947008,3.63967919221224
0.00210134832881497,3.6436414586929
0.00233464772280742,3.64755961251515
0.00258045410989019,3.65149452314152
0.0028368725705231,3.65549236381375
0.0031034387980301,3.65959079032573
0.00338114870223605,3.66382354755656
0.00367228305327801,3.66822309538423
0.00398022069408977,3.67282243097646
0.0043093450307529,3.67765657712402
0.00466514228365986,3.68276387692319
0.00505133346008263,3.68814187817433
0.00544141720643558,3.69336996634509
0.00584678658313203,3.69856704773042
0.00626653377458789,3.70367584189261
0.00670543819418974,3.70871001197408
0.00716765766371282,3.71366998453114
0.00765839411370958,3.71856304183039
0.00818313930553976,3.72339361021152
0.00874787050010156,3.72816466878148
0.00935906003825203,3.73287710709419
0.0100238017230786,3.73753026851848
0.0107567753259612,3.7421637154061
0.01157934234312,3.74683082174672
0.0125083871013902,3.75153129310762
0.0135689205391987,3.75628652013499
0.0147978998716481,3.76114185575736
0.016260961934093,3.76620795685753
0.0181176216935339,3.77181308848383
0.0205425205769593,3.77821500127527
0.0221003463346419,3.78201189869277
0.0236897294507191,3.78580879611028
0.0250743524958682,3.78921196563051
0.0262420863513043,3.79233825965647
0.0272042425810975,3.79535522593038
0.0279098138857615,3.79823480677156
0.0283491041356217,3.8010457421993
0.0285091550959116,3.80391924608159
0.0283333971224298,3.80706229951571
0.0275768744604535,3.81115603153167
0.02672501706088,3.81405269825292
0.0256621860310605,3.81694936497417
0.0245865128202035,3.81951175712087
0.0235135553455861,3.82187350719274
0.0224396744718636,3.82412892510679
0.0213664206455948,3.82632565115798
0.0202972000073899,3.82849167868891
0.0192357300247431,3.8306458624665
0.0181855986493796,3.83280213233198
0.0171501441495043,3.83497149911673
0.0161324257630367,3.8371631551802
0.0151352255959541,3.8393851352897
0.0141610592389144,3.84164474754745
0.0132121851965584,3.84394888210042
0.0122906185231864,3.8463042341714
0.0113981394696858,3.84871749261984
0.0105363004477864,3.85119550814208
0.00970644224066974,3.85374542285112
0.00890969478755464,3.85637484185586
0.00813923683490282,3.85912073876314
0.00738275239919501,3.8620526615023
0.00664408862359214,3.8651920911907
0.00592709309186832,3.86856464341249
0.00523580665462661,3.87219993556737
0.00457441938026573,3.87613232959071
0.00394718269509461,3.88040198175067
0.00335827075640105,3.88505643116708
0.0028115768757461,3.89015328490825
0.00231042025218897,3.89576538973695
0.00185734087014066,3.90198876437924
0.00145697801817446,3.90889708410878
0.00112119002772067,3.91634288212534
0.000852023488616735,3.92443544746849
0.000638893932547586,3.93374257929038
0.000506858102225107,3.94188756941188
0.000392181344346551,3.95160487878901
0.000310538367868548,3.96160487878901
0.00025559810589095,3.97160487878901
0.000219837008562136,3.98160487878901
0.000197735076993363,3.99160487878901
0.000185351997490986,4.00160487878901
0.000179986444810859,4.01160487878901
0.000179850920145845,4.02160487878901
0.000183800631579031,4.03160487878901
0.000191138977864896,4.04160487878901
0.000201492683866941,4.05160487878901
0.000214738074233387,4.06160487878901
0.000230962433087244,4.071604878789
0.000250451325314744,4.081604878789
0.000273699059026705,4.091604878789
0.000301444462019423,4.101604878789
0.000334739159726785,4.111604878789
0.000375062611615854,4.121604878789
0.000423437737921957,4.13140487122664
0.000478637155991195,4.14049223658259
0.000541390417654055,4.14889922693171
0.000612679407593013,4.15667572134418
0.000693654237862198,4.16386890860355
0.000785628719517473,4.1705227754553
0.000890092839085356,4.17667833206487
0.00100873341963269,4.18237382904664
0.00114345940939451,4.18764494348901
0.00129643072694539,4.19252494512739
0.00147009071099251,4.19704485871198
0.00166720482509017,4.20123362193417
0.00189090552594644,4.20511823409099
0.00214474578635754,4.20872389558514
0.00243276458945235,4.21207415040752
0.00275956710224005,4.2151910339876
0.00313042673131618,4.21809522325381
0.00355141546022065,4.22080619634792
0.00402957668926259,4.22334241408389
0.00457316114215652,4.22572153199081
0.00519195863152104,4.22796066420265
0.00589778637866289,4.23007674001523
0.00667588794234444,4.23202007562803
0.00753437444080829,4.23382139039769
0.00848562745871744,4.23551151437842
0.00954791019240094,4.23712126996926
0.0107509008199126,4.23868616655211
0.0121761408682554,4.24028430534651
0.014035571432802,4.24207912839551
0.0160208271494629,4.24375431099181
0.0177596962836917,4.24509270644154
0.0195910341575775,4.24643110189127
0.0212279896234609,4.2476110871505
0.0226933021881131,4.24869584753112
0.0240110540668021,4.24974091882706
0.0251774807209046,4.25078500039716
0.0261704959521979,4.25186669012967
0.026946102443792,4.2530412233954
0.027410411054509,4.25442648527887
0.027185942177879,4.25654510396503
0.0264630363125959,4.25798529468838
0.0253889418827367,4.25942548541173
0.0241496770567223,4.26077740510083
0.0227480520148349,4.26214436492922
0.0211927064901483,4.26357399134219
0.0194911253702013,4.26510446068419
0.0183739316664101,4.26611316848305
0.0172856100638779,4.26712187628192
0.015696978069671,4.26868282632914
0.0129871760518637,4.27166079703828
0.0106749426443762,4.27463953139262
0.00889081064859912,4.27734098974398
0.00747140470243491,4.27984903322894
0.00625941319766342,4.28234278549693
0.00519983692287597,4.28489214930024
0.00432532269855683,4.28735574305578
0.00361323142891459,4.28969173438473
0.00302436610692117,4.29192603910257
0.00252815949662974,4.29409183786889
0.00209998583957584,4.29623447991591
0.00171728694862674,4.2984303937714
0.0013503938705133,4.30086307823041
0.00106370353914224,4.30305696575628
0.000812936811244893,4.30525085328216
0.000630185459769337,4.30705445726587
0.000484448318994611,4.30864520488176
0.000356035490304808,4.31018108560406
0.000235552557252569,4.31175747170119
0.000115425856342996,4.31348393474753
-1.60301365185355e-05,4.31558682326646
-0.000219337254446546,4.3194081740759
-0.000378027953803776,4.32306313471005
-0.000490526209449277,4.32618161285215
-0.000589291973913929,4.32945766755561
-0.000687508700554518,4.33351783262584
-0.000787184233146179,4.33942139165901
-0.000828777585751109,4.34451160564251
-0.000821628383603031,4.34913787372709
-0.000764635328321069,4.35329385958011
-0.000655274108889339,4.35702761872045
-0.000490090229966798,4.36038669488133
-0.000264785730419394,4.36342389210086
2.65452849221637e-05,4.36619727642397
0.000392328407599297,4.36876564623762
0.000846199292008447,4.37119451790449
0.00141254946805952,4.37356437069219
0.00213900524060553,4.37598874521594
0.00314515411710273,4.37869992720297
0.00448556204642104,4.38166524593651
0.0061838797182947,4.38482299686119
0.00744813033779861,4.38687709112545
0.00886591712466463,4.38893118538971
0.0103374245850764,4.39081243750854
0.011824144595569,4.39248070143292
0.0134401040196614,4.39406480843056
0.0152031965536404,4.39556525373594
0.0171643894754495,4.39700754369366
0.0193525226883472,4.398393210558
0.0218061259533468,4.39972834884569
0.0245609619357661,4.40101496570255
0.0276504667339158,4.40225302614475
0.0311216846346243,4.40344685045566
0.0350221356656257,4.40459864500959
0.0394029707775534,4.40571014653135
0.044332564427897,4.40678556807074
0.0498865828389667,4.40782809488679
0.0561546363885439,4.40884110743678
0.063244035595446,4.40982821630543
0.0712838653329692,4.41079320699931
0.0804328565136808,4.41174029674671
0.0908898635018258,4.41267431483055
0.102905845716376,4.4136006910414
0.116806362096206,4.41452591306944
0.133026585510142,4.41545810425222
0.152171712617323,4.41640804057712
0.174813639347206,4.4173784744011
0.201040265086418,4.41835301881095
0.231542301750362,4.41934211317891
0.267254455573623,4.42036101586608
0.309615753981815,4.42143666605786
0.346683420798217,4.42230033338958
0.385627935237443,4.42316400072131
0.419957531245736,4.42391589370743
0.449822136754024,4.42458889781795
0.475952004830082,4.42522166109602
0.498461298177862,4.42584013151841
0.51701229049549,4.42646680225768
0.53075820651681,4.42712811244182
0.537892565189889,4.42786670587894
0.535075475786841,4.42866150591759
0.520559621018995,4.42948088150669
0.49290683118654,4.43034176682647
0.450215881362152,4.43125654398753
0.390375650299777,4.43223341426054
0.344642246900778,4.43286387237776
0.294254872159447,4.43349433049498
0.249581221984321,4.43402140115003
0.21142292241355,4.4344616011654
0.17797537214999,4.43484881566002
0.148058879251196,4.43520329627761
0.120965956942265,4.43553743180008
0.0962139313322782,4.43586014529251
0.0734120435905506,4.43617934121088
0.0521560564884951,4.43650426403443
0.0318186913573599,4.43685095687028
0.010372139043753,4.43727378067102
0.000121590644878628,4.43750638127942
-0.00723552169890683,4.43769023953919
-0.0139625670509685,4.43787409779896
-0.0198970690634287,4.43805190791865
-0.0259528721413546,4.43825242176214
-0.0318527743445856,4.43847165480465
-0.0374138710193294,4.43870698770672
-0.0425336976632211,4.43895736411263
-0.0471579204941116,4.43922275215696
-0.051261052288368,4.43950383542085
-0.0548323185618848,4.43980186042508
-0.0580222263392588,4.44013745163375
-0.0604745927679933,4.44047365133896
-0.0624177840056203,4.44083325058102
-0.0638684787398876,4.44121998013162
-0.0648408515616947,4.44163812756136
-0.0653471922076721,4.44209302937664
-0.065396272838159,4.44259142586807
-0.0649913153365654,4.44314200420794
-0.064125153004964,4.44375745076652
-0.062775857156285,4.44445460554415
-0.0608980801740583,4.44525818038548
-0.0583988450320037,4.44620948230434
-0.0550549794469826,4.44739542696257
-0.0509306809757801,4.44880866739108
-0.0469227547079401,4.45017367873381
-0.0430875992895872,4.45149716900595
-0.0394537151466622,4.45278192577954
-0.0360358621448795,4.45402902351356
-0.0328410447450533,4.45523867093658
-0.0298711211032116,4.45641065612739
-0.0271241570021101,4.45754458096697
-0.0245952815594802,4.45863998299839
-0.022277331410798,4.45969639466486
-0.0201613932428669,4.46071336577318
-0.0182372842094804,4.46169046298369
-0.016493982230649,4.46262725390753
-0.014894090992926,4.46353848969747
-0.0133517235767214,4.46447290085267
-0.0118717681742687,4.46543179084488
-0.0104582029053712,4.46641717005665
-0.00911482651151704,4.46743138904913
-0.00784520282859572,4.46847722537478
-0.00665260888665486,4.46955799268968
-0.00553998045176669,4.47067768675521
-0.00450985492909767,4.47184118510797
-0.00356431110166832,4.4730545272651
-0.00270490446882668,4.47432532012962
-0.00193259571501044,4.47566334640861
-0.00124766751845655,4.47708151954563
-0.000649620216213524,4.47859746923668
-0.000142582046854783,4.48021619719389
0.000259427878320442,4.48187653703647
0.000573647788383497,4.48359684057988
0.00081508599059913,4.48539685077953
0.000997799262931045,4.48730262218851
0.0011352916628607,4.48935041956011
0.00124110837093965,4.49159466723046
0.00132991013993738,4.4941263827675
0.00142021588545726,4.49712775305051
0.00153726869946486,4.50086311207255
0.0016786555637976,4.50474228012728
0.00186709116238557,4.50917224388878
0.0021014099576655,4.51410012998596
0.00234015109571709,4.51882543516732
0.00255520622016553,4.52297352907287
0.00276035799408112,4.52689258050829
0.0029621512139335,4.53072535436744
0.00316482073504174,4.53454796746991
0.00337184145326382,4.53841124883727
0.0035864425914702,4.54235488332525
0.00381180076444925,4.54641279676921
0.0040511983483286,4.55061655774957
0.00430816664498269,4.55499752869504
0.00458664765840322,4.55958828928102
0.0048912532834404,4.56442408874061
0.00522768492300382,4.56954412927698
0.00559495198996569,4.57487153040726
0.00597256540590017,4.58006217983462
0.00636949045001092,4.58520905257781
0.00678572176779621,4.59026833703844
0.00722597624179517,4.59525331148936
0.00769464967936899,4.60016613669541
0.00819709128768142,4.6050133723561
0.00873906691730416,4.60979898430233
0.00932687707404606,4.61452504515078
0.00996741345442538,4.61919170714714
0.0106712010522021,4.62381609248861
0.0114621109467895,4.62847706806199
0.0123551554464964,4.63316774997055
0.0133735259383528,4.63790688624965
0.0145502304921749,4.64273130423291
0.0159410648832587,4.64772932870686
0.0176688983301572,4.65314470721872
0.0200829920587668,4.65971453763881
0.0216866687498406,4.66368800322113
0.0233445029415979,4.66766146880345
0.0247895152891829,4.67117657292
0.0260071047343647,4.67435433406209
0.0270193562502354,4.67738526712163
0.0277910509511397,4.68030003820957
0.0282963912057052,4.68311676641662
0.028528655342369,4.68595984254224
0.0284463206173196,4.68900499935168
0.0278925966642777,4.69270309041594
0.0270761371063188,4.695822476022
0.0259956244287858,4.69894186162807
0.0249117485036767,4.70160254370757
0.0238376131101124,4.70400843856254
0.0227634784132025,4.70628711791607
0.021689323604076,4.70849652928572
0.0206182405054627,4.71066865457176
0.0195539211931695,4.71282430752352
0.0185000039858599,4.71497852111174
0.0174598981136843,4.71714297578301
0.0164367373894016,4.71932728676821
0.0154333777809971,4.72153975610335
0.0144524047467933,4.72378785812679
0.0134961443089548,4.72607857320332
0.0125666766264256,4.72841862824704
0.0116658423585516,4.73081470182352
0.0107952539133442,4.73327358753425
0.00995630767586432,4.73580233744578
0.00915018751746598,4.73840842659137
0.0083763191213799,4.74110554627298
0.00761537197582563,4.74398331899695
0.00687122455968665,4.74706209828111
0.00614766646573406,4.75036653411608
0.00544869290310906,4.75392510231591
0.00477846559912015,4.75777081923369
0.00414123819438301,4.76194220816865
0.00354123647497406,4.7664847086387
0.00298247335342366,4.77145302549849
0.00246848064313631,4.77691552482822
0.00200206106518235,4.78296155736314
0.00158523045524607,4.78971162079835
0.00123338647256917,4.79699843887149
0.000949953425891887,4.80489778162144
0.000738928938090905,4.81337482484054
0.00059578464328079,4.82138175978166
0.000473042180058327,4.83086149173983
0.000384723402053894,4.84086149173983
0.000327416688836228,4.85086149173983
0.000292707313345015,4.86086149173983
0.000274508780460152,4.87086149173983
0.000268569212802256,4.88086149173983
0.000272101092916243,4.89086149173983
0.000283440334962074,4.90086149173983
0.000301774897026507,4.91086149173983
0.000326973835431337,4.92086149173983
0.000359519423984783,4.93086149173983
0.000400537599107745,4.94086149173983
0.000451935428218493,4.95086149173983
0.000511525709270618,4.9601311921583
0.000579786067862204,4.96868783370923
0.000657656949108512,4.97658626752691
0.000746333985603442,4.98387847372822
0.000847227550663535,4.99061245120102
0.000961959835623338,4.99683258695191
0.00109238092426507,5.00258000506268
0.00124059391262118,5.00789285161893
0.0014089866344003,5.01280653216288
0.00160026763644736,5.01735393560232
0.00181751190564928,5.02156564567541
0.00206421364679622,5.02547013612714
0.00234435208723932,5.02909394790419
0.00266247274075139,5.03246187004877
0.00302379034355738,5.03559713033056
0.00343432386240627,5.03852159247253
0.00390107431002833,5.04125597326292
0.00443227106582354,5.0438201042293
0.00503772425963674,5.04623326098695
0.00572934961020185,5.04851461117851
0.00649682471272294,5.05062082496615
0.00734673591013177,5.05257751694235
0.00829327356928711,5.0544204181506
0.00935851903298284,5.05618735798214
0.0105811480002103,5.05792627280956
0.0120621024241285,5.05973968017164
0.0141911101642137,5.06197317926206
0.0157817768495997,5.06345821689165
0.0174778816301568,5.06494325452124
0.0190383959386288,5.06627301089811
0.020422382889441,5.06746880345864
0.0216627492013303,5.06860138590421
0.0227628839121968,5.06971588132217
0.0237073594717639,5.07085089579373
0.0244631077716405,5.07205391421402
0.0249653771882772,5.07340882304755
0.0250376293739312,5.07516760616303
0.0245135867168345,5.07688488872135
0.0235041415059601,5.07860217127966
0.0223674916210594,5.08005345726601
0.0210973250222226,5.08146002780879
0.0196930379287945,5.08289860508839
0.0181634494805894,5.0844096108832
0.0169291840886803,5.08562142765905
0.0157251158115467,5.08683324443489
0.014532005569036,5.08810293906874
0.01211289397904,5.09095292248388
0.0100506958116712,5.09377718420962
0.008401657142249,5.09641108560671
0.00706032097968552,5.0989005472507
0.00591977407625996,5.10135661883838
0.00495779498981192,5.10376015909324
0.0041258309248665,5.10617256997595
0.00337350084980532,5.10871733419856
0.00265418816730749,5.11159693465873
0.00220891492850348,5.11367784477747
0.00181724966890567,5.1157587548962
0.00151092150450484,5.11759355157152
0.00125579469351225,5.11929443847889
0.00102673894081225,5.12098476865801
0.000808405820273483,5.12277044543633
0.000585038736820964,5.12481293105308
0.000320415184080924,5.12758962656041
-1.30541984555964e-05,5.13184116511634
-0.000243027533876954,5.13548312782039
-0.000418746400663771,5.13884410874036
-0.00058287085411955,5.1426508778527
-0.000751394989534591,5.14765579621945
-0.00087754107595438,5.15300663589593
-0.000939187761511233,5.15775189757138
-0.000944263525996219,5.16206267935937
-0.000892388650993091,5.16596140296569
-0.000781035954252568,5.16949544829112
-0.000606069730258297,5.17271525589768
-0.000361342576210687,5.17567878426842
-3.78221882509168e-05,5.1784463550546
0.000379263755942457,5.18108836211745
0.000917599824229185,5.18370038597618
0.0016320548882959,5.18642218203417
0.00262120841708945,5.18943884781306
0.0039026933291191,5.1926505146192
0.00550564202899329,5.19603465425613
0.00661680437234298,5.19808294515523
0.00786280192766645,5.20013123605434
0.00915191524089547,5.20199961550488
0.0105385346021356,5.20375939204146
0.0120111981266542,5.20538601704266
0.0136476297492459,5.20695233426445
0.0154587652349945,5.20844797338669
0.0174894203285047,5.20989101473124
0.0197604981838813,5.21127740533147
0.0223089020919186,5.21261291737848
0.0251680525875926,5.21389900321406
0.028370560945192,5.21513587623201
0.0319639335048783,5.21632820959707
0.0359973935681582,5.21747874650818
0.0405282995024105,5.21859053804881
0.0456219772570318,5.21966644999929
0.0513603369296639,5.22071048331116
0.0578388209601067,5.22172631488846
0.0651722786232266,5.22271782402754
0.0735008325420188,5.22368920831236
0.0829974001130232,5.22464505947375
0.0938812906849379,5.22559074807409
0.106435217716794,5.22653259860102
0.121035090184101,5.22747847322658
0.138201263859701,5.22843875796837
0.158695948234,5.22942828394071
0.182425339264661,5.23041976730559
0.210003324155435,5.23142324655979
0.242255503490874,5.23245313269668
0.280386780782709,5.23353249051976
0.324917067479478,5.23466879821291
0.366358844765753,5.23565716114017
0.400792347063671,5.23646186351932
0.430532444358901,5.23717245449732
0.456532256788645,5.23783501802073
0.478954283711744,5.23847672052311
0.497526373161281,5.23911958267904
0.511535352382929,5.23978727488363
0.519534377811004,5.2405133460264
0.518600057592754,5.24132159966649
0.506468482309722,5.24214652984638
0.48187760688732,5.24300449916966
0.443161469249968,5.24390766861462
0.38844341018793,5.24486476736068
0.343951326686688,5.24551391861694
0.294397115036318,5.2461630698732
0.250241116770041,5.24670421286888
0.212478343451345,5.24715429837664
0.179349890313223,5.24754896671317
0.149696272797633,5.24790936791638
0.122825704970795,5.24824829858446
0.0982699852924498,5.24857483243451
0.0756555318571909,5.24889680395902
0.0546079248508966,5.24922299335699
0.034583428757294,5.24956762023964
0.0140749381519641,5.24997220623845
0.000736097179684435,5.25027711776191
-0.00660945273650362,5.25046492875716
-0.0133220709691135,5.25065273975241
-0.0191874404755741,5.25083268330768
-0.0251768079409903,5.25103570812711
-0.0310141502439026,5.25125774325361
-0.0365166308743079,5.25149608266475
-0.0415820609407049,5.25174962848263
-0.0461563424117602,5.25201833203462
-0.0502140990670879,5.25230287313357
-0.0539661564616598,5.2526266339845
-0.0568928609603503,5.25294593559284
-0.0593006142375782,5.25328594512038
-0.0612056908756976,5.25364981745868
-0.0626222972936975,5.2540410392577
-0.0635642846604632,5.25446390826645
-0.0640436578155219,5.25492377047105
-0.0640689587864503,5.25542736789238
-0.0636432849701157,5.25598337420671
-0.0627593574339532,5.2566045307351
-0.0613956444788636,5.25730753438058
-0.0595078736009239,5.2581168763789
-0.0570058299567796,5.25907326622475
-0.0536752832203946,5.26026139072983
-0.0495961874854334,5.2616690523342
-0.0456382186497606,5.26302797337508
-0.0418561961945798,5.26434472531241
-0.0382773006768183,5.26562221290475
-0.0349153474178452,5.26686160033531
-0.0317765532138813,5.26806316861626
-0.0288620858315973,5.26922676598855
-0.0261694086015045,5.27035204488043
-0.0236931399339109,5.27143858485785
-0.0214257019428007,5.27248595213083
-0.019357863994701,5.2734937217961
-0.0174792203503313,5.27446147681305
-0.0157786142444257,5.2753887913824
-0.0141935521429218,5.27630557561354
-0.0126672886215435,5.27724578231766
-0.0112044320062653,5.27821091533723
-0.00980892564132199,5.27920306119008
-0.00848451936205431,5.28022466559668
-0.00723471560818476,5.28127862458927
-0.00606271706034867,5.28236840134417
-0.00497137172446445,5.28349818326407
-0.00396311530440471,5.28467309804196
-0.00303991021427688,5.28589951894364
-0.00220317978039918,5.28718551010375
-0.00145373476941927,5.28854150145066
-0.000791686685510792,5.28998136111523
-0.000216336703319723,5.29152420419765
0.000262088155558483,5.29315142802108
0.00063986118618872,5.29482456117889
0.000933545481417602,5.29656190270891
0.00115789859399761,5.29838446254308
0.00132681204983071,5.3003202657296
0.0014537500152396,5.30240894340418
0.00155242107548826,5.30471128651664
0.0016380860104755,5.30733245533643
0.0017312603291072,5.31049670040932
0.00185100200332073,5.31423233137778
0.00200160467895275,5.31820680533349
0.002176994931112,5.32220404042142
0.00236430758514676,5.32607695930897
0.00256072393193777,5.32991345268827
0.00276461534419895,5.33377255293387
0.00297563018912012,5.33769769392492
0.00319458308058894,5.34172487614246
0.00342325182665453,5.34588673142926
0.00366418474907728,5.35021491220477
0.0039205639407339,5.35474177307902
0.00419617788833162,5.35950187386869
0.00449556552684761,5.36453341209114
0.0048244122678693,5.36987953268367
0.00517133189730142,5.375296474579
0.00552768166259969,5.38060612382018
0.00589828640112975,5.38584235984319
0.00628495137762152,5.39098635425489
0.0066918482241322,5.39604916419387
0.0071232123373907,5.40103749451935
0.0075837707230059,5.40595892786518
0.00807853673616524,5.41081844527255
0.00861292507060395,5.4156189311213
0.00919283527564319,5.42036123422617
0.00982477849574309,5.42504466440327
0.0105160211432854,5.42966761652036
0.0112918986754875,5.43432623021678
0.0121665610540348,5.43901230317487
0.0131618842732883,5.44374246109797
0.0143084103017646,5.44854842538158
0.0156561650160402,5.45350548498334
0.017308782009328,5.45881278398269
0.0196281618194644,5.46527140229497
0.0212941449217599,5.46945939157553
0.0230357075986505,5.47364738085608
0.024534120274182,5.47726640959808
0.0257913016023143,5.48049003755742
0.026841360220918,5.4835367765563
0.0276627411368709,5.48648292303286
0.0282165752587732,5.489309456415
0.0285002841552802,5.49213785126743
0.0284810808590762,5.49512811584685
0.0280398291502092,5.49863554216315
0.027246995019627,5.50193086282745
0.0261473060460749,5.50522618349174
0.0250557492281781,5.50795427495965
0.0239805888855932,5.51038753060576
0.0229063721424236,5.5126805744106
0.0218318090009139,5.51489841101367
0.0207597563359442,5.51707547324382
0.0196938759967177,5.51923373826027
0.0186378248960844,5.52138889883221
0.0175950429541317,5.52355305364698
0.0165686972449836,5.52573610466044
0.0155616760443846,5.5279465657523
0.0145765953436219,5.53019207951498
0.0136158102740965,5.53247976944017
0.0126814289352099,5.53481649348874
0.0117753183320456,5.53720906095101
0.01089911843375,5.53966439758803
0.0100542502094279,5.54218970929649
0.00924192529297814,5.54479263807736
0.00846315508208182,5.54748142620049
0.0077003504489805,5.55033694700782
0.00695382034808452,5.55339103190097
0.0062273713277153,5.55666777691076
0.0055249688772763,5.56019522109353
0.00485075014407722,5.56400587452086
0.00420895511122286,5.56813765378199
0.00360381461406015,5.57263522476962
0.00303937532016045,5.57755220187108
0.00251923695259839,5.58295527427253
0.00204629047568402,5.58893123071487
0.00162262259195303,5.59559705216768
0.00126253407589631,5.60281809545322
0.00103140069503739,5.60909855158431
0.000819962296299165,5.61688599180413
0.000654303021975998,5.62517806953178
0.000522598888768057,5.63425986278895
0.000422520397897042,5.64425986278895
0.000357308776825465,5.65425986278895
0.000317330445097605,5.66425986278895
0.000295616647474324,5.67425986278895
0.000287319250641029,5.68425986278895
0.000289253593897068,5.69425986278895
0.000299481803637206,5.70425986278895
0.000316990102735738,5.71425986278895
0.000341485536008769,5.72425986278895
0.000373305244190042,5.73425986278895
0.000413426192479884,5.74425986278895
0.000463578478168621,5.75425986278895
0.000521707465821323,5.7635572306603
0.000588117622978437,5.77214973877072
0.000663644674964722,5.78008946942713
0.00074938697451213,5.78742664168191
0.000846653093070833,5.79420781662464
0.000956953032642217,5.80047619304327
0.00108201120746507,5.80627191498147
0.00122378920915045,5.81163231944836
0.00138451515881071,5.81659213620008
0.00156671593651105,5.82118368571064
0.00177325925453343,5.82543707023969
0.00200740045453384,5.82938035096441
0.00227284131854249,5.83303970151467
0.00257380070296272,5.83643956707004
0.002915103335134,5.8396028347324
0.00330229472304568,5.8425510054739
0.00374178805300893,5.84530437513692
0.00424106425787213,5.84788224929089
0.00480895020507641,5.85030320256483
0.00545601822585537,5.85258541005116
0.00618596131892044,5.85472245789662
0.00699171793803883,5.85669349405627
0.00788368131283246,5.85853171580753
0.00887754521828879,5.86027057839397
0.0099980054515475,5.86194643838661
0.0112895192269738,5.86360774092988
0.0129052883523055,5.86539860199372
0.0153421151249101,5.8677066155716
0.01697279372728,5.86908805557662
0.0186913241055812,5.87046949558164
0.0202579685467947,5.87170932490641
0.0216582711125711,5.87284507216546
0.0229149959776274,5.87393474704071
0.0240255404857523,5.87501883206188
0.0249695867363592,5.87613623490755
0.0257065770782832,5.87734041084459
0.0261525027969906,5.87873932159714
0.0260041387281937,5.88078091219829
0.0253430323192009,5.88229292848654
0.0243139927671437,5.88380494477479
0.0231289678002444,5.88519543610734
0.0217936989021462,5.886583800353
0.0203168097079629,5.88802253111239
0.0187073061503478,5.88954930924949
0.0176770723621231,5.89052660372846
0.0166695516585813,5.89150389820743
0.0154549895339062,5.89274226206779
0.0129527203273503,5.8955608625268
0.010763732330224,5.89842744088053
0.00900962909219564,5.90111533447466
0.00760551311558048,5.90362424647519
0.0064028955955576,5.90612746823337
0.00535239071930313,5.90868733809672
0.00443298175159688,5.91132869975768
0.00366932688788744,5.91392391920236
0.00312606960674007,5.91607774595324
0.00268695255240746,5.91807053434415
0.00230245162965247,5.92005796167299
0.00194566478792332,5.92216736367398
0.00159167560032796,5.92459745435166
0.00118754842284001,5.92795594688112
0.000827438760042494,5.93176523711138
0.000568454825706057,5.93530842163861
0.000371987030391487,5.9387965632223
0.000210743636857734,5.94267012417712
8.39662124140011e-05,5.94738376506252
2.60159144773056e-05,5.95244166160904
4.53131332324277e-05,5.95696895144096
0.000131075620196148,5.96111343021703
0.000279894434085585,5.96489813252908
0.000492173743328186,5.96837019408275
0.000770530841873773,5.97157016767513
0.00112067592446189,5.97454869841198
0.00155192440724634,5.97735862469647
0.00207863840043922,5.9800553297996
0.00272305313449102,5.98269978592055
0.00351869093883551,5.98535789325177
0.00450783394613355,5.98808077609312
0.00569816771994596,5.99080936928887
0.00698874429574912,5.99330606498976
0.0083233474966705,5.99551428570061
0.00970020836681103,5.99747841559773
0.0111559909324381,5.99927408730175
0.0127189133505168,6.00094043448472
0.014437535112686,6.0025214181792
0.016336349233827,6.00402506045369
0.0184486532446208,6.00546260430458
0.020812015315877,6.00684325514216
0.0234544876643751,6.00816759059882
0.0264205394464433,6.0094428193775
0.0297496089350366,6.01067094156835
0.0334908075718099,6.01185575443153
0.0377003464223399,6.01300087878114
0.0424413521750745,6.01410942288114
0.0477880777292842,6.01518474178342
0.0538316415600666,6.01623091456764
0.0606797140724497,6.01725187663539
0.0684637782258199,6.01825193974442
0.0773458796996073,6.01923581432185
0.0875343009756477,6.02020928179305
0.0992987570648709,6.02117915200957
0.113002724882454,6.02215410890475
0.129159994184874,6.02314601064915
0.148407802869651,6.02416563996806
0.170724526455426,6.02518913502158
0.196726097177285,6.02622861546336
0.227263013085072,6.02730172896988
0.263635238915497,6.02843767398955
0.304474517524104,6.02959413518331
0.342083808977009,6.03059627583797
0.374312022952982,6.03144051141312
0.402497766631929,6.03219610159935
0.427172529187755,6.03290174642563
0.448368316553896,6.03358238304125
0.465788320089595,6.03425851219927
0.478774464597593,6.03495103439424
0.486101815051918,6.03568631063428
0.48538409669983,6.03650620371781
0.474148116930665,6.0373491839565
0.45120829137562,6.03821493534896
0.415162071630774,6.0391146900991
0.364443466323596,6.0400582266915
0.323720379882389,6.04068932471111
0.278404512719453,6.04132042273072
0.237553154204177,6.04185289071917
0.202151335500464,6.04230147874916
0.170808645988755,6.04269817660593
0.142588208634039,6.04306231486138
0.116914131889158,6.04340591342672
0.0933847637608188,6.04373770134512
0.0716701348266385,6.0440653613029
0.0514296650675473,6.04439762892253
0.0321560522726342,6.04474876645226
0.0124273020203289,6.04516038091728
-0.000685452610187974,6.04547747110042
-0.00786731743446882,6.04567202855328
-0.0144230117968949,6.04586658600614
-0.0201894815292428,6.04605453456669
-0.0260369799964217,6.04626553184335
-0.0317083116279034,6.04649559830025
-0.0370348942338611,6.04674213936436
-0.0419233491554769,6.04700415375702
-0.0463248539698643,6.04728167736871
-0.0503669388593868,6.0475888879309
-0.0536679342628831,6.04789829019465
-0.0564509328212982,6.04822675117871
-0.0587281674446894,6.04857684395361
-0.0605121334345331,6.04895147511799
-0.0618164047734232,6.04935421692289
-0.0626540808397134,6.04978946972653
-0.063036317422818,6.05026269797846
-0.0629707579356309,6.05078078168391
-0.0624595537423335,6.05135259634437
-0.0614939325141961,6.05199136308176
-0.0600516000544737,6.05271390776699
-0.0580875640598473,6.05354518375832
-0.0555108701204597,6.05452674112205
-0.0521052746100867,6.05574546166131
-0.048106000092524,6.05713701405539
-0.0442419413282413,6.05847986742867
-0.0405625376445756,6.05977966225627
-0.0370910770255924,6.06103932131696
-0.0338388458055928,6.06226008153934
-0.0308101247248709,6.06344231511099
-0.0280044843928768,6.06458596429575
-0.0254180529126481,6.06569076984731
-0.0230443544862091,6.06675638883763
-0.0208749512806226,6.06778245059544
-0.0188999794721741,6.06876857608512
-0.0171086143745568,6.06971437432001
-0.015486399662282,6.07062119506481
-0.0139202921726623,6.07155094601212
-0.012415451070181,6.07250475741956
-0.0109758810566109,6.07348458130231
-0.00960541400013717,6.07449269290529
-0.00830765156686148,6.07553177431299
-0.00708591322802558,6.07660501738296
-0.00594318126644615,6.07771626084512
-0.0048820426439307,6.07887017681302
-0.00390462708158871,6.08007253095175
-0.00301253990097535,6.08133055624557
-0.00220678679579074,6.08265350920709
-0.00148768511289115,6.08405353382448
-0.000854750996042799,6.08554707721148
-0.000306540148704183,6.08715737456859
0.00013372960520904,6.08880772191434
0.000483328422102586,6.09051442259779
0.00075772567325125,6.09229628145259
0.00097140907102786,6.0941778169746
0.00113830877335725,6.09619271091117
0.00127241155355654,6.09839062295708
0.00138884583854328,6.10085242792937
0.00150650001664954,6.10373256993022
0.00165826715839663,6.10743776807936
0.00183200330051629,6.11124991974197
0.00203610364483529,6.11521443746092
0.00226280451308757,6.11922758762735
0.00250833495870155,6.12332906760692
0.00276936809852642,6.12755453464936
0.00304417138377551,6.1319373991467
0.00333290668488293,6.13651108921813
0.00363753090255525,6.14131067002843
0.00396163318522499,6.14637429517679
0.00431042044294413,6.15174450166969
0.00467409201492467,6.15721526566598
0.00504196007876912,6.16257516090486
0.00541997048820426,6.16786700148279
0.00580967607894011,6.17306496162247
0.00621532076756731,6.1781799805435
0.00664101009927785,6.18321785002254
0.00709133938471865,6.18818673323564
0.00757109117276713,6.19309217384097
0.00808538002064218,6.19793784942403
0.00863972790795886,6.20272543681721
0.00924018955852002,6.20745500784323
0.00989347514215623,6.21212540345948
0.0106100346768366,6.21675292023526
0.0114141204574341,6.22141724733746
0.0123208346057919,6.22611148406981
0.0133537348255029,6.23085511870381
0.014546611238692,6.23568672765022
0.0159572261288639,6.24069909349518
0.0177153397882398,6.24615161930256
0.020137086205804,6.25268708982962
0.0217307689864389,6.25661575803175
0.0233734962184238,6.26054442623387
0.0248083169890669,6.26403648933112
0.0260179290959961,6.26720416015603
0.0270221587774233,6.27023226201842
0.0277829419135375,6.27314085894311
0.028277400554433,6.27595679702747
0.028497769215504,6.27880547271969
0.0284001200201445,6.28186745324437
0.0278156583200385,6.28562500876389
0.0269937995234921,6.28870372905007
0.0259178405631397,6.29178244933624
0.0248360462331957,6.29442703709778
0.0237623479343695,6.29682683860911
0.022688300368827,6.29910307958349
0.0216142014062556,6.3013119139261
0.0205432065914245,6.30348469108288
0.0194790143477688,6.30564194606197
0.0184252535600147,6.30779858165228
0.0173853186341725,6.30996622771456
0.0163623273593537,6.31215449816102
0.0153591185739363,6.31437173264546
0.0143782618221817,6.31662547287846
0.0134220669298895,6.31892279904893
0.0124925988809294,6.32127056942578
0.0115916851868606,6.3236756267621
0.0107209252844024,6.32614497239231
0.00988170585115335,6.32868590925021
0.0090752028522233,6.33130622038124
0.00830215799029704,6.33401518838602
0.00754220306317758,6.33690624683901
0.00679923814808402,6.33999990591112
0.00607705686047196,6.34332106875139
0.0053796549748587,6.3468985114473
0.00471118987951742,6.35076560628518
0.00407590319661728,6.3549613048124
0.00347799731313558,6.35953157646472
0.00292144641640216,6.36453180742211
0.00240971750055273,6.37003136748765
0.00194552857551427,6.37612103835007
0.00153079851234532,6.38292321545304
0.00127472774712821,6.38810764461947
0.00106953188126165,6.3932920737859
0.000844406261972665,6.40085764295937
0.000671996866700547,6.40868912213221
0.000523649131972508,6.41781750644428
0.000409453883908604,6.42781750644428
0.000332278164404053,6.43781750644428
0.000281638709883131,6.44781750644428
0.000249876522195081,6.45781750644428
0.000231505305322784,6.46781750644428
0.000222742240711306,6.47781750644428
0.000221070448967605,6.48781750644428
0.000224868878084396,6.49781750644428
0.000233141901068913,6.50781750644428
0.000245343564299532,6.51781750644427
0.000261273540654225,6.52781750644427
0.000281023311664306,6.53781750644427
0.000304960049772581,6.54781750644427
0.000333744761250319,6.55781750644427
0.000368389135217489,6.56781750644427
0.000410364176161393,6.57781750644427
0.000460197656412453,6.58753058698763
0.000516882044065394,6.59653978007977
0.000581119767095012,6.6048792846671
0.000653867799988551,6.61259754187642
0.000736256432675244,6.61974039107158
0.000829580391192264,6.62635066351841
0.000935309725635763,6.63246838420332
0.00105510990891709,6.63813096242755
0.00119086706751831,6.64337335283798
0.00134471627661333,6.64822820287977
0.0015190739629206,6.65272600034432
0.00171667583676701,6.65689521849107
0.0019406215046484,6.66076245218956
0.00219442669967482,6.66435254639675
0.00248208791827347,6.66768873034902
0.00280816083686192,6.67079275777355
0.00317785994618231,6.67368504850895
0.00359718562141433,6.67638484034103
0.00407309173382879,6.67891036214169
0.00461371370758315,6.68127903501011
0.00522868764386801,6.68350772173342
0.00592961716440532,6.6856130619345
0.00670384879787224,6.68755039348873
0.00755732016524541,6.68934406659021
0.00850178776113539,6.69102433120899
0.00955445908902214,6.69262114240488
0.0107427748951996,6.69416812876378
0.0121377660627907,6.69573368614098
0.0139260638602069,6.69746285421213
0.016091729478158,6.6992793097624
0.0178573811654687,6.70061807609485
0.0197240905315904,6.7019568424273
0.0214006758538461,6.70313810829392
0.0228998592469504,6.7042186006517
0.0242495646333174,6.70525597703203
0.0254481694764034,6.7062894187655
0.0264751921701606,6.70735676425746
0.0272890259561188,6.70851057081688
0.0278026417128447,6.70985873149121
0.0276893753576662,6.71187158722262
0.0270213208877799,6.71332488567532
0.02597257621103,6.71477818412802
0.0247522648546834,6.716125549882
0.0233654409450204,6.71748093609516
0.0218205287031431,6.71889504738356
0.0201254593677277,6.72040623274215
0.018797388074378,6.72159239112343
0.0175068765537006,6.7227785495047
0.0160637115825394,6.72418478496166
0.0133415543111459,6.72713859210266
0.0109790876834084,6.730144040281
0.00916251134791561,6.73286499457817
0.00772341416307239,6.73538456427563
0.0065042262876887,6.73787313427376
0.00544037715254421,6.74041472809498
0.00450955066698979,6.74303495713635
0.0037292430735027,6.74563288709604
0.00308549232638798,6.74816376596259
0.00253948998776915,6.75069449161403
0.00205338298164235,6.75336288122391
0.00155990825979048,6.75664789687671
0.00129578614388969,6.75874500123437
0.00106520412391334,6.76084210559204
0.00088135960287118,6.76274523245375
0.000727806768112753,6.76453639054669
0.00059060524704432,6.76633370998971
0.00046095459792024,6.76824945201755
0.000329662449960761,6.77047005234759
0.000173722051411394,6.77362132755064
1.806403304394e-05,6.77765749836456
-7.8512881225935e-05,6.78098705966393
-0.000148136755107311,6.78421915043679
-0.000200750887966204,6.78789018630534
-0.000228296341564784,6.79247658356573
-0.000205913961676397,6.79756464636522
-0.000129168515629405,6.80209474519817
1.52681678504364e-06,6.80622102552139
0.000187496712372771,6.80996487481438
0.000431605661513218,6.81336740322585
0.000737565225480414,6.81646902048206
0.00111065697918704,6.81931513115236
0.00155807251823645,6.82195078497341
0.00208989427152737,6.82442108620666
0.00271998286919992,6.82676972195483
0.00347196678385484,6.82905204759735
0.00437379319857859,6.83130763856491
0.00545616323137766,6.83356192255112
0.00672978153090402,6.835792536708
0.00820048894292736,6.83797670263936
0.00980726418252643,6.84001526278533
0.0115053186453237,6.84186909367557
0.0133005301943344,6.84356376144632
0.0152369491973553,6.84514672659921
0.0173325148677736,6.84662951550843
0.0196467574936424,6.84804531080368
0.0222128546782654,6.84940016161208
0.0250610857775489,6.85069641243447
0.0282452705879399,6.85194455146049
0.0318067773563815,6.85314625231913
0.0358039161730096,6.85430696099637
0.0402974206641736,6.85542990914121
0.0453546447619308,6.8565177798473
0.0510613109513752,6.85757480903562
0.057515734059971,6.85860463914672
0.0648349212857361,6.85961101385685
0.0731662822557053,6.86059862731624
0.0826924258913308,6.86157255901381
0.0936464659218167,6.86253875844826
0.106335293972114,6.86350457082544
0.12117710589927,6.86447948287636
0.138778690356167,6.8654770520393
0.159493151199444,6.86649119889548
0.183545491098194,6.86751322964877
0.211633308729071,6.86855667118517
0.244742718851815,6.8696418519017
0.284330458568465,6.87080118681398
0.318251030977043,6.87171769850907
0.353693207054439,6.87263421020416
0.385380026124289,6.87344639770499
0.413187608450879,6.87418112852408
0.43747960446957,6.87487173975645
0.458239116927498,6.87554221888014
0.475111253737078,6.8762131981903
0.487338504333823,6.87690681968169
0.493487549968972,6.87765292557286
0.490806390017865,6.87848301300448
0.477213197647232,6.87932604224195
0.451500382640662,6.88019637714055
0.412171668121742,6.88110468948453
0.357577957020023,6.88206095458073
0.316995221872778,6.88266194912628
0.272444238024863,6.88326294367184
0.232331201790366,6.88377441852579
0.197412956491389,6.88421009173208
0.166411859564697,6.88459827376878
0.138458742363482,6.88495648408029
0.11300549406273,6.88529594596931
0.0896597154022935,6.88562507684923
0.0680881416817643,6.88595160394946
0.047927460574859,6.88628486617474
0.0285823718419542,6.88664157092147
0.00801185887814771,6.88708075717905
-0.00132667795773974,6.88731002196101
-0.00974731562117988,6.88753928674298
-0.0161290111698029,6.88773140369496
-0.0219891320003021,6.88792565109843
-0.0278392239122089,6.88814132376036
-0.0334529578624422,6.88837499789297
-0.038687406652113,6.88862464486226
-0.0434642700337561,6.88888961815144
-0.0477435762824144,6.88917018811445
-0.0518079393467241,6.88949485233754
-0.0549576688088763,6.88980909264473
-0.0575880316899558,6.89014285070789
-0.0597146610795598,6.8904990699178
-0.0613507634666942,6.89088086583656
-0.0625100514052453,6.89129206458952
-0.0632052605360336,6.89173739144784
-0.0634466584781901,6.89222274171127
-0.0632403702115395,6.89275558789158
-0.0625855108078347,6.89334611529702
-0.0614691492346706,6.89400857074421
-0.0598624836206111,6.89476207015042
-0.0577081193274382,6.89563593694119
-0.0548857524801203,6.89668211893841
-0.0510716736240008,6.89802569390986
-0.0470937550794364,6.89940109799108
-0.043270595322106,6.90073090974197
-0.0396413865390288,6.90201924059883
-0.0362247334318015,6.90326822818453
-0.033029401732993,6.90447869541563
-0.0300581011181589,6.90565079512907
-0.0273093161078829,6.90678435408372
-0.0247783800212471,6.90787905336426
-0.022458225882046,6.90893451982434
-0.0203399839129439,6.9099503668266
-0.0184134910555061,6.91092620440348
-0.0166677369427741,6.91186162973603
-0.0150605004669454,6.9127741924901
-0.0135107774464023,6.91370995446184
-0.0120234077929439,6.91467025971025
-0.0106023564586492,6.91565713662239
-0.00925140151644762,6.9166729568028
-0.0079740784779501,6.91772052281389
-0.00677362760430665,6.91880317881941
-0.00565293826610774,6.91992495872524
-0.00461449013229734,6.92109078895824
-0.00366029039648469,6.92230677336857
-0.00279180536883414,6.92358060603667
-0.00200988318428235,6.92492219192918
-0.00131466137150313,6.92634462326648
-0.000705446867561754,6.92786580538134
-0.000187574755611728,6.92948641629377
0.000226316844514807,6.9311494393862
0.00055351181954446,6.93287322401253
0.00080915435856514,6.93467775845586
0.00100750621777686,6.93658947131211
0.00116238894064229,6.93864525674704
0.00128786451358752,6.94090071042601
0.00139952061229042,6.94344939332637
0.00151788427218305,6.9464807435933
0.00166898129021847,6.95021543168739
0.00184687623421702,6.95411250879327
0.00205315102740504,6.95811929222731
0.00227203983822729,6.96202365179926
0.00250100160345909,6.96590477623079
0.00273842453934003,6.96981850930386
0.00298396622557684,6.97380697710908
0.00323855532369111,6.97790573940583
0.00350421787279509,6.98214747988358
0.00378389017914929,6.98656423368197
0.00408129428940703,6.991189022496
0.00440094967540346,6.99605734709082
0.00474839177382505,7.00120845454249
0.0051243341570245,7.00659592978355
0.00550571340701156,7.01183954109706
0.00590251494569545,7.01704302891153
0.00631436014974645,7.02215621349015
0.00674594730948948,7.02719299637529
0.00720149516501999,7.03215548643139
0.00768612540237534,7.03705107920601
0.00820525747052687,7.04188438307274
0.00876477399320145,7.04665831872223
0.00937105395179416,7.05137371104695
0.0100310998490486,7.05602983589266
0.0107589000255563,7.06066281079079
0.011576175954747,7.06532979583287
0.012499522220645,7.07002952670144
0.0135536844463038,7.07478305442695
0.0147750641346533,7.07963459868175
0.0162279143969397,7.08469176677288
0.0180663578759621,7.09027053915834
0.0204891748461367,7.09669324791127
0.0220514185070757,7.10050949062922
0.0236480739797557,7.10432573334717
0.0250401214516866,7.10774257428841
0.0262142265136868,7.11087516958568
0.0271829349897852,7.11389351497329
0.0278972642164448,7.1167774898806
0.0283454995149221,7.11958877976108
0.0285156298796108,7.12245744242677
0.0283532930662949,7.12558533964736
0.0276295884541512,7.12961124772511
0.0267828958536309,7.13253775815975
0.0257181765110455,7.13546426859439
0.0246414871673106,7.1380408433293
0.0235683191344821,7.14040935491097
0.0224943060269522,7.14266844819984
0.0214207955181584,7.14486722842555
0.0203511512720902,7.14703428950345
0.0192890877086242,7.14918879107874
0.0182382004056225,7.15134483950561
0.0172018380480249,7.15351355673487
0.0161830707736615,7.15570420908129
0.0151846912400015,7.1579248828605
0.0142092250584371,7.16018292351994
0.0132589402327042,7.16248524932292
0.0123358608681234,7.1648385776372
0.0114417758168144,7.16724961601577
0.010578245780902,7.16972523203724
0.00974661952109677,7.17227258472475
0.0089480347333489,7.17489929754275
0.0081769563951209,7.17763753406873
0.0074196752625428,7.1805609751854
0.00668004666919814,7.18369091488987
0.00596190818290865,7.18705282454435
0.00526929263960185,7.19067615301488
0.00460638505974894,7.19459506572375
0.00397743714938059,7.19884948127671
0.00338663191314119,7.20348663035564
0.00283788284907829,7.20856368731869
0.00233454417971972,7.21415281877806
0.00187919728866864,7.22034904099494
0.0014759214541817,7.22723681053286
0.00113754820905336,7.23465784895541
0.000868585280331035,7.24272005121027
0.000682972817657174,7.25063373237292
0.000535370902795082,7.25924059105229
0.000418358040611943,7.26870791971954
0.00033267181235814,7.27870791971954
0.000275376761761728,7.28870791971954
0.000238469917399833,7.29870791971954
0.000216106908371958,7.30870791971954
0.00020414309334332,7.31870791971954
0.000199757918943094,7.32870791971953
0.000201104469865938,7.33870791971953
0.000207023678318902,7.34870791971953
0.000216843233044095,7.35870791971953
0.000230251877301822,7.36870791971953
0.000247229622920855,7.37870791971953
0.000268018271724984,7.38870791971953
0.000293124858652664,7.39870791971953
0.000323358540110226,7.40870791971953
0.000359909041681453,7.41870791971953
0.000404484490336319,7.42870791971953
0.000456598390887057,7.43821539235292
0.000515971582979445,7.44701788405715
0.000583443306959496,7.45515847108108
0.000660075514758931,7.46268655762804
0.000747101318034243,7.46964843548517
0.000845925955929997,7.4760872061181
0.000958142859227409,7.48204302521305
0.00108555638950583,7.48755332035438
0.00123020937623944,7.49265297463081
0.00139441340479235,7.49737449924524
0.00158078519929503,7.50174820084331
0.00179228799263753,7.5058023424454
0.00203228214342703,7.50956329142467
0.0023045841258118,7.51305566339761
0.0026135408204535,7.51630247178191
0.00296412152497161,7.51932528195086
0.00336203507524638,7.52214436891284
0.00381388394547679,7.52477889237727
0.00432737109263646,7.52724710010264
0.00491158767375463,7.52956657248864
0.00557742951052796,7.53175454285811
0.00632250301380041,7.53378916312008
0.0071442983147882,7.53566756255477
0.00805338682269164,7.53742107068113
0.00906542203676966,7.53908080314765
0.0102048666354473,7.54068048432644
0.0115152620227918,7.5422646430266
0.0131622410804592,7.54398125453306
0.0156243462624531,7.54617419711594
0.0173266548907738,7.54752717840281
0.0191277951193486,7.54888015968968
0.0207735357012093,7.55009248073481
0.0222441125917515,7.55119838533305
0.0235667895802109,7.55225693186031
0.0247409874479479,7.55330841871972
0.0257474210463384,7.55439073085841
0.0265466054656274,7.55555500850507
0.0270574439169437,7.55690241386504
0.0270035467674644,7.55882879300156
0.0263816947853028,7.56032909281011
0.0253582493395558,7.56182939261866
0.0241670188658625,7.5631974166203
0.0228149921235509,7.56456155617141
0.021310073034218,7.56597678670119
0.0196609405446596,7.56748146213693
0.0182562636293476,7.5687622419768
0.016893941478525,7.57004302181667
0.0153889261711589,7.57155046133987
0.0127157560013502,7.57454468716868
0.0104746530546576,7.57748812785513
0.00873848356372663,7.58016494031427
0.00735145236884477,7.58265819012646
0.00615689721714541,7.58515823788194
0.00511186305150743,7.5877171687115
0.00426158877392603,7.59015367975542
0.00356160138722152,7.59248711251529
0.00297451183574296,7.5947525485489
0.00247004739014886,7.59699955584315
0.00202005713618829,7.59931575748824
0.00158438727679223,7.60193466502418
0.00127865892411152,7.60406746692922
0.00101066293497266,7.60620026883425
0.000807718994542378,7.60802305488019
0.000643516507274769,7.60966029338651
0.000498278196158699,7.61125497078677
0.000361670541161882,7.61290538634717
0.000224899544398422,7.61473379405784
7.3102212657242e-05,7.61701707005149
-0.000164642794034603,7.62131524410269
-0.000340065975873344,7.62532564565301
-0.000462219385822346,7.62879061592987
-0.000567546062596454,7.63250682139767
-0.000669371078343339,7.63732694461118
-0.000739157279870891,7.64281149229999
-0.000753836255810437,7.64763087871241
-0.000717863898682127,7.65199932136049
-0.000629795557352767,7.65593577815919
-0.000486777681977756,7.65948577063025
-0.000284897248230165,7.66269888430399
-1.92474386727866e-05,7.66562555922474
0.000317375611265208,7.66832330098918
0.000736029046938604,7.6708531049312
0.00125507237679759,7.67328448692406
0.0019071635044926,7.67570496005786
0.00276571481056923,7.67827071008193
0.00396631626786281,7.68118894388386
0.00549129476166475,7.68425783324681
0.00683208797036461,7.68658018002656
0.0083602808408474,7.68890252680631
0.00981224885184514,7.69083281166766
0.0113282921939281,7.69259872066201
0.0129066866551623,7.69420342638124
0.0146418959796605,7.69573703026371
0.016566699020151,7.69720822376447
0.0186996157965216,7.69861325675098
0.0210904647631707,7.69996784061046
0.0237646656324353,7.70126922508781
0.0267675575972692,7.70252385881742
0.0301399051193235,7.70373346436009
0.0339236732912966,7.70489901827781
0.0381770071601983,7.70602489566604
0.0429620816204954,7.7071140025261
0.0483518558161556,7.70816950002652
0.0544307274256919,7.70919444616428
0.0613041447813522,7.71019286468351
0.069097497357572,7.71116867351015
0.0779641506004778,7.71212612032388
0.0880949447716331,7.71306996118363
0.099731790755779,7.71400567371169
0.113188665642727,7.71493981269201
0.128887694034248,7.71588071836672
0.147418251894338,7.71683949328551
0.169356167461449,7.71781982909996
0.19477366582086,7.7188043863689
0.224347537010223,7.7198039477253
0.258995164582623,7.72083414992366
0.300118150264303,7.7219219644008
0.337111382780748,7.722818211898
0.376090414900455,7.7237144593952
0.41031803177381,7.72448958344429
0.440069551467843,7.72518087664058
0.466089691931668,7.72582838850127
0.488509241782741,7.7264585004928
0.507020944375096,7.7270934300179
0.520843063969056,7.72775816158406
0.528353315558447,7.72849044860869
0.526407299184547,7.72929207702429
0.513011357809892,7.73011436025352
0.486816691821965,7.73097389218686
0.44604445052829,7.7318828701819
0.388706819163216,7.73284976106534
0.343644690177925,7.7334879564268
0.29375877467035,7.73412615178826
0.249414622460242,7.73465920710471
0.211499293807861,7.73510377805523
0.178242852708986,7.73549438553938
0.148482232700066,7.73585161816087
0.121520615017717,7.73618802168991
0.0968838675882672,7.73651257430106
0.0741904320037917,7.73683313932065
0.0530511373773209,7.73715873572488
0.0328802958998101,7.73750452070565
0.0119192999861395,7.73791829845103
0.000559666127523886,7.73817672816911
-0.00683513834920123,7.73836300643905
-0.0135943142955523,7.73854928470899
-0.0194794214412818,7.73872705164645
-0.0255022658987662,7.73892794558586
-0.031381263791999,7.73914786395078
-0.0369291540799965,7.73938405962118
-0.042040994218528,7.73963540174543
-0.0466610180443553,7.73990181443609
-0.0507628565162351,7.74018395321888
-0.0543316966894622,7.74048304434994
-0.0573861814792175,7.74080373227813
-0.0598632816809807,7.74113969338474
-0.0618336458558097,7.74149905968589
-0.0633121191033331,7.74188530776981
-0.0643127944285822,7.74230264415356
-0.0648480468510577,7.74275629848978
-0.0649269227397847,7.74325286083662
-0.0645531818525968,7.74380079840118
-0.0637208267391622,7.74441235447107
-0.0624096481852284,7.74510385915583
-0.0605776271017818,7.74589892223162
-0.0581393512467284,7.74683634641529
-0.0548958932186227,7.74799490425768
-0.0507836392068969,7.74941060834082
-0.0467845687291422,7.7507764397147
-0.0429565325464183,7.75210004876358
-0.0393290372946133,7.75338449728167
-0.0359172418121954,7.75463101252381
-0.0327282970578787,7.75583989314491
-0.029764097200544,7.75701098266476
-0.0270226954016433,7.75814391870225
-0.024499189329766,7.75923826273025
-0.022186380255633,7.76029356363986
-0.0200753231793509,7.76130938262666
-0.0181558109122074,7.76228529405676
-0.0164168057984275,7.76322087034408
-0.014817491967627,7.76413288871285
-0.0132758457786463,7.76506811207978
-0.0117967178639958,7.76602787125545
-0.0103840807941822,7.76701418720902
-0.00904172519627274,7.76802942353243
-0.00777320439860531,7.76907637382692
-0.00658178237310547,7.77015837183714
-0.00547037906466766,7.77127943890823
-0.00444151300854311,7.77244448579587
-0.00349724065258795,7.77365959612735
-0.00263909107528803,7.77493243695749
-0.00186799347587707,7.77627287572219
-0.00118419237311431,7.77769395013927
-0.000587140474584077,7.77921348191412
-8.18237561894376e-05,7.78083334983949
0.000319087994957906,7.78249540183398
0.000632762500240842,7.78421797597904
0.000874199177239118,7.78602098057704
0.00105746444371924,7.78793072432931
0.0011961008085552,7.78998390184555
0.00130374051997602,7.7922357393017
0.00139523178160544,7.79477899648252
0.00148956185623939,7.79780082150508
0.00161149524790338,7.80153524213177
0.00175887716761696,7.80542635030532
0.00195487857309541,7.80987818761969
0.00217307246948873,7.81433720296188
0.00238338328100606,7.81839639714003
0.00259032605738492,7.82228534966715
0.00279682684346267,7.82611670124452
0.00300537797243273,7.82995630476755
0.0032185550485529,7.83385057111345
0.00343914163071293,7.83783695374765
0.00367014035073871,7.84194849088636
0.00391480356092476,7.84621663850426
0.00417669470855138,7.8506731365197
0.00445981677368985,7.85535146039838
0.00476887135105811,7.86028825811694
0.00510971322040325,7.86552455209778
0.00547290125741888,7.87085734615154
0.0058475053072397,7.87608434201515
0.0062391165595676,7.88124823658025
0.00664928472134987,7.88632571705417
0.00708242236448479,7.89132658538569
0.00754305991862723,7.89625578810021
0.00803638807846836,7.90111980998479
0.00856798558900641,7.90592271089107
0.00914392188143862,7.91066655402828
0.0097708295227528,7.91535146282199
0.0104560417018457,7.91997628459993
0.0112235102331484,7.92463027084752
0.0120882111474316,7.92931227810367
0.0130712820043357,7.93403664281206
0.0142022424421203,7.93883292921911
0.0155286032468399,7.94377055680007
0.0171460372251081,7.94903007791398
0.0193644839685171,7.95529112633662
0.0210742964212488,7.95963169531928
0.0228740713335705,7.96397226430194
0.024403769648222,7.96765678789876
0.0256819171068233,7.97090777877336
0.0267513998537476,7.97396455018266
0.0275985191660322,7.97692827373871
0.0281772713098837,7.97976086611363
0.0284871157888664,7.98258288233679
0.0284992630878453,7.98554779420054
0.028109400535337,7.98897399454741
0.0273264498772497,7.9923729424948
0.0262111850298459,7.99577189044219
0.0251148020267951,7.99853167199632
0.0240392088600439,8.00097545602975
0.0229652201554678,8.00327321659958
0.0218908555094834,8.0054932511404
0.0208188619547012,8.00767098906613
0.0197528908322313,8.00982884098192
0.0186966111895685,8.01198272001995
0.0176534807122099,8.01414484100095
0.0166266859757541,8.01632515993923
0.0156191349118044,8.01853220306117
0.0146334622010585,8.02077359469536
0.0136720419583721,8.02305641054034
0.0127369990718987,8.02538743794179
0.0118302171787692,8.02777338680078
0.0109533530637845,8.03022105010325
0.0101078405371044,8.03273747410456
0.00929490487128212,8.03533009426165
0.00851556750226256,8.03800690321515
0.00775187585223476,8.04084947807054
0.00700423677619109,8.04388901071283
0.0062764439747146,8.04714933858385
0.00557245496721545,8.0506581722465
0.00489640129811725,8.05444762251389
0.00425252292993021,8.05855510303697
0.00364505909279424,8.06302462353794
0.00307807723834697,8.06790889257316
0.00255521675814497,8.07327322775775
0.00207942190552039,8.07920229844086
0.00165283371052853,8.08580983443395
0.00128843543355793,8.09299218136001
0.000992666720376094,8.1007659986189
0.000791485350472378,8.10825595942852
0.000630789898730265,8.1163989657341
0.000498140701633861,8.12565864723316
0.000399062944922477,8.13565864723316
0.000333678595119512,8.14565864723316
0.000292695978768461,8.15565864723316
0.000269376441045801,8.16565864723316
0.000258957943919153,8.17565864723316
0.000258244264729767,8.18565864723316
0.000265227600106274,8.19565864723316
0.000278777991242752,8.20565864723316
0.000298430996339819,8.21565864723316
0.000324273768913001,8.22565864723316
0.000356917081938432,8.23565864723316
0.000397547742756665,8.24565864723316
0.000448073964517696,8.25565864723316
0.00050634840491229,8.26492504977093
0.000572917394538749,8.27348393758164
0.000648716108548757,8.2813891731358
0.000734912843528474,8.28869160120074
0.000832876095003593,8.29543827445731
0.000944174274087458,8.30167279620543
0.00107059261560871,8.30743563719246
0.00121415809893067,8.3127643950991
0.00137717021599317,8.31769401116594
0.00156223530337338,8.32225697708018
0.00177230988996293,8.3264835318347
0.00201075015040495,8.33040184422249
0.00228137325786224,8.3340381777445
0.00258853229621417,8.33741705876978
0.00293721037865686,8.34056145334729
0.00333314283441246,8.34349294822437
0.00378297589491535,8.34623194618594
0.0042944835571404,8.34879789701252
0.00487687243606773,8.35120958042349
0.00554122613557828,8.35348547770278
0.00628544239849252,8.35560341561996
0.00710790888851077,8.35756211571952
0.0080203360470757,8.359395488787
0.00904049551770446,8.36113812199258
0.0101973935301457,8.36282960046022
0.0115465037097759,8.3645275099147
0.0133050386022683,8.36643270571886
0.0151675328689144,8.36819786450114
0.0167990661297468,8.3696096780082
0.0185158923506486,8.37102149151526
0.0200483258414452,8.37226568337998
0.0214168682768503,8.37340824142507
0.0226434993108539,8.37450730319398
0.0237240544544444,8.37560308282448
0.0246370132622787,8.37673513425668
0.0253400718931387,8.37795905424443
0.02574430056209,8.37939045147048
0.0255039729291937,8.38154172438685
0.0247979443864853,8.38304240450005
0.0237499431481944,8.38454308461324
0.0225517986581952,8.38593820240736
0.0212073583584038,8.38733723026399
0.0197255240858487,8.38878964083406
0.0181149743154027,8.39033274233642
0.0170925837544159,8.39131477960415
0.0161001742882307,8.39229681687188
0.0136816369984843,8.39490140483734
0.0112838921126211,8.39787944166463
0.00937872513850313,8.4006512822577
0.00787008881929828,8.40321242343503
0.00660655056350497,8.40570730498255
0.00552414399773602,8.40819597460055
0.00460638091100383,8.41065625070164
0.0038030535548194,8.41317286976997
0.00305115822551436,8.41595512351903
0.00238425596023307,8.4189111657065
0.00200966364148809,8.42084942440652
0.001677767274668,8.42278768310655
0.00140596286287344,8.4245693170883
0.0011702634941216,8.42629022501385
0.000952692839645226,8.42805718109559
0.000739072919787381,8.42999769925558
0.000508379316897319,8.43238206296525
0.000176917423250161,8.43652632786531
-6.72740224730679e-05,8.44038635219258
-0.000237555426668915,8.4437113501887
-0.000384781696397769,8.44724202989232
-0.000525474467818012,8.45158033512392
-0.000649396046841812,8.45719893195539
-0.000701759337495281,8.46205327348118
-0.000697118984052965,8.46649157556249
-0.000636370910974049,8.47051043188856
-0.000518166670378212,8.47415304122642
-0.000339125552593127,8.47747099409501
-9.4081637909534e-05,8.48051682421481
0.000224369941459887,8.48334464200454
0.000627850120807458,8.48601605499879
0.00113666851553867,8.48860792782247
0.00178974966725135,8.49122819671932
0.00266272604475629,8.49403366110767
0.00383631907648038,8.49710228947603
0.0053113873339603,8.50030196259466
0.00648389978296337,8.50249550324196
0.00781422549400598,8.50468904388925
0.00916133467563266,8.50663359438519
0.0105866085667411,8.50842998146997
0.0120854393721614,8.51007298056343
0.013742058233511,8.51164696582791
0.0155666736110464,8.51314339096653
0.0176072530578797,8.51458423727861
0.0198880073323709,8.51596807922682
0.0224457006706197,8.51730044178128
0.0253160473881444,8.51858376391093
0.0285330884258747,8.51981850634871
0.032145136450283,8.52100924518217
0.0362023419161698,8.52215868291447
0.0407614709748691,8.52326945874786
0.0458919933364341,8.52434515453635
0.0516762816095152,8.52538948354758
0.0582114825715199,8.52640610507336
0.0656148996157163,8.5273989417221
0.0740299313707806,8.52837225690429
0.0836340296382552,8.52933074538459
0.0946541517700677,8.53028002915785
0.107384000449709,8.53122673053627
0.12221753075747,8.53217920692605
0.139706696014698,8.53314869496571
0.160484445534465,8.53414315868287
0.184558026352832,8.53514130626585
0.212573017640571,8.53615421645543
0.245405568661855,8.5371978016861
0.284374972447852,8.53829850616386
0.328995912962145,8.53944045733907
0.368502962766295,8.54039351042746
0.401703660285239,8.54118466301471
0.43054502031614,8.54189223809738
0.455738248363403,8.5425565943859
0.477346031615081,8.54320317833235
0.495028158637535,8.54385364337171
0.507991039941076,8.54453207708896
0.514645603159777,8.54527354847688
0.511994848848454,8.54608747934505
0.498067749411603,8.5469195346671
0.471557450021235,8.54778520020389
0.430796174990255,8.54869572268031
0.373946372851144,8.54965999314906
0.330974145653058,8.55027542225026
0.283687897847855,8.55089085135147
0.241395952597946,8.5514102610604
0.204903872440472,8.55184849061146
0.172701216619783,8.55223646903828
0.143777381532751,8.55259303378236
0.117510129515263,8.55292998361398
0.0934646461609695,8.55325598521607
0.0712808784170283,8.55357883975539
0.050577623236617,8.55390779110384
0.0307504582509429,8.55425903772569
0.00981380136318036,8.55468790986108
-0.000129349341361148,8.55492221934452
-0.00906236755198609,8.55515652882795
-0.0155406048244433,8.55534474571041
-0.0214785652541371,8.55553457693991
-0.0274211939139831,8.5557456992584
-0.0331346281922536,8.55597468897882
-0.0384703003081792,8.55621949268302
-0.0433464105461529,8.55647943278988
-0.0477209651445857,8.55675474623525
-0.0515713267181488,8.55704633004957
-0.0549900713414654,8.55736672975907
-0.0577320002429686,8.55769360659873
-0.0599619164044192,8.55804225616545
-0.061694878725373,8.55841588282276
-0.0629450379469187,8.55881821931473
-0.0637257064115014,8.55925387665815
-0.0640478524856052,8.55972861020511
-0.0639184107542467,8.56024971634876
-0.0633377836791666,8.56082690387029
-0.0622943124437258,8.56147421992326
-0.0607606490046274,8.56221022744581
-0.0586816767884547,8.56306325709338
-0.0559421402188964,8.56408297350105
-0.0522386975047029,8.56538588294221
-0.0482015399786809,8.56677403282041
-0.0443073839930828,8.5681167343331
-0.0406010126693012,8.5694183191936
-0.0371039233114096,8.5706810104541
-0.0338267769246452,8.57190563853276
-0.0307737225077299,8.573092326763
-0.0279444110718827,8.57424085725748
-0.0253351315813155,8.57535086317883
-0.0229395837143883,8.57642192709641
-0.0207494856974715,8.57745362618727
-0.0187550937184561,8.57844554560683
-0.0169456601431222,8.57939727154882
-0.0153098388737785,8.58030837029994
-0.0137442005250264,8.58123433155638
-0.0122393263937324,8.5821841659805
-0.0107993690732488,8.58315970965303
-0.00942819950527759,8.58416318106093
-0.0081294714932744,8.58519719190934
-0.00690656979412106,8.58626484630943
-0.00576255645812927,8.58736987176487
-0.00470011449894942,8.58851679678245
-0.00372148850109663,8.58971119764106
-0.00282842116282204,8.59096005122373
-0.00202208372316738,8.59227225704869
-0.00130299628991777,8.5936594423768
-0.00067093029043946,8.5951372696301
-0.00012477703700038,8.59672770452079
0.000316112095401333,8.59837087223525
0.00066336644636358,8.60006737576124
0.000932627804019639,8.60183577705089
0.00113832096006847,8.60369950720738
0.00129417630949582,8.60569046820774
0.00141375475323059,8.60785510894537
0.00151131960122299,8.61026769440778
0.0016037869793406,8.61306565154282
0.00171755140407535,8.61658576375123
0.00185552894726228,8.62036395819855
0.00202781883668511,8.62440461662305
0.00221513606336806,8.62830363781528
0.00241433916935647,8.63215290868271
0.0026229446951671,8.6360159347665
0.00283968646810992,8.63993833572133
0.00306462291154456,8.64395718183673
0.00329898125340229,8.64810562114757
0.00354494754193456,8.65241547063317
0.00380548625926375,8.6569189717834
0.00408425429093021,8.66165031755529
0.004385676596036,8.66664709726499
0.00471526518509139,8.67195159845676
0.00506609133074816,8.6773937998791
0.00542418322586448,8.68271010282348
0.00579618119342499,8.68796235432704
0.00618308579378386,8.69311964636116
0.00658924014542351,8.69819555306643
0.00701876932403547,8.70319560405069
0.00747640274697893,8.70812793770029
0.00796710981020452,8.71299774842125
0.00849625439250133,8.71780826810867
0.00906966045032587,8.72256061754101
0.00969374096732069,8.72725431793776
0.0103756347661855,8.73188785194232
0.0111371364750153,8.73653941578609
0.0119946871650511,8.74122001371703
0.0129685140125207,8.74594091358493
0.0140872298888904,8.7507301085185
0.0153962031626691,8.75565222225615
0.0169846639641094,8.76087290170494
0.0191247700939575,8.7669835459228
0.020877305935635,8.77147100968307
0.0227330887425115,8.77595847344334
0.0242898620489507,8.77970041895311
0.0255852936269637,8.78297446524167
0.0266703857384209,8.78604014433957
0.0275381098688546,8.78901905508413
0.0281365717059178,8.79185780454788
0.0284667995436519,8.7946765130044
0.0285029073194862,8.79762433159559
0.0281504201318655,8.80099567571083
0.0271275271677612,8.8053360637311
0.0262276560698566,8.80801421147872
0.025169109775263,8.81069235922634
0.0240966704416186,8.81314046188385
0.0230228814916803,8.81544458388544
0.0219483563432098,8.81766872684113
0.020875933541179,8.81984903691586
0.0198092572847727,8.82200845490859
0.018752002950052,8.82416320627967
0.0177076402436125,8.82632570649559
0.0166793689143483,8.82850605319748
0.0156701095672243,8.83071288220945
0.0146825088564163,8.83295391008422
0.0137189522386076,8.83523629671193
0.0127815752272156,8.83756691286959
0.0118722718364813,8.8399525558777
0.0109927095716162,8.84240011389684
0.0101443323184582,8.84491674422585
0.00932837690275115,8.84751000913324
0.0085458762549372,8.85018805493183
0.0077814803640675,8.85302235268507
0.00703290810298068,8.85605278607507
0.00630397608266954,8.85930292881035
0.00559862777904453,8.86280034237974
0.0049209821824618,8.86657696833751
0.00427527043869754,8.87067002144389
0.00366572994140467,8.87512325948093
0.00309643121449533,8.87998908843628
0.00257104634946832,8.88533218106131
0.00209254205785715,8.89123641465684
0.00166308234015442,8.89781434208243
0.0012952678902607,8.90497292552516
0.0010033756924332,8.91271778633057
0.000812305608277137,8.91981485890441
0.000643833228127239,8.92819218995376
0.00051281789545016,8.93714330892763
0.000410771551631787,8.94714330892763
0.000343418525978082,8.95714330892763
0.000301105586335219,8.96714330892763
0.000276808720525041,8.97714330892763
0.000265582632946573,8.98714330892763
0.000264115136614909,8.99714330892763
0.000270312216062953,9.00714330892763
0.000282963804985559,9.01714330892763
0.000301518130933554,9.02714330892763
0.000325957275859361,9.03714330892763
0.000356755908464024,9.04714330892763
0.0003949134365922,9.05714330892763
0.000442066883528536,9.06714330892763
0.000497282721283413,9.07660183931664
0.000560287714043493,9.08535347838387
0.000631867718738727,9.09344381636121
0.000713075048781464,9.10092287430968
0.000805160234927951,9.10783733496203
0.000909562432672215,9.11423057801169
0.00102792162898482,9.1201429636146
0.00116210039769905,9.1256120719329
0.00131421205215455,9.13067289556271
0.0014866513473915,9.13535802472575
0.00168213332151667,9.13969782710626
0.00190373653576269,9.14372061917728
0.0021549575558579,9.14745281709397
0.00243977393851009,9.15091908583561
0.00276272478408343,9.154142498068
0.00312901182067514,9.15714469763692
0.00354462806539824,9.15994606597732
0.00401653031600843,9.16256591318891
0.00455287362188833,9.1650227051245
0.00516334196155844,9.1673343419338
0.00585963724721544,9.16951853676202
0.00663046556300452,9.17153190767899
0.00748165593362766,9.17339825883781
0.00842586879663912,9.17515006130942
0.00948209863285386,9.1768203049149
0.0106817392149419,9.17844772743397
0.012103891917633,9.180110203671
0.0139903710944011,9.18200744227456
0.0158194485565627,9.18362446814709
0.0178209764211406,9.18524149401963
0.0195845498356847,9.18660070351391
0.0211159378178592,9.18777910811794
0.0224877510177413,9.18887695408176
0.0237158547502322,9.18994562160347
0.0247907414738362,9.19102304728674
0.0256853541780763,9.19215100441683
0.0263472284406182,9.19339536453419
0.0266540773669599,9.19491795139005
0.026329406500591,9.19670143822173
0.0253752366894751,9.1984849250534
0.0242521714423297,9.19992955587767
0.0229857499324475,9.20130196241769
0.0215698307927508,9.20269956192992
0.0200123085661413,9.20416667234771
0.0183198184183774,9.20574167255657
0.0169811252492692,9.20701162185208
0.0157135128717017,9.20828157114759
0.013159894310367,9.21111004565445
0.0108619347131763,9.21407719206377
0.00907486312477609,9.21678680304418
0.00765314863748283,9.21930285377439
0.00644145080439483,9.22180118135135
0.00538329466876442,9.22435444905615
0.00445706518933564,9.2269879007596
0.00364656038775562,9.22972453528346
0.00293864223505049,9.23258831269244
0.00244609600277978,9.23495075260439
0.00208222424187626,9.23696395381482
0.0017783929277476,9.23887466183926
0.00150654390466554,9.24081328633766
0.00124885955960013,9.24291017702171
0.000984615717810103,9.24541020531121
0.000648827762478409,9.24933350719579
0.000384983696283676,9.25337817755894
0.000213433537603851,9.2568306697787
8.01588510772398e-05,9.26037715932771
-2.80904617848123e-05,9.26453673319612
-9.8459375550856e-05,9.2699539982015
-9.25797869581502e-05,9.27467226590932
-2.37698441502747e-05,9.27900388694635
0.000104893457116604,9.28294834698685
0.000293679261385837,9.28654961280115
0.000544995013522182,9.28984948136687
0.000863404434314492,9.29289462966578
0.00125617488210163,9.29573468039207
0.00173404419976455,9.29841969185228
0.00231305724308845,9.3010024415398
0.00301715379708722,9.3035393513555
0.00388286303549869,9.30609386716139
0.00495137393684727,9.30870393468853
0.00621646544234129,9.3112886253374
0.00759060413381223,9.31366618659499
0.00902103740713444,9.31578651538672
0.0105037600715291,9.31768271789152
0.0120672649614003,9.31941278558115
0.0137689627164982,9.32104118444296
0.0156182648600987,9.32256869933312
0.0176719767650838,9.32403063198394
0.0199556004119134,9.32542897674565
0.0225040863603006,9.3267699567901
0.0253602591296567,9.32806064031147
0.028559850538187,9.32930214951049
0.0321541186862745,9.3304999289043
0.0361951003644073,9.33165687117463
0.0407407861590761,9.33277556812772
0.0458647155178139,9.33386016733284
0.0516505310237235,9.33491417365308
0.0581976781814975,9.33594124931728
0.0656272909620679,9.33694548768082
0.0740901964393057,9.33793161975963
0.0837742542674792,9.33890483763743
0.0949207821336578,9.33987129830462
0.107849291955404,9.3408386529043
0.122998894670016,9.34181690468923
0.141012691235704,9.34282047419013
0.162111826754871,9.3438363390941
0.186628222722801,9.3448618957408
0.215292336587739,9.34591154492449
0.24915293773269,9.34700733950766
0.289024340236118,9.34816413362497
0.330574073845426,9.34927598161148
0.365386467875162,9.35017379024369
0.395448489900272,9.3509539834195
0.421792726633634,9.35167022502453
0.444662074659452,9.35235235116721
0.463903518540266,9.35302233467964
0.479021326308409,9.35370072961702
0.489048818201975,9.35441153314696
0.492138441432547,9.35519004236334
0.485435667135249,9.35602423293247
0.467434643313471,9.35687677484733
0.436811495285397,9.35776060254129
0.392013852190281,9.35868540304176
0.34897495635001,9.35939957761232
0.299428215774582,9.36011375218287
0.2549278291814,9.36070022335977
0.217078017103614,9.36117836552695
0.183975567195718,9.36159215351531
0.154373575397881,9.3619666477231
0.127556555734776,9.36231630312578
0.10305788115459,9.36265087693766
0.0805213300395182,9.36297826721427
0.0596160169896771,9.36330650101592
0.0399257194923734,9.36364676742815
0.0205841777075238,9.36402394266386
0.00602284961597799,9.36434906355655
-0.00216974827227028,9.36455383041037
-0.00963602778513952,9.36475859726418
-0.0159845177205696,9.36494993679342
-0.0218336453504971,9.36514395929605
-0.0276792787183558,9.36535955943951
-0.0332922269273283,9.36559323908211
-0.0385281169205055,9.36584293183303
-0.0433078274316761,9.36610796891481
-0.0475906416738458,9.36638860643246
-0.0516629816721504,9.36671367302963
-0.0548165057223151,9.36702798581888
-0.0574509279023438,9.36736179097639
-0.0595818665850976,9.36771802935903
-0.0612224779961467,9.36809980703159
-0.0623864492280989,9.36851093794397
-0.0630865163152036,9.36895613118095
-0.0633329774021194,9.36944125972311
-0.0631320275891726,9.36997376416115
-0.0624829378797174,9.37056376513534
-0.0613730129188458,9.37122544479784
-0.0597738653216828,9.37197778226346
-0.0576289355629915,9.37284982752069
-0.0548200051431789,9.37389283572752
-0.0510317320313115,9.37522903152255
-0.047056514131387,9.37660476781248
-0.0432353028121704,9.3779347525554
-0.0396077563072362,9.37922313651443
-0.0361926202438334,9.38047210217945
-0.0329987183037111,9.38168249869725
-0.0300287831292983,9.38285449467303
-0.0272813065559061,9.38398792675281
-0.0247516221176343,9.38508248246027
-0.0224326604022962,9.38613779296799
-0.0203155485533435,9.38715347458416
-0.018390120977531,9.38812913934366
-0.016645365734724,9.38906438573859
-0.0150385415100123,9.38997707554016
-0.0134892554273026,9.39091296870055
-0.0120023417105279,9.39187341356653
-0.0105817646249822,9.39286044025111
-0.00923130113056412,9.39387642245468
-0.00795448523764578,9.39492416529819
-0.00675455529232119,9.39600701612851
-0.00563439830711809,9.39712901288896
-0.00459649110281225,9.39829508723516
-0.00364283746464964,9.39951134995004
-0.00277489962647845,9.40078550456183
-0.00199352080456146,9.40212746934561
-0.00129883247739132,9.40355035605434
-0.000690133898110218,9.405072100239
-0.00017288998726333,9.40669289704031
0.00024048951936215,9.40835619466174
0.000567278649565373,9.41008034118003
0.000822622862330742,9.41188535110314
0.00102078960114342,9.41379769337449
0.00117561301970202,9.41585433049101
0.00130117946301009,9.41811098598459
0.00141312479690471,9.42066150031163
0.00153208866984726,9.42369611713416
0.00168403718668797,9.42743072766981
0.00186315405301424,9.43132972743578
0.0020663312184008,9.43525497082538
0.00228880807886348,9.43920280895208
0.00252708137918917,9.44321787446097
0.00277847351243235,9.44733757323501
0.00304187904328832,9.45159565453226
0.00331785874034665,9.45602484313366
0.0036084762879323,9.46065864930813
0.00391711298330823,9.46553288023206
0.004248410543425,9.47068692286175
0.00460850717166196,9.47616515137298
0.00497252858045821,9.48153259660055
0.00534725113213102,9.48684992937517
0.00573288513395791,9.49207369267704
0.00613344813862695,9.49721331960258
0.00655278570203304,9.5022721856805
0.00699544802559116,9.5072589299531
0.00746619704212376,9.51217995460119
0.00797011918520393,9.5170398886927
0.00851267313455057,9.52184118978205
0.00909980745516946,9.52658450251714
0.00973808070266116,9.53126902932451
0.0104348058305501,9.53589312285557
0.0112150208087076,9.54055047001465
0.0120932526268528,9.54523562431524
0.013091222994803,9.54996449667226
0.0142393174805423,9.5547684042434
0.0155871148677303,9.55972142771462
0.01723671299627,9.56501880343008
0.0195389972520657,9.57143481535679
0.0212162817494818,9.57565306897706
0.0229717542045496,9.57987132259734
0.0244783259131279,9.58350394862081
0.0257411597501429,9.58673345510264
0.0267962853178378,9.58978241719606
0.0276240583441258,9.59273250437635
0.0281840783462896,9.59556049205365
0.0284742344639283,9.59838762999102
0.0284626632867827,9.60137243733026
0.0280337305566324,9.60486163198378
0.0272442316409796,9.60817775194018
0.0261426982672236,9.61149387189658
0.0250506806937206,9.61422944231129
0.0239758130943446,9.6166655800565
0.0229019611790767,9.61896012892655
0.0218277011556466,9.62117886665528
0.020755872258848,9.62335647828988
0.0196901386427141,9.62551505640744
0.0186341632836993,9.62767035688802
0.0175913927059999,9.629834516039
0.0165650004032967,9.63201745901541
0.0155578808127676,9.63422771363056
0.0145726557449402,9.63647293006914
0.0136116860641088,9.63876023398279
0.0126770853807302,9.64109648104852
0.0117707261128285,9.64348847366628
0.0108942539365368,9.64594312462772
0.0100490949350166,9.64846762232958
0.00923646636612912,9.65106958223021
0.00845738473018078,9.65375721197647
0.00769451687279238,9.65661028864025
0.00694786197014412,9.65966159400906
0.00622122594967956,9.66293513363039
0.00551856926531162,9.66645884647444
0.00484402360241495,9.67026510827132
0.00420182326054684,9.67439164865445
0.00359619314022934,9.67888286423766
0.00303117372304606,9.68379196366893
0.00251035816570796,9.68918498949542
0.00203662819607561,9.6951476564697
0.00161205361488496,9.70179509543909
0.00125017226652798,9.70900800350825
0.00096284398840926,9.7168183600226
0.000774248795285872,9.72399295332034
0.000607702425207362,9.73247681040938
0.000478244960032667,9.74153347269566
0.000378005143708435,9.75153347269566
0.000310772582806523,9.76153347269566
0.000267202128109086,9.77153347269565
0.000240463889258284,9.78153347269565
0.000225707506796118,9.79153347269565
0.000219624506455802,9.80153347269565
0.000220038770140917,9.81153347269565
0.00022557150023604,9.82153347269565
0.000235404596910944,9.83153347269565
0.00024913168284446,9.84153347269565
0.000266673812115508,9.85153347269565
0.000288241202669717,9.86153347269565
0.00031433177584954,9.87153347269565
0.000345766279533978,9.88153347269565
0.000383768189004484,9.89153347269565
0.000430107134751054,9.90153347269565
0.000483436925652057,9.91090290651805
0.000544001159929049,9.91957769149859
0.000612658413259076,9.92760470790836
0.000690467485668612,9.93503177805131
0.000778654589287898,9.94190364505669
0.000878615870479598,9.94826206825405
0.000991934270072197,9.95414603955068
0.00112040260711527,9.95959197069287
0.00126605115340532,9.96463385187227
0.0014311774449484,9.96930340721777
0.00161838277715794,9.97363024749415
0.00183061287734386,9.97764201732373
0.00207120802064583,9.98136452999436
0.00234396141181138,9.9848219021665
0.00265319205672106,9.98803669539006
0.00300383564103775,9.99103006119435
0.00340155897329105,9.99382189001858
0.00385291071716287,9.99643097794883
0.00436552303807356,9.99887521951026
0.00494839033018227,10.0011718384167
0.00561227113687655,10.003337688924
0.00635587270693999,10.0053539913687
0.00717538068565746,10.0072138577558
0.00808088856717268,10.0089478912332
0.00908725398110851,10.0105862718317
0.010217321814869,10.0121610457256
0.0115107191284156,10.0137130399907
0.0131156467238942,10.015374077881
0.0153994615496673,10.0173996579091
0.0171468798625722,10.0187771753568
0.019015386325629,10.0201546928044
0.0207453624405503,10.0213920360318
0.022282604576014,10.0225030355471
0.0236662520047303,10.023555392909
0.0249021801590351,10.0245921749604
0.025975382127676,10.0256502592727
0.0268520215236481,10.0267754165278
0.0274649780927321,10.0280497039744
0.0276277587710975,10.0297274399938
0.027131752116428,10.0313562962601
0.0261093315611771,10.0329851525265
0.0249353638725175,10.0343674606953
0.0236043634170565,10.0357189621845
0.0221154313533289,10.0371135173762
0.0204765118953358,10.0385918443602
0.0186917496891885,10.0401946940865
0.0167857160453223,10.0419784450073
0.0150655530563932,10.0437247572849
0.0123848300924178,10.0468005264651
0.010239711082042,10.0496984342506
0.0085763901045069,10.0523361685149
0.00723885761089137,10.0548094167867
0.00607687221162692,10.0573142024182
0.00506080315306517,10.0598825376899
0.00419230762742936,10.0624693401469
0.00347786518980763,10.0649758697365
0.00287643491597121,10.0674546477546
0.00235104457233312,10.070002438585
0.00185322829203806,10.0728783723008
0.00150914046984399,10.0752331235765
0.00121337076814632,10.0775878748522
0.000997344582261223,10.0795640421109
0.00082444371038269,10.0813472907845
0.000673135749858184,10.0830931069253
0.000532547173257466,10.0849093092006
0.000393604566270294,10.0869370336802
0.000240922530275099,10.0895171435699
1.89776545779318e-05,10.0942600773345
-0.000122660709860944,10.0983832987849
-0.000212298238170435,10.1019202142306
-0.000280220295705419,10.1057725365736
-0.000324351829488111,10.1106711278425
-0.000317274587064582,10.1157298757074
-0.000255871763965544,10.1202662604649
-0.000141011159787348,10.1243871625846
2.88227533875449e-05,10.1281242297566
0.000256539838260732,10.1315187240535
0.000546290145404147,10.1346156901377
0.00090346724668212,10.1374597382612
0.00133571583646141,10.1400982723827
0.00185454093960126,10.1425819885742
0.0024784919865946,10.144968226027
0.00323351954544273,10.1473105404564
0.00416055502922586,10.1496728553269
0.00530792067146626,10.1520985744588
0.00668735720023069,10.1545412438298
0.00824085550030661,10.1568693437658
0.00985753635881228,10.1589427071819
0.0115176044601023,10.1607813420698
0.0132481707625148,10.1624438555995
0.0151256836113896,10.1640086775894
0.0171921254623825,10.1654993522817
0.0194478309579608,10.1669049604213
0.0219598120975947,10.1682552531108
0.0247671222233987,10.16955481357
0.0278987491704317,10.1708021582455
0.0314111618426052,10.1720055076894
0.0353555609780797,10.1731676520552
0.0397868403839173,10.1742906347902
0.0447772501441662,10.175378815498
0.0504069084409339,10.1764355006027
0.0567693205230472,10.1774639745483
0.0639809516552087,10.1784684273119
0.0721829529366535,10.1794532148121
0.0815502530726109,10.1804231638291
0.0923050713159496,10.1813839083347
0.104735922132419,10.1823421942094
0.11923485042081,10.1833068547614
0.136355370407432,10.1842898407202
0.156663686756949,10.1852964468614
0.180212684933843,10.1863078209711
0.207651528875281,10.1873359047781
0.239873381911769,10.1883980767703
0.278251862466184,10.189523672122
0.321406899250005,10.1906735890017
0.359431390175958,10.1916317050702
0.391740836328845,10.1924373727061
0.419918954599777,10.193161566725
0.444526505021711,10.1938420363973
0.465577723450724,10.1945034100309
0.482720867874372,10.1951667362932
0.495180506031391,10.1958549384735
0.501456935593916,10.1965998704256
0.498703114501829,10.1974239603368
0.484888296237128,10.1982630704237
0.458764869820847,10.1991319446228
0.418772016960292,10.2000413973159
0.363192427810241,10.2010009675378
0.321753362417836,10.2016058749135
0.276245981004166,10.2022107822893
0.235368861146808,10.2027242471073
0.199891299452711,10.2031603016223
0.1684591041025,10.2035480374875
0.140155877762601,10.2039053739934
0.114408110628661,10.2042437109134
0.0908084456802033,10.2045715438909
0.069013722965549,10.2048966283362
0.0486531231382697,10.2052282909349
0.0291241753090487,10.2055831488322
0.00837687117813573,10.2060196471207
-0.00108800360492593,10.2062486585964
-0.00961846412762756,10.2064776700721
-0.0160338632245029,10.2066681308824
-0.0219243804236514,10.2068606291048
-0.027810765461401,10.2070745060491
-0.0334635796213697,10.207306332957
-0.0387376670943502,10.2075540704728
-0.0435533529391365,10.2078170594116
-0.0478699096563194,10.2080955567632
-0.0517395118425848,10.2083972587719
-0.0549575872253951,10.2087076474175
-0.0576565397975922,10.20903756374
-0.0598485377465895,10.2093896018452
-0.0615467608226131,10.2097668089947
-0.0627650890747215,10.2101729339145
-0.0635165593867835,10.2106126061307
-0.0638118647810026,10.2110915988065
-0.0636576883157972,10.2116172232458
-0.0630541331566708,10.2121992695016
-0.0619893830029446,10.2128517474688
-0.0604361853351576,10.2135931960593
-0.0583399370274239,10.2144518507342
-0.055587002081326,10.2154770450407
-0.0518804723324662,10.2167836743789
-0.0478704201616609,10.2181668774248
-0.0440072245374728,10.2195042313476
-0.0403341161049515,10.2208000571002
-0.0368716004795921,10.222056632907
-0.0336296235996887,10.2232748399487
-0.0306117485626869,10.2244548471314
-0.0278171262959628,10.2255964768201
-0.0252416221601737,10.2266993969041
-0.0228785881998463,10.2277632188381
-0.0207194715776206,10.2287875424011
-0.0187543323897299,10.2297719685235
-0.0169722980866804,10.230716091715
-0.0153548000078899,10.2316236184238
-0.0137936986518152,10.2325541229256
-0.0122941024096335,10.2335087653179
-0.010860011177752,10.2344895067491
-0.0094952516364416,10.2354986346475
-0.00820342023362716,10.2365388468329
-0.0069878312634427,10.2376133554762
-0.00585146205998556,10.2387260256869
-0.00479689520737847,10.2398815642319
-0.00382625715834566,10.241085783063
-0.00294115189777717,10.2423459783812
-0.0021425869521788,10.2436714955561
-0.00143088655729914,10.2450746081814
-0.000805581806539274,10.2465719617467
-0.000265762293531847,10.248185406296
0.000165927239368376,10.2498373782478
0.000507417021381048,10.2515463910336
0.000774054214250583,10.253331355807
0.000980219111244214,10.2552170534221
0.00113972448278021,10.2572376030636
0.00126641845185921,10.2594434646036
0.00137525010293083,10.2619171908061
0.00148485980811373,10.2648176821529
0.00162768098006271,10.2685650433937
0.00179133637170647,10.272386609871
0.00199084571412862,10.2764759965497
0.00220201963269185,10.2804067321172
0.00242242224957247,10.2842781894677
0.0026504365986385,10.2881574552529
0.00288558652340359,10.2920918589408
0.00312860196828566,10.2961193790111
0.00338126271195383,10.3002736149705
0.003646213627096,10.3045865663192
0.00392681948163644,10.3090904340186
0.00422712593124272,10.313819189768
0.00455198495364884,10.3188099855291
0.0049074294046875,10.3241044123971
0.00527933287221926,10.3294363888951
0.00566182823169064,10.3346809008716
0.00605903875350508,10.3398552590229
0.00647324349870632,10.3449447270734
0.00690878723271589,10.3499571695419
0.00737027015117164,10.3548981408149
0.00786285848751963,10.3597741094605
0.00839207086878893,10.3645891592275
0.00896388792745556,10.3693454151565
0.00958482695128443,10.3740430648395
0.0102620779789996,10.3786809707834
0.0110154581253459,10.3833266783295
0.0118627496429024,10.3880025725396
0.0128231953644903,10.3927166170342
0.0139242266727831,10.3974944486959
0.01520838245811,10.4023940958236
0.0167565588175681,10.4075616702272
0.0187967125023506,10.4134850893837
0.0206184697994917,10.4182071437904
0.0225641739636728,10.4229291981972
0.0241576231421266,10.4267500865264
0.0254737534825905,10.4300530611705
0.0265767500091344,10.4331298813314
0.0274678603811674,10.4361264605142
0.0280886118886149,10.4389723300566
0.0284418300618633,10.4417874021707
0.0285047421400904,10.4447164992078
0.0281927335040879,10.4480303247936
0.027206176463558,10.4523943152225
0.0263147512748769,10.4551033616757
0.0252569837390319,10.4578124081289
0.0241846089783577,10.460278056873
0.0231112462951805,10.4625912190593
0.0220370329913768,10.4648200732764
0.0209646478459298,10.4670025084713
0.0198977116619742,10.4691622674671
0.0188399159525181,10.4713159951384
0.0177947570992336,10.4734763420264
0.0167654646875938,10.4756535354494
0.0157549886522416,10.4778562755755
0.014766004280931,10.4800922957564
0.0138009252015702,10.4823687336577
0.0128619125758815,10.4846924078649
0.0119508864594882,10.487070027464
0.011069538047033,10.4895083613504
0.0102193337560229,10.4920144096158
0.00940153111282929,10.4945955351345
0.00861718166215449,10.4972596347836
0.00785151888943264,10.5000751568445
0.00710131943139057,10.5030845594455
0.00637039291132704,10.5063109989043
0.00566266603922185,10.5097815807584
0.00498224485303694,10.513527690981
0.00433335473299026,10.517585850356
0.00372023906806759,10.521998915504
0.00314699205690927,10.5268180508562
0.00261733431752072,10.5321060781047
0.00213430249243105,10.5379439923833
0.00170013045377325,10.5444399403037
0.00132549907369171,10.5515434443696
0.00107906518416235,10.5574176094355
0.000891357707099253,10.5632917745014
0.000691989092425186,10.5716790821703
0.000542042874753348,10.5803974069272
0.000424232169784202,10.5899517720142
0.00033926997099675,10.5999517720142
0.00028283793864153,10.6099517720142
0.000246881885973023,10.6199517720142
0.000225542800856895,10.6299517720142
0.000214697601860854,10.6399517720142
0.000211564686965053,10.6499517720142
0.000214342631943076,10.6599517720142
0.000221923600448875,10.6699517720142
0.000233696855645462,10.6799517720142
0.000249429852228807,10.6899517720142
0.000269206953202835,10.6999517720142
0.000293411509202012,10.7099517720142
0.00032274644721786,10.7199517720142
0.000358297878827049,10.7299517720142
0.000401656553381702,10.7399517720142
0.000453045319218541,10.7495925191601
0.000511672391743495,10.758522222495
0.000578314654219377,10.7667795175053
0.000654002156754742,10.7744145587511
0.000739943578292253,10.7814744793738
0.00083752129385268,10.7880031340563
0.000948304751361337,10.7940413550325
0.00107407212497438,10.7996271839244
0.0012168372182916,10.8047960654535
0.00137887955414834,10.8095810247951
0.00156277978769285,10.8140128395744
0.00177146078909359,10.8181202056101
0.00200823716729615,10.8219298895875
0.00227687320550181,10.8254668743633
0.00258165580698429,10.8287545098112
0.00292748419846087,10.8318146692587
0.00331998477020674,10.8346679084267
0.00376566104292213,10.8373336401261
0.00427209473158359,10.8398303371841
0.0048482251746,10.8421757753525
0.00550475180151004,10.8443873486109
0.00624213359067464,10.8464503266932
0.00705550330474663,10.8483533175534
0.00795509946380099,10.8501279503379
0.00895614693809848,10.8518056855294
0.0100822947601516,10.8534202768959
0.011375228980868,10.8550155821765
0.0129858841016331,10.8567288550755
0.0153433286625554,10.8588744730887
0.0170452867521906,10.8602545456159
0.0188537507052232,10.861634618143
0.0205107436129762,10.8628694647826
0.0219876067932395,10.8639886660553
0.0233157604531394,10.8650552430417
0.024496927859688,10.8661108144757
0.0255135927843445,10.8671929746099
0.0263288952312328,10.868350613782
0.0268685735055451,10.8696761404328
0.0269042372616701,10.8714915442525
0.0263399946935991,10.8730457830255
0.025333384551537,10.8746000217985
0.024162671248993,10.8759816575314
0.0228339629650491,10.8773464166214
0.0213530678339925,10.878756184894
0.0197288825589462,10.8802500557653
0.0179656364302418,10.8818686693525
0.0161067841018402,10.8836591399549
0.0134660435650081,10.8865021661931
0.0110560683092866,10.8895276084083
0.00919553394202412,10.8922741687843
0.00772385913888154,10.8948115745992
0.00648311626660818,10.8973023485421
0.00539944120058306,10.8998435743973
0.00450092635298538,10.9023088196334
0.00375876950992572,10.904682130431
0.00313356187301419,10.9070033750008
0.00259209178511424,10.9093345520134
0.00210004301484687,10.9118013483597
0.00158561204163524,10.9148708720456
0.00131027258437453,10.9167942525596
0.00106589140571307,10.9187176330736
0.000867814563096019,10.9204627194582
0.000699656758804481,10.92210506903
0.000546777358001279,10.9237537360963
0.000399357335462762,10.9255134393388
0.000246232168504674,10.9275579581474
5.68669561796741e-05,10.9304781494969
-0.000142687533166857,10.9342040762289
-0.000279821701170845,10.9373315499279
-0.000390880574257779,10.9403765902142
-0.000494364300986212,10.9438610206281
-0.000593999151674924,10.9483054074348
-0.000670633999264957,10.953884411797
-0.000688196188287335,10.958726100585
-0.000653893402388686,10.9631354954092
-0.000566912417245005,10.9671124389865
-0.000424746088079139,10.9707059444885
-0.000223700234266211,10.9739635399183
4.12788139501007e-05,10.9769371927463
0.000376998370954728,10.979679260034
0.000793803092554152,10.9822475583873
0.00130872136835582,10.9847084407435
0.00195600975456736,10.9871596226226
0.00279430020662484,10.9897157561611
0.00397594955762048,10.9926420108828
0.00546971893722284,10.9956916582539
0.0067911799120235,10.9980031769105
0.00830245108850949,11.000314695567
0.00979157017021217,11.0023006552693
0.0112837971886172,11.0040397207943
0.0128941755781839,11.0056765416221
0.0146313027534043,11.0072092904379
0.0165594887918771,11.0086807220761
0.0186996608254041,11.0100884585123
0.0210967208848336,11.0114447034988
0.0237786964610699,11.0127482954373
0.0267889952375352,11.014004695958
0.030168724721521,11.0152158722236
0.0339612281433504,11.0163832528253
0.0382243498025932,11.0175110222009
0.0430207317451998,11.0186021398877
0.0484234229506249,11.0196597129795
0.0545186043619736,11.0206870388884
0.0614126480216265,11.0216881428463
0.0692323087774104,11.0226669790198
0.0781331629605033,11.0236278844625
0.0883094082718541,11.0245757455874
0.100007453977501,11.0255161740019
0.113551068251601,11.0264561194713
0.129376947337644,11.0274043687745
0.148102484774403,11.0283728694676
0.170174345793022,11.0293591751613
0.195766102706152,11.0303513888248
0.225579155995165,11.0313611484585
0.26057825391488,11.032405612713
0.302281931738202,11.0335153061851
0.338179431331894,11.0343942311596
0.37577872701908,11.0352731561342
0.409110186432536,11.0360444424171
0.438188309528203,11.0367379154075
0.463598959238889,11.0373902137309
0.48540463375223,11.0380266732959
0.50325343693553,11.0386692691904
0.516313983986549,11.039343130343
0.522881695225579,11.0400865276889
0.519825239890196,11.0408941300848
0.505304882242156,11.0417226774441
0.477954144147175,11.042588023505
0.436017267052327,11.0435016070111
0.377564293887171,11.0444720227972
0.333817917983013,11.045086674583
0.285765887817753,11.0457013263689
0.242897721910747,11.0462194661251
0.205989045692535,11.0466561204538
0.173467329009991,11.0470424463825
0.144285943897169,11.0473973879454
0.117802927088646,11.0477327849966
0.0935710480521102,11.0480573294234
0.0712205268532736,11.0483788620534
0.0503590742852786,11.048706731859
0.0303586635327996,11.0490575274065
0.00909056293703667,11.0494897564134
-0.000526734841057223,11.049714637984
-0.00919691982034092,11.0499395195545
-0.0156892315493678,11.0501256405997
-0.0216546550089353,11.0503137372575
-0.027631699588598,11.0505231021823
-0.0333827800479581,11.050750290049
-0.0387569827841617,11.0509932350979
-0.0436710491036195,11.0512512461846
-0.0480821080344073,11.0515245463397
-0.0519702298097147,11.0518140181501
-0.0555720120155257,11.0521472236545
-0.0583242057938408,11.0524729471876
-0.0605606434321262,11.0528202232515
-0.0622984641242749,11.0531924626092
-0.0635519774434786,11.0535934140095
-0.0643345966075313,11.0540277087376
-0.0646573348906547,11.0545011331249
-0.0645270891204763,11.0550210320753
-0.0639440921050381,11.0555971930755
-0.0628962998368938,11.0562437872519
-0.061355563462219,11.0569796196208
-0.0592650506523955,11.0578335217884
-0.0565051633352804,11.0588564556303
-0.0527555879766707,11.060170302197
-0.0486990497176769,11.0615597876949
-0.0447852357925649,11.0629043228844
-0.0410588135147654,11.0642081186686
-0.037541419568493,11.0654732948313
-0.0342439057884626,11.0667006151031
-0.0311706286018916,11.0678901570208
-0.0283214419239498,11.0690416694486
-0.0256928196082203,11.0701547605111
-0.0232786196804776,11.0712289936878
-0.0210706878902556,11.0722639318642
-0.0190593755144177,11.0732591501669
-0.017233998313664,11.0742142288406
-0.0155832439530999,11.0751287323447
-0.0140121848428534,11.0760526892473
-0.0125014553759448,11.0770004239656
-0.0110553007369566,11.0779737014465
-0.00967760574592733,11.0789747107534
-0.00837204309909158,11.0800060267796
-0.00714202096928842,11.0810707075868
-0.00599062950662279,11.0821724222131
-0.00492058467540925,11.0833156236623
-0.00393416908363789,11.0845057887339
-0.0030331688680301,11.0857497600556
-0.00221880468303154,11.0870562505741
-0.00149165301178657,11.0884366186637
-0.000851550440261909,11.0899061208325
-0.000297465832666317,11.0914860714734
0.00015300945654891,11.0931255796487
0.000508370302373572,11.0948168120424
0.000784445219122549,11.0965782330277
0.000995730686366,11.0984327186461
0.00115599037094057,11.10041127111
0.00127875970590349,11.1025587352871
0.00137816803905084,11.1049461373809
0.00147072290220627,11.1077028550148
0.00158125529273215,11.1111352738388
0.00171657618887172,11.1148994681328
0.00189008389907394,11.1190332732563
0.00209496460316533,11.1233381741872
0.0023007705392734,11.127341248992
0.00250799165535169,11.1312130536415
0.00271745068308158,11.1350483677656
0.00293041562191217,11.1389062065846
0.00314873872017368,11.1428299477652
0.00337479818233962,11.1468555462007
0.00361141233330721,11.1510155155932
0.00386178829558913,11.1553413464664
0.00412953033350331,11.1598652255826
0.00441874669996586,11.1646214992474
0.00473431632062424,11.1696480841893
0.0050823895529029,11.1749876683273
0.00544450183980736,11.1803014594487
0.00581996980047918,11.1855431626955
0.00621107266049418,11.1907045927827
0.00662089292053917,11.1957828475668
0.00705356585049958,11.2007836032727
0.00751379864284091,11.2057139525621
0.0080067171735497,11.2105798267423
0.00853785902543982,11.2153851662154
0.00911322917377055,11.2201317660441
0.00973939897336619,11.2248195687374
0.010423643562348,11.2294472966525
0.0111891725624198,11.2341003662294
0.0120514643557015,11.2387817897457
0.0130313351038949,11.2435048271138
0.0141579693637657,11.2482984358027
0.0154780792893825,11.2532302269598
0.0170849020731629,11.2584750909756
0.0192736530141349,11.2646782066749
0.0209989867045,11.2690716617719
0.022819106308374,11.273465116869
0.024359062025375,11.277170969499
0.0256438265751547,11.2804306489933
0.0267193228289961,11.2834907378986
0.0275743808255176,11.2864601718821
0.0281607530966111,11.2892950006356
0.0284785060675663,11.2921155822458
0.0284999917292901,11.2950736467678
0.028124854251159,11.2984778978747
0.0273440284694066,11.3019121721908
0.0262223706595302,11.305346446507
0.025124352711521,11.3081152660128
0.0240485954726638,11.31056184334
0.0229746195688833,11.3128609773846
0.0219002426108318,11.3150818391042
0.020828182955787,11.3172601012753
0.0197620884346098,11.3194182830906
0.0187056294492145,11.3215723591059
0.0176622660980541,11.3237345838927
0.0166351876015992,11.3259149417148
0.015627304365407,11.3281219810104
0.0146412533924199,11.3303633450595
0.0136794110467731,11.3326461269577
0.0127439042030994,11.3349771317587
0.0118366184895887,11.3373630879571
0.010959212921861,11.3398108084258
0.0101131231317395,11.3423273634785
0.00929957680851191,11.344920215175
0.00851959765958954,11.3475973887567
0.00775576768165702,11.3504383835151
0.00700794320013875,11.3534761764807
0.00627992228180169,11.3567345508221
0.00557565934566301,11.3602411844919
0.00489928281901029,11.3640281506099
0.00425503011423885,11.3681328162477
0.00364713913536676,11.3725991282646
0.0030796778455396,11.3774797018293
0.00255628773437851,11.3828397099478
0.00207991614139752,11.388763587072
0.00165270453623398,11.3953647086506
0.00128750908126265,11.4025424306975
0.000992205969630629,11.4103106476096
0.000773885082356827,11.4185235051457
0.00062141327001727,11.4264246059221
0.000489493100130221,11.4357773332792
0.000392048576352809,11.4457773332792
0.00032763706033325,11.4557773332792
0.00028711961374346,11.4657773332792
0.000263849067798636,11.4757773332792
0.000253124781505875,11.4857773332792
0.000251785579526479,11.4957773332792
0.000257830730276995,11.5057773332792
0.000270108213728698,11.5157773332792
0.000288100439586886,11.5257773332792
0.000311804943346766,11.5357773332792
0.000341695028373095,11.5457773332792
0.00037875153247876,11.5557773332792
0.000424572546840193,11.5657773332792
0.000478896508991324,11.5753416942144
0.000541057262499963,11.5841904794346
0.000611831042053142,11.5923664683412
0.000692279083961022,11.599921051004
0.000783665205912342,11.6069022327658
0.000887444895558468,11.6133545364662
0.00100527686109429,11.6193193103436
0.00113904464953182,11.6248349943886
0.00129088484010839,11.6299373369873
0.00146321859830258,11.6346595949189
0.00165879047139155,11.6390327250768
0.00188071283578542,11.6430855668208
0.00213252111184129,11.6468450058432
0.00241823822999659,11.6503361323987
0.00274245734313046,11.6535824074615
0.00311044522993122,11.6566058351353
0.00352827565979911,11.6594271395353
0.00400300794757043,11.6620659661861
0.00454293109198165,11.6645411229696
0.00515791101465198,11.6668708794977
0.00585990712796775,11.6690733766411
0.0066355230246662,11.6710998252303
0.00749296521984726,11.6729811511205
0.00844577652116146,11.6747507965364
0.00951454134267076,11.6764432997412
0.0107342250108416,11.678100791595
0.0121997031966652,11.6798165644614
0.0142106187848006,11.681838534304
0.0159331965943341,11.6833706494335
0.0177942768716907,11.684902764563
0.0194756195990098,11.6862355259965
0.0209532622972113,11.6874126943357
0.0222785705432643,11.6885179875358
0.0234613560841394,11.6895992769802
0.0244894091580703,11.6906944542173
0.025333010015449,11.6918473944056
0.0259345103479062,11.6931308515359
0.026151066757399,11.6947390741355
0.0257408342885373,11.6964786895146
0.0247667492942051,11.6982183048938
0.0236379333869298,11.6996585608701
0.0223667681826455,11.7010403572137
0.0209504527483788,11.7024506745108
0.0193974562814411,11.7039320186033
0.0177142170269791,11.7055227337093
0.015929986867427,11.7072722821802
0.0144323770197552,11.7088575403217
0.0119299628849616,11.7118299467847
0.00988695323010619,11.7146717250333
0.00828221695085439,11.717282314775
0.00696958521880871,11.7197676428643
0.00582591848648599,11.7222904609784
0.00485741359505755,11.7247872395706
0.00402324493038421,11.7273044845767
0.00326824498634544,11.7299899023278
0.00258233584359476,11.7329028716687
0.00216201481172265,11.7349967261837
0.00179374374137745,11.7370905806988
0.00150310111987667,11.7389626121772
0.00126009064367209,11.7407155473683
0.00104190840404609,11.7424702885499
0.000834007271962149,11.7443396939467
0.000620658940995154,11.7465098006282
0.000360465756532661,11.7496123395358
9.25765824432473e-05,11.75355817902
-8.78526364501685e-05,11.756874193451
-0.000231233762140769,11.7601050216089
-0.000362038318814828,11.7638055246132
-0.000484076134924014,11.7685343205294
-0.000564652895851387,11.7738533334099
-0.000581324541529686,11.7785528656501
-0.000541608207154435,11.7828344867401
-0.000445776726710421,11.7867147290091
-0.00029178142385214,11.7902409007381
-7.59680196458243e-05,11.7934595619784
0.00020741187701268,11.7964245263321
0.000566864425123983,11.799191222603
0.00101573775432334,11.8018210035067
0.00157605792092242,11.8043858854592
0.00228734344330008,11.8069821158694
0.00323764029669016,11.8097863114558
0.00450513635187037,11.8128453443229
0.00606951278707334,11.8159777775974
0.00727132994206238,11.8180470807892
0.00863831471271065,11.820116383981
0.0100573057494833,11.8219907292943
0.0115410327695893,11.8236970449568
0.0131631211938458,11.8253159747362
0.0149305934279139,11.8268409527033
0.0169004195101941,11.8283062427587
0.0190932328988007,11.8297092416983
0.0215515731080845,11.8310604398141
0.024304387287418,11.8323593740919
0.0273940183168401,11.8336108914859
0.0308630698846797,11.8348175025047
0.0347564439410815,11.8359809182977
0.0391335036463415,11.8371053258853
0.0440596687284512,11.8381939002231
0.0496119142341114,11.8392499983018
0.0558804663063256,11.8402769745948
0.0629769846459576,11.8412789283653
0.0710363965031113,11.8422600794384
0.0802252563452509,11.8432250586022
0.0907535232631337,11.8441791702142
0.102891911896186,11.8451287056914
0.117000413094475,11.8460815129561
0.133578519500288,11.8470480367556
0.153358348930703,11.8480431815896
0.176319903213923,11.8490425423122
0.203009017044272,11.8500535820367
0.234227671041883,11.8510908589125
0.271141515143466,11.852177345337
0.314195023200081,11.8533182766823
0.355624021735209,11.8543408480146
0.390157873674938,11.8551722753411
0.419975205269536,11.85590294275
0.446051903206767,11.8565809545614
0.468578497204869,11.8572342291465
0.487322127577884,11.8578846894904
0.501641308878932,11.8585548466799
0.51025654038648,11.8592746535571
0.510503472612432,11.8600894325233
0.499808693302757,11.8609167938655
0.476995477981373,11.8617729821257
0.440503398053034,11.8626702687833
0.388556968125338,11.8636176474979
0.344535244882845,11.8642816125607
0.295127108335947,11.8649455776235
0.250997919661853,11.8654973425541
0.213284302845073,11.8659543024873
0.180212072282871,11.8663538138725
0.150610207365576,11.8667178657839
0.123785422353826,11.8670596211839
0.0992723894456276,11.8673883003001
0.0767039931008387,11.8677117278405
0.0557199198022567,11.868038440159
0.0358177782425748,11.8683816940044
0.0157190248079938,11.8687771690202
0.0072784296880688,11.8689639488595
-0.000504998019761107,11.8691507286988
-0.00845315058849141,11.8693595195082
-0.0149805621770452,11.8695481887929
-0.0208822684188907,11.8697356786786
-0.0268241831641937,11.8699450782397
-0.0325601090278915,11.8701727423793
-0.0379316276401003,11.8704164066814
-0.0428511307778895,11.8706752607289
-0.0472731762661696,11.8709494530563
-0.0511733490632042,11.8712398146753
-0.0546617102378167,11.8715605711127
-0.0574507064649468,11.8718859872186
-0.0597268838273911,11.872232896326
-0.0615053297494159,11.87260446185
-0.0628001327078078,11.8730043362932
-0.063624701765065,11.8734370269841
-0.0639902726600875,11.8739081509404
-0.0639042549198298,11.8744248130879
-0.0633680040194245,11.8749963065478
-0.0623712196332961,11.8756363358748
-0.0608887051835156,11.8763627094005
-0.058869509875324,11.8772023020333
-0.0562084261516001,11.8782012567632
-0.0526400888687169,11.8794627290045
-0.0485964654638468,11.8808557128038
-0.0446896585054878,11.8822022025498
-0.0409676696625236,11.8835070638536
-0.0374535005622167,11.8847727706934
-0.0341586056541766,11.8860002862711
-0.0310876190339032,11.887189804818
-0.0282405232918703,11.8883411461909
-0.0256138491768084,11.8894539633292
-0.0232014769255396,11.8905278489354
-0.0209952582445953,11.8915623854498
-0.0189855438639135,11.8925571612962
-0.0171616474757899,11.8935117657729
-0.0155122557454357,11.8944257693591
-0.0139409194389209,11.8953501401802
-0.0124299590598423,11.8962983004608
-0.0109836042445266,11.8972720283042
-0.00960573668579011,11.8982735187364
-0.00830002421482089,11.8993053537945
-0.00706986843831376,11.9003706002144
-0.00591835110741024,11.9014729378145
-0.00484817775397396,11.9026168333087
-0.00386161821546432,11.9038077813622
-0.00296044305462487,11.905052648519
-0.00214585382875741,11.9063601807559
-0.00141840325026321,11.9077417838107
-0.00077789753537978,11.9092127853718
-0.000223265152982434,11.910794613534
0.000227531381424031,11.9124348328035
0.000583530080645222,11.9141270572141
0.000860554498186071,11.915889770887
0.00107312280100914,11.9177459492241
0.00123503906021305,11.9197267540053
0.00135991036360018,11.9218773124931
0.0014619967074299,11.9242692166922
0.00155807322991542,11.927033234562
0.0016737037761333,11.9304808785269
0.00181465826154471,11.9342475366305
0.00198974743208937,11.9382759821354
0.00218048686349135,11.9421746683311
0.00238380973067154,11.9460308426547
0.00259711700384875,11.9499058033884
0.00281899989693729,11.9538441888773
0.00304940642350683,11.9578826346053
0.00328950351892607,11.9620541537528
0.00354146735157739,11.9663906217886
0.00380829890465073,11.9709244908815
0.0040937378243655,11.9756903155094
0.00440234526870871,11.9807261646519
0.00473984751471013,11.986074940413
0.00509414083659154,11.9914873131972
0.00545715852400977,11.9967963944525
0.00583362937235165,12.0020320845088
0.00622547673725747,12.0071763541091
0.00663691257350702,12.0122396816495
0.00707222702154061,12.0172286621214
0.00753619493490769,12.0221508070164
0.00803386965632631,12.0270110650214
0.00857069931300933,12.0318123161467
0.00915261072232682,12.0365554206403
0.00978613626382318,12.0412397025143
0.0104785572671962,12.0458635618166
0.0112548991547026,12.0505212625667
0.0121295649870762,12.0552066032609
0.0131242724455677,12.0599356378414
0.0142693705216097,12.0647396620631
0.0156143903216808,12.0696927588283
0.017261346052285,12.074990180406
0.0195608935871448,12.0814063401904
0.0212364397438643,12.0856242712439
0.0229903168074458,12.0898422022973
0.024495645596017,12.0934746089535
0.0257575891012917,12.0967039464724
0.0268121259418795,12.0997527622204
0.0276393458823181,12.1027026546047
0.0281988444538037,12.1055304618784
0.0284884957401082,12.1083574260916
0.0284764152000836,12.111342055743
0.0280469219344961,12.1148310545072
0.0272569533491676,12.118146903703
0.02615500372044,12.1214627528988
0.0250626768920767,12.1241981036645
0.0239875664923939,12.1266340254458
0.022913514642633,12.1289283490184
0.021839087250198,12.1311468462463
0.0207671182971627,12.1333241971265
0.0197012687558768,12.1354824893258
0.0186451995012737,12.1376374735313
0.0176023555202154,12.1398012804617
0.0165759091103181,12.1419838290646
0.0155687536934446,12.1441936401971
0.0145835101138726,12.1464383562636
0.0136225383001924,12.1487250940485
0.0126879507892987,12.1510606993996
0.0117816188622363,12.1534519635036
0.0109051868580926,12.1559057866702
0.0100600793148568,12.1584293433864
0.00924751167342424,12.1610302338271
0.0084684983675508,12.1637166488603
0.00770548640104572,12.166569166651
0.00695868610071248,12.1696198633351
0.00623190113058642,12.1728927588961
0.00552909312028665,12.1764158010765
0.00485439549536059,12.1802213834007
0.00421204519007741,12.184347267842
0.00360627105871705,12.1888379070578
0.00304111938308385,12.1937466052283
0.00252019198084005,12.1991395645407
0.00204638219010775,12.2051027859845
0.00162177488410462,12.2117519498662
0.00126014698397074,12.2189636645823
0.00097443820657798,12.2267723893235
0.000794770724273384,12.2336176599921
0.000625528427133132,12.2422049812871
0.000497867454899569,12.2511385637659
0.000398032138702308,12.2611385637659
0.00033193231518233,12.2711385637659
0.000290142179177105,12.2811385637659
0.000265793730920733,12.2911385637659
0.000254044014084197,12.3011385637659
0.000251636598232529,12.3111385637659
0.000256492048236294,12.3211385637659
0.00026737738704803,12.3311385637659
0.000283680455795717,12.3411385637659
0.000305280169461751,12.3511385637659
0.000332492884463907,12.3611385637659
0.000366082127545287,12.3711385637659
0.000407333115380219,12.3811385637659
0.000457633540750373,12.3910331564333
0.000515240498476869,12.4002069097416
0.000580750558453313,12.4086896455966
0.000655090663504321,12.4165326477217
0.000739395818093451,12.4237843858655
0.000834984353106092,12.4304899143873
0.000943361435552206,12.4366911509192
0.00106623691720347,12.4424271341521
0.0012055501457456,12.4477342351558
0.00136349939068059,12.4526463371627
0.00154257460596039,12.4571950135332
0.00174559798956051,12.4614097000412
0.0019757702418491,12.4653178546215
0.00223672661677603,12.4689451016498
0.00253260561385394,12.4723153817763
0.00286813354053674,12.4754511099109
0.00324873341489738,12.4783733344198
0.00368066414306522,12.4811019067731
0.00417120742675572,12.4836556790609
0.00472892565722099,12.4860527383322
0.00536402852946987,12.4883107031388
0.00608380517916592,12.490433370644
0.00687760891500918,12.4923870058741
0.00775475939425684,12.4942036547744
0.00872926226963074,12.4959152832781
0.00982244633948145,12.4975551711209
0.0110707481949947,12.4991644824876
0.0125885350483186,12.5008512393177
0.0146917897854065,12.5028575226361
0.016449722218434,12.5043425191966
0.0183438018624926,12.5058275157572
0.0200517175496559,12.507120103865
0.0215577268070726,12.5082679648853
0.0229105478643179,12.5093495028449
0.0241185979625175,12.5104105602175
0.0251686000311311,12.5114885191308
0.0260292499264354,12.5126278877572
0.0266393180764216,12.5139047941781
0.0268405851895333,12.5155342783871
0.0264011409656234,12.5172235872889
0.0254125093047985,12.5189128961907
0.024268068688985,12.5203269782076
0.0229742767037953,12.5216943577868
0.0215295789773237,12.523096126769
0.0199424038182244,12.5245739403149
0.018218421037469,12.5261669861056
0.0163842370348903,12.5279272197553
0.014854419284923,12.5295122761837
0.0122599498772155,12.5325325691888
0.0101552259723482,12.5354094206977
0.00851395945222182,12.5380390653277
0.00718618214227902,12.5405182592602
0.00603178774753796,12.5430310301123
0.0050220576223998,12.5456087706209
0.00413794318867926,12.5482748209036
0.00336442030610469,12.5510523024906
0.00268912723270608,12.5539658533185
0.00227786813039397,12.5560543471223
0.00191870427842944,12.558142840926
0.00162928991184735,12.5600594092398
0.00138189392193825,12.5619106488245
0.00115684108804613,12.5638124936632
0.000939287205910213,12.5659050719173
0.000708224734008867,12.5684921158981
0.00040906967488244,12.5726655870565
0.000202288355093182,12.576450330651
6.21323660275228e-05,12.5797749068686
-5.12505068466192e-05,12.5833313255535
-0.00014344663490051,12.5876076569675
-0.000195382315797083,12.5929706632282
-0.000178554644102836,12.5976640187024
-0.000102271430876163,12.6019633427969
3.18508837125745e-05,12.6058744219658
0.000224762062631715,12.6094366461648
0.000479720210133366,12.6126988576688
0.00080160772352199,12.6157060308666
0.00119753364590032,12.6185048379946
0.00167833699541865,12.6211462100288
0.00226094834521996,12.6236863207888
0.00297190723677475,12.6261878767248
0.00384661180691077,12.6287057374489
0.00493315979232074,12.6312924706631
0.00623752071918205,12.6338863588668
0.00766696134734552,12.6362900224511
0.00914557971362271,12.6384184526501
0.0106659723791913,12.6403073777441
0.0122577679990598,12.6420202801456
0.0139889821560531,12.6436334612013
0.0158747745722764,12.6451518160997
0.017961457484893,12.6466007997161
0.0202878908890104,12.6479913141381
0.0228788770152111,12.649322653021
0.0257823149551814,12.6506044967969
0.0290357537976734,12.651838300061
0.0326893377531266,12.653028609239
0.0367969853174225,12.6541786318883
0.0414177272345289,12.6552908998654
0.0466261262650381,12.6563694398938
0.0525078045054326,12.6574178126775
0.0591649761225375,12.6584397736669
0.0667201693309725,12.6594392218765
0.0753280004275294,12.6604209655177
0.0851808723877067,12.6613902297595
0.0965260530525023,12.6623532021654
0.109691273310322,12.6633175819194
0.125128405816056,12.6642935046788
0.143497467510803,12.6652954320148
0.164971970899591,12.6663079069892
0.189927071610022,12.6673305248896
0.219108005278025,12.6683777277379
0.253586857657483,12.6694717378967
0.294075645924222,12.6706244994933
0.335655352837721,12.6717184611686
0.370452518585775,12.6726028648036
0.400489208467588,12.6733727939835
0.426795483069425,12.6740809312314
0.449609138336554,12.6747567945317
0.468764533206582,12.6754223500458
0.483740474197999,12.6760984844247
0.493516376271045,12.6768101786536
0.49610676394998,12.6775954717958
0.488651647559086,12.6784277875237
0.469739987185225,12.6792805234897
0.438002826551945,12.6801665235645
0.391843307942915,12.6810953364016
0.348570966892189,12.6817993673614
0.299013069625274,12.6825033983211
0.25451219668792,12.6830834000561
0.216629031537143,12.6835576528811
0.183486523399348,12.6839687813197
0.15384796484886,12.6843412827479
0.126999227761655,12.6846893847253
0.102472342289455,12.6850227496475
0.0799082643860926,12.6853492585109
0.058970665431866,12.6856770141296
0.0392295500548348,12.686017514851
0.0197611410033932,12.6863971181578
0.00566347619219042,12.6867117622604
-0.0024634770707616,12.6869144240812
-0.00987306063390717,12.687117085902
-0.0161932471544448,12.6873069886717
-0.0220649117568981,12.6875011904954
-0.027923389659738,12.6877167501997
-0.0335420430994035,12.6879502279666
-0.0387791306344077,12.688199630002
-0.0435570656634603,12.6884643314167
-0.0478363622986688,12.6887446159287
-0.0518862935680862,12.6890677409768
-0.0550368481829557,12.6893816226523
-0.057667660223671,12.6897150426926
-0.0597942416396745,12.6900709310302
-0.0614298607632089,12.6904524093257
-0.0625882770300486,12.6908633121182
-0.063282253822189,12.6913083763999
-0.0635220620802954,12.6917935143762
-0.0633137957601969,12.6923262237534
-0.0626564747983593,12.692916735606
-0.0615369924992991,12.6935793546725
-0.0599262017472044,12.6943333135773
-0.0577659744585099,12.6952081743408
-0.0549341178164072,12.6962565020681
-0.0510991681797575,12.697605985593
-0.0471172448329597,12.6989815791846
-0.0432903790966029,12.7003117491677
-0.0396575101041396,12.7016005730319
-0.036237206743792,12.7028501467998
-0.0330382454974543,12.7040612673681
-0.0300633649408244,12.7052340705628
-0.0273110844385555,12.7063683714341
-0.0247767712857734,12.7074638427019
-0.0224533883121819,12.7085201051474
-0.020332089355663,12.7095367677856
-0.0184027281860214,12.7105134377253
-0.016654304302638,12.7114497105009
-0.0150469397234047,12.7123617562599
-0.0134970011407772,12.7132969798774
-0.0120093545799371,12.7142567069676
-0.0105879691259475,12.7152429589125
-0.00923662864587662,12.7162580986187
-0.00795887602886173,12.7173049178736
-0.00675796061558071,12.718386747297
-0.00563678271934757,12.7195076034935
-0.00459783503237997,12.7206723903745
-0.00364314015683405,12.7218871818406
-0.00277418264554707,12.7231596310714
-0.00199183240964766,12.7244995853458
-0.00129625344202066,12.725920052161
-0.000686785851753131,12.727438805758
-0.000168159065129733,12.7290586542752
0.000246077765718409,12.7307205252638
0.000573258982322076,12.7324427773935
0.000828538522019945,12.734245286584
0.00102617689424831,12.7361543081858
0.00117997740575634,12.7382064426371
0.00130395497296997,12.7404567361663
0.00141358884849997,12.7429975510614
0.00152911590182515,12.7460148861379
0.00167720553430733,12.7497501091776
0.00185162333858888,12.7536390161311
0.00205008798717339,12.7575547240338
0.00226617056359232,12.7614615941584
0.00249655909829267,12.7654109009551
0.0027387700365764,12.7694434773476
0.00299179751861309,12.7735944325082
0.00325617302278655,12.7778965397567
0.00353379184965812,12.782382351073
0.00382771324295297,12.7870858277311
0.00414205683418098,12.7920437610683
0.00448211489862034,12.7972970786205
0.00484594474077583,12.8027597667834
0.00521354411285841,12.8080802658614
0.0055938311915889,12.8133503484802
0.00598688665462168,12.81852467671
0.00639724061454794,12.8236182028086
0.00682890754022958,12.8286344805724
0.00728665212849795,12.8335820219646
0.00777542930192782,12.8384662168846
0.00830057492473328,12.8432907187163
0.00886785054543761,12.8480570347723
0.00948357200280582,12.852765011436
0.0101547382141817,12.8574133070044
0.0108983433199283,12.8620545175028
0.0117341032093475,12.8667276069563
0.0126800373913772,12.8714362797098
0.0137624003045175,12.8762042206354
0.0150210295975,12.8810834349097
0.0165293308798238,12.886202749027
0.0184799283120519,12.8919677943883
0.0203824323476264,12.8969634872592
0.0219727457298946,12.9008580741249
0.0236019289716132,12.9047526609907
0.0250022779250638,12.9081851510677
0.0261819441060613,12.9113232175004
0.0271562909716631,12.9143429470643
0.0278781821706264,12.9172308634029
0.0283340074964826,12.9200429156493
0.0285123902108645,12.9229083137497
0.0283607896122688,12.926025124933
0.0276618808597368,12.9300018899517
0.0268193090969033,12.9329525954413
0.0257530679710532,12.9359033009309
0.0246755856914192,12.9384914066421
0.0236022418947034,12.9408656378347
0.0225280796845748,12.9431281248505
0.0214542865449574,12.9453291314892
0.02038419249814,12.9474977298256
0.0193215079398922,12.9496533314764
0.0182698325479771,12.9518101983781
0.017232520067636,12.9539795636748
0.0162126468273317,12.9561707793693
0.015213010445341,12.958392008164
0.0142361410944905,12.9606506684455
0.0132843121720485,12.9629537506405
0.0123595506419016,12.9653080564286
0.0114636510367277,12.9677203813507
0.0105981791453187,12.9701976974879
0.00976448806078887,12.9727472914805
0.00896372203882448,12.9753769351471
0.00819234981007132,12.9781115666249
0.00743465459470595,12.9810310968143
0.00669451096504037,12.9841566802789
0.00597574668271682,12.9875137454254
0.00528238883993509,12.9911316795039
0.00461861530198702,12.9950445966692
0.00398867422762342,12.9992923556879
0.00339675012083795,13.0039221095691
0.0028467650878808,13.0089909098736
0.00234208890939216,13.0145707174133
0.00188532058862803,13.0207562506918
0.0014804073866765,13.0276346667439
0.00122337751954616,13.0330553401049
0.00101943922727754,13.0384760134658
0.000805305676331933,13.0460825567891
0.00063844757973778,13.0541154008725
0.000498211159277493,13.0633230473495
0.000391624024661886,13.0733230473495
0.000319874493036764,13.0833230473495
0.000273122586813429,13.0933230473495
0.000244187409203367,13.1033230473495
0.000227942324107551,13.1133230473495
0.000220868783203441,13.1233230473495
0.000220641893650854,13.1333230473495
0.000225783659560324,13.1433230473495
0.000235412594312999,13.1533230473495
0.000249083635727862,13.1633230473495
0.000266696743777875,13.1733230473495
0.000288454914857369,13.1833230473495
0.000314861481618136,13.1933230473495
0.000346756033682332,13.2033230473495
0.000385397373609986,13.2133230473495
0.000432613236491452,13.2233230473495
0.000486744162442668,13.2326421033076
0.000548235263361514,13.2412664568234
0.000617974812191025,13.2492451298536
0.000697045003324556,13.2566261422097
0.000786696790691804,13.2634543134167
0.00088835389031067,13.2697714396906
0.00100363044862157,13.2756165208007
0.00113435471558978,13.2810259533697
0.00128259716324519,13.2860336948795
0.00145070093686139,13.2906714246493
0.00164131932722212,13.2949687011274
0.00185745758477836,13.2989531123361
0.00210252443029749,13.3026504132881
0.00238039263186204,13.3060846643605
0.00269547437602183,13.3092783765153
0.00305281604776955,13.3122526595944
0.00345821784166504,13.3150273757321
0.00391839208756171,13.3176213124404
0.00444117650388136,13.3200523837758
0.0050358307084679,13.3223378739961
0.00571346733463059,13.3244947601456
0.00646844413784557,13.3264936156663
0.00730085628222797,13.3283405620281
0.00822160706007047,13.3300664632243
0.00924675333310526,13.331701896917
0.0104015026210492,13.3332803001492
0.011736078150209,13.3348519261596
0.0134227305163336,13.336564326399
0.0159732036002728,13.3387759230087
0.017684196658754,13.340102015978
0.0194885963085057,13.3414281089473
0.0211355046827434,13.3426187756103
0.0226100481927321,13.34371028381
0.02393663279144,13.344758670194
0.025113036830011,13.3458032305509
0.0261185649081363,13.3468821077456
0.0269114591078538,13.3480483940994
0.0274043088185553,13.3494113199505
0.0272663761872426,13.3514502938456
0.0265899885507827,13.3529121020599
0.0255403181706602,13.3543739102742
0.0243232400963146,13.3557298851785
0.0229434595658521,13.3570931816942
0.021409498258612,13.358514259748
0.0197294506528855,13.3600312678514
0.0185179875238558,13.3611269772902
0.0173374558261294,13.3622226867291
0.0159970676882702,13.363535746138
0.0133369525468694,13.3664246455501
0.0109722866856069,13.3694269906062
0.00914726341811998,13.372152925974
0.00770093033505039,13.3746768399
0.00647618635016987,13.3771671971477
0.00540697432960075,13.3797101180729
0.00448464955299663,13.3822893125568
0.00372552117756208,13.3847862326714
0.00308699821527651,13.3872497778669
0.00253120263678261,13.3897676972845
0.00201165558539789,13.3925600811327
0.0016245724165634,13.3950247151812
0.00129399597129964,13.3974893492296
0.00106269999480822,13.3994774056145
0.00087961178905645,13.4012505689079
0.000719727473955214,13.4029800028841
0.00057124892933002,13.4047742144193
0.000424580859315479,13.4067702318966
0.000263906748410465,13.4092891378687
2.4464973239649e-05,13.4139950194521
-0.000133292754963758,13.4181667839742
-0.000234429066955746,13.4217281471752
-0.000313460577017598,13.4255816633214
-0.000371761164000631,13.4304917239494
-0.000380026116947785,13.4356049767064
-0.000333281211743323,13.4401814069048
-0.000233098355491792,13.4443388771367
-7.81830283892924e-05,13.4481072837537
0.000134317890204929,13.451529445201
0.000408480854714616,13.454650616251
0.000749656640477228,13.4575162637366
0.00116554608376756,13.4601755072
0.00166773800283318,13.4626806656251
0.00227517913793301,13.4650918969152
0.00301761777359278,13.4674748427016
0.00394280483103786,13.4699065046316
0.00511465525591337,13.4724528832427
0.00655458197871371,13.4750626877912
0.00814309196785093,13.477493050084
0.00974403564901836,13.4795901100561
0.0113687651727082,13.4814306503422
0.0130602992646195,13.4830941274496
0.0149035895214815,13.4846671065006
0.0169147468949367,13.4861522842413
0.0191280543953985,13.4875637506678
0.0215971342282713,13.488920988451
0.0243487405230792,13.4902227635198
0.0274280597973603,13.4914756453609
0.0308829868038439,13.4926840926515
0.0347588199905188,13.4938495110405
0.0391170356572469,13.4949763787313
0.0440240831289205,13.4960678052752
0.0495563541807602,13.4971268105633
0.0558066057392342,13.4981570666414
0.0628873242026329,13.4991626221626
0.0709341487671385,13.5001476496146
0.0801151473026313,13.5011168318138
0.0906415676059018,13.50207547901
0.102789188523751,13.5030301710904
0.116926085419344,13.5039891079222
0.133565589318727,13.5049632373636
0.15342563054162,13.5059664213953
0.176433726231608,13.5069721123033
0.203202333552559,13.5079912364818
0.234560689302968,13.5090393969086
0.271737404976131,13.5101417478248
0.314498784860404,13.5112868426392
0.354495126439078,13.512289489529
0.388154362036442,13.5131162752261
0.417354713923424,13.5138489451558
0.442892903062434,13.5145314579985
0.464892533384125,13.5151904838354
0.483084032314846,13.5158475326141
0.496793659054076,13.5165249686493
0.504702021599937,13.5172526169761
0.504117195171631,13.5180724746672
0.49261202536388,13.5189048828277
0.469000993213736,13.5197655075935
0.431744748173106,13.5206660725168
0.379114535797946,13.5216156599773
0.336179117728705,13.5222603931612
0.288301886129027,13.5229051263451
0.245418630513525,13.5234448646528
0.208557568864481,13.5238956599439
0.176107795726692,13.5242920033745
0.146996833382209,13.5246544863326
0.120578145147044,13.52499567507
0.0964098784856719,13.5253245388009
0.0741365182692075,13.5256488486085
0.0533995818084303,13.5259773088384
0.0336783849262334,13.5263239273682
0.0135516140664414,13.5267288406882
-0.000446956283031676,13.5270560894532
-0.00768877262113802,13.5272463161311
-0.0143037115788232,13.5274365428091
-0.0201397777881821,13.5276207408967
-0.026069194231059,13.5278278098493
-0.0318279276829959,13.528053779003
-0.0372427422906027,13.5282960596388
-0.0422173125495232,13.5285536393871
-0.0467010424625162,13.5288265349142
-0.0506666936767104,13.5291154812067
-0.0542448888120288,13.5294365786339
-0.0570971194132793,13.5297602363227
-0.0594358199630478,13.5301050192277
-0.0612760153015587,13.5304740299896
-0.0626316490234244,13.5308708113112
-0.0635162104876471,13.5312997290346
-0.0639412543397443,13.5317662117574
-0.06391479598667,13.5322771042031
-0.0634393322048632,13.5328412119711
-0.0625065063925397,13.5334716443291
-0.0610939268114186,13.5341852737969
-0.0591560430716571,13.5350070862335
-0.0566002179778256,13.5359788222771
-0.0532047265685597,13.5371883068704
-0.0491553707717179,13.5385878320821
-0.0452348388664576,13.5399390022978
-0.0414950349755359,13.5412477359743
-0.0379610565307223,13.5425168859717
-0.0346454287824566,13.5437476165945
-0.0315534156717709,13.5449402316035
-0.0286854142209817,13.5460946111841
-0.0260382487475036,13.5472104416661
-0.0236060144272789,13.5482873343232
-0.0213807203808463,13.5493248822263
-0.0193528288663997,13.5503226805774
-0.0175117270218269,13.5512803241516
-0.0158461428331479,13.5521973892984
-0.0142669250524572,13.5531201139352
-0.0127476239087554,13.5540665401112
-0.0112925497981576,13.5550383853389
-0.009905593443161,13.5560378205986
-0.008590434487385,13.5570673974378
-0.0073504885100323,13.55813014414
-0.00618885325764993,13.559229691449
-0.0051082520172369,13.5603704425057
-0.00411097373118023,13.5615578080833
-0.00319880881625527,13.5627985414634
-0.00237297856768847,13.5641012313214
-0.00163405407152214,13.5654770570428
-0.000981856717367694,13.5669410054866
-0.000415324150792821,13.5685139599652
4.90168592640334e-05,13.5701511962557
0.000417364297035035,13.5718390564252
0.000705764179498828,13.5735959597243
0.000928862913694885,13.5754444206107
0.0011005812876313,13.5774148564708
0.00123463000412624,13.5795510743993
0.00134535175893468,13.5819220251157
0.0014495344397171,13.5846520222989
0.00157230902818441,13.5880291396649
0.00172186572612515,13.5917857545342
0.00190942673919645,13.5958867469285
0.0021136374243668,13.5998719734536
0.00232747978278125,13.6037556469656
0.00254902919365971,13.6076191127891
0.00277739743952392,13.6115170194725
0.00301289235378959,13.615490815515
0.00325690841913555,13.6195756720801
0.00351174150595599,13.6238040264708
0.00378042336499668,13.6282077283578
0.00406663267045395,13.6328196860777
0.00437473906894436,13.6376753560951
0.00471004536443553,13.6428140311047
0.00507685487670349,13.6482437131838
0.00544792120862193,13.6535093123261
0.00583460156572534,13.6587407467556
0.00623575097456349,13.6638772177586
0.00665614885179072,13.6689361210685
0.00709978152054652,13.6739187294646
0.00757164461174745,13.6788333856218
0.00807696017857272,13.6836850156201
0.00862140637149762,13.6884770105896
0.00921112753067251,13.6932105413449
0.00985286451759744,13.697885132589
0.0105553875286514,13.7025073955664
0.0113439377286996,13.7071678564526
0.0122327911109626,13.7118566503723
0.0132446442307976,13.7165919559645
0.0144114202049172,13.7214082361915
0.0157863542833895,13.726387909084
0.0174834996806594,13.7317540165176
0.0198996017426973,13.7383784045662
0.0215253741766526,13.7424214368028
0.0232123263118073,13.7464644690393
0.0246772460157374,13.7500149764906
0.0259099453552421,13.753208626617
0.0269365519609818,13.7562448241448
0.0277268374746582,13.7591706108133
0.0282504246940272,13.7619905148359
0.0285021489917433,13.7648276766081
0.0284438846907666,13.7678515201538
0.0279344026544659,13.7714732618178
0.0271272342796212,13.7746556109086
0.026040820036284,13.7778379599995
0.0249546810742082,13.7805238008272
0.0238804934888587,13.7829403001947
0.0228065826050783,13.7852246394808
0.0217324848790689,13.7874373958788
0.0206612114542628,13.7896114937945
0.0195964471885346,13.7917682000137
0.0185418406539882,13.7939228053436
0.017500815303874,13.7960871536403
0.0164765198223342,13.7982709715374
0.0154718243970583,13.8004826425896
0.0144893279190047,13.8027297046403
0.0135313691410766,13.8050191908036
0.0126000406035227,13.8073578742913
0.0116971946019893,13.8097524783137
0.0108244555310154,13.8122098397254
0.00998323093671169,13.8147370583673
0.00917471668939149,13.8173416593331
0.00839990958872425,13.820031739503
0.00763819312092553,13.8229002589918
0.00689306021670187,13.8259686642795
0.00616828979748843,13.829261406778
0.00546786215091098,13.832806743558
0.0047959254696138,13.8366374234405
0.00415672313211783,13.8407916299829
0.00355447663478833,13.8453143443914
0.00299320375889168,13.850259601333
0.00247645167356461,13.8556947114092
0.00200704100357496,13.8617073488809
0.00158698984301669,13.8684154446772
0.0012307974239456,13.8756738809031
0.000944157329833052,13.883539213
0.000715163013543457,13.892624529592
0.000574419970223305,13.9004572820883
0.000449173794151048,13.9099566112306
0.000357930573831153,13.9199566112306
0.00029707343794509,13.9299566112306
0.000258116683279574,13.9399566112306
0.000234851763057544,13.9499566112306
0.000222863568565114,13.9599566112306
0.000219150463537552,13.9699566112306
0.000221762909568489,13.9799566112306
0.000229503038130833,13.9899566112306
0.000241712288576144,13.9999566112306
0.000258141338192757,14.0099566112306
0.000278883607747061,14.0199566112306
0.000304357203783299,14.0299566112306
0.000335329898367584,14.0399566112306
0.000372992453689796,14.0499566112306
0.000419097792360857,14.0599566112306
0.00047275450893459,14.0694002131166
0.000533884460585263,14.0781392520138
0.00060334434172202,14.0862194315317
0.000682215926350598,14.0936903145386
0.000771758393938698,14.1005982073287
0.000873408521765259,14.1069861881535
0.000988796829646632,14.1128943662088
0.00111977074626274,14.1183601062977
0.00126842287124495,14.1234182165123
0.00143712190077164,14.1281011264416
0.00162855049166362,14.132439059348
0.00184574793561943,14.1364601966893
0.00209216295115716,14.1401908277757
0.0023717153571313,14.1436554971123
0.00268887392070726,14.146877158354
0.00304875375051564,14.1498773326042
0.00345724032750961,14.1526762713699
0.00392115429704339,14.1552931402101
0.00444847439748263,14.157746234234
0.00504865002931445,14.1600532411412
0.00573305920461729,14.1622315927721
0.00649366217603694,14.1642456747748
0.00733310964116409,14.1661095348009
0.0082631395133212,14.1678549709329
0.00930120647436403,14.1695138783109
0.0104754302119228,14.1711223681028
0.0118484640220756,14.1727427784396
0.0136224312485647,14.1745459785499
0.0156450810502713,14.1763363316653
0.0173520987809386,14.1777082592147
0.0191534854962117,14.179080186764
0.0207659849581611,14.1802891044898
0.0222069704325616,14.1813965884683
0.0235018326503945,14.1824606598922
0.0246478284812088,14.1835209748795
0.0256240214368055,14.1846160975204
0.0263885188353039,14.1857998184334
0.026853575159101,14.1871830341709
0.0266844062834374,14.189255607062
0.0259985473938683,14.1907301353168
0.0249488160180285,14.1922046635716
0.0237372641641517,14.1935729014489
0.0223682339306159,14.1949472072408
0.0208503557453721,14.19637780819
0.0191919366410783,14.1979025837304
0.0181001890628295,14.1989079083335
0.0170340334536043,14.1999132329366
0.0157374486684975,14.2012003357414
0.0131400467446144,14.2040537264525
0.0108157779447989,14.2070326539394
0.00901237762234283,14.2097472856822
0.00757867779755327,14.2122656229543
0.00635846395772094,14.2147610949906
0.00529198181512833,14.217310740578
0.00441349047230081,14.2197687903169
0.00368185474106554,14.2221557132572
0.00305800700284407,14.2245235324685
0.00250607876071141,14.2269650505461
0.00197584433238414,14.2297318420664
0.00161023181643139,14.2319678414809
0.00129247717629825,14.2342038408954
0.00105681461297817,14.2360895472839
0.000866645203420547,14.2377892758051
0.000698773113802657,14.2394521267333
0.000541200764374514,14.2411818356631
0.000383473071746219,14.2431142689417
0.000207036689190038,14.2455769528668
-5.41273156165452e-05,14.2500356008861
-0.000235015467974408,14.2540060374129
-0.000359951834827898,14.2574543473866
-0.000467249676588733,14.26121519419
-0.000566135009457143,14.2660622310764
-0.000625003196034223,14.2714007995778
-0.00062693338115335,14.2761243760958
-0.000576126483923885,14.2804168024786
-0.000471642399172025,14.2842943663466
-0.000310745904419304,14.2878059279889
-8.96411170509703e-05,14.2909968616183
0.000197229898754839,14.2939208785304
0.000557614747641207,14.2966314445836
0.00100342381422071,14.2991870467284
0.00155503564727355,14.3016585419734
0.0022470115772903,14.3041305775293
0.00315367608909853,14.3067508579048
0.00440922438260274,14.3097111568336
0.00597827633097754,14.3127707635819
0.00726373103610829,14.3149233785872
0.0087287693982692,14.3170759935925
0.0101858837201882,14.3189459317
0.0117261297360516,14.3206721612729
0.0133801051539096,14.3222846788442
0.0151755097987841,14.3238016712501
0.0171738206591696,14.3252601237123
0.019388729074891,14.3266525028489
0.0218702838790295,14.3279940710431
0.0246505609311395,14.3292852180511
0.027767914336113,14.3305283815301
0.031268690152292,14.3317273503104
0.0351998823776706,14.3328840660521
0.039618372851129,14.3340016453572
0.0445920712988083,14.3350837105058
0.0501987889437344,14.3361335441102
0.0565311071637057,14.3371546625305
0.0636986354804663,14.3381506127361
0.0718387108688292,14.3391257896627
0.0811189397334229,14.34008474681
0.0917501141789408,14.3410326758121
0.104003454205995,14.3419757214251
0.118237517786025,14.3429214509769
0.13494659403847,14.3438798476666
0.154848333582455,14.3448649877124
0.178009329865392,14.3458565801027
0.204912616347403,14.3468585303701
0.236345887464941,14.3478845174387
0.273438604687058,14.3489558829863
0.317215396655904,14.3500918501506
0.359895263889023,14.3511201741845
0.39510955944723,14.3519459614803
0.42538386116428,14.3526676337322
0.451852207548588,14.3533363064287
0.47475231014265,14.3539806568161
0.493867300566843,14.354622939507
0.508557178811531,14.3552861323487
0.51751981225221,14.356001415225
0.518016993085302,14.356809615934
0.507466322055585,14.3576318437122
0.484670470515145,14.3584848580061
0.448016478775349,14.3593813779334
0.39565270936775,14.3603303548939
0.350562167546633,14.361004863559
0.299831651083177,14.3616793722241
0.254676843950663,14.3622370781314
0.216260276241313,14.3626965164709
0.182673542761979,14.3630968103048
0.152666256852716,14.3634608001271
0.125506596112411,14.3638020037918
0.100708803667538,14.3641297928898
0.077893842004768,14.3644520432986
0.0566945175986993,14.3647772572292
0.0366072657806323,14.3651184791504
0.0163792357960406,14.3655101884298
0.00781759372834704,14.3656965310394
-7.73574228578486e-05,14.3658828736491
-0.00827006815199086,14.3660947382794
-0.0148607547139736,14.3662824360938
-0.0207809117841909,14.3664676681916
-0.0267562392500764,14.3666749046769
-0.0325347789005555,14.3669004582947
-0.0379532723277215,14.3671420028452
-0.0429211553009249,14.3673986825665
-0.0473912176178272,14.3676706110078
-0.0513409791616014,14.3679585892463
-0.0550136874351095,14.3682902795886
-0.0578272857099193,14.368614068877
-0.0601242453708974,14.3689590740351
-0.0619215631570968,14.3693286285769
-0.0632334766231575,14.3697263774459
-0.0640735357027419,14.3701568180417
-0.0644531133838696,14.3706255579378
-0.0643797381214021,14.3711396943902
-0.063854894299394,14.3717084786415
-0.0628683330821857,14.3723456355885
-0.0613947450551436,14.3730689892286
-0.0593828040430541,14.3739054707079
-0.0567262636976591,14.3749014084055
-0.0531560907230556,14.3761607897849
-0.0490929528704924,14.3775565287034
-0.0451644017994,14.3789059818417
-0.0414192973059302,14.3802140526414
-0.0378812428396947,14.3814831801137
-0.0345621253052322,14.3827142964541
-0.031466934132843,14.383907568674
-0.0285959571155973,14.3850627928245
-0.0259459858150922,14.3861796013432
-0.0235111169091952,14.387257569791
-0.0212833735827618,14.3882962670076
-0.0192532337736681,14.389295271628
-0.0174100961842007,14.3902541673076
-0.0157426936854993,14.391172523425
-0.0141655808138399,14.3920943613801
-0.0126483081391906,14.3930398678248
-0.0111952263549134,14.3940107303431
-0.00981023611027908,14.3950091071882
-0.00849703080187669,14.396037534328
-0.00725904363400474,14.3970990208576
-0.00609939429739317,14.3981971734392
-0.00502083296139008,14.3993363643914
-0.00402568126184467,14.4005219641714
-0.00311576938579055,14.4017606719964
-0.00229236738942077,14.4030610018634
-0.0015561071138037,14.4044340262134
-0.000906887643210424,14.4058945716297
-0.00034374996150111,14.4074632665594
0.000117747111166665,14.4090989849148
0.00048253588611913,14.4107846759872
0.000766678246237942,14.412538726619
0.000984775244577439,14.4143834315849
0.00115066318668311,14.4163488568392
0.00127790390965529,14.4184781912394
0.00138057116656556,14.4208391606483
0.00147490824112889,14.4235531313242
0.00158458765128735,14.4268978173036
0.00172029927844721,14.4306500090188
0.00189217034807257,14.4347314774633
0.00209046348413212,14.4388813580467
0.00229433427675387,14.442820621668
0.00250267814286914,14.4466745785903
0.00271527713613212,14.4505193054465
0.00293278857882426,14.4544059739746
0.0031567137642251,14.458374297893
0.00338925932519252,14.4624585275168
0.00363320320697006,14.4666906114215
0.00389180929135865,14.471102239412
0.00416882271841362,14.4757264160341
0.00446859735332429,14.4805989296778
0.00479641618573824,14.4857596459604
0.0051550267682132,14.4911925494343
0.00551917515457723,14.4964642765487
0.0058994018199208,14.5016967954038
0.0062948562567911,14.506833494741
0.00671022962385546,14.5118917397623
0.00714952256556685,14.5168737570742
0.00761766994480386,14.521787893358
0.00811984625132616,14.5266391262824
0.00866167904421367,14.5314307849258
0.0092492692353768,14.5361639770714
0.00988932176165771,14.5408381741953
0.0105908138983886,14.5454614416867
0.0113787430437984,14.5501226193929
0.0122674875980946,14.5548122836099
0.0132798247528975,14.5595487646808
0.0144478780815564,14.5643670274214
0.015825387361119,14.5693507351289
0.0175281651547846,14.5747271731654
0.0199430512576234,14.5813401874186
0.0215635682398792,14.5853681928061
0.0232438007939071,14.5893961981937
0.0247041596469998,14.5929391869313
0.0259334368264467,14.5961294893035
0.0269570032509621,14.5991645568993
0.027743463180287,14.602088134839
0.0282632830602254,14.6049074309135
0.0285109893256691,14.6077458200969
0.0284477845868814,14.6107739557057
0.0279294546886347,14.6144106131065
0.0271202840040774,14.6175802069937
0.0260349887091589,14.6207498008809
0.024949209491367,14.623430708863
0.0238749229423288,14.6258452463581
0.0228008528116055,14.6281286246034
0.0217266236781636,14.6303408957805
0.0206552609091538,14.6325148024715
0.0195904489798749,14.6346715281926
0.0185358326824007,14.6368263202498
0.017494830906266,14.6389909990984
0.016470587696467,14.6411752798837
0.0154659686306821,14.6433875429554
0.0144835682692619,14.6456353289491
0.0135257210494754,14.6479256795642
0.0125945154182994,14.6502653817681
0.0116917998182111,14.6526611779308
0.0108191947239309,14.6551199310219
0.0099781043137148,14.6576487734152
0.00916972111440506,14.6602552722209
0.00839503917714846,14.6629475762232
0.0076334766670061,14.6658186622552
0.00688854734607138,14.6688899669411
0.00616403297153772,14.6721860036946
0.00546391662600124,14.6757351069547
0.00479234902411402,14.6795701241737
0.00415357547127657,14.683729368452
0.00355181842510741,14.6882579977578
0.00299109526024654,14.6932103003317
0.00247495040842726,14.698653981702
0.00200620145186929,14.7046773448425
0.00158686670406512,14.7113993373793
0.00123184567345878,14.7186658542941
0.000949512771729774,14.726540638844
0.000756788220817915,14.7341437969219
0.000599902582128663,14.7425429323776
0.00047530731284147,14.7517514578589
0.000381590495453616,14.7617514578589
0.000319763933769682,14.7717514578589
0.000280960834499625,14.7817514578589
0.000258731960255214,14.7917514578589
0.000248537245214724,14.8017514578589
0.000247334970293559,14.8117514578589
0.00025320037748338,14.8217514578589
0.000265018613874277,14.8317514578589
0.000282276805178731,14.8417514578589
0.000304948110461139,14.8517514578589
0.000333450710059826,14.8617514578589
0.000368671869280979,14.8717514578589
0.000412061934855149,14.8817514578589
0.0004642654776256,14.8914837768629
0.000524044406758665,14.9004965158693
0.000592094988965985,14.9088261101945
0.000669420750181523,14.9165241556415
0.000757228894146371,14.9236391119313
0.000856913760506377,14.9302159534078
0.000970065184128432,14.9362964678059
0.00109848847935199,14.9419195233642
0.00124423108997546,14.9471212867552
0.00140961318902828,14.9519354171389
0.00159726362272997,14.9563932538699
0.00181016251919881,14.9605239964069
0.0020516924151472,14.9643548683681
0.00232569851827481,14.9679112705481
0.00263656507064298,14.9712169407852
0.00298930950994242,14.9742941210148
0.00338970428875811,14.9771637264694
0.00384443651849549,14.9798455327699
0.00436132413192568,14.9823583967967
0.00494961961254599,14.9847205248556
0.00562045232907174,14.986949826949
0.00636995381412392,14.9890201761851
0.00719753118503712,14.9909345153025
0.00811465945485498,14.992725582912
0.00913855682655835,14.9944264138697
0.0102969569380887,14.9960742500302
0.011642442624665,14.9977225700114
0.0133787428251373,14.9995548792202
0.0153752520851674,15.0013887361033
0.0170499382495413,15.0027847556323
0.0188173558049808,15.0041807751613
0.0203993767699278,15.0054108009735
0.0218119369669358,15.0065367129929
0.0230800519436995,15.0076176166236
0.0242010188030806,15.0086937234019
0.0251542107935201,15.0098038497809
0.0258984658818264,15.011001681994
0.0263481177079136,15.0123966210424
0.0261864742064589,15.0144548234502
0.0255133857273969,15.0159523510963
0.0244752819687197,15.0174498787425
0.0232793617194607,15.0188324524459
0.0219307706734492,15.0202161963603
0.020438150688573,15.0216525714018
0.0188102294574205,15.023179283769
0.0177630337191249,15.0241619872986
0.0167395037428062,15.0251446908282
0.0154784997007087,15.0264184034171
0.0129399779540598,15.0292541756302
0.0106745673842509,15.0322031596033
0.00890811333256294,15.0349000548487
0.00749876616785137,15.0374085587013
0.00629125455648569,15.0399102960214
0.00524481188593856,15.0424436124046
0.00435938851027688,15.0449547206091
0.00358426649318205,15.0475375560739
0.0028637434490704,15.05039092644
0.00223323285687176,15.0533998071173
0.00188706008950335,15.0553350700204
0.00158077959733641,15.0572703329235
0.00132830535931989,15.0590645247854
0.00110791731828328,15.0608145365918
0.000903437385981039,15.0626286612795
0.000701237438850523,15.064648214103
0.000478578758888875,15.0672072763394
0.000175913092249661,15.0714852446995
-3.08438481014319e-05,15.0752336859241
-0.000176455179291226,15.0785411622633
-0.000301918162118354,15.0821428361096
-0.000415876431418017,15.086610867528
-0.000496969104922264,15.0920476244071
-0.000512154344054728,15.0968023517469
-0.000470823855532835,15.1011447128214
-0.000373617456556881,15.1050814309873
-0.000218935759508134,15.1086555863442
-3.18398554615987e-06,15.1119181834506
0.000278845934506917,15.1149181184587
0.000634701858668244,15.1177071765642
0.00107619820322669,15.120343649339
0.00162349714758268,15.1228982472786
0.00231205974817674,15.1254604748461
0.00320220619802687,15.1281409208197
0.00442440224101615,15.1311440781428
0.00594255195988858,15.1342217767717
0.00717487789132328,15.1363592589943
0.00858365348225315,15.1384967412169
0.0100093668819924,15.1403802340483
0.0115174795001395,15.1421149234414
0.013144881464269,15.1437396579655
0.0149184823739578,15.1452715131163
0.0168921084728283,15.1467419266032
0.0190827350237944,15.1481463867294
0.0215369935955614,15.1494986698075
0.0242839022860878,15.150798362758
0.0273666144348713,15.1520506702977
0.03082809919908,15.1532581595754
0.0347133595408173,15.154422500457
0.0390821532429022,15.1555479428245
0.0439998853708483,15.1566376084228
0.0495436114420724,15.157694840505
0.0558032368860186,15.1587229250241
0.062891274303648,15.1597260915392
0.0709425411720352,15.1607085198474
0.0801238786157039,15.1616748597028
0.0906457897747023,15.1626304505176
0.102779521029979,15.1635816046341
0.116887628578704,15.1645363174247
0.133473171814985,15.1655051735677
0.15327645886323,15.1665033791732
0.176239688807266,15.1675047505716
0.202937988546953,15.1685183139846
0.234180981933634,15.1695589386754
0.27115189559584,15.1706502253541
0.314092377914841,15.1717924419046
0.355081549884801,15.1728094484422
0.389355229108195,15.1736399816627
0.418992600102505,15.1743716690525
0.444913456102241,15.1750513527098
0.467288447842829,15.1757065848798
0.485874608722676,15.1763591641772
0.500022432092838,15.1770315376521
0.508443977772279,15.1777535567833
0.508471670916064,15.1785699865046
0.497569553667122,15.1793989066614
0.474559794158697,15.180256388417
0.437890088863846,15.1811545387514
0.385801114715927,15.1821023646128
0.3421121916618,15.1827609217154
0.293163271394249,15.183419478818
0.249403952440265,15.183967915676
0.211942721825443,15.1844232120141
0.17905432576753,15.1848219024112
0.14959717417783,15.1851855765535
0.122891956050337,15.1855272279679
0.0984804154892059,15.1858560053503
0.0759990672244479,15.1861797159398
0.0550885744217038,15.1865069362287
0.035242513934605,15.1868511083768
0.0151489256417287,15.1872489837275
0.00676011422771586,15.1874359244468
-0.000974189624731391,15.1876228651661
-0.00874394427745589,15.1878283099729
-0.0152297489111448,15.1880168523453
-0.0211308836713481,15.1882054431957
-0.0270620063778257,15.1884158225181
-0.0327804077039297,15.1886443839864
-0.0381308239709627,15.1888889177881
-0.0430275409266192,15.1891486500693
-0.0474262425264411,15.1894237552079
-0.0513022147084481,15.1897150846921
-0.0547212383531216,15.1900322894325
-0.0574944034508137,15.1903584687958
-0.0597560470169854,15.1907062735399
-0.0615206674362182,15.1910788211313
-0.0628023124215575,15.1914797795264
-0.0636143255369627,15.1919136760001
-0.0639678490869538,15.1923861529146
-0.0638701696726205,15.1929043484724
-0.0633224371601522,15.1934776364983
-0.0623140997311096,15.1941197692835
-0.0608196325571739,15.1948486702199
-0.0587875144053546,15.1956914258791
-0.0561112519746128,15.1966946671544
-0.0525208246394747,15.1979632887532
-0.0484828263433107,15.1993545892359
-0.0445833568611474,15.2006995124154
-0.0408696424425901,15.2020028142557
-0.0373642511998422,15.2032669380226
-0.0340783753382839,15.2044928347593
-0.0310164620389641,15.2056806956117
-0.0281783478224633,15.2068303417515
-0.0255604457261546,15.2079414293436
-0.0231565418468905,15.2090135548288
-0.0209584151820189,15.2100463040498
-0.0189563636482104,15.2110392679379
-0.0171396664775975,15.211992036996
-0.0154969924489132,15.2129041812728
-0.0139272123595065,15.2138296175382
-0.0124180137699217,15.2147788958528
-0.0109735745299763,15.2157538325204
-0.00959776691522229,15.2167566382171
-0.00829424635838045,15.2177899146367
-0.00706639925158436,15.218856753167
-0.00591728909742529,15.2199608649786
-0.00484959988228232,15.2211067573208
-0.00386557625183723,15.2222999783065
-0.00296695943049944,15.2235474666454
-0.00215491672548481,15.2248580686276
-0.00142996044664643,15.2262433345771
-0.000791848122348399,15.2277188104436
-0.000239447303082484,15.2293062744781
0.000208237762510294,15.2309484448041
0.000561936184520933,15.2326434889604
0.000837383910529631,15.2344099420172
0.00104907614619936,15.2362710771862
0.00121081918907163,15.2382585390589
0.00133626182913895,15.240418315477
0.00143977957007944,15.2428237351026
0.00153844716639389,15.2456098766213
0.00165887001883548,15.249104479138
0.0018041452151637,15.252878553772
0.00198285824276928,15.2568934043544
0.00217717399552376,15.2607894493832
0.00238402790977724,15.2646500097268
0.00260087023063846,15.2685342625712
0.00282636203181455,15.2724858720946
0.00306052686061488,15.2765410332499
0.00330460934542183,15.2807326084703
0.00356086566827725,15.2850925108869
0.00383238330154657,15.2896533819177
0.00412300620968118,15.2944501128065
0.00443743694982343,15.2995212220752
0.00478161595565981,15.3049101967991
0.0051384431548221,15.3102926113461
0.00550558094663573,15.315592839965
0.00588593280945966,15.3208114438561
0.00628226976589114,15.3259419854781
0.0066986814124576,15.3309921687144
0.00713960448569703,15.3359694230183
0.00760986252410313,15.3408806816194
0.00811459460328809,15.345730630351
0.00865933955897793,15.3505218074268
0.00925013478311981,15.3552548127984
0.0098936421038102,15.3599287796709
0.0105991532161925,15.3645536309752
0.0113915045674431,15.3692161088717
0.0122852485458061,15.3739073909975
0.01330337621999,15.3786461615847
0.0144784756084387,15.3834684234195
0.0158654170817066,15.3884604417496
0.0175838748837308,15.3938584405437
0.0200006519512249,15.4004486669841
0.0216129782986152,15.4044467321614
0.023281861554393,15.4084447973386
0.024734679158386,15.4119727071888
0.0259582853168534,15.4151563436186
0.0269763582114406,15.4181892864289
0.0277555243863662,15.4211085239812
0.0282681540075467,15.423926787468
0.0285081356538956,15.4267679736107
0.0284352714215959,15.4298053858181
0.0278989327685306,15.4334742881888
0.0270861844611287,15.4366178526811
0.0260036622677267,15.4397614171735
0.0249190210767224,15.4424322175542
0.0238448641852007,15.4448427943416
0.0227707500430825,15.4471243240188
0.0216964967141264,15.449335767431
0.0206251657445859,15.4515094869763
0.0195604449049372,15.4536664929512
0.0185059738641892,15.4558219435757
0.0174651639673409,15.4579876130695
0.01644115117828,15.4601731957416
0.0154367927548916,15.4623870690564
0.0144546754789339,15.4646367835776
0.0134971259513639,15.4669294035409
0.0125662252844446,15.4692717495248
0.0116638152156533,15.4716706088202
0.010791509455944,15.4741329038675
0.00995070672338339,15.4766658395098
0.00914259432926015,15.479277074178
0.0083681624943659,15.4819748671419
0.00760701867818997,15.4848518013564
0.0068626035893615,15.4879296720611
0.00613870425475627,15.4912331034063
0.00543930650082216,15.4947905687626
0.00476856208449364,15.498635082997
0.00413071443379876,15.5028051658509
0.00352997964016054,15.5073462401254
0.00297036239680378,15.5123129524686
0.00245538449370775,15.5177735503027
0.00198783404207194,15.5238171509794
0.00156969837078754,15.5305638834841
0.00121631407826519,15.5378479691484
0.000954434556701547,15.5452752108009
0.000771633127929012,15.5524217162041
0.00060485552673917,15.5611648488512
0.000479875887359938,15.5702562250687
0.000384294798474686,15.5802562250687
0.00032108139272372,15.5902562250687
0.000281149835057168,15.6002562250687
0.000257891482921603,15.6102562250687
0.000246662214967999,15.6202562250687
0.000244345272250238,15.6302562250687
0.000248948149832713,15.6402562250687
0.000259282457470531,15.6502562250687
0.000274747195318016,15.6602562250687
0.000295203505218363,15.6702562250687
0.00032092041295612,15.6802562250687
0.000352578509276638,15.6902562250687
0.000391331618421258,15.7002562250687
0.000438941755428517,15.7102562250687
0.000494042417216321,15.7196336043966
0.000556765449738522,15.7283095374933
0.000627963086426807,15.7363319482936
0.000708715645353745,15.7437500267175
0.000800286732451422,15.7506096443143
0.0009041213800426,15.7569534831735
0.00102186158239173,15.7628212967263
0.00115536942946215,15.7682501299157
0.00130675561072337,15.7732745006994
0.0014784103338259,15.7779265764794
0.00167304202818066,15.7822363452857
0.00189372040647583,15.7862317785719
0.00214393019362927,15.7899389768825
0.00242763398919062,15.7933823158311
0.00274935146024152,15.7965846002505
0.00311425924862908,15.799567221883
0.00352831767316763,15.8023503218971
0.00399844000945877,15.8049529765344
0.00453272226818129,15.8073934158658
0.00514076593152707,15.8096892920426
0.00583415322833345,15.8118580416465
0.00660237460565024,15.8138584383208
0.00745027327655072,15.8157113696417
0.00839005436881417,15.8174486965006
0.00943989549067012,15.8191025044678
0.0106294065088694,15.8207097328252
0.0120307784827382,15.8223414107238
0.0138615146646959,15.8241765228683
0.0157984101815351,15.8258748967238
0.0179359642255606,15.8275732705793
0.0197401419322044,15.8289356023037
0.0212939577024513,15.8301057427928
0.0226853587636078,15.8311944162675
0.0239320410068708,15.8322537245668
0.0250248770669059,15.8333214531725
0.0259369992538733,15.8344390165156
0.0266161945823828,15.8356715015036
0.0269412220079395,15.8371780024058
0.026629956276277,15.8389552205182
0.0256772200461092,15.8407324386306
0.0245508524517653,15.8421697646915
0.023278428454106,15.8435351784929
0.0218534728216053,15.8449266351651
0.0202837117002177,15.8463886019999
0.0185755711446482,15.8479596686094
0.017916271564894,15.8485702570091
0.0172695225030225,15.8491808454087
0.0147912446686816,15.8516966395078
0.0120837580777975,15.8548683023418
0.0100023520395561,15.857745379895
0.00838822209588007,15.8603613453476
0.00707505432197121,15.8628414914083
0.00593255747496467,15.8653579557503
0.00493295210268443,15.8679412967283
0.00406832702419418,15.8705789175075
0.00330118743955891,15.8733631133811
0.00263110091895039,15.8762859131297
0.00220099261766709,15.8785027342281
0.00182827882048781,15.8807195553264
0.00154048139460908,15.8826786391411
0.00130285430764991,15.8845062113822
0.00109170388244284,15.8863326626524
0.000892579994047838,15.8882767872812
0.000690654853656294,15.8905327636584
0.000448412676051332,15.8937599474819
0.000208175772140941,15.8978208033992
5.34542087756755e-05,15.9012026971629
-6.43120163436936e-05,15.9045054214957
-0.00016371807029499,15.9082767736702
-0.000240945842783928,15.9130345537107
-0.000264593598756348,15.9181442000283
-0.000226889640273469,15.9227059679028
-0.000132072745708642,15.9268673875843
1.97307693463257e-05,15.9306491759443
0.000230607416311942,15.9340948997682
0.000504527809963916,15.9372524415245
0.000847188294301801,15.9401682888151
0.00126687426801077,15.9428909799515
0.00177629336804051,15.9454735680345
0.00239473780734495,15.9479726580119
0.00315088245019307,15.9504478983428
0.00409330558596951,15.9529788912255
0.00527430603040124,15.9556061077373
0.00667042079013502,15.9582052171158
0.00816155803187642,15.9605590396184
0.00967258194925055,15.9626070910666
0.0112230078498784,15.9644255217904
0.0128701578827183,15.9661004809727
0.014651922994042,15.9676693042337
0.016619784304668,15.9691661471302
0.0187873866416762,15.9705873685033
0.0212070418634218,15.9719529453455
0.0239096480551469,15.9732642086226
0.0269375267033329,15.9745264756635
0.0303357847805627,15.9757434915146
0.0341496043884263,15.9769170483698
0.0384388641241607,15.97805156313
0.0432684422705523,15.979150137286
0.0487124569945498,15.9802157025679
0.0548639350699754,15.9812523655691
0.0618322255053804,15.9822639947572
0.0697504381922854,15.9832547943804
0.0787833814636602,15.9842294616697
0.0891386744190996,15.9851933674323
0.101087731912924,15.9861531778851
0.114992535949979,15.9871171560371
0.131359452326874,15.9880964103159
0.150901782700725,15.989105212512
0.173544566264166,15.9901166100165
0.199894781942953,15.9911417802356
0.230777735169247,15.9921967406819
0.267421475519992,15.9933073213811
0.309375933832885,15.9944560600807
0.348873446519687,15.9954683979272
0.382278263029382,15.9963066794416
0.411310742856341,15.9970500745119
0.436714377109533,15.997741944564
0.458601308471928,15.9984088143815
0.476708246659757,15.9990719694797
0.490386220064369,15.9997531654291
0.498383042775005,16.0004805728604
0.498152510515511,16.0013015109886
0.487168189869601,16.0021367681132
0.464261882890949,16.0029978819586
0.427951497306966,16.0038965278997
0.376570112990701,16.0048419639761
0.334203319021215,16.0054890077956
0.286857069300491,16.006136051615
0.244362585114422,16.0066779721832
0.207788840262714,16.0071306603816
0.175561847473819,16.0075286994061
0.146631427804322,16.0078927179784
0.120364063104466,16.0082353004646
0.0963264876593312,16.0085654190297
0.074170186512307,16.0088908227253
0.0535448353393969,16.0092201341529
0.0339464333398572,16.0095670656175
0.014032947265945,16.0099699310544
0.00607862566112891,16.0101509132927
-0.00127752605241234,16.010331895531
-0.00889387496074026,16.0105364269387
-0.0153585395694421,16.0107271981198
-0.0212186760197346,16.0109173467613
-0.0271081101316814,16.0111294539316
-0.0327856949138834,16.0113598808623
-0.0380969624813278,16.0116063875326
-0.0429567548282296,16.0118681881505
-0.047321093071152,16.0121454549856
-0.0511930603711324,16.0124416408672
-0.0544677852037666,16.0127502099639
-0.0572236736919303,16.0130781224189
-0.0594717491506775,16.0134278503181
-0.0612249397917059,16.013802364491
-0.062497084209589,16.014205320535
-0.0633013627500502,16.0146412287024
-0.0636488051349947,16.0151157038923
-0.0635466637372488,16.0156358395934
-0.0629961667424095,16.0162109457523
-0.061987048741849,16.0168546521116
-0.0604944809967363,16.0175846512867
-0.05846849339178,16.0184275565559
-0.0558064911773595,16.0194288116243
-0.052252578396294,16.0206888110472
-0.0482342931626775,16.0220779833446
-0.0443555465782273,16.0234201938997
-0.0406633748293189,16.0247203255499
-0.0371800378984399,16.0259809375304
-0.0339164279418097,16.0272030582271
-0.0308767010146023,16.0283869337145
-0.028060421313453,16.029532426235
-0.0254637594143534,16.0306392235865
-0.023080296544854,16.0317069466878
-0.0209016490059219,16.0327351998302
-0.0189179954609605,16.0337235868424
-0.0171185382708736,16.034671705675
-0.0154919088256744,16.035579128224
-0.0139249975416315,16.0365073391656
-0.0124191547976619,16.0374595260286
-0.0109784267626246,16.0384376034428
-0.00960666007436756,16.0394438232555
-0.00830747621305297,16.0404808387058
-0.00708421962243913,16.0415518057315
-0.00593990317989763,16.0426605175583
-0.0048771507024661,16.0438115875522
-0.00389813593652127,16.0450107038745
-0.00300451675173622,16.0462649946227
-0.0021973619949007,16.0475835699278
-0.00147706613085357,16.0489783615477
-0.00084324212913049,16.0504654935726
-0.000294572758243583,16.0520676769577
0.000147229989393032,16.0537150534372
0.000497162319495772,16.0554175558127
0.000770767855414583,16.0571938808103
0.000982515368388225,16.0590680969685
0.0011462616660026,16.0610731468759
0.00127582989795418,16.0632573506161
0.00138600758268579,16.065698804666
0.00149488577882044,16.0685447028194
0.00163260602305599,16.0721709860294
0.00179351184155469,16.0759680652742
0.00198414213219214,16.0799154678828
0.00219193955448163,16.0838084600167
0.00241371501192425,16.0877095078581
0.00264682406922625,16.0916663566189
0.00288994505882485,16.0957173419149
0.00314323067510137,16.0998963645366
0.00340816558972132,16.1042357524347
0.00368735656179047,16.1087681365317
0.003984374451748,16.1135279707487
0.0043037474944339,16.11855293902
0.00465121174008429,16.1238852785823
0.0050150205545232,16.1292883367555
0.00538659618171054,16.1345899028753
0.00577096308258823,16.1398215604704
0.0061699787108564,16.1449633034075
0.00658789990724002,16.1500248196344
0.0070290725209877,16.1550122669112
0.00749833786512178,16.1599329278641
0.008000823396503,16.164791707966
0.00854204817318646,16.1695914800252
0.00912800639184477,16.1743331205583
0.00976529236033247,16.1790159664444
0.0104612447670355,16.1836384289389
0.011241292260728,16.1882963433062
0.0121196489105276,16.1929818297905
0.0131181982105251,16.1977113871557
0.0142674772105334,16.202516609704
0.015617444230358,16.2074724593716
0.0172714165052804,16.2127770502818
0.0195886673676624,16.2192244272183
0.0212589162928789,16.223420102393
0.0230052777509094,16.2276157775676
0.0245065572725624,16.2312382575606
0.0257656552909094,16.2344633686043
0.0268173093829921,16.2375106608653
0.0276405900386212,16.2404577074008
0.0281962845115943,16.2432845195461
0.0284819336114287,16.2461125151512
0.0284649923329375,16.2491013226419
0.0280272420652618,16.2526040572345
0.0272356360513714,16.255904368973
0.0261358834695259,16.2592046807116
0.0250445196291064,16.2619345043323
0.02396970203029,16.264368338342
0.0228958295470211,16.2666615969157
0.0218215873072786,16.2688794727647
0.0207498329297341,16.2710564558932
0.0196842326880932,16.2732145451891
0.0186284482639806,16.275369440489
0.0175859241534252,16.2775332392946
0.0165598317659589,16.2797158364769
0.0155530636053776,16.281925733509
0.0145682396604832,16.2841705555969
0.013607719098282,16.2864574028006
0.012673613788245,16.2887931033763
0.011767794441003,16.2911844288004
0.0108919047203371,16.2936382568055
0.0100473687334158,16.296161734023
0.00923540112428444,16.2987624275036
0.00845701560367729,16.3014484863328
0.00769418119652483,16.304302347203
0.00694759325013447,16.3073544925829
0.00622105038082176,16.3106289744586
0.00551851561304552,16.3141537444294
0.004844123188395,16.3179611923247
0.00420210964148712,16.3220890649501
0.00359670139970692,16.3265817828911
0.00303193923400629,16.3314925947497
0.00251141582016834,16.3368876081996
0.00203801198631063,16.3428526494987
0.00161379876981965,16.349503014989
0.0012523610721052,16.3567182099714
0.000963512889370354,16.3645314069191
0.000757108635526301,16.3724475141265
0.000600257226747285,16.3806410715338
0.000470936534282632,16.3898887705447
0.000373458076770965,16.3998887705447
0.000308255544058728,16.4098887705447
0.000266233548909719,16.4198887705447
0.000240748898101649,16.4298887705447
0.000227085740632906,16.4398887705447
0.000222033804617226,16.4498887705447
0.000223493622807127,16.4598887705447
0.000230152758792153,16.4698887705447
0.000241257562924159,16.4798887705447
0.000256471308634368,16.4898887705447
0.000275797330421017,16.4998887705447
0.000299549983962027,16.5098887705447
0.000328365983716557,16.5198887705447
0.000363258584451499,16.5298887705447
0.000405727391893667,16.5398887705447
0.000456305116900096,16.5495969609602
0.00051396584774194,16.5585954368951
0.000579431593670678,16.5669197349131
0.000653688824000736,16.5746195025389
0.000737903976888639,16.5817415632988
0.000833414337830921,16.588329548405
0.000941739196903003,16.5944241348435
0.00106460038158908,16.6000632647826
0.00120394821147158,16.605282328605
0.00136199072567238,16.6101143308915
0.00154122748992535,16.6145900537052
0.00174448923852583,16.6187382152623
0.00197498492297265,16.6225856169763
0.00223635685850171,16.6261572816494
0.00253274960762213,16.6294765974771
0.00286889405341291,16.6325654681381
0.00325021487015558,16.6354444643188
0.00368296906825961,16.6381329879209
0.00417443043100363,16.6406494613762
0.00473314341966902,16.6430115508682
0.00536928372725921,16.6452364496095
0.00608983050379077,16.6473270694903
0.0068840892299404,16.6492504634016
0.0077611049452732,16.6510378532475
0.00873438949219124,16.6527201923354
0.00982428599928251,16.6543292949163
0.0110649332377694,16.6559036022395
0.0125640995787792,16.6575438348391
0.0145929219458082,16.6594513061771
0.0163774695507107,16.6609332726162
0.0183132125287486,16.6624152390554
0.0200966218764033,16.663723375923
0.021660805596805,16.6648707135488
0.0230649997947693,16.6659432904408
0.0243232841593811,16.6669898365834
0.0254253120323784,16.6680475982221
0.0263427974285137,16.6691585538107
0.0270206262394779,16.670390552377
0.027326727179443,16.6719171689211
0.02698544251243,16.6736463925798
0.0260258772533015,16.6753756162386
0.0248911502713545,16.6767927905843
0.0236041877677518,16.6781487017165
0.0221606740326822,16.679534732647
0.020568519025885,16.6809944038528
0.0188336369958203,16.6825667452592
0.0181608531860403,16.683181150027
0.0175009261013614,16.6837955547948
0.0149866079227818,16.6863124050481
0.0122115653783616,16.6895200918584
0.0100889357729769,16.6924194214525
0.00844999979845692,16.6950465481904
0.00712452121670288,16.6975230423708
0.00597191077354906,16.7000335911227
0.00496346808895026,16.7026094628241
0.00412603188285812,16.7051237836319
0.0034264225847462,16.7075871915338
0.00282483528345389,16.7100705018125
0.00227948888416105,16.7127260148044
0.00173818449148145,16.7159027666074
0.00145087569522795,16.7178948465749
0.00119777169484394,16.7198869265425
0.000993489156393697,16.7217008518673
0.000819600768875787,16.7234271256953
0.000661515877102707,16.7251772349969
0.000509111813118737,16.7270675400381
0.000350024697086263,16.7293116813601
0.000141816261265576,16.7328224558034
-3.22162144664185e-05,16.7365117116167
-0.000149910244636649,16.7396461586886
-0.000245506173669954,16.7428469253322
-0.000329056253037377,16.7465771019984
-0.000395934601756072,16.7513803067356
-0.000415647636883436,16.756553448297
-0.000379387841632302,16.7611597629871
-0.000289486118837626,16.7653489394746
-0.000144957689595077,16.7691432882185
5.70298882883593e-05,16.7725894530268
0.000320286706030257,16.7757301774307
0.000650254170497666,16.7786138884822
0.00105487749359067,16.7812919194072
0.00154574236068854,16.7838164913654
0.00214013489418307,16.7862423836902
0.00287032238480072,16.7886474552886
0.00378747058622365,16.7911169289657
0.00496957258186205,16.793742597345
0.00644938217574642,16.7964754908455
0.00805474717791498,16.7989729439028
0.00963655563244246,16.8010803590731
0.0112210502270841,16.8029090075733
0.0129020615666507,16.8045945765465
0.0146966372456676,16.8061557143636
0.0166739595192502,16.8076447746229
0.0188521312332464,16.809060846357
0.0212805771232793,16.8104211994904
0.0239915322456532,16.8117277307361
0.0270281375708016,16.812985845481
0.0304351369356735,16.8141989133009
0.0342578964509928,16.8153686797385
0.0385561853856753,16.81649944707
0.043394676476415,16.8175942309318
0.0488468718594407,16.8186558392979
0.0550057371153701,16.8196883999194
0.0619797140858335,16.8206956780149
0.069900672639122,16.8216817829523
0.07893121920412,16.8226512640164
0.0892759034710245,16.8236093395575
0.101200325021707,16.8245623880473
0.115056114076671,16.8255182253462
0.131329747672536,16.8264871878763
0.15073407984953,16.8274840634049
0.173302044915492,16.828486749492
0.199533774689644,16.829500707262
0.230216096329437,16.8305404468637
0.266488626114374,16.8316286869257
0.308860825945621,16.8327721353055
0.350385942348929,16.8338135591524
0.385022433646216,16.8346586220681
0.414915855773675,16.8353991170434
0.441065893508825,16.8360845055033
0.463679831199374,16.8367431755545
0.482544860050415,16.8373970578226
0.497053870205061,16.8380681875046
0.506002428544215,16.8387850407737
0.506899389255156,16.8395961222347
0.497030312621927,16.8404244086277
0.475212307714106,16.8412794133744
0.439934402142863,16.8421735635422
0.389466109517345,16.8431159902102
0.345586478656476,16.843789991637
0.296096700707686,16.8444639930638
0.251848500682365,16.8450227610012
0.214072051162589,16.8454840333581
0.180965920394688,16.8458864403452
0.151341631339806,16.846252585984
0.12449990337849,16.8465958976007
0.0999743047020272,16.8469257040961
0.0773996328088989,16.8472498383122
0.0564220368917069,16.8475767101326
0.0365597462774413,16.8479190670144
0.0166432074280803,16.8483097219153
0.00815660722642846,16.8484964954847
0.000323900279656095,16.848683269054
-0.00808440169642946,16.8489031087834
-0.0147091943742959,16.8490941726849
-0.0205764536542048,16.8492800887139
-0.0265099678330652,16.8494883757179
-0.0322558938953811,16.8497152639963
-0.0376481861353778,16.8499583196527
-0.0425947264296729,16.8502166260603
-0.047047402422096,16.8504902624822
-0.0509801774944555,16.85078000954
-0.0545065129071112,16.8511003380145
-0.0573282965329426,16.85142490434
-0.0596370922850142,16.8517707775741
-0.0614478399618238,16.8521410776606
-0.0627745382795209,16.852539396854
-0.0636306296966973,16.8529701647126
-0.064027514142917,16.8534388942731
-0.0639729242543884,16.8539525462689
-0.0634688865753739,16.8545201038456
-0.0625060996866973,16.8551550147307
-0.061060945982139,16.8558745247171
-0.0590855225163635,16.8567044378341
-0.0564818117020462,16.8576883754362
-0.0530099796360849,16.8589205215958
-0.0489630290949185,16.8603168852559
-0.0450485993298772,16.8616657645607
-0.0413168588538257,16.8629725582464
-0.0377919169352766,16.8642399491135
-0.0344857905099396,16.8654690122953
-0.0314034410371388,16.8666600037029
-0.0285450634700838,16.8678127777572
-0.0259073370234697,16.8689270070105
-0.0234842493922883,16.8700022954511
-0.0212677304501808,16.8710382322321
-0.0192481861224768,16.8720344101416
-0.0174149666081248,16.872990421873
-0.0157567795186636,16.8739058412379
-0.0141804440090887,16.8748294636892
-0.0126642421110626,16.8757768345841
-0.0112124393243332,16.8767497043181
-0.00982891986953612,16.8777502569437
-0.00851735492620486,16.8787810605458
-0.00728114989350752,16.8798451642316
-0.00612339056554245,16.880946225289
-0.00504678647166773,16.8820886812127
-0.00405361096979895,16.8832779880734
-0.00314563704030523,16.884520960264
-0.00232406663814247,16.8858262712687
-0.00158944948244357,16.8872052224109
-0.000941583270342942,16.8886729839779
-0.000379378899877079,16.8902507321111
7.97746234522385e-05,16.8918895812938
0.00044360859998613,16.8935798005136
0.000728065969287943,16.8953398426439
0.000947744841368308,16.8971924701654
0.00111653046296789,16.8991685003112
0.00124811639971493,16.901312448023
0.001356861159654,16.9036946764697
0.00145965474848471,16.9064429350291
0.00158211567731256,16.9098576466359
0.00173068288575942,16.9136194759893
0.0019181753880898,16.9177428966304
0.00212081046916814,16.9217209113862
0.00233297064142706,16.9256003638218
0.00255275738978388,16.9294618014953
0.00277931074891454,16.9333592080872
0.00301296549631505,16.937333704942
0.00325513204689279,16.9414203016469
0.00350810946075937,16.9456513682762
0.00377492047405507,16.950058747921
0.00405922478269618,16.9546753976681
0.00436536580046503,16.9595368747899
0.0046986163901982,16.9646826253306
0.00506325189955366,16.9701206123358
0.00543206780338529,16.9753932077151
0.00581638442439534,16.9806310346757
0.00621505231016436,16.9857730766045
0.00663284092135275,16.9908371018281
0.0070737086117425,16.9958244908896
0.00754261499649873,17.0007437379845
0.00804473462062897,17.0055998466936
0.008585692406617,17.0103962876058
0.00917157295933331,17.0151342932408
0.00980905181670101,17.0198134372299
0.0105056711931486,17.0244331081342
0.0112875161768714,17.0290921006734
0.0121683183131167,17.0337784342072
0.013170330765681,17.0385097518568
0.0143245242695329,17.0433184751555
0.0156819086187237,17.0482819640288
0.0173491873644466,17.0536062274248
0.0197095635123409,17.060141356191
0.0213623103231319,17.0642782466385
0.0230855733773517,17.068415137086
0.0245731849618793,17.0720106772695
0.025822536678379,17.0752241043969
0.0268650306016113,17.0782671373466
0.027676307152903,17.0812062373479
0.0282203767364411,17.0840302497201
0.0284938208373635,17.0868611269807
0.0284621677594439,17.0898617594873
0.0279996190740378,17.0934042312484
0.0272023972176828,17.0966615861434
0.0261075956071583,17.0999189410384
0.025018121607388,17.102633068112
0.0239435102850252,17.105060751923
0.0228696135017009,17.1073507673084
0.02179542229105,17.1095666759539
0.0207238480410253,17.1117424230694
0.019658563674647,17.1138997515545
0.0186032269155841,17.1160542150144
0.0175612757652311,17.11821781655
0.0165358746840659,17.1204003841916
0.0155299094879929,17.1226103676959
0.014545993837172,17.1248553488265
0.013586480892632,17.1271423881214
0.0126534767286929,17.1294782752193
0.0117488464993298,17.1318697411268
0.0108742278674567,17.1343236206486
0.0100310396097845,17.1368470095621
0.00922048992010411,17.1394474186619
0.00844358633970654,17.142132928431
0.00768105409779053,17.1449908629973
0.00693487795831897,17.1480474975124
0.00620884536770653,17.1513270176898
0.00550692584590587,17.1548574557775
0.00483325940841002,17.1586712954254
0.00419208644102051,17.1628063976191
0.00358763388971996,17.1673073313499
0.00302393774696439,17.1722275599066
0.00250458010937973,17.177633523734
0.00203242752594242,17.1836115726444
0.00160954058581787,17.1902777575871
0.00124975730707768,17.1975049062472
0.000959827536927235,17.2053325995243
0.000727087903617211,17.2144160416985
0.00058521790161558,17.2221804175894
0.000457975281089454,17.2316541172956
0.000364996471144837,17.2416541172956
0.000303016271045591,17.2516541172956
0.000263387741501482,17.2616541172956
0.000239785296090249,17.2716541172956
0.000227710386414321,17.2816541172956
0.00022410619726696,17.2916541172956
0.000226990953375299,17.3016541172956
0.000235152601053883,17.3116541172956
0.000247933111795968,17.3216541172956
0.000265097119016714,17.3316541172956
0.000286766242075617,17.3416541172956
0.000313404123419622,17.3516541172956
0.000345847427970655,17.3616541172956
0.000385389600078733,17.3716541172956
0.000433937805416379,17.3816541172956
0.000489539671662178,17.3909301113484
0.000552805148569475,17.3995073580771
0.000624665060241464,17.4074375126991
0.000706246246447111,17.4147695769644
0.000798851341922639,17.4215491070228
0.000903963721075411,17.4278184825321
0.00102326596071579,17.433617165557
0.00115866443976193,17.4389819172289
0.00131231860625287,17.4439469812638
0.00148667298035932,17.448544261885
0.00168449676850088,17.4528034955504
0.00190892847120054,17.4567524128143
0.00216353081332289,17.4604168858205
0.00245235643863572,17.4638210775092
0.00278002968561488,17.466987597777
0.00315185075861023,17.4699376625641
0.00357392851728554,17.472691261064
0.00405335815431184,17.4752673472338
0.00459846431009607,17.4776840659931
0.00521914466025777,17.4799590352973
0.00592670684666543,17.4821078681153
0.0067070569932919,17.4840825017414
0.00756884760698524,17.4859149433788
0.00852517671204291,17.4876371557595
0.00959567342038455,17.4892816756187
0.010813035329231,17.490887246244
0.0122690749696397,17.4925423481203
0.0142196038151863,17.4944486919814
0.0160198322974875,17.4959991512781
0.0179809328347365,17.4975496105747
0.0197490977483007,17.4988860962837
0.0212922713012601,17.5000515699308
0.0226759393020647,17.501139083297
0.0239150308174608,17.5021987909192
0.0249996331777657,17.5032683341093
0.0259021289223287,17.5043895869199
0.0265688758212145,17.5056292886242
0.0268733541074986,17.5071542535012
0.0265398411852958,17.5089143683461
0.0255824339557617,17.510674483191
0.0244537132186492,17.5121076902269
0.0231779603171217,17.5134733869004
0.0217498234755674,17.5148662988465
0.0201771903316837,17.5163303801888
0.0184663748102876,17.5179042569618
0.0171287820881136,17.5191576064975
0.0158606597928696,17.5204109560333
0.0132778266479294,17.5232298903501
0.0109250549496377,17.5262221489981
0.0090998685237079,17.5289491885893
0.00765138752368458,17.5314754702712
0.00642326774068169,17.5339694423524
0.00535025298619562,17.5365160920294
0.00446093055414439,17.5389870770533
0.00371734006206081,17.5413990585075
0.00307929232149563,17.5438125052524
0.0025071607885823,17.5463461740303
0.00192948319626989,17.5494003602609
0.00160122664113433,17.5514421228117
0.00131252455857159,17.5534838853624
0.00108339496369379,17.5553127385329
0.000892505791694745,17.5570124771408
0.000721278517873919,17.5587046838119
0.000558271070444182,17.5604961468511
0.000391768858652348,17.5625516162664
0.00019438711136715,17.5653706223977
-4.13316166161205e-05,17.5695085438338
-0.000196771051442318,17.5729457306029
-0.000314439561602849,17.5761552174087
-0.000420062046776228,17.5797895130878
-0.00051715813440194,17.5844355936918
-0.000578426876128918,17.589823891406
-0.000580800767155883,17.5945617882205
-0.00052974986418028,17.5988758885525
-0.000424716715853236,17.6027751885771
-0.000263153461315988,17.6063098653068
-4.13493234687573e-05,17.6095248171966
0.000245865230483041,17.612469851445
0.000606209587618818,17.6152001090338
0.00105123844686129,17.6177727678266
0.00159920139577624,17.6202512486903
0.0022823815525338,17.6227180048325
0.00316926739394895,17.6253118287775
0.00439964732411736,17.6282474512045
0.00594457171969827,17.6312893742592
0.00722623787405847,17.6334505856068
0.00869024783600005,17.6356117969545
0.0101841312372322,17.6375332236049
0.0117136988243937,17.6392477363058
0.0133756573132236,17.6408681289255
0.0151724361341198,17.6423860009287
0.0171687383812625,17.6438429006278
0.0193882464506381,17.6452382202455
0.0218715918459724,17.6465807572581
0.0246543505854182,17.6478731209244
0.0277737211605193,17.6491172010709
0.0312765762420975,17.6503170457368
0.0352101521192499,17.6514746644211
0.0396317308723595,17.6525932489069
0.044609304097807,17.6536763909749
0.0502209892196012,17.6547273919425
0.0565593580245319,17.6557497242467
0.0637354201003171,17.6567470959288
0.0718869762058225,17.6577238756142
0.0811828324976658,17.6586846656767
0.0918356622437349,17.6596347328794
0.104119736797166,17.660580336843
0.118398550912011,17.6615292113983
0.135176171305658,17.6624916742677
0.155188882563246,17.6634823683014
0.178421477014115,17.6644772667316
0.205420868133591,17.6654835484172
0.236991407119804,17.6665154661462
0.274298677963207,17.6675955218404
0.317975023131395,17.6687336175263
0.359763658289149,17.6697478868963
0.394464337418336,17.6705699546305
0.424391433273937,17.6712922096995
0.450559388858397,17.6719630314793
0.473164593290595,17.6726103410852
0.491967941897959,17.6732561788723
0.506308665326041,17.6739235027342
0.514855423085801,17.6746435794676
0.514845702179805,17.675454540711
0.50379135775096,17.6762796605605
0.480485962224225,17.677135369808
0.443324261500757,17.6780340366202
0.390480248768925,17.6789845583797
0.346006518357176,17.6796473919073
0.296165200199964,17.680310225435
0.251724199009477,17.68086071654
0.213786812807414,17.6813164628895
0.180544326891404,17.681714838618
0.150805904542404,17.6820778405301
0.123867374326395,17.6824186311721
0.0992565819015786,17.6827464330345
0.0766011211387332,17.6830690865672
0.0555348673360062,17.6833951808684
0.0355442932825712,17.6837381579708
0.0153017142022465,17.6841347841023
0.00684037094529454,17.6843214152342
-0.000958690911297614,17.6845080463661
-0.00876719345385393,17.6847124934798
-0.015269652038954,17.684899648797
-0.0211943150112224,17.6850870820028
-0.0271518174069968,17.6852962364992
-0.0328976326458938,17.6855235123659
-0.0382753209800908,17.685766704944
-0.0431984121282949,17.686025039022
-0.0476221329365111,17.6862986843181
-0.0515238267755781,17.6865884857929
-0.0550776087087268,17.6869153539433
-0.0578558622463722,17.6872407495032
-0.0601198105142226,17.6875876230845
-0.0618855302226343,17.6879592497406
-0.0631672003374955,17.6883593146724
-0.0639782425733141,17.6887923670281
-0.0643298258742784,17.6892640811786
-0.0642291906089009,17.6897816436457
-0.0636773150648678,17.6903545137809
-0.0626632974538175,17.690996555769
-0.0611609194308122,17.6917259168807
-0.0591172039979525,17.6925701338228
-0.0564220642870362,17.6935769582529
-0.0527922232540036,17.6948555879832
-0.0487412826946829,17.6962475776491
-0.0448289708793028,17.6975936595883
-0.041102266175049,17.698898448072
-0.0375837507608384,17.7001642891175
-0.0342847114534107,17.701392073078
-0.0312097212293434,17.7025819507575
-0.0283587487535108,17.7037337149344
-0.0257283313500829,17.7048470009534
-0.0233123634354952,17.7059213896991
-0.0211027119692283,17.7069564555111
-0.0190897407836656,17.7079517812609
-0.0172627729950538,17.708906952569
-0.015610500518844,17.7098215377244
-0.0140379892053765,17.7107455271816
-0.0125257720639104,17.7116932906414
-0.0110780947396572,17.7126665931613
-0.00969884089633317,17.7136676242242
-0.00839168135773558,17.7146989590359
-0.00716002162331071,17.7157636558744
-0.00600694824527941,17.7168653838989
-0.00493517248065925,17.7180085961326
-0.00394697084396753,17.7191987692759
-0.00304412157587278,17.7204427457059
-0.00222783500670698,17.7217492379077
-0.0014986738925425,17.7231296034751
-0.00085645609492822,17.7245990976123
-0.000300123989184897,17.7261790324682
0.000152670366390298,17.7278185755608
0.000510388951170129,17.7295098347813
0.000788887579137165,17.7312712769002
0.0010026946175989,17.7331257777163
0.0011656160430708,17.7351043383719
0.00129124783772821,17.7372518011083
0.0013938148794628,17.7396391859977
0.0014899986164165,17.7423958541302
0.00160504103628544,17.7458281258426
0.0017453438216716,17.7495923992909
0.00192439152799233,17.7537262046928
0.00212146117906009,17.7577622664165
0.00232618457887611,17.7616552589666
0.00253698759282432,17.7655025034191
0.00275329746493104,17.7693661837676
0.00297560569267863,17.7732912208109
0.00320536061110993,17.777314359461
0.00344479585163591,17.7814685631147
0.00369677841290329,17.7857855216834
0.00396471928754695,17.7902974206695
0.00425258984409465,17.7950384539787
0.00456510233306642,17.8000462377848
0.00490813202688358,17.8053630733851
0.00526837379199032,17.8107261706498
0.00563911968175052,17.8159947076326
0.00602463138424906,17.8211907755176
0.00642707314878337,17.8262993512371
0.00685067609894556,17.8313290826826
0.00729992655499807,17.8362864148225
0.00777980437070782,17.8411780968861
0.00829563478544009,17.8460085753211
0.00885318004735604,17.8507802203594
0.00945872358775415,17.8554934293033
0.0101192001926171,17.8601471791242
0.0108496772722134,17.8647840439481
0.0116710101649918,17.8694539423672
0.0126003214514682,17.8741575752797
0.0136628988165787,17.87891699642
0.0148964111935511,17.8837794007642
0.0163684819081131,17.88886036788
0.0182469710299251,17.8945081887923
0.0206682387283787,17.9008793539796
0.0222153652931287,17.904646647548
0.023789995039637,17.9084139411165
0.025160484020434,17.9117966380387
0.0263161673154849,17.9149135086328
0.0272664349069659,17.917928484856
0.027957306377011,17.9208018541389
0.02838199003531,17.9236126971709
0.0285260072091473,17.9264940924961
0.0283288039928612,17.9296613149881
0.0275175081839959,17.9338687177628
0.0266567220473163,17.9367211776713
0.0255954884276068,17.9395736375799
0.0245204656781126,17.9421146008212
0.0234470990164262,17.9444661404934
0.0223727480705901,17.9467161976363
0.0212992416888275,17.9489101962293
0.0202300360550829,17.951075212689
0.0191688415998595,17.9532296443589
0.018119224261398,17.9553871684622
0.0170844962013275,17.9575586528311
0.0160676903922638,17.9597532123983
0.0150715629246591,17.9619788502366
0.0140986045216429,17.9642428763472
0.0131510496270326,17.9665522119954
0.012230889704934,17.9689136118359
0.0113398833050986,17.9713338494993
0.0104795614137559,17.9738198925695
0.0096512448185232,17.9763790337506
0.00885604523914644,17.9790190679943
0.00808643319677519,17.9817799877934
0.0073310932179338,17.9847287198639
0.00659387688242372,17.9878870829236
0.00587864801592357,17.9912810517825
0.00518946079851085,17.9949406845133
0.0045305142989892,17.9989008896064
0.00390606144271387,18.0032025233248
0.00332026588245404,18.0078940687601
0.00277699559674076,18.0130344722977
0.00227952178343609,18.0186986826724
0.00183033071869737,18.0249859661283
0.00143589327579247,18.0319363718237
0.00119192304261681,18.0372764494372
0.000999155027420142,18.0426165270506
0.000801747788230822,18.049853952067
0.0006331912917549,18.058190651352
0.00049895272421019,18.0673357685769
0.000396732122285615,18.0773357685769
0.000328734581523282,18.0873357685769
0.000285392957553145,18.0973357685769
0.000259753040997754,18.1073357685769
0.000246888887980655,18.1173357685769
0.000243465011100926,18.1273357685769
0.000247333866141132,18.1373357685769
0.000257205567496025,18.1473357685769
0.000272417150788646,18.1573357685769
0.000292795927038535,18.1673357685769
0.00031859855714217,18.1773357685769
0.000350512447342434,18.1873357685769
0.00038971889755213,18.1973357685769
0.000438033591961658,18.2073357685769
0.00049390209100201,18.2166825870804
0.000557575567765162,18.2253255558412
0.000629937892337943,18.2333143674576
0.000712100194017236,18.2406988112429
0.000805360475213872,18.2475252048498
0.000911203024899643,18.2538365838366
0.00103131470400776,18.2596729809049
0.00116760872908968,18.2650716598764
0.00132225390049634,18.2700673096591
0.00149770655460538,18.2746922311399
0.00169675062743311,18.2789765169992
0.00192254254770123,18.2829482213049
0.00217866718789065,18.2866335118322
0.00246920414725805,18.290056823306
0.00279881115238913,18.2932410185574
0.00317283022328875,18.2962075532105
0.00359742322964739,18.2989766477652
0.00407975422174941,18.3015674858383
0.00462823950496292,18.3039984501415
0.00525290267678036,18.3062874178013
0.00596383470799152,18.3084464347388
0.006748175297863,18.3104319462516
0.00761496181113611,18.3122764688107
0.00857788119539531,18.3140125661181
0.00965769795136664,18.3156738914111
0.0108896675408085,18.3173015991183
0.0123767566415394,18.318994852703
0.0144179573286918,18.320990787056
0.0161678415642169,18.322504256654
0.0180584835809751,18.324017726252
0.0197644865423081,18.325332736991
0.021264649188318,18.3264948850216
0.0226110966927218,18.327586745218
0.023813749551528,18.3286555753536
0.0248602756904386,18.3297389709642
0.0257206013195768,18.3308807269036
0.0263362105166782,18.3321539883331
0.0265607940274031,18.3337565899387
0.0261501906392152,18.3354757858422
0.0251735962504937,18.3371949817456
0.0240386393854412,18.3386222752107
0.0227572432806107,18.339994968842
0.0213269404866863,18.3413984457751
0.0197561366560981,18.3428750336398
0.0180509468063714,18.3444634464834
0.0162376616879693,18.3462141108786
0.0147984644103189,18.3477099522609
0.0122155407987791,18.3507168520103
0.0101081667114747,18.3535940619896
0.00846275467774691,18.3562255480738
0.0071308755119789,18.3587062712019
0.00597213079466019,18.3612204503636
0.00497441540286833,18.3637535500727
0.00412797486976756,18.3662738572303
0.00338254681623279,18.3688865248892
0.00269007333271001,18.3717788387716
0.00221143344257104,18.3741450119882
0.00179976430951117,18.3765111852048
0.00150099144839963,18.3784824432136
0.00126051270446579,18.3802691145695
0.00104913102883692,18.382024373668
0.000851570518338981,18.3838594576621
0.000654309352854131,18.3859277326106
0.000431781377611568,18.3886304608703
0.000142122064295632,18.3929961756212
-4.85269781169602e-05,18.3967036366324
-0.000184633030982803,18.4000398916216
-0.000302192231994723,18.4037394727328
-0.000406411330917,18.4084012732198
-0.000468321795441673,18.4137051122118
-0.00046758567372976,18.4183901858562
-0.000410790852689689,18.4226623933477
-0.000298147076421768,18.4265362184995
-0.000127702420812491,18.4300558501673
0.000104386304664343,18.4332716778599
0.000403550495143287,18.4362319862642
0.000777719833457438,18.4389884904544
0.00123933117819489,18.4415992047449
0.00180957975859951,18.4441345430603
0.00252270166632832,18.4466739477627
0.00344447906880041,18.4493397828771
0.00468979967887704,18.4522882431717
0.00624806224711671,18.4553355590287
0.00781693256833395,18.4579171641024
0.00929012145965816,18.4600000174719
0.0107593962307527,18.4618046705691
0.0123326427270329,18.4634851564494
0.0140468835865631,18.4650720572325
0.0159194402013903,18.4665697035527
0.0180063364709076,18.4680083172739
0.0203273819192699,18.4693846093043
0.0229286536414281,18.4707099938871
0.0258430742437719,18.4719851589428
0.0291130298956427,18.4732137286025
0.0327859630138883,18.4743990304968
0.0369118639697713,18.4755432229882
0.0415531168364892,18.4766499534185
0.0467819577332495,18.4777227221176
0.0526827834662067,18.4787649768927
0.0593560768004191,18.4797803355493
0.0669238285801749,18.4807727796288
0.0755375993559865,18.4817468900369
0.0853855476878299,18.482707659879
0.0967079437510939,18.4836609346047
0.109820137611894,18.4846138618441
0.125150227223681,18.4855756092324
0.143312109736927,18.4865589845393
0.164697846682085,18.487559422335
0.189511424496571,18.4885668320536
0.218453219665243,18.4895938117697
0.252499234221091,18.4906590674612
0.293208770628252,18.4917959282833
0.328179011306765,18.4926956006281
0.364768324227188,18.4935952729728
0.397326351611694,18.4943881334754
0.425801742449271,18.495102780798
0.450674985499696,18.4957744756352
0.471973663812561,18.4964280329747
0.48934741535049,18.4970848195882
0.502004577440401,18.4977684382193
0.508385313608758,18.4985126017104
0.505557504931736,18.4993314977314
0.49154216853626,18.500167237538
0.465056033085982,18.5010349015707
0.424480171850827,18.501945462387
0.368034823726665,18.5029081200973
0.325861899405208,18.5035163351895
0.279538290575671,18.5041245502817
0.238015430113873,18.5046396680636
0.202069641675548,18.5050760167868
0.170278913210009,18.5054633610043
0.141685680012641,18.5058199593341
0.115694564779654,18.5061573593709
0.0918854261377115,18.5064841223402
0.0699066409791066,18.5068080291766
0.0493808212270914,18.507138403417
0.0296986393436431,18.5074918124029
0.00879588762436468,18.5079264040958
-0.000753731709442381,18.5081547761069
-0.00935872529236909,18.508383148118
-0.0158010881937101,18.508572224587
-0.0217165629384008,18.5087632819826
-0.0276329172544967,18.5089756804594
-0.0333181018534963,18.5092059867027
-0.038625099472179,18.5094521526415
-0.0434730809528997,18.5097135085521
-0.0478206339707524,18.509990300333
-0.051643361546782,18.5102834346409
-0.0549470558809676,18.5105961979529
-0.0576785293641446,18.5109240509857
-0.0599004491085877,18.511273821912
-0.0616266200357222,18.5116485937625
-0.0628710621835347,18.5120520909616
-0.0636469874255103,18.5124889135876
-0.0639652937763153,18.5129647994585
-0.0638328922966374,18.5134870165175
-0.063250229993003,18.5140652321086
-0.0622058195786883,18.5147134150311
-0.0606727392429416,18.5154499795791
-0.0585968460979704,18.5163029469619
-0.0558654278010129,18.5173211821462
-0.0521851203101483,18.5186179393107
-0.0481575977570733,18.520004860537
-0.0442736256491488,18.521345994032
-0.04057793288182,18.5226457442096
-0.0370918582748788,18.5239064023242
-0.0338258988459114,18.5251288441515
-0.0307840401062156,18.5263132250894
-0.0279657787727262,18.5274593511273
-0.025367265568634,18.528566873762
-0.0229820830047333,18.5296353897197
-0.0208018560015365,18.5306644868299
-0.0188167722084312,18.5316537576849
-0.0170160396913531,18.5326027927622
-0.0153882907079695,18.5335111593948
-0.0138231040160088,18.5344387243578
-0.0123189423287443,18.5353902399732
-0.0108798810375738,18.5363675991662
-0.00950977477172993,18.5373730442222
-0.00821225589447619,18.5384092166439
-0.00699068269977243,18.5394792578612
-0.00584808525940895,18.5405869428186
-0.00478710845408311,18.5417368613773
-0.00380995169925323,18.5429346707899
-0.00291830422072048,18.5441874574404
-0.0021132735570122,18.545504273394
-0.00139530280630057,18.546896966443
-0.00076406785997418,18.5483815332568
-0.000218336489921955,18.5499804787496
0.000220918571107033,18.5516266553165
0.000567775429371182,18.5533274698526
0.000837779298791355,18.5551015776396
0.00104535633803443,18.5569728694843
0.00120428761006329,18.5589739975483
0.00132826456212061,18.5611527584782
0.00143183406275766,18.5635861718269
0.00153257906073002,18.5664186604251
0.00165910972098366,18.5700147978289
0.00180906040594542,18.5738062619774
0.00199137473719471,18.5778078709556
0.00218893461049372,18.5817002436139
0.00239866242196362,18.5855634961562
0.00261813209238723,18.5894549155709
0.00284616548497423,18.5934172779221
0.00308293898396234,18.5974863728455
0.00332982957796472,18.6016949170428
0.0035892059224972,18.6060748499742
0.00386425607721828,18.6106589797129
0.00415892896576489,18.6154824998895
0.00447806028700754,18.6205843338569
0.00482779020417461,18.6260084974289
0.0051864920322107,18.631363649833
0.0055570156575816,18.6366551039088
0.0059406428545156,18.6418580640972
0.00634087744762292,18.6469758998864
0.00676170395256913,18.6520139723995
0.00720768369648283,18.6569803413082
0.0076836870560246,18.6618814405854
0.00819493258651698,18.6667217074403
0.00874704547662741,18.6715033758613
0.00934616812182879,18.676226812014
0.00999908604852471,18.6808909859873
0.0107179183602448,18.6855220134073
0.0115255676095204,18.6901882973534
0.0124378524174673,18.6948857655793
0.0134788786301227,18.699634670454
0.014683676673766,18.7044763616618
0.0161131034899555,18.7095108263947
0.0179083562337689,18.7150242820916
0.0203285568702159,18.7215026357471
0.0219033889596866,18.7253695213477
0.0235199857839785,18.7292364069483
0.0249328544608344,18.732690566945
0.0261246566373752,18.7358406556535
0.027111444175479,18.7388635037256
0.0278496661841529,18.7417598038302
0.0283218052956107,18.7445729878031
0.0285180670679105,18.7474304665938
0.0283897958194603,18.7505222030012
0.0277428912188838,18.7543959223861
0.0269092072481417,18.757400988096
0.0258389389144152,18.7604060538059
0.0247595382513757,18.7630186582904
0.0236859315881223,18.7654040396191
0.0226117193904485,18.767672401361
0.0215377078847305,18.7698765752078
0.0204671497656657,18.7720466416307
0.019403749835329,18.774202509222
0.0183511207179693,18.7763587201545
0.0173126349463321,18.7785266754942
0.016291387696457,18.7807158333049
0.0152901958048155,18.7829344206972
0.014311607897435,18.7851898931138
0.0133579137977284,18.7874892608577
0.0124311586558427,18.7898393235127
0.0115331514308928,18.7922468685028
0.0106654726148496,18.7947188454074
0.00982949039637164,18.7972625033595
0.00902636196816375,18.7998855686392
0.00825406778829402,18.8026073218768
0.00749517389086348,18.805512546287
0.00675356107810047,18.8086221045924
0.00603304294065177,18.8119611631222
0.00533763244683137,18.8155588148181
0.00467150063471367,18.8194488124871
0.00403889602453892,18.8236705801501
0.0034440163138468,18.8282707117831
0.00289081437820977,18.8333054868534
0.00238271491145525,18.8388456732581
0.00192238418815219,18.8449842160515
0.00151268719318905,18.8518281181507
0.00124003186052585,18.857504013165
0.00102604677393022,18.8631799081792
0.000811478066265565,18.8708407488282
0.000645821933590873,18.8788667161597
0.000507051008805798,18.8880462018911
0.000401611048262625,18.8980462018911
0.000331178459396077,18.9080462018911
0.000285933533390721,18.9180462018911
0.000258721864508582,18.9280462018911
0.000244459464548827,18.9380462018911
0.000239686527908396,18.9480462018911
0.000242153368776586,18.9580462018911
0.000250477641492095,18.9680462018911
0.000263901741391535,18.9780462018911
0.000282144503464148,18.9880462018911
0.000305326977325318,18.9980462018911
0.000333956056162518,19.0080462018911
0.000368961216003705,19.0180462018911
0.000411793054335731,19.0280462018911
0.000463101312129945,19.0377816954638
0.000521697274762919,19.0468032571727
0.000588272381725113,19.0551460949371
0.000663807433045138,19.062860635312
0.000749475850831797,19.0699943801252
0.000846629219304805,19.0765915218781
0.000956806242466539,19.0826932073899
0.001081752639477,19.0883377772184
0.001223447188182,19.0935609622142
0.00138413135414059,19.0983960594575
0.00156634367702391,19.1028741049974
0.00177296042319696,19.1070240409537
0.00200724389032411,19.1108728689914
0.00227289913743461,19.114445793058
0.00257414525681771,19.1177663688605
0.00291580254677367,19.1208566601725
0.00330340456678436,19.1237373961793
0.00374334315674522,19.1264281429254
0.00424306267912806,19.1289475030129
0.00481132931380882,19.1313133531137
0.0054586164594125,19.1335431492086
0.00618848149848531,19.1356303425576
0.00699339340141475,19.1375536424248
0.00788314989072618,19.1393447960591
0.00887237323489918,19.1410353935958
0.0099835490221242,19.142658824285
0.0112556859245057,19.1442574172764
0.012821836706062,19.1459541376574
0.015047046730781,19.148020439091
0.0167530602895745,19.1494284751253
0.0185776638618748,19.1508365111596
0.0202680642695478,19.1521018177169
0.0217684806274229,19.1532365670687
0.023117428442287,19.1543102253751
0.0243207471838207,19.15536677474
0.0253637147392681,19.1564435159113
0.0262131963635337,19.1575862446836
0.0268038508903947,19.1588759762785
0.0269578462884342,19.1605569874648
0.02646895812668,19.162215343822
0.0254567260593218,19.1638737001791
0.0242967390409563,19.1652757000092
0.0229859899077359,19.1666408306146
0.0215235976115808,19.168044973069
0.0199178760294737,19.1695289368451
0.0181738125325787,19.1711325807789
0.0163207324883863,19.1729100630147
0.014444145154556,19.1748746966107
0.0119045899181921,19.1778953462822
0.0098758800189392,19.1807302848812
0.00828676642489705,19.1833306643894
0.00698544801489004,19.1858117522047
0.00585252147492949,19.1883315241252
0.00486105637080418,19.1909197183719
0.00402214376195689,19.1935006253913
0.00328503599455513,19.1961847961261
0.00261522555091483,19.199105420789
0.00215616493962672,19.2014814704759
0.00176225961380072,19.2038575201629
0.0014745926678623,19.2058553368907
0.00124289983453095,19.2076740339604
0.00103953053446826,19.2094657370147
0.000849798439935708,19.2113448642745
0.000660609564820169,19.213473535858
0.000446391796606465,19.2162945892507
0.000177903762147876,19.220755222663
8.31310860803898e-06,19.2244686651561
-0.00011067055187301,19.2278408358816
-0.000209466875573071,19.2316049197558
-0.000287876968065054,19.2363454285625
-0.000315556012667681,19.2415003657127
-0.000282787960595738,19.2460920417764
-0.000193723277590953,19.2502800427002
-4.83599835623954e-05,19.254081619361
0.000155533184340952,19.257542444935
0.000421889162295699,19.260709676969
0.000756154304279659,19.2636288832814
0.00116630428754697,19.2663491069641
0.00166458842492849,19.2689238870228
0.00227102767859627,19.2714153176687
0.00301509195150229,19.2738857596701
0.00394612279996441,19.2764164752981
0.00512620500330835,19.2790678871752
0.00654820847994899,19.281734412782
0.00806740825065975,19.2841442919672
0.00958995640133206,19.2862164293991
0.0111474292889919,19.2880506568784
0.012777452324221,19.2897160470689
0.0145591364619537,19.2912937068044
0.0165166679855264,19.2927915044323
0.0186744091137728,19.2942150502238
0.0210833798279389,19.2955832221213
0.0237698822269492,19.2968950936128
0.0267815722132932,19.298158875501
0.0301605641561551,19.2993770050719
0.0339531264842632,19.3005517717378
0.0382179233548537,19.3016873047268
0.0430191260929147,19.3027866637291
0.0484299823054107,19.3038527467418
0.0545427259977173,19.304889688109
0.0614651655525193,19.3059012906044
0.0693285331556036,19.306891711011
0.078294253537607,19.3078654988929
0.0885675490702415,19.308828077086
0.100413486274543,19.3097858854745
0.114184834627617,19.3107469353215
0.130372083570243,19.3117219034218
0.149699360191185,19.3127262182362
0.172135184736529,19.3137346034038
0.1982271451313,19.3147552902147
0.228773883059784,19.3158034961761
0.264945335599535,19.3169033005135
0.306815773263873,19.318050394521
0.347338986410083,19.3190848694034
0.381403460952518,19.3199325420457
0.410910204862397,19.3206789839647
0.436732650701855,19.3213710078585
0.459036428063944,19.3220362435671
0.477592707936536,19.3226963005137
0.491789578248575,19.3233728681732
0.500432965481191,19.3240936435404
0.501099975302792,19.324904611055
0.491115241811102,19.3257367403607
0.469278037712584,19.3265941466597
0.434113963175282,19.3274889739861
0.383944785308498,19.3284304314512
0.340860400999195,19.3290965133775
0.292360739164897,19.3297625953039
0.248891648313428,19.3303168570701
0.211655770516598,19.3307762401189
0.178948580689552,19.3311780569543
0.14964018834467,19.3315442674482
0.123060173101133,19.3318880272249
0.0987575711287609,19.3322185482594
0.0763762686883398,19.3325436237169
0.0555676876089367,19.3328716898613
0.0358510369411915,19.3332156564179
0.0160384466745709,19.3336092220534
0.00764700040598154,19.3337963397821
-9.79563589947548e-05,19.3339834575108
-0.00831192916109591,19.3342009012144
-0.0148858284253095,19.3343927355434
-0.0207387921885895,19.334580451185
-0.0266460036940203,19.3347904588272
-0.0323582446509209,19.3350190236442
-0.037713358010451,19.3352637618003
-0.0426215915300899,19.3355237931046
-0.0470362427505899,19.3357992247319
-0.0509298718956983,19.3360908610142
-0.0543165936726423,19.336402937711
-0.0571182355031962,19.3367288224545
-0.0594098102684264,19.3370762257177
-0.0612048588480447,19.3374481431036
-0.0625172621454709,19.3378481735709
-0.0633603478412063,19.3382807553082
-0.0637454013889374,19.338751409874
-0.0636800522506613,19.3392671055636
-0.063166211567109,19.3398368620517
-0.0621945119434506,19.3404741137906
-0.0607413896889745,19.3411961008417
-0.0587591715219395,19.3420285966575
-0.0561504980623858,19.3430151141129
-0.0526777700867465,19.3442493593745
-0.0486454274783623,19.3456434746212
-0.044747418056306,19.3469899679835
-0.041033218172386,19.348294183902
-0.0375264374593684,19.349558830461
-0.0342387427333043,19.3507850064073
-0.0311748126539635,19.3519729888792
-0.0283346017329639,19.3531226510897
-0.0257145850226447,19.3542336818636
-0.0233085817392027,19.3553056988118
-0.021108389028904,19.3563383018742
-0.0191043151942805,19.3573310915538
-0.017285646146886,19.358283664912
-0.015641055845695,19.3591955964573
-0.0140685480607806,19.3601212498512
-0.0125565790140336,19.3610707495385
-0.0111093171870959,19.3620459183459
-0.00973063029011247,19.3630489700745
-0.00842416744598009,19.3640825100874
-0.00719330682398848,19.3651496341651
-0.00604110148061234,19.3662540588824
-0.00497022229289936,19.3674002983144
-0.00398289750674099,19.3685939094286
-0.00308084773809957,19.3698418427574
-0.00226521409587462,19.3711529609017
-0.00153647495228341,19.3725388375788
-0.00089434263254888,19.3740150539431
-0.000337622033529455,19.3756034446352
0.000114344548168115,19.3772459856775
0.000472531427797047,19.3789415364949
0.0007527076069783,19.3807086440231
0.000969420809287958,19.3825706314721
0.00113655223274716,19.3845592238565
0.00126786397041709,19.3867205518644
0.00137791869738934,19.3891282325506
0.0014841498621848,19.3919180638463
0.00161409224902923,19.3954205322172
0.00176921535454202,19.3991960135685
0.00195664598965043,19.403182571664
0.00216047596555754,19.4070804437243
0.00237767242266807,19.4109625792678
0.00260562453144061,19.4148827168442
0.00284295614463041,19.4188820342631
0.00308971268930886,19.4229956542248
0.00334723073971231,19.427256169317
0.00361792857976909,19.4316957696611
0.00390513247228204,19.4363478441177
0.0042130280783525,19.4412484714452
0.00454681884543185,19.4464377051116
0.00490955102983101,19.4519060612268
0.00527539032741353,19.4572113801943
0.00565520966095059,19.4624776736149
0.0060481264662465,19.4676465777992
0.0064588162383195,19.4727355094289
0.00689120024216172,19.47774672743
0.00735008529416334,19.4826889155981
0.00784047351148261,19.4875674921304
0.00836776885353238,19.4923862232552
0.00893780451019378,19.4971466551771
0.00955697206650948,19.5018486332853
0.0102323520144029,19.5064908091968
0.0109827824461593,19.5111356620172
0.011826709936972,19.5158112273
0.012782978936954,19.5205240861543
0.0138786699087275,19.5252993472061
0.015155526259354,19.5301933124023
0.0166922311167269,19.5353470358937
0.0187059530830759,19.5412233714412
0.0205489463917418,19.5460183313786
0.0225221937853584,19.5508132913159
0.0241251955777936,19.5546558417887
0.0254462087405145,19.5579662013738
0.0265534003999456,19.5610459323494
0.0274503186769825,19.5640472152913
0.0280765890618496,19.566895232507
0.0284354057585157,19.5697098912335
0.0285047290955815,19.5726350913868
0.0282021184798854,19.5759364170091
0.0272241838100394,19.5803067403243
0.0263345988081337,19.5830240005432
0.0252767639869673,19.5857412607622
0.0242042464339622,19.5882115896887
0.0231308220343846,19.590527399623
0.0220564968117439,19.5927579284574
0.020983906626359,19.5949415012789
0.0199166634472714,19.5971020687126
0.0188584590986353,19.5992563949297
0.0178127927833429,19.6014172092211
0.0167828972922768,19.6035947977303
0.0157717256522693,19.6057979094751
0.0147819559741059,19.6080343225542
0.0138160045263425,19.6103112189938
0.0128760348986103,19.6126354645593
0.0119639696940184,19.6150138203665
0.0110815025643259,19.617453115575
0.0102301027663807,19.6199604206332
0.00941103116705628,19.6225431819745
0.00862534309494411,19.6252093975628
0.00785950223491869,19.6280228911431
0.0071090534793306,19.6310301042426
0.00637781883001794,19.6342541085511
0.00566972012673465,19.6377219850775
0.00498885906399994,19.641465094883
0.0043394576287952,19.6455199345816
0.00372575814263641,19.6499293322134
0.00315185686557597,19.6547444127306
0.00262148072446224,19.6600279285249
0.00213767563852568,19.6658607609384
0.00170268333614496,19.6723509263902
0.0013271703539471,19.679448916036
0.00102105235605939,19.6871215031582
0.000817185078504565,19.6942960781882
0.0006459090255494,19.7024182162739
0.000505004096703201,19.7115561305408
0.000396926046708584,19.7215561305408
0.000324187059916766,19.7315561305408
0.000276843129682343,19.7415561305408
0.000247643654905093,19.7515561305408
0.000231401922699087,19.7615561305408
0.000224553358087235,19.7715561305408
0.000224746195005516,19.7815561305408
0.000230494935910499,19.7915561305408
0.00024092805250899,19.8015561305408
0.000255626884364795,19.8115561305408
0.000274535580519016,19.8215561305408
0.000297923403968639,19.8315561305408
0.000326389997565015,19.8415561305408
0.000360914564912801,19.8515561305408
0.00040296062661045,19.8615561305408
0.000453299425192546,19.8713120107266
0.000510736086940387,19.8803553746011
0.000575973546899668,19.8887202890443
0.000649990024444713,19.8964568012572
0.000733947179926486,19.9036121444111
0.000829178881019047,19.9102303076626
0.000937201309343598,19.9163522819003
0.00105973313423802,19.9220162872964
0.00119872128269065,19.9272579629395
0.00135637024514487,19.9321105363939
0.00153517563346778,19.9366049903192
0.00173796397969487,19.9407702241798
0.00196793954015554,19.9446332043247
0.00222873955601984,19.9482191039812
0.00252450297470809,19.9515514487039
0.00285995442677425,19.9546522681801
0.00324051179082782,19.957542249554
0.0036724245206758,19.9602409028612
0.00416295808830672,19.9627667518895
0.00472064798315646,19.9651375594402
0.00535566031469694,19.967370612807
0.00607525426557072,19.9694696143912
0.0068685664554902,19.9714007205479
0.00774466460069995,19.9731953301685
0.00871711668557029,19.974884613822
0.00980638365123917,19.976500658905
0.0110468880538666,19.9780823530661
0.0125465255039229,19.9797308853012
0.01458216845294,19.9816535651283
0.0163487647780409,19.9831283207973
0.0182627172710375,19.9846030764662
0.0200351901423945,19.9859125208974
0.021591421203691,19.9870626796541
0.0229884487560005,19.9881383116624
0.0242398960327409,19.9891880314157
0.0253352638886684,19.9902491428138
0.0262461640770133,19.9913637710866
0.0269173176583551,19.9926001182274
0.0272159745299393,19.9941331403811
0.0268689848551347,19.995863977933
0.0259082395630458,19.997594815485
0.0249628365386808,19.9987974077425
0.0238556980913935,20
