time,ecg
0,0
0.000465853881791727,0.000365946611246146
0.00172403546760887,0.00125127520423076
0.00306155847447469,0.00204409388004479
0.00445100075564603,0.00272821518589117
0.00587233687079993,0.00330436178436502
0.00733157383223554,0.00378955149042288
0.00883581283006235,0.0042010119611599
0.0103939692452688,0.00455655666260341
0.0120166727550737,0.00487485048977659
0.0137160008690165,0.00517595688924131
0.0155046039035919,0.00548209245358738
0.0173933346369908,0.00581837720793214
0.0186966673184954,0.00607023540280983
0.02,0.00634630603348416
0.0220852179435728,0.00685432268926919
0.0242185270764974,0.00748120556167852
0.0263123215958529,0.00822830991067552
0.0283035442794526,0.00908686474409708
0.0301602017055009,0.0100445318122446
0.0318770765835751,0.0110922011608967
0.0335125026710114,0.0122637497737146
0.035074831360768,0.0135724726104465
0.0365681682487669,0.0150312121626856
0.0379967738894565,0.0166552656205081
0.0389983869447282,0.0179516260875357
0.04,0.0193995126269243
0.0412744790001381,0.0214972058648996
0.0425077004975365,0.0238498674725502
0.0436923757650221,0.0264699521136271
0.0448309959531335,0.0293885486964563
0.0459262173315038,0.0326415412987913
0.0469805809214931,0.0362696922087337
0.0479965296486581,0.0403193737351611
0.0489764291919863,0.0448434686899945
0.05,0.050350365187161
0.0509145185261092,0.0560834046528439
0.0517975789419347,0.0624941880031055
0.0526536823392963,0.0696892688789973
0.0534850683215547,0.0777772064850699
0.0542938930135876,0.0868836655149138
0.0550822969088417,0.0971551389643402
0.0558524072072847,0.10876288805747
0.0566063382237004,0.121907635501052
0.0573461979727833,0.136825291174369
0.0580741174093527,0.153794375560158
0.0587923407584544,0.173146926037959
0.0593961703792272,0.191739139859704
0.06,0.212759065269723
0.0607070700775086,0.240887939616117
0.0614243846385656,0.273834894457195
0.0621677103393266,0.313260498239809
0.0629156738010605,0.358838125159399
0.0636881601304716,0.412160316398724
0.0642504948024976,0.454425005125642
0.0648128294745236,0.498505056080075
0.0653142874930689,0.537976630289682
0.0657769104327006,0.573060821891254
0.066227274952647,0.604525409642115
0.066686616884168,0.632436414598066
0.0671807317283973,0.656334680605856
0.0677600712174295,0.674954867161684
0.0683975717968667,0.683168540147828
0.0690721815627434,0.678600479007344
0.0695360907813717,0.668419999737088
0.07,0.653221788323124
0.0706526751009339,0.624426632700445
0.0713516645358683,0.585233031611553
0.0721433974561096,0.531606468419424
0.0730696560294496,0.457434311465486
0.0737395352296065,0.396713840190608
0.0744094144297633,0.330997429770635
0.0749460970110483,0.275953486708305
0.0753755932028214,0.231461603665783
0.0757463599850526,0.193588978081888
0.0760834780053743,0.160245355595733
0.0764007601918422,0.130337790442934
0.0767077662243735,0.103175068728054
0.0770131308691542,0.0782134297162929
0.0773278651885211,0.054870983517737
0.0776749673232128,0.032091560169415
0.0779855345295539,0.014364087229009
0.0781830800632796,0.00435846823409749
0.0783806255970054,-0.00470182138296909
0.0785447040333855,-0.0115411847212563
0.0787098406206366,-0.0178284157013527
0.07889573604588,-0.0242312382084949
0.079098899505139,-0.0304670429025397
0.079317132820028,-0.036351036816931
0.0795495671274368,-0.041777670040202
0.079796231719222,-0.0466899882930859
0.0800578046989729,-0.0510608671442501
0.0803354896351681,-0.0548817483470502
0.080630971828713,-0.0581556787409878
0.0809464302256277,-0.0608928161028143
0.0812845956593995,-0.0631073592613129
0.0816488563724337,-0.0648152901068064
0.0820434211296683,-0.0660325416465781
0.0824735621005674,-0.0667733147295163
0.082945979067846,-0.0670482932208717
0.0834693638794317,-0.0668624508319446
0.0840558602606178,-0.0662111856626121
0.0847228334726553,-0.0650736032974862
0.0854954393911729,-0.0634011827178991
0.0865351258349514,-0.0607649801625865
0.0877392180903602,-0.057407741909125
0.0888696090451801,-0.0541151301188885
0.09,-0.0507792399386202
0.0913686810453507,-0.0467576144336195
0.0927056971032293,-0.0428908674561841
0.0940072812353202,-0.0392192081252696
0.0952734607928608,-0.0357575649757521
0.0965038556177162,-0.0325139057955043
0.0976978626236917,-0.0294914876953938
0.0988489313118459,-0.0267037660156221
0.1,-0.0240473115709798
0.101081414628614,-0.0216763998864927
0.102122467982938,-0.0195121924177539
0.10312402175526,-0.0175422010218842
0.104085666636254,-0.0157558302980704
0.105006935219447,-0.014141947964162
0.105926290531367,-0.0126268530665919
0.106869250070087,-0.0111716790964723
0.107837423067485,-0.00978088748942924
0.10883293261557,-0.00845843660668466
0.109416466307785,-0.00773304052022913
0.11,-0.00704386016784928
0.111065402388872,-0.0058770699136076
0.112165203418281,-0.00479243314846046
0.113306307681284,-0.0037899422528121
0.114494126242438,-0.0028720632679743
0.115735432722651,-0.00204079342014244
0.117038845290429,-0.00129761975941236
0.118415587112109,-0.000643460886997421
0.12,-3.80653643486239e-05
0.121584959507294,0.000431171102027477
0.123225521593422,0.00079624539326307
0.124918551677756,0.00106791605659141
0.126682503524825,0.00126146304490223
0.128540474295079,0.00139091892205493
0.130523830129947,0.00146958202420729
0.132614852214807,0.00150973661067622
0.134584301948854,0.00152510001818871
0.136434211843536,0.00153125218494773
0.138174105416075,0.00153673096845376
0.139087052708038,0.00154108809458259
0.14,0.00154715733887497
0.141519304281942,0.00156210890452691
0.142977137359373,0.00158317776142835
0.144364032670135,0.00161009642784503
0.145689320719254,0.0016425268725207
0.146963752756278,0.00168015897922429
0.148199887879294,0.00172286785634962
0.149099943939647,0.00175788721177092
0.15,0.00179626740898054
0.151234312717155,0.00185446404211969
0.152544629993119,0.00192345697248643
0.154162331308767,0.00201926908952287
0.155245516930586,0.00209030477793713
0.156328702552404,0.00216716248104362
0.157292577058286,0.00224071570446601
0.158191673782691,0.002313960990107
0.15908609259159,0.00239153208402089
0.16,0.00247595660236407
0.161063162977811,0.00258122561201158
0.162440264313071,0.00272993293494462
0.164553289720962,0.00298910821825694
0.166514413919462,0.0032696883378076
0.168257206959731,0.00355850620569186
0.17,0.00389264872508629
0.172152329061515,0.00438315106448602
0.174184350616929,0.00494677568832089
0.176088235101657,0.00558913579489704
0.177831670756875,0.0063008511804892
0.179439061368485,0.00708824135632983
0.18092060330268,0.00795211754649739
0.182281246592317,0.00888900418288178
0.183531463073375,0.00989778935132955
0.184685919593172,0.0109817723492345
0.185771916509808,0.0121619771024862
0.18682664647661,0.0134857970444892
0.187858989779341,0.014982337517395
0.188876273079289,0.0166859518350408
0.189438136539645,0.0177382034800735
0.19,0.0188783247829648
0.191027665608738,0.0212142795799242
0.192093116958877,0.0240169300867367
0.193262466990694,0.0275850270690886
0.194814844540709,0.0331448855698609
0.195722738108531,0.0367884567159036
0.196630631676353,0.040631203213686
0.197448853070695,0.0441558930122299
0.198202787131248,0.0473361826806665
0.198928458175555,0.0502151951864328
0.199651068496793,0.0527829129154689
0.200394502452443,0.0549917663485322
0.201190217265488,0.0567519035919059
0.202096459424893,0.0578901423768758
0.203227173799876,0.0579620072787362
0.204397138005815,0.0565591925236567
0.205463450806927,0.0541853525041568
0.206410561266987,0.0514103695715623
0.207323851358628,0.048317736233972
0.208241776519251,0.0449496112223514
0.209120888259625,0.0416004446177211
0.21,0.0382276207158031
0.211022947613146,0.0343737113430416
0.21213322234968,0.030374295046663
0.213370864932881,0.0262317546521617
0.214851102147975,0.0217930187116961
0.216802232108348,0.0168470615093802
0.218365674318995,0.0136291981457218
0.21963944907018,0.0114439387429187
0.220794440438708,0.00975799685542527
0.221886172939309,0.00839035872389743
0.222975203920447,0.00721684552465036
0.224094423267881,0.00618277301413167
0.225253259290676,0.00526982917885315
0.226460739155013,0.00446384388280576
0.227726596422012,0.00375821580198368
0.228902865037437,0.00322205719591551
0.230245770972679,0.00270965427504916
0.231568353880166,0.00227788209954857
0.232726284718534,0.00196451182030823
0.23440627431075,0.00160387740585752
0.236245705650163,0.00131382029092584
0.238269316030216,0.00109195562112068
0.240521410389035,0.00093204115556929
0.24306408479271,0.000826769115173547
0.245988373788306,0.000768846312935873
0.249437418315831,0.000751788396635386
0.253662013951115,0.000770831878318263
0.259197696629014,0.000824954401013051
0.263868759424966,0.000880885671907034
0.271051596953003,0.000968471391877825
0.278234434481039,0.00105483228133596
0.286959721770415,0.0011551383039883
0.294444768064704,0.00123999312111512
0.300551646836282,0.00130838436078134
0.306563512111797,0.00137590055641783
0.313745666902096,0.00145729522628413
0.321073368393509,0.00154220217850637
0.328422303782519,0.00162986367202899
0.335010225226689,0.00171312633724048
0.341571834375471,0.00180015128446246
0.348124081798337,0.00189071171361921
0.35450057939258,0.0019826401422674
0.360790463519236,0.00207729093492643
0.366838834353669,0.00217247131931258
0.372953264709491,0.00227243898986851
0.378765493940212,0.00237176921502495
0.384621331901793,0.00247571319375958
0.390250933470898,0.00257983186038882
0.395902525484407,0.0026880389548253
0.401405285072878,0.00279716122474711
0.406821623639951,0.00290825304025241
0.412243982096572,0.00302255121850439
0.417479647217978,0.00313612737779761
0.422759006215083,0.00325328348999055
0.427910313418152,0.00337023392669818
0.433032776766603,0.00348924549448429
0.438104424102881,0.00361045778289811
0.443111276024241,0.00373541802111817
0.448087046138622,0.00386882178016057
0.453010153376935,0.00401743298017878
0.457896586342603,0.00419402536186597
0.462742804025411,0.00441723280206798
0.467022997309314,0.00467563308864718
0.47082264030301,0.00497132879909703
0.474421699778544,0.00532368071385731
0.478040499975253,0.00576114116269483
0.481962692952615,0.00634013629478662
0.486068674564709,0.00707061667752563
0.490057153073308,0.00790469585288577
0.494049959275794,0.00886148273564135
0.497483173974107,0.00977927210582778
0.500699399226171,0.0107159493989246
0.503830447653808,0.0116960020466811
0.506943444877919,0.0127326853885164
0.510081962811178,0.0138341268109216
0.513279113087283,0.0150037781485944
0.516562950317415,0.0162384352103661
0.519959236471036,0.0175242643562013
0.523493302180435,0.018830817113882
0.527074498737898,0.0200652631828325
0.530494774735887,0.0210968240728993
0.533892399716259,0.0219150466205123
0.537234214683457,0.0224636181753905
0.540611647299573,0.0227186455740551
0.544252688583484,0.0226343965727551
0.548786895878731,0.0220232391046021
0.552878291689193,0.0210514763114651
0.556467055373059,0.0199420628690978
0.559690070240048,0.0187981678973124
0.562720850170388,0.0176385206219965
0.56568445326694,0.0164601488086955
0.568648872194121,0.0152698262815782
0.571661190718842,0.0140738621193701
0.574760419641361,0.0128745074426293
0.577983200031092,0.011675133153612
0.581367196711983,0.0104798704346559
0.584953757353438,0.00929349158780203
0.588790619436985,0.00812138126037523
0.590862914007277,0.00753068665671426
0.591981669634368,0.00722408948494261
0.593100425261458,0.00694252149122286
0.594856579963952,0.00657140106106286
0.596765955715484,0.00624274065475227
0.598891208800485,0.00594115416940911
0.601342995848247,0.00564822444555056
0.604380402196891,0.00533397017288078
0.607885710944363,0.00500909733206665
0.611635107934164,0.00469019747099821
0.615635425513317,0.00437897192741899
0.619624003616618,0.00410235884459731
0.623906970355901,0.00384800827476792
0.628601872687566,0.00362355339033318
0.633762676999202,0.00344177494306326
0.63923693444685,0.00331789323059823
0.644759952693365,0.00325697403238607
0.65022463086176,0.00325232948299512
0.65562794691511,0.00329617289697799
0.660991579899818,0.00338354425972786
0.666329065698264,0.00351218582956807
0.671639457577602,0.00368171587744347
0.676927618443519,0.00389373298442341
0.682175972579142,0.00415058203670831
0.687374585633779,0.00445625577602587
0.692495197013161,0.00481495726386235
0.697512493536146,0.00523188618057296
0.702405384754479,0.00571337137812106
0.707146240306965,0.00626561132385595
0.711709914945345,0.00689488055336587
0.716082795571584,0.00760857715353317
0.720256700018262,0.00841463228674764
0.724213645662751,0.00931780730162094
0.727941900993774,0.0103212666789853
0.731458503519952,0.0114339680765622
0.734786321463409,0.0126679689277856
0.737927427694243,0.0140281499819641
0.740977289904397,0.0155670723154186
0.743987046943058,0.0173377059819183
0.746975091409181,0.0193900020266283
0.749988072317577,0.0218103350167149
0.752894763426265,0.0245346007162524
0.755661561340006,0.0275321289447914
0.75836613761823,0.0308806522349098
0.761145335104209,0.0347687880124852
0.763663811352802,0.0386612592662645
0.766182287601396,0.0428246555887359
0.76834247759002,0.0464885520605923
0.770174530159402,0.0495292966488857
0.771785331086899,0.0520272000709781
0.773275496467802,0.0540743911632395
0.774699448973608,0.0556806702599164
0.776095192854121,0.0568118794215051
0.777497792931104,0.0573966045071451
0.778949588989493,0.057311252541021
0.780519236401124,0.0563265074544265
0.782376872786138,0.0538790500487745
0.784496799688058,0.0494081416969942
0.785966235033434,0.045365041169291
0.787435670378811,0.0407009791031924
0.788744263284938,0.0361626167470255
0.789947064652549,0.031790864001135
0.791086606377531,0.0275701664544861
0.792187663778696,0.0235002784963382
0.793266678315827,0.0195869126342057
0.794336528058541,0.0158351153837505
0.79493763173117,0.0137998560773867
0.795538735403798,0.0118452760109104
0.796693213693226,0.00834471945140489
0.797974963605879,0.00484846470115515
0.799309602799055,0.00163398292698639
0.8007063789054,-0.00128836835914522
0.801074257391913,-0.00198704315410761
0.801442135878425,-0.00264409491453297
0.801747954158154,-0.00313496210224463
0.802404128109452,-0.0040234743660849
0.803077899020816,-0.00472479419227304
0.803771612498237,-0.00525139972077152
0.804489285200307,-0.00561542659537915
0.80523514730465,-0.00582695012529875
0.806013815139546,-0.00589450190048456
0.806830494611201,-0.00582542144394636
0.807691241880389,-0.00562608198901695
0.808603329569708,-0.00530200510975073
0.809575801375549,-0.00485784850722102
0.810620373751319,-0.00429720647796146
0.811753020858292,-0.00362207147648202
0.81299704556626,-0.00283157384892435
0.814389888470446,-0.00191889393559477
0.815880620461277,-0.000940884869413909
0.817389675459124,2.61831259672466e-05
0.818937138141814,0.000976981807293146
0.820539812408005,0.00190772243329625
0.822216150080115,0.00281778570530818
0.823988448765328,0.00370997878675092
0.825886008636809,0.00459140298819358
0.827950613059553,0.00547534461456072
0.830180603391812,0.00635974338484949
0.832483432521761,0.00721744578256248
0.834922099095847,0.00808744843886483
0.837567170610596,0.00901162928690796
0.840527648482159,0.0100492492142466
0.844009061124441,0.0113041888720606
0.848568332223995,0.0130398858630066
0.853469631054685,0.0150326428951308
0.857545690490085,0.0167592017975914
0.86105683567203,0.018244252126348
0.864209677176428,0.0195169100725872
0.867206269372262,0.0206120597879658
0.870153273609959,0.0215192572472405
0.872984747124352,0.0221792930275077
0.875818923178636,0.0225911277455196
0.878815437373314,0.0227289585553312
0.882328571222953,0.0224958257178327
0.885708592382893,0.0218986854834004
0.88881776810789,0.0210755089526933
0.891557236832434,0.0201780124045459
0.894013922654821,0.0192701591365711
0.896328039870426,0.018351564918474
0.898566108697055,0.0174247505417329
0.900763922181513,0.0164942086761541
0.902944389629262,0.0155645337092303
0.90512403417728,0.0146399496938108
0.907315883301224,0.0137242201124106
0.909531012561433,0.0128206462873825
0.911779465357718,0.0119320984275846
0.914070883712352,0.0110610497174746
0.916384312336665,0.0102204832621262
0.91846202621696,0.00950077981126557
0.920464013064005,0.00883981336174202
0.922518351126606,0.00819513646266251
0.924774790694088,0.00752618801618289
0.927485141812622,0.00677609648195991
0.930330778057601,0.00604954700386629
0.933336820616013,0.00534698430402073
0.936481882602409,0.00467931333273614
0.939759417612693,0.00405167575574438
0.943414085246234,0.00342671094462539
0.946404208048105,0.00301277665336979
0.949394330849975,0.00270719669571955
0.952647106980204,0.00246615906937243
0.957114826127493,0.00223870567898892
0.961359354319654,0.00210269083654343
0.965280671547653,0.00203675701526884
0.96896468519111,0.0020297999874672
0.972407808081894,0.00207836194978303
0.975659668810601,0.00218057029169671
0.978811825339391,0.00233837497567501
0.981977791823674,0.0025586921666128
0.985357741406288,0.00285847176652425
0.989587678094315,0.00329617300254138
0.992446397580599,0.00359771757802565
0.995305117066884,0.0038678783843205
0.998222313900447,0.00408566769406615
1.00167395357571,0.00425335299497436
1.00562880031986,0.00434072308447915
1.00925106419915,0.0043608278303003
1.01262412667523,0.00436683157792462
1.01616995072244,0.00439250546994513
1.02020591932634,0.00447350230874496
1.02489798178686,0.00465874807535234
1.0298326596782,0.00497260121273899
1.03424255202622,0.00536630058448548
1.03823697859146,0.00582603331528897
1.04190778582295,0.00634913103175731
1.04530390527408,0.00693630208602548
1.04845527277291,0.00758982023036358
1.05138170970573,0.00831217945705593
1.05409907627589,0.00910572367865353
1.05662230657116,0.00997267689995022
1.05896662897791,0.0109153911175203
1.06120107074218,0.0119635846820956
1.06334495127918,0.01313580625857
1.06540387922721,0.0144474365612473
1.06738313207494,0.0159158529273355
1.06928806742662,0.0175610070324799
1.07112451255336,0.0194063350116087
1.0728985500646,0.0214794175690176
1.07461635014826,0.02381272912729
1.07628479938083,0.0264457253941278
1.07791130895001,0.0294265094579174
1.07950443416879,0.032815511722645
1.08107465194728,0.0366913388565294
1.08263557217462,0.0411606911198196
1.08420696715933,0.0463794746313341
1.08582150198438,0.0526010371971836
1.08747612711492,0.059987202634237
1.08916607833661,0.0686631403525627
1.09095890468532,0.0791054293254649
1.09227498857724,0.0874673552449381
1.09359107246917,0.096203533311687
1.09475780282693,0.103990398216663
1.09581007937398,0.110750148545443
1.09679105403531,0.116522557225203
1.0977270243427,0.121244238584373
1.09863680002196,0.124784063285582
1.09953707616073,0.126952366669792
1.10044664651451,0.127481719011843
1.10139344287789,0.125955791705238
1.10244128040146,0.121516532675256
1.10353314040067,0.113680808781346
1.10441376000777,0.105065664631364
1.10529437961487,0.0946562110188319
1.10605647705884,0.0844989298409785
1.10673667875192,0.0748100725414726
1.10736894112077,0.0655137620094867
1.10797161990604,0.0565944637785927
1.10855651563806,0.0480574726694298
1.10913280159506,0.039907910864236
1.10970902699393,0.0321418037172734
1.11029497064186,0.0247372391257326
1.1109050535161,0.0176341637542052
1.11156944721236,0.0106605002494239
1.1124126143111,0.00298815405085824
1.11296250975169,-0.00131676931032866
1.11351240519228,-0.00509476490193026
1.11402458952621,-0.00816662810541268
1.1145129668932,-0.0107212471267061
1.11500588626853,-0.0129568177557475
1.11552659015733,-0.0149757168868452
1.11607482667321,-0.0167568020147833
1.1166511960754,-0.0182885928969577
1.11725714355381,-0.0195667169025436
1.11789474996589,-0.0205583870757096
1.11845421071929,-0.0211016115259402
1.11904780878529,-0.0213907591373871
1.11967573893741,-0.0214293228596551
1.12034123294001,-0.0212254248906182
1.12104957992842,-0.0207871388819916
1.12180622752736,-0.0201224319270495
1.12261663616857,-0.0192405161897688
1.12348727324018,-0.0181516793081916
1.1244259937524,-0.0168671559870491
1.1254427331679,-0.0153987761674447
1.1265508923896,-0.0137579956683448
1.12765954553396,-0.0121159930322332
1.12869548156712,-0.0106092904737501
1.12973352914973,-0.00914589376415757
1.13078604934358,-0.00772364093559698
1.13185750584407,-0.00634987278436608
1.13295224514447,-0.00503079269089589
1.13407467195088,-0.00377174467816997
1.13522949783231,-0.0025772764172746
1.13642198985789,-0.00145116535510431
1.1376582571934,-0.000396413522526455
1.1389456176715,0.000584786783065213
1.14029310508133,0.0014911184552307
1.14171221829196,0.00232224530658977
1.1432180979865,0.00307897876305971
1.14483150465174,0.00376355025284799
1.14657275146038,0.00437700357958645
1.14835620666575,0.00489363781881105
1.15020763135781,0.00533454799607545
1.15215320015802,0.00571775597266426
1.15422752037935,0.00606097389683782
1.15648005427449,0.00638295364052117
1.15898910662372,0.00670590849987599
1.16189876800819,0.00706133253118691
1.1655605024651,0.00751138464006985
1.16957269137697,0.00803258640868914
1.17403553520144,0.00866100771721996
1.17865118400661,0.00936969698312289
1.18319817127132,0.0101287721458962
1.18771662331622,0.0109476499706168
1.19220410818465,0.0118332821975426
1.19675789553472,0.0128188092056953
1.20136812498708,0.0139232416264186
1.20606008725822,0.0151793711059251
1.21088974314383,0.0166376393415823
1.21599966030921,0.0183930160749826
1.22186815810991,0.0207102708162844
1.22738003348034,0.0231824978716445
1.23107244513356,0.0249705262995747
1.23476485678679,0.0268141641032551
1.23809139876811,0.0284632388792331
1.24118322584175,0.029922644698471
1.244195718381,0.0312147117090382
1.24705225112105,0.0322697611930434
1.24986579671454,0.0331093371498781
1.25277666213064,0.0337482392659707
1.25603212120971,0.0341875016984704
1.25985700773548,0.0343780461432723
1.26268366793906,0.0343442826143765
1.26551032814263,0.0342078151752802
1.26803829194958,0.0340237282577487
1.27038437205204,0.0338069291828871
1.27244680826386,0.0335710846167239
1.27431547890435,0.0333037810218678
1.27606857151776,0.0329853161067889
1.27775564464001,0.0325932402887718
1.27941558475319,0.0321006030917826
1.28108687465759,0.0314724642534931
1.2828180540502,0.0306581883448517
1.28469005771923,0.0295699750659744
1.28690055291875,0.0279967871186115
1.28915640608581,0.026086604042614
1.29096279431938,0.0243685627536462
1.29276918255296,0.0225261123321222
1.29438300364018,0.0208121763289736
1.29592737730902,0.019144497826709
1.29749289676245,0.0174555935258211
1.29912499374497,0.0157240237809123
1.3004662191841,0.0144031925857449
1.30184354624426,0.0131983220078799
1.30328627182633,0.0120762964689505
1.3048082974226,0.0110235791568065
1.30642517671651,0.0100282477394357
1.30815544726032,0.00907908880510764
1.31002186793765,0.00816515294212211
1.31205318506227,0.00727531786998309
1.31428681896924,0.0063977715614472
1.31677318815248,0.00551929662546838
1.31958314147125,0.00462413502063483
1.32241070384452,0.00380540160574413
1.32507665237074,0.00309345174056889
1.32759424400781,0.00246494586133462
1.32998189333101,0.00190221979378393
1.33225840336253,0.00139210154961382
1.33444459407318,0.000924050517564363
1.33656603733499,0.000488770451624904
1.33865826027206,7.68238834110385e-05
1.34077985232087,-0.000322363451713298
1.34303128989159,-0.000714923864042838
1.34602750535953,-0.00119167360958165
1.34772644365793,-0.00144087440786109
1.34942538195633,-0.00167551834700183
1.35098039543597,-0.00187757653386277
1.35246468228888,-0.00205896352176015
1.35397066608945,-0.00223126873935042
1.35559723720371,-0.00240370013670454
1.35752681701531,-0.00258922521673036
1.36052502756407,-0.00283500758842359
1.36376465910093,-0.00304083011594928
1.36654522478541,-0.00316789829767836
1.36937532542392,-0.00325161551095095
1.37270212043639,-0.00329483697714195
1.37633346152883,-0.0032806009430025
1.37949160111511,-0.00322249918024734
1.38247997177706,-0.00313347647842196
1.38543288805441,-0.00301670607801513
1.3884073277637,-0.00287270483301775
1.39143979224132,-0.00270000147907825
1.3945518090998,-0.00249545482589159
1.39776180465122,-0.00225329345022378
1.40089996727729,-0.00198118318538208
1.40383579490981,-0.00168805162242207
1.40659164117149,-0.00137050949171672
1.40919689795358,-0.00102297330980574
1.41168837284381,-0.000637356658062014
1.41411445941764,-0.000201944408103352
1.41654424141284,0.000300956547857836
1.41911619213347,0.000906765387361656
1.42148003687999,0.00151758285027437
1.42384388162651,0.00215086052036238
1.4258865143452,0.00268492640224923
1.42788886750143,0.00316930171348585
1.43010033140603,0.00363759627447422
1.43304986230215,0.00414069782948296
1.43549621846063,0.00446543962997477
1.43794257461911,0.00473473203028534
1.4402417703529,0.00496675420141946
1.44257771276641,0.00520973516194247
1.44504030405098,0.00550039334251625
1.44762259494416,0.00586840924008466
1.45036689081003,0.00635483028207203
1.45317429221425,0.00697795316435572
1.45590468378985,0.00772996696240285
1.45845669366129,0.00859034398874947
1.46080196706819,0.00953963717485815
1.46299575226629,0.010590865600576
1.46507136499914,0.0117593021211121
1.46704142373538,0.0130564827922837
1.46891595224631,0.0144962701771781
1.47070401420868,0.0160955986895097
1.47241345946767,0.0178742914206773
1.47405071670375,0.0198547065471011
1.47562192910834,0.0220630206216059
1.47713246002386,0.0245289744255239
1.47858759032108,0.0272873386256921
1.4799923721498,0.0303785511608851
1.48135188085432,0.0338503189728281
1.4826713370688,0.0377595523711083
1.48395624712833,0.0421750286012024
1.48521270166493,0.0471816459890708
1.48644768917804,0.0528865556275865
1.48766977387152,0.0594298366743307
1.48889018188506,0.0670029617555671
1.49012517180296,0.075886298703316
1.49140155538867,0.0865356466024234
1.49269522955874,0.0990251919415509
1.49401603084885,0.113665578271954
1.49540689251189,0.131152722950469
1.49654016724776,0.146810089779336
1.49767344198364,0.163391392252713
1.49868137264599,0.178466335953939
1.49959638348769,0.191922160770594
1.50045488646961,0.203835200463968
1.501277500213,0.214075888620465
1.50207773544482,0.222393803739632
1.5028661543766,0.228451884329907
1.50365272123648,0.231827044143201
1.5044491868011,0.231978558481528
1.50527357254797,0.228142532538399
1.5061690057308,0.218882090378693
1.50709947262085,0.203361632970921
1.50806358244185,0.181136938938055
1.50867727968098,0.164127112121979
1.5092909769201,0.145366909528005
1.5098418703502,0.127488480464104
1.51034401582197,0.110747166927231
1.51081454598316,0.0950243069723356
1.51126482024469,0.0802411603431281
1.51170329637837,0.0663398264957812
1.51213742216034,0.0532614829768339
1.51257519692976,0.0409283412244468
1.51302771413905,0.0292101672624848
1.51351690166991,0.0178118185635804
1.51412600450989,0.0055104790885879
1.51447028161185,-0.000529401421466636
1.51481455871382,-0.00593810804403204
1.51513584911782,-0.010444248344407
1.5154433632612,-0.0142959002133433
1.51577624040806,-0.0179902907883243
1.51613191967722,-0.0214336027850883
1.51650885452233,-0.0245645812597575
1.51690693117711,-0.0273507014644604
1.51732699278977,-0.0297763356157268
1.51777058605006,-0.0318359818840373
1.5182398455623,-0.0335303276985568
1.51873745702903,-0.0348342433364671
1.51926225622015,-0.0357172397629786
1.51979509397854,-0.0361896127632782
1.52036522634544,-0.0363129514018658
1.52097785838172,-0.0360954604797315
1.52164010451219,-0.0355432329169335
1.5223605635023,-0.034659262779371
1.52314894003553,-0.0334447596372259
1.52401761967005,-0.0318981637709234
1.5249830682653,-0.0300135230658053
1.52606864737478,-0.0277769610843036
1.52731138700348,-0.0251571744768459
1.52851346124433,-0.0226312373840918
1.52965415855347,-0.0202861118583702
1.53073991261573,-0.0181275298662156
1.53177511069198,-0.0161525664989617
1.53276245532554,-0.0143545374018069
1.53370360795197,-0.012724635363703
1.53464892048204,-0.0111741443825185
1.53561646610328,-0.00967971304527793
1.53660832071185,-0.00824633701398985
1.53762698354447,-0.00687842022800325
1.53867530587033,-0.0055800255610705
1.53975660198243,-0.00435484315777296
1.54087478930271,-0.00320615283420836
1.54203457420982,-0.00213677891949087
1.54324170691538,-0.00114903765935496
1.54450334323687,-0.00024467596935196
1.54582857775678,0.000575201359873162
1.54722926452288,0.00131022208364705
1.54872134888568,0.00196086680340535
1.55032717827369,0.00252864489233188
1.55199373194606,0.00299523803943693
1.55371350543095,0.00336944687897373
1.55550633281832,0.00366772174212667
1.55739674103118,0.00390522307277072
1.55941810697233,0.00409659760056399
1.56161919580768,0.00425672550781138
1.5640786029058,0.00440204374701329
1.56694404288801,0.00455371595989715
1.570590876241,0.00474958458626749
1.57438092619272,0.00497551452483614
1.578164248758,0.00523011860449552
1.58198791416572,0.00551528207235906
1.58589091050427,0.00583071609227915
1.58990689791807,0.00617657114684217
1.5940672995802,0.00655480083719406
1.59840319519485,0.00696987912323594
1.60294685003213,0.00742925987358269
1.60773302685226,0.00794384310257643
1.61252349071989,0.00849590782909788
1.61727466261422,0.00908646776336602
1.62197942297778,0.00972107127436757
1.62662257998346,0.0104048898203147
1.63123985082501,0.0111520994988963
1.63588517018555,0.0119841835034025
1.64055933762291,0.0129180857244409
1.64528586078048,0.0139792117776022
1.65011103211423,0.0152047279358133
1.65514294943554,0.0166594143131373
1.66069392891168,0.0184966596535875
1.66710970557287,0.0209245764538709
1.67092935894297,0.0224926300285891
1.67474901231306,0.0240949651987406
1.67816878747477,0.0254916137010767
1.68130386473649,0.0266691669696586
1.68432514064641,0.0276404692722713
1.68720822987915,0.0283554759130715
1.69001996667203,0.0288040962481755
1.69289120537506,0.0289741073063527
1.69602625979013,0.0288104250360917
1.70008322495683,0.0280779187381022
1.70299529885518,0.027233547478692
1.70590737275352,0.0261746530318775
1.70847706655668,0.025102960617497
1.71084213426409,0.0240343118996386
1.71309916041231,0.0229648775622346
1.71529655037577,0.0218962169271327
1.71746259981389,0.020831800579392
1.71961629680762,0.0197754231112486
1.72177163341883,0.01873074936646
1.72393963117696,0.0177011998148771
1.7261294721817,0.0166899138271993
1.72834914515608,0.0156997623576117
1.73060590015703,0.014733349545358
1.73290653995963,0.013793031062199
1.73525764248182,0.0128809279096198
1.73766577118449,0.0119989270320504
1.7401376000721,0.0111487052188007
1.74268007161641,0.0103317347787705
1.74530054950233,0.00954929224663273
1.74804015127802,0.00879369042050229
1.75096527180119,0.00805414095071062
1.75409748510253,0.00733489602892008
1.7574625242207,0.00664033619880995
1.76109024912294,0.00597518371620206
1.76501547964529,0.00534451220309501
1.76927920383634,0.00475373779809153
1.77393043719925,0.00420860258074025
1.7790294046488,0.00371516560380588
1.78465362931679,0.00327984529666304
1.79090793698065,0.00290978614700131
1.79779778712824,0.00261876683956588
1.80521827562391,0.00241933097820336
1.81335775250923,0.0023307481612479
1.82006897192296,0.00234492873147547
1.82864293953061,0.00244534465459607
1.8371852022553,0.00262251011836284
1.8450345415991,0.00283757837097998
1.85223200870832,0.00305841224277549
1.85821581055851,0.00323619426261048
1.86340656487052,0.00336333836196515
1.86810252848131,0.00343477941055477
1.87248207276938,0.00344309683813311
1.87667679817214,0.00337833153637632
1.88080324391327,0.00322655793605276
1.88499026044181,0.00296662439110733
1.88903648528311,0.00260251122799397
1.89279169332587,0.00216117355413013
1.89627753074987,0.00166473962432235
1.89789866983071,0.00140726890678974
1.89951980891156,0.0011674954948168
1.90171678751572,0.000904609622656074
1.90415726678683,0.000672596341942584
1.90687320979884,0.000463001977699803
1.90944272277196,0.000293695844753716
1.91187564452535,0.000148170695061628
1.91419576192884,1.64910457145753e-05
1.91643026966534,-0.000107276561679207
1.91861339173171,-0.00022716612629382
1.92079531590036,-0.000346820816563246
1.92307011340054,-0.000471530582035127
1.92571830430569,-0.000616034840959308
1.92768862956396,-0.00072220444560062
1.92965895482222,-0.00082632551249332
1.93138110496952,-0.000914897846911047
1.93295082532869,-0.000993041898646022
1.93449233808958,-0.00106684174599613
1.93610050290474,-0.00114017326712186
1.93790385698707,-0.00121727005675895
1.94022359441066,-0.00130728764219104
1.94394432583857,-0.00142684691446109
1.94720712646758,-0.00150317002810309
1.9501475875658,-0.00154720809520546
1.95338318907415,-0.00156762042327044
1.95745208394625,-0.00155170466099477
1.9622667486695,-0.00147508766616516
1.9666190567833,-0.00135345302799894
1.97073442021477,-0.00119260374358936
1.97480794547453,-0.000986376787456589
1.97866093670705,-0.00074148251698824
1.98221249568503,-0.000462965585437821
1.98549203422892,-0.000148453260990765
1.98854006382895,0.000207580199518367
1.99139954125332,0.000613196853830201
1.99412105180063,0.00107983474039686
1.99677083645186,0.00162444196262575
1.99944805763308,0.00227471453911078
2.00234490508924,0.00308672683627877
2.00459977606022,0.00377758430036521
2.00685464703119,0.00449094975372431
2.00901592586332,0.005168878985504
2.01141071553888,0.00589063438911673
2.014714405705,0.00682884107765442
2.01688869844366,0.00742748476883935
2.01906299118233,0.00803972566061552
2.02106274688155,0.00864233404885975
2.02300148143466,0.00928985276713973
2.02492113495246,0.0100193945361033
2.02681443888176,0.0108530655781161
2.02869701997003,0.0118243055584502
2.03052822210619,0.0129375957517091
2.03230561378669,0.0142126106360502
2.03401883005095,0.0156617812480077
2.03565701834429,0.0172924579777629
2.03722550086202,0.0191252381948807
2.03872596236072,0.0211789192722999
2.04016204175592,0.023476699815076
2.04153843950034,0.0260469443494663
2.04285931960791,0.0289217072805773
2.0441291369202,0.0321390627989305
2.04535214531861,0.035743233938899
2.04653240457004,0.0397856151894132
2.04767397060429,0.0443267154468608
2.0487809272005,0.0494382067935625
2.04985741324604,0.0552059948336995
2.0509077498093,0.0617330755681383
2.05193665523247,0.0691457741639491
2.05294938986649,0.0776016417842653
2.05395209739875,0.0873018971972304
2.05495236286901,0.0985117730825368
2.05596012919775,0.111595264733782
2.05698953948632,0.127081892589419
2.05804307945092,0.145438056946431
2.05910404234451,0.16675648799747
2.06018772372751,0.191679111221394
2.06131774829295,0.221141624756634
2.06252452503725,0.256335247457905
2.06370380204741,0.293809749201415
2.06467542920373,0.326085784863372
2.06552971122187,0.35455172628779
2.06631472430477,0.379812077300677
2.06705708651001,0.401918712741088
2.06777638842812,0.420677385241453
2.06848999982218,0.435678349865885
2.06921571197201,0.446224723085092
2.06997451293362,0.451163750839553
2.07079511382036,0.44851848299228
2.07165949821182,0.435937654575553
2.07253851694423,0.412323472282381
2.0734428963835,0.376491132502071
2.07438594801221,0.327097814890616
2.07496372675777,0.291389048969124
2.07554150550333,0.252355357054503
2.07604067535701,0.216786064698826
2.0764737180351,0.185296256654116
2.07686451796216,0.156997347481526
2.07722825271765,0.131270424613806
2.07757507818201,0.107707005085152
2.0779129480059,0.0859988861071427
2.0782494846816,0.0658682375009736
2.07859431566092,0.0469902587537969
2.07896548932996,0.028790464072452
2.07943217717731,0.00909065017724653
2.0796529202419,0.000984314096113936
2.0798736633065,-0.0063783579232899
2.08007611816985,-0.0125061129413381
2.08028247233581,-0.0181685454475102
2.08051049636423,-0.0237819568270981
2.0807568192896,-0.0291409512868747
2.08101952048274,-0.034117981436768
2.08129805904772,-0.0386440762336239
2.08159280716021,-0.0426763729106934
2.08190255707969,-0.0461697589607023
2.0822296922247,-0.0491441355670409
2.08257745063842,-0.0516203760177283
2.08294843079817,-0.0536089878454446
2.08334581430996,-0.0551224449543631
2.08377350195772,-0.0561736772092986
2.08423629387836,-0.0567746434681841
2.08474015463926,-0.0569349495421463
2.08529260981746,-0.0566603107321157
2.08590422425166,-0.0559493475217172
2.08658902746238,-0.0547898110013795
2.08736599423699,-0.053155015859914
2.08826396765899,-0.0509923646270337
2.08933329672561,-0.0481930723188648
2.09069133748289,-0.0444724429825923
2.09204468093918,-0.0407122359640052
2.09335057457227,-0.0371186015248917
2.09461337842327,-0.0337238738152615
2.0958354287185,-0.0305426538755803
2.09701774366638,-0.0275807438974874
2.09816065754193,-0.0248384370097219
2.09926415831531,-0.0223122036786148
2.10032806427353,-0.0199957278186574
2.10135211265634,-0.0178806468962445
2.10233599781548,-0.0159571382448317
2.10327937871443,-0.0142144094794094
2.10418846931892,-0.0126299503112954
2.10512053138122,-0.0111024405830552
2.10607676556336,-0.00963697710952503
2.10705915406137,-0.00823760448525078
2.10807000742215,-0.00690819431129655
2.10911204965336,-0.00565239090187337
2.11018852367427,-0.00447356190075946
2.11130333191347,-0.00337474656183165
2.11246122787472,-0.00235860188880686
2.11366808389025,-0.00142734648634526
2.11493127674584,-0.00058270152431187
2.11626026330681,0.000174172586174641
2.11766747806936,0.000842746620098552
2.11916981109607,0.00142320562477047
2.12078530049011,0.00191497981047206
2.12244003740288,0.00229945481765718
2.12415253744833,0.00259406458494132
2.12594194214052,0.00281378032769921
2.12783337311826,0.00297254117625971
2.12986150999566,0.00308361408398274
2.13207782975668,0.00316011008768898
2.1345670170692,0.00321585762864722
2.13749367846889,0.00326746472182272
2.14123870429147,0.00334089057978882
2.14507629849353,0.00344089134553311
2.14893843419592,0.0035703478151932
2.15274366487433,0.003722235553004
2.15655557658341,0.00389272763750614
2.16042129797702,0.00407912550021483
2.16437874209478,0.00428031846257244
2.16846155235527,0.00449679524533019
2.17270197999999,0.00473048613578323
2.17713273840862,0.00498458925966687
2.18178855420009,0.00526347611022048
2.18670777470902,0.00557277342808981
2.19193385733964,0.00591972986501632
2.19711577366044,0.00628515746031307
2.20224732190203,0.00667097379024476
2.2073073857759,0.00707854621493416
2.21229273860471,0.00751104474172622
2.2172051696554,0.00797262012532163
2.22205027765165,0.00846839958341297
2.22683252738523,0.00900412087060866
2.23155465124801,0.00958611908637051
2.23621734757167,0.0102213372797166
2.24083993115649,0.0109206192078565
2.2454993887733,0.0117075420136178
2.2501894109097,0.0125972599828812
2.25492873421847,0.0136130056081266
2.25975429533549,0.0147878607553133
2.2647546864572,0.0161777607192747
2.27017475558189,0.0179060511601362
2.27674466745723,0.0203195480131578
2.2807173387764,0.0219226340172693
2.28469001009558,0.023579856599605
2.28820558046014,0.0250248081029192
2.29138459789407,0.0262424610352319
2.29441729342895,0.0272547572616955
2.29733363100947,0.0280263137602008
2.30015240618855,0.0285315647407977
2.3029982431588,0.0287637424186242
2.30604758720016,0.0286811687537563
2.30975516041727,0.0281260436322538
2.31287250872097,0.0273108466183677
2.31598985702466,0.0262329838863902
2.31865117433073,0.025151306359158
2.32105893145732,0.0240790570300224
2.32334005319266,0.0230067278124128
2.32555234843795,0.0219343735522343
2.32772779711255,0.0208651132382934
2.32988725933423,0.0198026517096968
2.33204584167322,0.0187506352994175
2.33421532304333,0.0177124788008635
2.33640544196242,0.0166913211914409
2.33862465351547,0.0156900235392851
2.34088062010976,0.0147111773060574
2.34318055236568,0.0137571163446559
2.34553146192912,0.0128299302736896
2.34794037514369,0.0119314734751118
2.35041451570253,0.0110633761554754
2.35296146960345,0.0102270577355628
2.3555893718797,0.00942373358648556
2.35830708288351,0.00865443021872666
2.36119810070207,0.00790161503596265
2.36429244186017,0.00716658404785824
2.36761523756717,0.00645331489681504
2.37119585579654,0.00576598346403566
2.37506861537802,0.00510897485386149
2.37927400478462,0.00448682284751223
2.38386052535777,0.0039041129517675
2.38888782994006,0.00336533427047668
2.39443283832862,0.00287465882611772
2.40060048730812,0.00243580124490801
2.40303183270741,0.00228943488786481
2.40546317810671,0.00215827805768259
2.40906756381136,0.0019970964946941
2.41480483543372,0.00180040116260526
2.42218326062292,0.00162096452574816
2.43001572467962,0.00149715812731633
2.43755700039161,0.00142958297830644
2.44446445353314,0.00140475380444726
2.45078586701114,0.00140846414968863
2.45657947476402,0.00143086431014946
2.46189856295508,0.00146516367420714
2.46679152447828,0.00150668650848678
2.47130250253178,0.00155219998082386
2.47547199421804,0.00159945677537369
2.47933744113079,0.0016468925153238
2.48293378941518,0.00169342884435003
2.48629419840006,0.00173834403832691
2.48945084778982,0.00178118171979393
2.49243613700171,0.00182169295200058
2.49528455599615,0.00185979201720354
2.49803614982183,0.00189553778842352
2.50074399503442,0.00192915017701979
2.50349430343089,0.00196109862937947
2.50648429443276,0.00199256884919564
2.50930681563087,0.00201839908442122
2.51155866978504,0.00203579005407054
2.51381052393921,0.00204990318165863
2.51581347823494,0.00205940016820665
2.51770746308127,0.0020654934328436
2.51961966637832,0.00206859363362294
2.52167711620938,0.00206829855313409
2.52410810014815,0.00206283436446091
2.52785985687444,0.00204291464522516
2.53179690563512,0.00200633957323956
2.53511033728681,0.00196234594486464
2.53848538483528,0.00190361626520209
2.54237554788144,0.00181562014401933
2.54725595143635,0.00166994578670596
2.55076863540611,0.00154128149943372
2.55173271121869,0.00150296476392526
2.55269678703127,0.00146593270190649
2.55391614854887,0.00143033279160803
2.55681887958429,0.00139077756695751
2.56022889621625,0.00140895039526155
2.56419951170816,0.00150025205722106
2.56792611873749,0.00165119313500804
2.57141281942164,0.00185604775605135
2.57471030173885,0.00211846920995178
2.57788392427979,0.00244790468025267
2.5810199386256,0.00285948836627509
2.58425756917361,0.00337884820664933
2.58787015546884,0.0040569432669738
2.59118468623443,0.00473539803055893
2.59406316655274,0.00533553368519932
2.5974379865153,0.00603117017965677
2.60005757589492,0.00657227284397772
2.60267716527454,0.00713858833732585
2.60507601375057,0.00770866217440723
2.6072834252326,0.00830619209913013
2.60936854380766,0.00896248067131548
2.61138187850579,0.00970785059708653
2.61335374843811,0.01057228348517
2.61526882192261,0.011569250557519
2.61712167889887,0.012714280131744
2.61890708970921,0.0140214232475166
2.62061564151177,0.0154990593666116
2.6222525178963,0.0171661582234725
2.62381928600338,0.0190401707762583
2.62532002481543,0.0211432191168401
2.62675893528185,0.0235008506713307
2.62814051893594,0.02614318898932
2.62946901920803,0.0291048788019132
2.63074887805374,0.0324269341532314
2.63198430582507,0.0361569774467764
2.63317955205436,0.0403512328152756
2.63433894542717,0.0450765466367832
2.63546692481494,0.0504129288345211
2.63656819307883,0.0564574587688254
2.63764799247976,0.063330447173912
2.6387123062057,0.0711836864422215
2.6397683529822,0.0802144291976354
2.6408254523819,0.0906896268797028
2.64189658637046,0.102990716613703
2.64300191077212,0.117709974391656
2.64411767873433,0.134898654645393
2.64525106222882,0.154959736751209
2.64642642768612,0.178637487981677
2.64768823382392,0.207197028540627
2.64893227171197,0.238035285770026
2.64995567793405,0.264687680956617
2.65086739105237,0.288641799201244
2.65171549005101,0.310324063940967
2.65252216285133,0.329605792629754
2.65330178632356,0.346167183941221
2.6540662011255,0.359574477734671
2.65482665362322,0.369266521557374
2.65559485361371,0.374498513722271
2.65638407369074,0.374245034751536
2.65721169128122,0.367020371655375
2.65809974503167,0.350579669848201
2.65899659865582,0.324363765315953
2.65991825524851,0.287421871695772
2.66052418574682,0.258062008737447
2.66113011624513,0.225372676846933
2.66165529341551,0.195083007632314
2.66211294464546,0.167878611449947
2.66252775112472,0.143130353636134
2.66291494909655,0.12041456580705
2.66328464805912,0.0994552620091638
2.66364470969071,0.0800410158208242
2.66400250451056,0.0619768006291326
2.66436686834514,0.0450338862174771
2.66475272415872,0.0288312610176384
2.66520391569465,0.012236708446299
2.66538727670455,0.00621472679409276
2.66557063771446,0.00059961582913308
2.66581720527976,-0.00632882372159019
2.66604750790963,-0.0121815651488578
2.66627370511341,-0.017378424705644
2.66652301711471,-0.0225112387423294
2.66679199453026,-0.0273987595557041
2.66707854521889,-0.0319256063179408
2.66738208142559,-0.0360298220009071
2.66770299805396,-0.0396800139586721
2.66810833040997,-0.043385548908862
2.66846684827626,-0.0459374308808467
2.66884680940069,-0.0480168656753087
2.66925191711559,-0.049640794617804
2.66968557490933,-0.0508202787895825
2.67015191342311,-0.051566436319614
2.67065598013824,-0.0518892938829788
2.67120400134098,-0.0517966113494858
2.67180398443383,-0.0512923410092778
2.67246749350644,-0.0503725657972658
2.67320840392239,-0.0490251279078846
2.67404607238561,-0.0472251125656153
2.67500969600691,-0.0449248133102013
2.67614977662555,-0.0420269760121654
2.67750709001147,-0.0384756169586714
2.6788069103598,-0.0350703099221469
2.68005642704154,-0.0318553672257318
2.68126036807434,-0.0288480931504735
2.68242120769954,-0.0260547134332889
2.68354020915164,-0.0234750528124148
2.68461798049051,-0.0211048087244598
2.68565476633022,-0.0189368741650015
2.68665059937841,-0.016962221615646
2.68760537392054,-0.0151705565256362
2.68851887330149,-0.0135508310313564
2.68944797566112,-0.0119989261987543
2.69040079678279,-0.0105074182797193
2.69137922642402,-0.00908052238841699
2.69238552608654,-0.00772216642315532
2.69342234919308,-0.00643604461817076
2.69449284212125,-0.00522556833274042
2.69560077733848,-0.00409381434868334
2.69675073367313,-0.00304346995723113
2.69794834667133,-0.00207677448569405
2.69920066664768,-0.00119545623949191
2.70051668884866,-0.000400662705559282
2.70190817212274,0.000307120197855523
2.70339097069501,0.000928168090720302
2.70498735008175,0.00146365437259485
2.70663488517128,0.00189422522472675
2.70833635947724,0.00223238883323007
2.71011053408712,0.00249381000192699
2.71198119243061,0.00269298823637704
2.7139807720269,0.0028437864303744
2.71615664099906,0.00296000075097265
2.71858488812035,0.00305632699920648
2.7214074633099,0.00315057224835937
2.72497864555786,0.00327161502230819
2.72877128525565,0.00342077346843235
2.73299354656912,0.00361784650791661
2.73788522018795,0.00388024339576069
2.74306221960974,0.00418457002267381
2.74857452547529,0.0045262948030397
2.7539851548967,0.00487403490115373
2.75934091399513,0.00522982057393265
2.7646044967306,0.00559371530425363
2.76978247531856,0.00596985894688564
2.77487881864533,0.00636256295772356
2.77990227414553,0.00677654122137017
2.78485967541069,0.00721647687404511
2.78975612133675,0.00768717036851724
2.79459460848793,0.00819365822936846
2.7993763809851,0.00874137754759669
2.8041011311119,0.00933629798478699
2.80876741329206,0.00998505881403637
2.81339419513277,0.0106985102849934
2.81805823484114,0.0115005042457121
2.82275339398779,0.0124063752881741
2.82749953863533,0.0134399106827329
2.83233654671183,0.0146354482934718
2.83736065090919,0.0160521609235399
2.84284405908291,0.0178250802965269
2.84935394498281,0.0202426088810392
2.85325052298868,0.0218236757387071
2.85714710099454,0.0234502132433453
2.86062279186759,0.0248730095439147
2.86378386776902,0.0260728852473736
2.86681108553771,0.0270675508546503
2.86971572083283,0.0278163816417878
2.87253211034487,0.0282989496757186
2.87538664957617,0.0285065078228376
2.87846432691735,0.0283928672893205
2.88227694242027,0.0277777720642423
2.88532284191143,0.0269491691259366
2.8883687414026,0.0258750987500826
2.89100034799496,0.0247937851770024
2.89339546647403,0.0237195249043902
2.89567013217771,0.0226448058344185
2.89787898474945,0.021570142633363
2.9000528255366,0.0204987211989105
2.90221194137194,0.0194342326204593
2.90437111261952,0.0183802909533802
2.90654191249229,0.0173402750407103
2.9087339382497,0.0163172882624009
2.91095554165262,0.0153141562712461
2.91321429872953,0.0143334370970873
2.91551734482439,0.0133774302614552
2.9178716139386,0.0124481916586624
2.92028404477219,0.0115475415638285
2.9227617594783,0.0106770732075027
2.92531220767648,0.00983816912417955
2.92794335073605,0.0090320029427075
2.93066381241196,0.00825955599041262
2.93356654860657,0.00750071114985257
2.93667321839445,0.00675909329299938
2.94000890336828,0.00603851530568491
2.94360260741576,0.00534298662436679
2.94748797028052,0.00467667607576574
2.95170426712787,0.00404383221331873
2.9562978793077,0.00344865707715424
2.96132474994072,0.00289511518490914
2.96685510764302,0.00238664990950627
2.9729809926169,0.00192595426916276
2.97981839040646,0.00151536976805622
2.98559052472074,0.00123893537948026
2.99136265903503,0.00102931418199962
2.99935614356025,0.000810871569066312
3.00784522908581,0.000640527451751892
3.0170253334767,0.000507076692639702
3.0270253334767,0.000406325738481444
3.0370253334767,0.000339740354731977
3.0470253334767,0.000297658401637106
3.0570253334767,0.000273072736092242
3.0670253334767,0.000261080185605113
3.0770253334767,0.000258401149991559
3.0870253334767,0.000262943517903343
3.0970253334767,0.000273462579667919
3.1070253334767,0.000289334032646258
3.1170253334767,0.000310424564654073
3.1270253334767,0.000337037650662724
3.1370253334767,0.000369921320124318
3.1470253334767,0.000410339025684649
3.1570253334767,0.00046022132018902
3.16670354104121,0.000520267656778574
3.17565870059334,0.000589531014764206
3.18393016277495,0.000669100126385446
3.19157040492167,0.000760442105088978
3.19862853085482,0.000865298706536972
3.20515003028482,0.00098568753889383
3.21117710168312,0.00112392914495389
3.21674893716236,0.00128268676656181
3.22190196249192,0.0014650146060886
3.22667004979637,0.00167441347311016
3.23108471416884,0.00191489582336329
3.23517529860184,0.00219106217456473
3.23896914725141,0.00250819228898942
3.24249177309428,0.00287235430554669
3.24576702798428,0.00329053939022254
3.24881727908439,0.00377082919502386
3.25166359578398,0.00432260994572542
3.25425391384723,0.00493792114087302
3.25659912755274,0.00561472719361693
3.25873746555171,0.00635764146792422
3.26070218514765,0.00717246513627354
3.26252200758128,0.00806635575370681
3.26422244773128,0.00904844424405949
3.26582722415109,0.0101309108043412
3.26736003471117,0.0113309873756776
3.268899690975,0.0127258225200475
3.27049026869207,0.0143935952027288
3.27221723346178,0.0164933317834398
3.27442311016299,0.019631561808091
3.27577088095097,0.0217796555722955
3.27711865173895,0.024051465647652
3.27832148238606,0.0261173829064098
3.27940607075639,0.0279384559044008
3.28042858009189,0.0295451462335014
3.28142442552644,0.0309329888445559
3.28242210842194,0.0320741542445308
3.28345286204404,0.0329183409705438
3.28456331185836,0.0333784602502788
3.28585524943958,0.0332706050514646
3.28747578630438,0.0321572526635091
3.2886955730596,0.0306708279577635
3.28991535981483,0.0287395175174854
3.29101947445863,0.0267090089587501
3.2920816745775,0.0245924791980281
3.29313971994744,0.0224034116084404
3.29421784803106,0.0201593432311197
3.29533904366258,0.0178733370685209
3.29653324759557,0.0155472227755143
3.29785233773468,0.0131570248445385
3.29840991060791,0.0122124209854466
3.29896748348114,0.0113253177653294
3.30014343766491,0.00964228233302918
3.30131697630978,0.00819411486237004
3.30246933272832,0.00697076073369072
3.30364750420769,0.00589808416014111
3.30486274881864,0.00495521891074813
3.30612503217831,0.00412667025994118
3.30744476915729,0.0033996762478944
3.30883341845052,0.00276334729548339
3.31030406933875,0.00220812863609338
3.31187214109839,0.00172543143476445
3.31355629892594,0.00130736372068845
3.31537973368279,0.00094651969975686
3.31737204564295,0.000635798655867734
3.31957215932194,0.000368227427657419
3.32203309017433,0.000136754363148134
3.32483028656,-6.60406747798205e-05
3.32757124332857,-0.000222657486760331
3.33018874729414,-0.00034633630588763
3.33273473403536,-0.000450339084028192
3.33524455183378,-0.000542203718354407
3.33771907253086,-0.000625749955151158
3.34014620102441,-0.000703132524581901
3.34254854432861,-0.00077677976978446
3.34501555501448,-0.000850470891417846
3.34781230274383,-0.000932652759424794
3.3500080795908,-0.000996699345046761
3.35220385643776,-0.00106065247597516
3.35408539953582,-0.00111554762549652
3.35577845747465,-0.00116510820683852
3.35742858473702,-0.00121361677441742
3.35913791369565,-0.00126411688616709
3.36103590531396,-0.00132051728853621
3.36342276559576,-0.00139194005011097
3.36786228529802,-0.00152607046021995
3.37185024183398,-0.00164718799007901
3.37526757425954,-0.00175031031596334
3.37895574989626,-0.00185929295130081
3.38366992416648,-0.00199098952853466
3.38907880516332,-0.00211916185943849
3.39378410185355,-0.00218886404589794
3.39800213379354,-0.00219117097024571
3.40178605636464,-0.00211542402966075
3.40523376909825,-0.00195273254634844
3.40841457425161,-0.00169486422565433
3.41136087462029,-0.00133662958508903
3.41409738604856,-0.000875444155736574
3.4166647580433,-0.000306134877569349
3.41912133023998,0.000384997437968044
3.42153887943919,0.00122559469836253
3.42403410525713,0.00227825071321052
3.42677883652412,0.00366761180445376
3.42977011094835,0.00546725985730324
3.4320204830345,0.00702755937553634
3.43427085512065,0.00878890349277427
3.43621182330426,0.0105062091583059
3.43794956925308,0.0122417773351078
3.43958523457535,0.0140920756524229
3.44110077608545,0.0160436943662146
3.4425568629348,0.0181872562835623
3.44395105154779,0.0205448898818875
3.44529030796445,0.0231553387798807
3.4465811912966,0.0260631190594712
3.44782335487339,0.02930236321882
3.44902221445858,0.0329253859570435
3.45018020684,0.0369835513423019
3.45129939238842,0.0415329244334856
3.45238398913926,0.0466466705030267
3.45343736175592,0.0524067047322569
3.45446315017287,0.0589107010410985
3.45546508881881,0.0662748843035391
3.45644782395854,0.0746454777495083
3.45741633152985,0.0842030376924235
3.45837640093873,0.0951773324564727
3.45933509636886,0.107869162255251
3.46030149759589,0.12268650047199
3.46128810733401,0.140210438190901
3.46229514780755,0.160917039075351
3.46330826453307,0.184934432581888
3.46433997730183,0.212937152372606
3.46540873618709,0.245862522985297
3.4665465827207,0.285185821297583
3.46769901733723,0.328857262244778
3.46863046152496,0.365951717657595
3.46942098366084,0.397563332104169
3.47013712673692,0.425179150791258
3.47081371867816,0.44925386568884
3.47147440684563,0.469742235368176
3.47214016790472,0.486237345490819
3.47283466476177,0.497883793467988
3.47359201836004,0.503022089855611
3.47441747336798,0.49872901885103
3.47526019514062,0.483223386839186
3.47613438658749,0.455205910296152
3.4770503638467,0.41308674468473
3.47801825787757,0.355129568705051
3.47859826972128,0.314482451967482
3.47917828156499,0.270286853424374
3.47967488082947,0.230537799907536
3.48010100488969,0.195850614321109
3.4804826380113,0.165007994119774
3.48083613534114,0.1371768346171
3.4811722029091,0.111822541512866
3.48149907423478,0.0885550167754226
3.48182457490262,0.0670339838926099
3.48215866208446,0.0468708476652605
3.48252062694131,0.0273734302152177
3.48299368865591,0.0056267738676364
3.48319165623976,-0.00224810269398876
3.48338962382361,-0.00943483914609641
3.48357658132797,-0.0156179230083973
3.4837735770707,-0.0215311902088791
3.48399122026762,-0.0273899919090651
3.48422628495206,-0.0329806542675183
3.48447704614394,-0.0381734256241605
3.48474305009711,-0.042897822973512
3.48502469597136,-0.0471183649478393
3.48534988365508,-0.0511060827472692
3.48566556616229,-0.0541946950169619
3.48600109159212,-0.0567640321866618
3.486359475227,-0.0588301426658085
3.48674393860303,-0.0604066375779641
3.48715844109719,-0.0615073857883604
3.48760788190878,-0.0621450401820931
3.48809839160763,-0.0623295229745024
3.48863777317316,-0.0620662811181587
3.48923691869853,-0.061352908697527
3.4899107109458,-0.0601743988620176
3.49067965550872,-0.0584983051844417
3.49157587338686,-0.0562597110247905
3.49265858618549,-0.0533184425723669
3.49408347512568,-0.0492663351225545
3.49545228938061,-0.0453169982224981
3.49677647648392,-0.0415320604617174
3.4980600422634,-0.0379444913630936
3.49930473911154,-0.034570811818674
3.50051117397707,-0.0314186713458367
3.50167938005315,-0.0284900879512202
3.50280911699622,-0.0257830762290943
3.50390002783711,-0.0232926334324744
3.50495171741079,-0.0210114486449316
3.50596378557345,-0.0189304780678915
3.50693583281186,-0.0170394409075237
3.5078674478215,-0.0153272554336482
3.50878204047932,-0.0137423007337155
3.50971993550606,-0.0122156823646899
3.51068255322506,-0.0107521363994605
3.51167194974665,-0.00935563156045664
3.51269053188394,-0.00802994924057144
3.51374114647182,-0.00677862946060728
3.51482719391584,-0.00560491928227689
3.51595278052032,-0.00451171875467935
3.51712292747503,-0.0035015243557437
3.51834386525956,-0.00257636942832933
3.51962346156122,-0.00173776042851907
3.52097186710064,-0.000986606588836149
3.52240253638878,-0.000323138327795
3.52393393775142,0.000253194889710985
3.5255576542676,0.000734791236419962
3.52722543727126,0.00111392893027007
3.52895560076925,0.00140738951580651
3.53076860969858,0.00162997805336161
3.53269163369295,0.00179558292084454
3.53476283157392,0.00191758888583616
3.53704018364451,0.00200949551036156
3.53962251676447,0.00208607357038944
3.54271472848354,0.00216647225826662
3.54644845134049,0.0022726374824318
3.55038088301713,0.00240801616864556
3.55442005649313,0.00257300124064077
3.55827932179594,0.0027499536046441
3.56206763609769,0.00293611676123366
3.56585434406316,0.00313000480114867
3.5696872422909,0.00333135105252957
3.57360401949545,0.00354101172822767
3.57763754776748,0.00376078168082136
3.5818187565624,0.00399322347813372
3.58617852044252,0.00424154666297425
3.5907490527062,0.00450956433754127
3.59556533621053,0.00480179220019876
3.6006664738154,0.00512375547118736
3.60605294803993,0.00547965993446835
3.61127639294325,0.00584339615248579
3.61646390776287,0.00622583408716573
3.6215579346428,0.00662603592953359
3.62657565108072,0.00704878263193684
3.63151916934184,0.00749823201327828
3.63639632211665,0.00797953407969116
3.64121155759282,0.0084981420994405
3.64596754534563,0.00906000996063858
3.65066485874748,0.00967162758848447
3.65530260160567,0.010340150984722
3.65994803114827,0.0110851633004131
3.66462378330738,0.0119243831282291
3.6693376693823,0.0128769456060083
3.67411506796201,0.0139701026011701
3.67901335339962,0.015246027331797
3.68417676471531,0.0167846544214357
3.69008395670063,0.0188095222733627
3.69483333521078,0.020635070780131
3.69958271372092,0.0225880959487524
3.70341236555811,0.0241835773837959
3.70671882184767,0.0255005274632413
3.70979744913172,0.026604314610926
3.71279637579827,0.0274968387832851
3.71564365523004,0.0281188768013096
3.71845923671655,0.0284733579261932
3.72138766667425,0.0285377583205598
3.72469796140995,0.0282281736712183
3.72906452770333,0.0272437321235429
3.73177689565342,0.0263524438809679
3.73448926360351,0.0252942184063637
3.73695696051219,0.0242214598178834
3.73927140654518,0.0231478276651253
3.74150114974451,0.0220734029389472
3.74368422819479,0.0210008449041212
3.74584445070798,0.0199337697638126
3.74799849345073,0.0188758695479744
3.75015902092619,0.0178306429516978
3.75233626329212,0.0168013228804969
3.75453891617664,0.0157908628054874
3.75677470178452,0.0148019418216236
3.75905074061581,0.0138369774376534
3.76137382869372,0.0128981343966951
3.76375064537237,0.0119873365226086
3.76618792379631,0.0111062781534656
3.76869261949461,0.0102564288645678
3.77127204244985,0.00943904867048962
3.77393402525803,0.00865519140631325
3.77674816052461,0.00788977057387735
3.77975594432656,0.00713985214866905
3.7829805110096,0.00640925042231958
3.78644892420986,0.0057019032444446
3.79019252365414,0.00502193084561584
3.79424778126674,0.00437357703477731
3.79865750570015,0.00376110963753256
3.80347282037557,0.00318865602439242
3.80875651997022,0.00265998327219559
3.81458960111614,0.00217819471240568
3.82108029748858,0.00174562077049387
3.82818018214754,0.00137295090273052
3.83387771458488,0.00113497872216581
3.83957524702222,0.000951786466980711
3.8476978351881,0.000758528419882706
3.85624398814043,0.000612422682848067
3.86572006126037,0.000498148195977053
3.87572006126037,0.000418104464720707
3.88572006126037,0.00036899116196779
3.89572006126037,0.00034284283641392
3.90572006126037,0.000334057867906544
3.91572006126037,0.000338950274292848
3.92572006126037,0.000355410665292281
3.93572006126037,0.000382627844904084
3.94572006126037,0.00042092729270486
3.95572006126037,0.00047177523133809
3.96531211777898,0.00053502262224345
3.97416901617241,0.000609563240817532
3.98233625146376,0.000696310424388969
3.98986917549911,0.000796720526536819
3.99681912345438,0.000912636712031626
4.00323338240686,0.0010462603077901
4.00915560765403,0.00120016417787098
4.01462617791116,0.00137732754805186
4.0196824900309,0.00158118522351364
4.02435921925184,0.00181568810844702
4.0286885577478,0.00208537769701748
4.03270043690562,0.00239547555769182
4.03642273407752,0.00275199344039166
4.03988147569145,0.00316186779019028
4.04310104804189,0.00363313054112872
4.04610442217478,0.00417512836035083
4.0488425230676,0.00478144143584734
4.05132293722815,0.00544964872674038
4.05358658583848,0.00618468025288136
4.05566936327027,0.00699284781869822
4.05760260888667,0.00788212002639286
4.05941470065958,0.00886296715737102
4.06113293006115,0.00994991086137198
4.06278625356755,0.0111646338402916
4.0644621064959,0.0125900439236994
4.06623856659269,0.0143402793528034
4.06830917750116,0.0167142037400753
4.06991619683829,0.0187995672612907
4.07152321617543,0.0210592817660724
4.07290657334715,0.0230835342692553
4.07410792237444,0.0248329518318244
4.07521649903011,0.0263722044658742
4.07627917666767,0.0277121552053897
4.07732765554442,0.028836074295299
4.07839164500398,0.0297079465761258
4.07950881056529,0.0302669770642033
4.08074528933279,0.0304012693815313
4.08229075914237,0.0298155597610403
4.0840588799439,0.0281762966435322
4.08547466715332,0.0262442204958399
4.08665275986227,0.0243318485791424
4.08775887117169,0.0223726611258194
4.08885058678363,0.020356329695854
4.08995594785275,0.0182950429700075
4.09109845442152,0.0162004412538027
4.0923066650171,0.0140755908635423
4.09362712803351,0.0119038169081855
4.09418279724348,0.0110464357186395
4.09473846645346,0.0102419965838264
4.09588937533779,0.00874138946248132
4.09704244147947,0.00744140819496928
4.098216921044,0.00630165872596198
4.09942377865577,0.00529946828870121
4.10067312356636,0.0044175834466776
4.1019752255969,0.00364205342327075
4.10334113154953,0.00296115471655255
4.10478324302801,0.00236472265043414
4.10631596389469,0.00184370468362844
4.10795651441006,0.00138984205282813
4.10972603717648,0.00099542599926653
4.11165118816954,0.000653092956964942
4.11376654420052,0.000355629030830126
4.11611844202326,9.57503511291395e-05
4.11865226841729,-0.000124934919097544
4.12105643396408,-0.000294577792542767
4.12335165926798,-0.000431404106234081
4.12557098244209,-0.000547244101099654
4.12775268534351,-0.000649913134049953
4.12994722085281,-0.000745233877785344
4.13224279074339,-0.000838980285778214
4.13489455165684,-0.000942210853702068
4.13693543996622,-0.00101926215215699
4.1389763282756,-0.00109504460729154
4.14073967827661,-0.00115992180210298
4.14233232125746,-0.00121828265956409
4.14388626722521,-0.0012751683309001
4.14549631223116,-0.00133417466519319
4.1472832688116,-0.00139986645860387
4.14952533580818,-0.00148273963770196
4.15367149742545,-0.00163768678479951
4.15749827968003,-0.00178263711361634
4.1608170518337,-0.00190942094870956
4.16439424826357,-0.00204638891222669
4.16902888998844,-0.00222210106824484
4.17473699329523,-0.00242717910812345
4.17978925984528,-0.0025791261091991
4.18433959931715,-0.00266619749543704
4.18841055979729,-0.00267445985130651
4.19205853239164,-0.00259560399403593
4.19534703662711,-0.00242550115425152
4.19834495452644,-0.00216161483355032
4.20112116862721,-0.00179997333516006
4.20374818952277,-0.00133142790259767
4.20631109535641,-0.000735874870059104
4.20894638595724,3.54280126142467e-05
4.21184002463058,0.00107450474438659
4.21501401284333,0.00242624084982123
4.21780386589059,0.00376142487560752
4.22083417098865,0.00533729801637122
4.22294551768884,0.00652111377696748
4.22505686438903,0.00780190839531385
4.22689138785242,0.00902656949092939
4.22863127617734,0.0103204717907144
4.23027873976011,0.0117026861711442
4.2318735393547,0.0132275979826191
4.23340990778259,0.0149153395524245
4.23489645958492,0.016801716350583
4.23632980353438,0.0189104299489642
4.23770844842106,0.0212664765528671
4.2390358215934,0.0239038461557627
4.24031295378581,0.0268550023877753
4.24154047246214,0.0301532312860356
4.24272302855412,0.0338463044025664
4.24386368547791,0.0379848132296524
4.24496571671804,0.0426277623743643
4.24603252690971,0.0478443569819277
4.24706752151821,0.0537156422021017
4.24807464475807,0.0603405932006123
4.24905780336971,0.0678371206183294
4.2500211892852,0.0763489231947578
4.25096942061541,0.0860537489432088
4.25190774371968,0.0971753950285779
4.25284240848773,0.110002820279505
4.25378112857844,0.124919063418196
4.25473402607426,0.14245217925306
4.25571544283648,0.163371059106561
4.25669902017833,0.187594859924358
4.25769402635377,0.215735002289207
4.25871436749814,0.248621346814049
4.25978239957836,0.287460895633374
4.26091428426031,0.333138197922003
4.26188532125348,0.375043310931205
4.26267289944167,0.409674604992336
4.26336897221238,0.439556390321068
4.26401946348432,0.465680542939032
4.26465136533194,0.488208461995051
4.2652869000563,0.506850800658045
4.2659506768294,0.520852740635574
4.26667920434428,0.528653358211155
4.26748136548412,0.527164152384481
4.26830309818204,0.514292146381395
4.2691610676365,0.488714925477644
4.27006760153456,0.448679653724928
4.27103123995995,0.392216608909342
4.27167678598318,0.347037525045814
4.27232233200641,0.296871262481346
4.27286029304267,0.252283797460044
4.27330775619575,0.214209565796323
4.27370019015057,0.180841720621148
4.27405864801087,0.150994719411745
4.27439587601182,0.123962074542453
4.274720932476,0.0992657739156005
4.27504168065231,0.0765238042831091
4.27536702501401,0.0553509186977978
4.27571164922229,0.0351787509873791
4.27612012320365,0.0143689951144516
4.27639716034445,0.00214547295391536
4.27658376772528,-0.00526043246683955
4.27677037510611,-0.0120298024872092
4.2769482818953,-0.0179182930511621
4.27714917317026,-0.0239406371620712
4.27736913331049,-0.0298215169029178
4.27760539903269,-0.0353729599749469
4.27785682606061,-0.0404895053130907
4.27812333024584,-0.0451150944927304
4.27840556162957,-0.0492231940580512
4.27870474232501,-0.0527981056711983
4.27902213869152,-0.0558306088914259
4.27935791542059,-0.0583199073650652
4.27971709361407,-0.0603032651855029
4.28010309745664,-0.061795218794225
4.28052011706874,-0.062809931276043
4.28097336083016,-0.0633598990552192
4.28146938935189,-0.0634543500660982
4.28201662738638,-0.0630973076958493
4.28262722995646,-0.0622832275336008
4.28331743392753,-0.0609925175171137
4.28411064541466,-0.0591841870640936
4.28504521478862,-0.0567748555039514
4.28619850008016,-0.0535711315543241
4.28761489238505,-0.0494855167395296
4.28898108560893,-0.0455113553898682
4.29030493643243,-0.0417069229429746
4.29158955810234,-0.0381020030362033
4.29283620573637,-0.0347118710512616
4.29404519374425,-0.0315437285136393
4.29521637484439,-0.0285994921830178
4.2963493921965,-0.0258772262991486
4.297443810711,-0.0233720355000381
4.29849918147542,-0.0210767271599513
4.29951506713526,-0.018982362706164
4.30049104305363,-0.0170787420390459
4.30142668236868,-0.0153548349879942
4.30233867808165,-0.0137702523675695
4.30327387687034,-0.0122435627302577
4.30423360852226,-0.0107796253721966
4.3052198937008,-0.00938242956063331
4.30623509557658,-0.00805578609261715
4.30728200719531,-0.00680327284148109
4.30836396157402,-0.0056281838104239
4.30948497910228,-0.0045334759295447
4.31064996926873,-0.00352171366725512
4.31186501399364,-0.00259501114706488
4.3131377779801,-0.00175497089818555
4.31447812532678,-0.00100261740899984
4.3158990888291,-0.000338321872317198
4.31741848255219,0.00023828901956858
4.31903831501888,0.000722323115955889
4.32070030812582,0.00110188608394667
4.32242280110056,0.00139395795301735
4.32422569598819,0.00161335255131758
4.3261352917255,0.00177390231241072
4.32818826624136,0.00188883568661558
4.33043981438668,0.0019713251527848
4.33298262746871,0.00203545912369335
4.33600365701232,0.00209869731337233
4.33973813113295,0.00218430522785997
4.34362879037006,0.00229619797839555
4.34801085827653,0.00245177540833248
4.35202017287034,0.00261558862026769
4.35586139396111,0.00278535973379746
4.35964505900376,0.00296016728033406
4.36343600443796,0.00314001242086139
4.36727997263632,0.00332580723474034
4.37121373520801,0.00351921425124769
4.3752698248664,0.00372249251579031
4.37947920765445,0.00393838415085534
4.38387311408945,0.00417005870505638
4.38848443548555,0.00442113445960063
4.39334918888196,0.00469583599483163
4.39850786604333,0.00499934784783685
4.40396629969106,0.0053359387290632
4.40924992196137,0.00567965857490381
4.41449410923103,0.00604110369414522
4.41963858646024,0.00641919369439635
4.42470317500089,0.00681852148523867
4.42969092399442,0.00724295351793662
4.43461050878008,0.00769724258933903
4.43946716055489,0.00818639339265037
4.44426430013762,0.00871585905047922
4.44900310515098,0.00929157358815051
4.45368308304581,0.00992007883382126
4.45830433554672,0.0106089179645093
4.46296479529342,0.0113838244113748
4.46765272403696,0.012258556899073
4.4723859018463,0.0132553575166749
4.47719710911209,0.0144052567472404
4.4821645632511,0.0157603913458057
4.48749705095622,0.0174285891993559
4.4940647103716,0.0198006352385811
4.49818379019218,0.0214460654389705
4.50230287001277,0.0231603589062399
4.50589058808036,0.024642277240292
4.50910112537679,0.025887443998277
4.51214372747843,0.0269260916086192
4.51508140638965,0.0277326102151572
4.51790570399401,0.0282719903566354
4.52073882285646,0.0285404921844065
4.52374491113215,0.0285029555619894
4.52730317973595,0.0280307603349695
4.53054739547484,0.0272308363919141
4.53379161121373,0.0261369920773784
4.53650152380029,0.0250476690230207
4.53892822812336,0.0239727346557615
4.54121829668933,0.0228984940111365
4.54343475036697,0.0218240298740188
4.54561136452695,0.0207522644349458
4.54776981302408,0.01968686735557
4.54992562043817,0.0186314906576872
4.5520907818132,0.0175895665199895
4.55427513062912,0.0165642539836698
4.55648713278368,0.0155584338265488
4.55873439548722,0.0145747152335764
4.56102401486212,0.0136154471668449
4.56336282652875,0.0126827321418446
4.56575762018178,0.0117784322290402
4.56821530498781,0.0109041824506562
4.57074306849036,0.0100614001501752
4.57334853683896,0.00925129287877593
4.5760399334664,0.00847486918577521
4.57890255642697,0.00771348664538338
4.58196448380995,0.00696864175983481
4.58524999165643,0.00624415125614382
4.58878726663007,0.00554401035990934
4.59260899953259,0.00487239003573433
4.59675334023811,0.00423356830775639
4.60126527563165,0.00363181920488338
4.60619889851474,0.00307123999342266
4.61162167201021,0.00255549419185706
4.61762164359161,0.00208756823829565
4.62431779480721,0.00166970990169341
4.63156042296138,0.00131692907624059
4.63754039677843,0.00110302584235639
4.64555365087116,0.000893035241204373
4.65375652769465,0.000738684111515299
4.66284929126827,0.000618318211298131
4.67284929126826,0.000533011368331331
4.68284929126826,0.0004854607524913
4.69284929126826,0.000466896616522559
4.70284929126826,0.000471519026730744
4.71284929126826,0.000496093067502377
4.72284929126826,0.000539719331662629
4.73243699547985,0.000600813935331268
4.74128087117251,0.000676873423457859
4.74942853034975,0.00076782358271996
4.7569373063572,0.000874609839193296
4.76386012667861,0.000998842630720554
4.77024557122359,0.00114266107336318
4.77613836777534,0.00130869091244603
4.78157980242326,0.00150005069933432
4.78660805101307,0.00172038752077585
4.79125847240206,0.00197393251964194
4.79556387735534,0.00226557801108884
4.79955477875146,0.00260097444327208
4.80325962228587,0.00298665483796649
4.80670501859007,0.00343019028151953
4.80991599261396,0.00394039330637338
4.81288446622153,0.00452070480340432
4.81556907967982,0.00516180282128996
4.8180143609952,0.00586834526776455
4.82026054833496,0.00664663176077976
4.82234282508864,0.00750468736025792
4.82429312572263,0.00845316285411643
4.82614237213225,0.00950703412493936
4.82792389530811,0.0106891076040818
4.82970721920413,0.0120604984660551
4.83161627419837,0.0137614080041705
4.83391859474518,0.0161526196600342
4.8355011845683,0.0180020793230557
4.83708377439142,0.0199821575274964
4.83849437098192,0.021802153917393
4.83973775443065,0.023387313190208
4.84089141503682,0.0247789268104381
4.84200028667413,0.0259814487690407
4.8430962988988,0.0269766049395216
4.84421029497716,0.0277284256229608
4.84538238648197,0.0281767156342534
4.84668507990522,0.0282090392128217
4.8483385483935,0.0275124107543471
4.84977635429912,0.0262706127649298
4.85121416020475,0.0245319660814004
4.85244570483209,0.0227424656968945
4.85359274875555,0.0209086258192213
4.85471570988012,0.0190257929038108
4.85584536031936,0.0171044156116399
4.85700574675748,0.0151554378421427
4.85822402597184,0.0131832652003635
4.85954152150927,0.0111772799485817
4.8600311015417,0.0104720184746606
4.86052068157414,0.00980380181848304
4.86165716017144,0.0083997336490242
4.86282286357579,0.00715375539406845
4.86401387276062,0.00605928136939752
4.86524027098255,0.00509621711002786
4.86651225940241,0.00424840764420406
4.86784039577689,0.00350263632146353
4.86923618142035,0.00284769917206086
4.87071265988117,0.00227380660312932
4.87228511300291,0.00177217653198798
4.87397195813619,0.00133473924738537
4.87579598944536,0.000953905514815268
4.87778619210665,0.000622365138117389
4.87998053181912,0.00033288533465234
4.88243048587487,7.80718339400217e-05
4.88498846511593,-0.000133633893583336
4.88773486630279,-0.000318619791875308
4.89060538311821,-0.000480532470995393
4.89271294185657,-0.000585391288333225
4.89482050059493,-0.000682001963195094
4.89670331763855,-0.000763164517762205
4.89847846225634,-0.000836367810934708
4.90026574444587,-0.000907608606019927
4.90218167612986,-0.00098190585980589
4.90442777630184,-0.0010669962118475
4.9077586478417,-0.0011904456092563
4.91159966673609,-0.00133008902296709
4.91483188355376,-0.00144583581688414
4.91805893838268,-0.00155978425443947
4.92177096898188,-0.00168827244289199
4.9264747900135,-0.00184470385456987
4.931922582614,-0.0020080439390903
4.93670004719526,-0.00211831133406404
4.94106154003624,-0.0021696933239702
4.94501479670102,-0.00214957291693377
4.94861124791259,-0.00204833617325348
4.95190298616174,-0.00185850762111444
4.95495020716072,-0.00157318785375235
4.95781877742854,-0.00118332750553166
4.96059396999153,-0.000671623841325677
4.96340392295722,6.13129255128363e-07
4.96648442218558,0.000928983683581
4.96973745388202,0.00212373153689029
4.97327717853515,0.00365040526651062
4.97578025687098,0.00486460008812948
4.97828333520681,0.00620433795081538
4.98044749375646,0.00749340464200776
4.98234407350175,0.00875714616808768
4.98411909193663,0.0100892641471
4.98580205021758,0.0115239743585383
4.98741427558799,0.013096386928384
4.98896815540087,0.0148402679232411
4.99046230904822,0.0167778481222478
4.99190128113231,0.0189397347686239
4.99328637131979,0.0213546091182971
4.99461697603807,0.0240488659369281
4.99589785073917,0.0270616139093053
4.99713146939744,0.0304321194187338
4.99832028967529,0.0342042059540898
4.99946803042376,0.0384319195319207
5.00057840386684,0.0431783180336907
5.00165500087413,0.0485167906872404
5.00270158589681,0.0545346796221651
5.0037220296441,0.0613362281444696
5.00472074971415,0.0690500040560797
5.00570251227286,0.0778343394699035
5.0066727550241,0.0878887959368749
5.00763796690087,0.0994713674577664
5.00860627218475,0.112926155447315
5.00958859722381,0.12873369458643
5.01060081594286,0.14760677937755
5.0116178037012,0.169524088621285
5.0126475078498,0.195014876315101
5.01370576765851,0.224871621416534
5.0148176988077,0.260263675306537
5.01597074801201,0.30096742662569
5.0170178734712,0.34062861529433
5.01788233810083,0.374247929021044
5.01864514891784,0.403473161172225
5.01935172787215,0.429076822183551
5.02002932781194,0.451198320861471
5.02069920392102,0.469613422846728
5.02138222736738,0.483741916790924
5.02210398635522,0.492476176012329
5.0229042414328,0.493660013451159
5.02374105108489,0.484564295308623
5.02459941841414,0.463902837295824
5.02549145346491,0.430286770265914
5.02642660065434,0.382131423741095
5.02709819865779,0.339925399434387
5.02776979666124,0.292204598614755
5.02832886781448,0.249281547464941
5.02879197675847,0.212454478639039
5.02919690632345,0.18006631713489
5.02956582126316,0.151016312503162
5.02991196526916,0.124652124089578
5.03024458186328,0.100535173664848
5.03057144150804,0.0783197116194395
5.03090085539111,0.0576694398539166
5.03124528016549,0.0381282460551388
5.03163594197844,0.0186135534730468
5.03182338610282,0.0102525447284044
5.0320108302272,0.00252712345487909
5.0322398605869,-0.00607628992369783
5.03243549905476,-0.0127270305435644
5.03262295446816,-0.0185262675477348
5.03283320911248,-0.0244009661517386
5.03306240520919,-0.0300968247683936
5.0333079926521,-0.0354458883746193
5.03356899240489,-0.0403550642989514
5.03384545166823,-0.0447757056638714
5.03414538892417,-0.0487639511527339
5.03445321838872,-0.0520923333993238
5.03478011587706,-0.0549024694591218
5.03512855533188,-0.0572056234331869
5.03550143138601,-0.0590144124435856
5.03590230434796,-0.0603425858538506
5.03633556139462,-0.0612034527221436
5.03680665251994,-0.0616084078712434
5.03732244210273,-0.0615653605037506
5.0378917502417,-0.0610768007523804
5.03852779824572,-0.0601343521053235
5.03924738773285,-0.0587160996227956
5.04007544585541,-0.0567774979954904
5.04105349922955,-0.0542281668589848
5.04226844574631,-0.0508527402535118
5.04366256026077,-0.0468658684428815
5.04500804093756,-0.0430113920347064
5.04631063127214,-0.0393396015892968
5.04757324180476,-0.0358743615874499
5.04879709214172,-0.0326273257968191
5.04998253630153,-0.0296030509419552
5.0511294992044,-0.0268013329398272
5.05223770600838,-0.0242184872262621
5.0533068005146,-0.0218481910073316
5.05433640153999,-0.0196821260102239
5.05532612267566,-0.0177105153102851
5.05627556906744,-0.0159225898136873
5.057184318645,-0.0143069966528931
5.05811188937937,-0.0127547410429488
5.0590633955872,-0.0112636861227127
5.06004072747126,-0.00983792901406041
5.06104612719347,-0.00848134298311696
5.06208223549872,-0.00719758186727949
5.06315219236888,-0.00599002919534844
5.0642597704681,-0.00486174522783737
5.06540955631352,-0.00381541152256106
5.06660720238234,-0.00285327273955303
5.06785978825723,-0.00197707483826036
5.06917635618788,-0.00118799786773393
5.07056873941612,-0.000486579823668387
5.07205291213906,0.000127375327769137
5.07365134246164,0.000654919664627172
5.07529745128205,0.00107604466626681
5.07699810398209,0.00140461331618633
5.07877195661306,0.00165604740215786
5.08064287353737,0.00184461724947544
5.08264346166201,0.00198389914513837
5.08482143393102,0.00208729350225547
5.08725363529096,0.00216888583632254
5.09008403614826,0.00224539291957251
5.09367535600875,0.00234317580823924
5.09746623929333,0.00246545371448973
5.10130912003923,0.0026146221206364
5.10523556691667,0.00278977642227807
5.10927879164822,0.00298728624318906
5.11347011878375,0.0032034826998792
5.11784078337713,0.00343605099446618
5.12242341272615,0.00368452238726975
5.12725357172105,0.00395032768219671
5.13237109477757,0.00423672850571737
5.13782142980858,0.00454888307301826
5.14336352803717,0.004876769834427
5.14877587654234,0.00521058793076211
5.15410485032782,0.00555599210664652
5.15933076316173,0.00591483125787867
5.16446923265717,0.0062912670398486
5.1695287196114,0.00668920327673912
5.17451844930195,0.00711289090317501
5.17944445340451,0.00756672838109683
5.18431059454768,0.00805542051474502
5.18911870764565,0.00858407663291097
5.19386906069428,0.00915834119274323
5.19856066525526,0.00978451027911103
5.20319176039214,0.0104696629622578
5.20784759331117,0.0112369131280016
5.21253206387119,0.0121018828966222
5.21725872954748,0.013085513617968
5.22205762724743,0.0142173794620403
5.22699888537574,0.0155451776232399
5.23226508351692,0.0171653017392694
5.23854777837212,0.0193930532294805
5.24287359958951,0.0210984034844342
5.2471994208069,0.0228924371851201
5.25087873300438,0.024419511148435
5.25412833857045,0.0256960760970374
5.25718533262723,0.0267639957453696
5.26014924529172,0.0276090704620016
5.26298297706937,0.0281857267190644
5.26580719470454,0.028493279372793
5.26877599943313,0.0285026209253155
5.27221092467924,0.0281082408278479
5.27560219752382,0.0273243449835591
5.2789934703684,0.0262105038826485
5.28175264709397,0.0251142483692791
5.28419762452279,0.0240383166823875
5.28649707679974,0.022963885863326
5.28871909212349,0.0218890327585331
5.29089907520209,0.0208165076133098
5.29305945359401,0.01974995670835
5.29521617750535,0.0186930415462068
5.29738151234363,0.017649211922564
5.29956547903736,0.0166216459508938
5.30177668400641,0.0156132429275459
5.30402284870939,0.0146266292434174
5.30631116863918,0.0136641702184594
5.30864857337017,0.0127279836231255
5.3110419480303,0.0118199457552258
5.31349829845631,0.0109417071620015
5.31602492772892,0.0100946976438798
5.31862958456154,0.00928014037991158
5.32132064350616,0.00849905749168322
5.32417039073165,0.00773607635803995
5.32721807409767,0.00698923605500477
5.33048756498261,0.00626236927648804
5.33400677073487,0.00555943786615392
5.3378080492843,0.00488457762003539
5.34192913199119,0.00424203231597328
5.34641444380629,0.00363604503558632
5.35131725394302,0.00307068753889013
5.3567037264767,0.00254960048245611
5.36265981219228,0.00207573451818954
5.36930125448708,0.00165125038532283
5.37435971132477,0.00138830166156314
5.37941816816245,0.00117977269662674
5.38613968972323,0.000968176444899738
5.39412803577007,0.000779565243252877
5.40284673735329,0.000628925632549339
5.41284673735329,0.000508859134716046
5.42284673735329,0.000431012277120339
5.43284673735329,0.000383971574752266
5.44284673735329,0.000359538816807774
5.45284673735329,0.000352033839393959
5.46284673735329,0.000357806681850668
5.47284673735329,0.000374802260299998
5.48284673735329,0.00040222911298547
5.49284673735329,0.000440384260746781
5.50284673735329,0.000490656229285539
5.51231962829486,0.000551996473614834
5.52107686710181,0.000623809538499289
5.52916517134373,0.000706953856434742
5.53663630121097,0.000802773639014515
5.54353839727156,0.000912971150185136
5.54991604634246,0.00103957899379749
5.55581061225387,0.00118497229536064
5.5612605151128,0.00135190079019904
5.56630146326125,0.00154353382097304
5.57096666455439,0.00176351457557367
5.57528702334448,0.00201602711379925
5.5792913250724,0.00230587521199635
5.58300640653221,0.00263857888111527
5.58645732389831,0.00302049010779525
5.5896675264886,0.00345893735532796
5.59265903750152,0.00396240735436182
5.59544641494471,0.00453935075001834
5.59796023226081,0.00517543245921301
5.60024113750251,0.00587433030606592
5.60232632192534,0.00664118983049969
5.60424755331865,0.00748227100417688
5.60603250395439,0.00840538505086759
5.60770611946392,0.00942065716583713
5.60929213999325,0.010541879997917
5.6108291459252,0.011801395897252
5.61239083466752,0.013281908529279
5.61402786823076,0.0150788532962252
5.61587236052759,0.017430708701289
5.61756801844558,0.0199012988407468
5.61891645878582,0.022051229203367
5.62026489912605,0.0243117308683443
5.62144779312052,0.0263178720683247
5.62252299649512,0.0280871600734677
5.62354302702127,0.0296444663742296
5.62454135454327,0.0309806275983247
5.62554639033191,0.0320643555787346
5.62659093969866,0.0328408782054582
5.62772683107531,0.0332137333292273
5.62907748474368,0.0329654272202929
5.63071563258829,0.0316747007551953
5.63190436042532,0.0301372675584026
5.63309308826236,0.0282042847439467
5.63418797050527,0.0261706724874641
5.63524994532731,0.024052885492754
5.63631241251507,0.021866811405031
5.63739876578055,0.0196295739338706
5.63853264149354,0.0173526469830512
5.63974640919033,0.0150347585072348
5.64109930571288,0.0126440326560727
5.6427571730188,0.0101081059736764
5.64392156764528,0.00861482751914434
5.64508596227177,0.00732918366590488
5.64625722776176,0.00621973518403077
5.64746246889545,0.00524531085455854
5.64871209395754,0.0043890398156885
5.65001635736811,0.00363754584233274
5.65138639795156,0.00297952398731062
5.65283482299682,0.00240513143149577
5.65437636981857,0.00190558338596782
5.65602875358601,0.0014728645125635
5.65781383382122,0.00109950952444279
5.6597593089679,0.000778422282128159
5.66190130367284,0.000502709369441583
5.66428853513308,0.00026550167220202
5.66698946396264,5.97241562019239e-05
5.66963735321302,-9.76557127931207e-05
5.67221972179053,-0.000222492004835815
5.67481602425605,-0.000328546591372407
5.67756880774543,-0.000426469417859068
5.68090646003961,-0.000531933754312771
5.68320556349505,-0.000598822384094086
5.68550466695049,-0.000662500480622582
5.68755819827589,-0.000717354420734012
5.68944589618896,-0.000766483834800727
5.6913050656445,-0.000813899775483138
5.69324869079896,-0.000862615502631462
5.69543560225638,-0.000916533243246036
5.69828007269816,-0.000985386618119368
5.70332369447912,-0.00110399165771908
5.70745517643648,-0.00119694629299988
5.71104429843437,-0.0012735116763074
5.71501366635115,-0.00135199016325456
5.72001942244494,-0.00143717558073697
5.72506337813567,-0.00149651264019117
5.72958691283572,-0.00151042638386575
5.73369042964441,-0.00147020714895023
5.73740686828303,-0.001366620904875
5.74078459005462,-0.00119131236578533
5.74388452061692,-0.000935717106041441
5.74677044214866,-0.000589598122670932
5.74950610484529,-0.000139138211423709
5.7521528332108,0.000434964992238567
5.75476800003417,0.00115915760183931
5.75745256606861,0.00208617473493238
5.76029984245737,0.00329168925538893
5.7632786895924,0.00481630401708047
5.76593954114539,0.00642926549812212
5.76818072737153,0.00800344263886992
5.77012656151579,0.00956730980430726
5.77187310354667,0.0111670447788032
5.77352569813539,0.0128939804417642
5.77510057266728,0.0147793019569153
5.77658502456013,0.0168218470276709
5.77801204304683,0.0190842368447903
5.77938240797164,0.0215941241854003
5.78069924011503,0.0243852735875676
5.78196818295703,0.0275015151120314
5.78319065962733,0.0309823281181693
5.78437102992937,0.0348804285105266
5.78551244212323,0.0392528973622548
5.78661790473665,0.0441647985219011
5.78769107991608,0.0496946780261195
5.78873597781121,0.0559371099675508
5.78975666293828,0.0630050448848807
5.7907576325853,0.0710370681342031
5.79174388599823,0.0802052801778874
5.79272155533291,0.0907319155210034
5.79369806854916,0.102908548934261
5.7946831108306,0.117134169580868
5.79569033291699,0.133985841058491
5.79671684187911,0.153864655767187
5.79775098277365,0.176941804621879
5.79880677650125,0.203893352845556
5.79990538316617,0.235682229082927
5.80107879643294,0.273685054111615
5.80224283838716,0.314841677183977
5.80318655108837,0.349752461840007
5.80400192099445,0.379968242163579
5.80474584260742,0.406517596249667
5.80544932338035,0.429658265603948
5.80613444662044,0.449275779239592
5.80682086811015,0.464953516708886
5.80752990044283,0.475886406723169
5.80828979296988,0.480608839111734
5.80913091606445,0.47641774130554
5.80998371076549,0.461429851434743
5.81086138599413,0.434459898889803
5.81177410799454,0.394093137642144
5.8125359522423,0.351185781882172
5.81314232005825,0.311596638589716
5.8137486878742,0.268018322559148
5.81426028893779,0.229065738150868
5.81469704252046,0.19505680708902
5.81508713099808,0.164770179652125
5.81544767753968,0.137401722836666
5.8157897029277,0.112442291478956
5.81612152649714,0.0895238080119227
5.81645081975325,0.0683304541541932
5.81678686480919,0.048514874358154
5.81714619998406,0.0295060696215533
5.81758626879927,0.00937191922992833
5.81782260344065,-3.47611235232461e-05
5.81805893808203,-0.0085016382106491
5.81825465777439,-0.0148348270867837
5.81845223920716,-0.0206378087504207
5.81867133181123,-0.0264202382188959
5.81890853162662,-0.0319618474490235
5.81916182765163,-0.0371237319022764
5.8194305953506,-0.0418300641255125
5.81971512895932,-0.0460394261651814
5.82003890660142,-0.0499709545051562
5.82035702935409,-0.0530660408427787
5.82069495726412,-0.0556475683596925
5.82105558140707,-0.0577300930526278
5.82144204096344,-0.0593266172748497
5.82185818862094,-0.0604506204593045
5.8223087776789,-0.0611145971370207
5.8227997319064,-0.0613285975483596
5.82333855069111,-0.0610985915820372
5.82393554946239,-0.0604234942775849
5.82460493546221,-0.0592904863794274
5.82536582658745,-0.0576712651833417
5.82624748829402,-0.055509622620828
5.82730159792349,-0.0526881269968069
5.82865170673096,-0.0488926793811329
5.83002049406225,-0.0449785739283761
5.8313431734978,-0.0412236522442151
5.83262390700974,-0.037664838875448
5.83386488322914,-0.0343194081693565
5.83506697849285,-0.0311951453971546
5.83623039701407,-0.0282939589355563
5.83735501231786,-0.0256136602112804
5.838440546137,-0.0231490240991219
5.83948665878718,-0.020892536176317
5.84049298898712,-0.0188349870887246
5.84145916312881,-0.016965976681749
5.84238478482363,-0.0152743518333286
5.84330311541927,-0.0136922361599543
5.84424490238382,-0.0121691396695815
5.84521169758325,-0.0107096191091649
5.84620560905646,-0.00931761402620113
5.84722910793352,-0.00799686480604934
5.8482851207169,-0.00675085929239014
5.84937714804559,-0.00558278037173125
5.85050942450588,-0.00449545087109431
5.85168713870084,-0.00349127555678147
5.85291674464787,-0.00257217950055978
5.85420641682037,-0.0017395412127932
5.85556674140057,-0.000994117394938614
5.85701181775188,-0.000335953218144764
5.85856112302003,0.000235734126678081
5.86019073737167,0.000709464329539846
5.86186723766413,0.00108366110165256
5.86360895335779,0.00137479854449691
5.8654372136817,0.0015976409529035
5.86738054226286,0.0017661277695064
5.86947942760575,0.00189383703067356
5.87179630680763,0.00199470804309581
5.87444010203049,0.00208448553765005
5.87764693353192,0.00218493613806889
5.88138601250543,0.00231385955358739
5.88522354703418,0.0024696830912849
5.88913271446994,0.00265248004466078
5.89314771934673,0.00285952476858756
5.89730041479814,0.00308700806135978
5.90162198730995,0.00333203615056241
5.90614443115764,0.00359348382456981
5.91090214716119,0.00387221338797771
5.91593329783398,0.00417104033424904
5.92128105310678,0.00449474201084555
5.92680689313285,0.00483859442120683
5.93218614983257,0.00518602258341268
5.93749885411914,0.00554505167555149
5.94270906247953,0.00591662426944602
5.9478339838564,0.00630524874468697
5.95288012398838,0.00671491462598643
5.95785671123163,0.00715010238836963
5.96276970389106,0.00761543100797905
5.96762299256406,0.00811583566901248
5.97241834847539,0.0086566504323935
5.97715590251513,0.00924373993144897
5.98183453446174,0.00988362324972064
5.9864582452353,0.0105845393597387
5.99112067724534,0.0113720381318145
5.995811328589,0.0122602539745048
6.00054865316276,0.0132718996469016
6.00536749847429,0.0144389813969775
6.01035121499821,0.0158150319221832
6.0157258356308,0.0175152313254122
6.02234467667695,0.0199294853428911
6.02637889424319,0.0215510007483103
6.03041311180944,0.0232330231082202
6.03395976040905,0.0246950343827945
6.03715225840346,0.0259257980864796
6.04018872524543,0.0269507326621754
6.04311445145959,0.0277388852627748
6.04593527274807,0.0282602601822261
6.04877452194768,0.0285095226343678
6.05180248904127,0.0284481366043326
6.05543538657142,0.0279329771476788
6.05861124277158,0.027124391219945
6.06178709897174,0.0260385082700683
6.06447119535015,0.0249524294237908
6.06688780228387,0.0238779864818697
6.0691729019835,0.022803758937356
6.07138676731707,0.0217293405699002
6.07356223300065,0.0206577506838513
6.0757205377757,0.0195926723297388
6.07787697094964,0.0185377496574741
6.08004339031043,0.0174964009326706
6.08222954768681,0.0164717695486489
6.08444386287417,0.0154667200707415
6.08669391965379,0.0144838462878569
6.08898681023728,0.013525481428186
6.09132937934503,0.0125937133323169
6.09372843831978,0.0116903898242198
6.09619093274564,0.0108171310273601
6.09872409301959,0.0099753416931847
6.10133560451645,0.00916621563494128
6.10403375830929,0.00839074938247285
6.10690727797668,0.00762951875052635
6.10998128792855,0.00688494878081878
6.11328026939787,0.00616083885653556
6.1168325823217,0.00546117397699071
6.12067109721072,0.00479010700006427
6.12483414468766,0.00415188544535544
6.12936688665094,0.00355073433049626
6.13432358315176,0.00299067481855689
6.13977187478756,0.00247525498056657
6.14579988718862,0.00200730057467483
6.1525261320523,0.00158884644564011
6.15979963063015,0.00123459985472632
6.16635633334848,0.000999873534459667
6.17404838132577,0.000797441273920126
6.18255254244921,0.000632568926890681
6.19174385682496,0.0005039159321904
6.20174385682496,0.000407308672779978
6.21174385682496,0.000344011271959651
6.22174385682496,0.000304772889013693
6.23174385682496,0.000282902652659866
6.24174385682496,0.000273741418540343
6.25174385682496,0.00027421926655105
6.26174385682496,0.000282453646336949
6.27174385682496,0.000297438039078503
6.28174385682496,0.000318843979674665
6.29174385682496,0.000346928610909261
6.30174385682496,0.000382534518251702
6.31174385682496,0.000427181923025181
6.32156253123915,0.000482173904290127
6.33065928247558,0.000546073936254571
6.339067287188,0.000619765731645207
6.3468382610321,0.000704554477716248
6.35402092655467,0.000802031743730001
6.3606605329314,0.000914061948940727
6.36679913881721,0.00104280020281302
6.37247587277394,0.00119072589768757
6.37772715468139,0.00136068565972497
6.38258689124857,0.00155594400722247
6.3870866585751,0.00178024217653615
6.39125587533195,0.00203786787174997
6.39512196579927,0.00233373740419716
6.39871051591873,0.0026734939416231
6.40204543028544,0.00306362706735687
6.40514909398571,0.00351161983271153
6.40804254079904,0.00402613439220205
6.41072548512536,0.00461237772124285
6.41314650185963,0.0052581781762136
6.415344578523,0.00596725178052621
6.41735501052609,0.00674468338257853
6.4192079075448,0.00759662575275492
6.42092944615423,0.00853070807541108
6.42254313079491,0.0095567398390537
6.42407115399177,0.0106879381823337
6.42555904166521,0.0119642711534331
6.42706575530524,0.0134596110575244
6.42863484759554,0.0152625024553449
6.43037173776666,0.01757890321523
6.43217430668189,0.0203480417224861
6.4335021444,0.0226018985753256
6.43482998211812,0.0249828825867856
6.43599529987222,0.0271072031783827
6.43704946023471,0.0289810734095404
6.43804672147235,0.0306355923474376
6.43902095591139,0.0320642309998085
6.44000016657809,0.0332366670785361
6.44101596617731,0.0340987066778242
6.4421171382242,0.0345554528041566
6.44341567193839,0.0343990474786934
6.44500286349087,0.0331968507228055
6.44618518699019,0.0316558422506358
6.4473675104895,0.0296786607655707
6.44844990217735,0.0275890762840932
6.44949717205486,0.0254050725294575
6.45054383819801,0.0231433678994883
6.45161321453942,0.0208227781003316
6.45272824571543,0.0184566963735414
6.45391966507002,0.0160460750716936
6.45524218734953,0.0135628703689755
6.4558294008392,0.0125356994868159
6.45641661432888,0.0115748825727193
6.45760130713694,0.00983523168375037
6.45877972946908,0.00834474552934032
6.45992550874227,0.00709830416000355
6.46109539749467,0.00600625538651958
6.4623009929048,0.00504664519249156
6.46355218702169,0.00420353384698808
6.46485923762473,0.00346385982068683
6.46623337050731,0.00281652170871779
6.46768735300527,0.00225181401867005
6.46923616747167,0.00176104316687841
6.47089788432494,0.00133624998180671
6.47269487234799,0.0009699955942402
6.47465556754747,0.000655181175638425
6.47681718965761,0.000384876768767154
6.47923014521264,0.000152130129292252
6.48196564618022,-5.02914746045955e-05
6.48463050551942,-0.000204666660139865
6.48716715872184,-0.000325214905876431
6.4896238905067,-0.000425259476426173
6.49203828068858,-0.000512554321312136
6.49442078689794,-0.000591290107882553
6.49676636873265,-0.000663847465110418
6.49909543122686,-0.00073256600674277
6.50149030598769,-0.000800916872008269
6.50420607412201,-0.000876649473564307
6.50634133024667,-0.000935424081830227
6.50847658637132,-0.000993860926972963
6.5103051507966,-0.0010438116307675
6.51195042856242,-0.0010887775173285
6.51355380773292,-0.00113267734657857
6.51521426631698,-0.0011782658354212
6.51705688640481,-0.00122904155896284
6.51936989035842,-0.00129308537664692
6.52366703203528,-0.001412925037728
6.52758335978825,-0.00152270714699034
6.53095577708079,-0.00161699322662343
6.53458991516607,-0.0017174267112684
6.53926285093724,-0.00184259516524258
6.54490609497958,-0.00197993354217025
6.54976198949304,-0.00206973353936356
6.55411042800476,-0.00210633310946462
6.55799112628595,-0.00207900364988642
6.56149942476513,-0.00197884823286261
6.56472371243534,-0.00179646637558888
6.56770963393539,-0.00152351304557025
6.57048673860149,-0.00115361024379282
6.57309833611868,-0.000678565432694844
6.57561292644844,-8.11486775868853e-05
6.57812945055149,0.000675329230699887
6.58085027882014,0.00168857671660846
6.58386365672038,0.00305261635114054
6.58708681054447,0.00478040829482639
6.58940389555055,0.00619160868853996
6.59172098055663,0.00776319062396702
6.59369009997756,0.00925878334048401
6.59550117139795,0.0108037979458078
6.59713593649411,0.0123802454222158
6.59870741351575,0.0141032793397946
6.6002027091788,0.0159803156299941
6.60164429286641,0.0180624547861711
6.60303146249672,0.0203769401653198
6.60436723758409,0.0229581440322354
6.60565471427595,0.0258440576431082
6.60689358391071,0.0290679466215085
6.60808838829071,0.0326785524607224
6.6092417311375,0.0367260181375951
6.61035651629937,0.0412683110206619
6.61143542799563,0.0463708329602996
6.61248258432915,0.0521167145546333
6.61350163907133,0.0586019705340091
6.61449649522084,0.0659422520884184
6.61547140372916,0.0742787927038792
6.61643103202724,0.0837860658228699
6.61738087067841,0.0946858515839456
6.61832745759009,0.107265381366991
6.61927896709718,0.121908287474593
6.62024631817673,0.139149595038773
6.6212409385222,0.159684243661373
6.62223840177818,0.183467155548871
6.6232494870166,0.211129052172985
6.62428957132892,0.243521581999566
6.62538375565753,0.281910356079157
6.62652405883316,0.326160481126324
6.62749646355305,0.366348547695485
6.62829803817905,0.40001922538394
6.62901093856287,0.429212172512737
6.62967786807264,0.45472642628151
6.63032501181087,0.47666696534725
6.63097409592545,0.494728513195012
6.63164872904022,0.508166178816189
6.63238243854804,0.515489565238691
6.63319552436165,0.513771605791632
6.63402525820679,0.500868296158919
6.63488744546999,0.475509410725217
6.63579370381049,0.436050916844049
6.63675285927152,0.380663166964724
6.63738436261834,0.337192813973764
6.63801586596516,0.289058309677217
6.6385459401105,0.24604810575049
6.63899028848853,0.209067820052194
6.63938196228923,0.176510327918222
6.63974084767904,0.147306589128202
6.64007920031391,0.120807656382356
6.64040586965218,0.0965666834896473
6.6407286540401,0.0742202342581474
6.64105652559078,0.0533941224395913
6.64140454610697,0.0335220733070028
6.64181976875199,0.0129129536901603
6.64208541252059,0.0014742832100522
6.64227445160495,-0.00586835169546137
6.64246349068932,-0.0125770026289033
6.64264419755178,-0.0184248769483765
6.64284806637931,-0.0243958273752508
6.64307101321028,-0.0302148695776488
6.6433103164003,-0.0356996922492711
6.64356487218146,-0.0407484875524458
6.64383463103096,-0.0453074033971388
6.64412027467058,-0.049350337898803
6.64444930317711,-0.0531277819628869
6.64477012520825,-0.0560351987391107
6.6451116952682,-0.0584248130425349
6.64547723709524,-0.0603134084402184
6.64587025388366,-0.0617151433594819
6.6462950618941,-0.0626437947558948
6.64675702901451,-0.0631112824182706
6.64726292365505,-0.0631260620455028
6.6478214520811,-0.0626911535872789
6.64844545385487,-0.0617991217156148
6.64915165889079,-0.0604284114318592
6.64996466600974,-0.0585347553120767
6.65092539673567,-0.0560279518383371
6.65211914458402,-0.0526934467462399
6.65352425757173,-0.0486392857501143
6.65488069666701,-0.0447081714017136
6.6561948435354,-0.0409540901221426
6.6574695995098,-0.0374035806135456
6.65870613635256,-0.0340700440532902
6.65990474698392,-0.030959379692529
6.66106529289479,-0.0280724922525041
6.66218743946404,-0.0254066242058508
6.66327077794021,-0.0229562121925598
6.66431488429406,-0.0207135346588786
6.66531934095647,-0.0186692542540654
6.66628373536098,-0.0168128933705984
6.66720764291241,-0.015133255236256
6.66812640748556,-0.013559269540699
6.66906868597096,-0.0120446164888665
6.6700360535591,-0.0105938108475148
6.67103062458061,-0.00921078972839408
6.67205487957759,-0.00789929323234713
6.67311175804546,-0.00666281148731491
6.67420477815557,-0.00550453259300101
6.67533819800583,-0.00442728818058663
6.67651723788359,-0.00343349646724608
6.6777483950865,-0.00252510224082666
6.67903990449763,-0.00170351245190298
6.68040243919969,-0.000969524774750794
6.68185022873972,-0.000323243996298548
6.683402956224,0.000236024096658167
6.68503341103367,0.000696201526616005
6.68671133308222,0.00105720282049062
6.6884550409756,0.00133529177277461
6.69028602814421,0.00154505579362585
6.69223308255562,0.00170022388991779
6.69433715653803,0.00181410305762068
6.69666159126318,0.00190024587747811
6.69931740794025,0.00197376834873578
6.70254751649521,0.00205519690247601
6.706287702119,0.00216153042962212
6.7103011342894,0.00230058092072751
6.71446879874301,0.00247110918714555
6.71838357485868,0.00264947908334988
6.72218902099828,0.00283383973399105
6.72596939537679,0.00302352713539749
6.72977897757087,0.00321884422356359
6.73365857372818,0.00342099495140352
6.73764252310376,0.00363192958148021
6.74176225075867,0.0038542033111055
6.74604848584673,0.00409088202084076
6.75053278985265,0.00434550947608119
6.75524894532384,0.00462218205203202
6.76023439130959,0.00492579442240223
6.76553142649676,0.00526252728576469
6.77084412642846,0.00561735844444718
6.77607094271277,0.00598607955576306
6.78122219480699,0.00637212084499292
6.78628856690364,0.00677806073300682
6.79127817887547,0.0072081914402858
6.79619757692127,0.0076671838352886
6.80105288620267,0.00816021809786764
6.80584786147636,0.00869287765936385
6.81058416901087,0.00927123959659835
6.81526162778241,0.00990196571040754
6.81988222268477,0.0105929653039539
6.8245418116873,0.0113698078366346
6.82922914471345,0.0122463782223411
6.83396194681465,0.0132449759281194
6.83877308853797,0.0143967238654348
6.84374101460024,0.0157530180606666
6.84907538479184,0.0174219390417291
6.8556530849765,0.0197974656465426
6.85976543883002,0.0214406803307323
6.86387779268354,0.0231526021117433
6.86746222218256,0.024633279707351
6.87067122237334,0.0258776405277698
6.87371318721677,0.0269155130871562
6.87664954523597,0.0277207984137855
6.87947318347804,0.0282589601325098
6.88230637739267,0.028526142476626
6.88531370156008,0.0284869368108478
6.88887697795867,0.0280116839350601
6.89211519589945,0.0272112696052201
6.89535341384023,0.0261182419578671
6.89806081866624,0.025029303003078
6.90048621173859,0.0239545342127139
6.90277530389892,0.0228804333015235
6.90499088896205,0.021806127324565
6.90716665298429,0.0207345500603988
6.90932421614908,0.0196693762170612
6.91147906065699,0.0186142612768699
6.91364314186917,0.0175726404323575
6.91582625212918,0.0165476755181286
6.91803681134262,0.0155422501870912
6.92028237418082,0.0145589761928313
6.92256997414189,0.0136002051600946
6.92490637274123,0.0126680416637087
6.92729826993328,0.0117643494986536
6.92975246561484,0.0108907648731176
6.93227601486006,0.0100487051608203
6.93487638162817,0.00923937676809545
6.93756159078364,0.00846378538085572
6.94042209422408,0.00770187350166372
6.94348150364288,0.00695644518987791
6.94676407869908,0.00623129023104758
6.9502978907949,0.00553039398509463
6.95411547243719,0.00485791466607902
6.95825475063911,0.00421811358743358
6.96276039260344,0.0036152420651718
6.96768602198305,0.00305336543220624
6.97309835463444,0.00253610404429601
6.97908420449052,0.00206638099962029
6.98576037203432,0.00164634825994536
6.99299549172958,0.00129006989919933
7.00083264384067,0.00100337397298548
7.00918472500084,0.000791750766916113
7.0171405457576,0.00064741145070858
7.02656354313419,0.000524662021635597
7.03656354313419,0.00043755871638877
7.04656354313419,0.000383478738080444
7.05656354313419,0.000353920004282939
7.06656354313419,0.000342872369948577
7.07656354313419,0.000346328292290046
7.08656354313419,0.000361943225823662
7.09656354313419,0.000388750082665103
7.10656354313419,0.000426982763201047
7.11656354313419,0.000478066653464181
7.12612063266993,0.000541574684413625
7.13494428443315,0.000616497591986147
7.14308115866297,0.000703735369371618
7.15058638746083,0.000804736306557535
7.15751106206471,0.000921342445068754
7.16390225121636,0.00105575903450669
7.16980341549425,0.00121056682459823
7.17525475897926,0.00138875629964061
7.18029352094327,0.00159377668376443
7.18495423432019,0.00182959638922605
7.18926896289083,0.00210077784996015
7.19326752223248,0.00241256734689642
7.19697768516705,0.00277100582118073
7.20042538428294,0.00318306431468529
7.20363492255612,0.0036568160511152
7.20662919814487,0.00420165767774489
7.20935576013869,0.00481027334333791
7.21182624769389,0.00548091148469997
7.21408142804043,0.00621855523292273
7.21615697733547,0.00702955769670114
7.21808406849099,0.00792194596585639
7.21989096671265,0.00890627985436741
7.22160491323947,0.0099972287773528
7.22325490976656,0.0112167452334899
7.22493090973346,0.0126506601958425
7.22671000105152,0.0144138793321784
7.22879317661122,0.0168169636182022
7.23038298914379,0.0188909889781681
7.23197280167636,0.021134565376687
7.23334870799359,0.0231527212273155
7.23454654223911,0.0248997076788833
7.23565301333157,0.0264371011967588
7.23671436100971,0.0277748959093744
7.23776212801443,0.0288959367878815
7.23882606559711,0.0297637728392839
7.23994412909905,0.0303168873986346
7.24118347280959,0.030441599033988
7.24273961297139,0.0298339618342457
7.2441462674137,0.0285857290603296
7.24555292185602,0.0267752983233922
7.24675233376996,0.0248917320906302
7.24786729471895,0.0229505075763653
7.24895895832197,0.0209476646545994
7.25005778340395,0.0188956467892702
7.25118722089688,0.016807536298459
7.25237352101379,0.0146895257658046
7.25365621536956,0.0125322469865151
7.25438664851568,0.0113780775528879
7.25511708166181,0.0103041094603889
7.2562850850794,0.0087754554337837
7.25743993759104,0.00747007975863468
7.25861390695311,0.00632796506557732
7.25982002430216,0.00532381088216269
7.26106846121295,0.00444023526415704
7.26236947928536,0.00366324485531826
7.26373410619596,0.00298108871557437
7.2651747145506,0.00238358400474897
7.26670566733122,0.00186166685376502
7.26834412824462,0.00140707281334827
7.27011116135405,0.001012092670525
7.27203331166679,0.000669368023308487
7.27414499479333,0.000371697032035504
7.27649230410467,0.000111817540218422
7.27903052995968,-0.000109422378890935
7.28144227774136,-0.000279406997793963
7.28374941135327,-0.000416505714120621
7.28598727120553,-0.000532698269567235
7.28819878094898,-0.000636005014904792
7.29044500646212,-0.000732647378588649
7.29284594652799,-0.0008295428939944
7.29585617013981,-0.000944949316148572
7.29773103753515,-0.00101463585115004
7.2996059049305,-0.00108330638378918
7.30130307796397,-0.00114492921546184
7.30289377121211,-0.00120243734223993
7.30448343854891,-0.00125982416816661
7.30617055134069,-0.00132077025708252
7.30811238729121,-0.00139110954587184
7.31080096859691,-0.00148903971380829
7.31460162066836,-0.00162881284153048
7.31777868340391,-0.00174676801154969
7.32078036556033,-0.00185883049541222
7.32419105757867,-0.00198625270418982
7.32856673920581,-0.00214806285403627
7.33433350950306,-0.00235089152539404
7.33940423955957,-0.00250142884861532
7.3439837769331,-0.00259015104146731
7.34808538191513,-0.0026026789099758
7.35176590964965,-0.00252996258776483
7.35508246086439,-0.00236717264420622
7.35810700439398,-0.00211100835718606
7.36090798307548,-0.00175702197375448
7.36355565482735,-0.00129631985352635
7.36613248159886,-0.000709948040328869
7.36878378275521,5.22086561388939e-05
7.37169681594877,0.00108316817093786
7.37486644980144,0.00241915227350635
7.37780661759791,0.00382269212482182
7.38108266283578,0.00554266916381249
7.38309044058448,0.0066885764471618
7.38509821833318,0.00793131696590921
7.38697019073776,0.00921022537866747
7.388691338508,0.0105254775303796
7.39033504954061,0.0119453223654722
7.39192167925675,0.0135096551754936
7.39344947512134,0.0152415740610193
7.39492677581967,0.0171767262812842
7.39634907347831,0.0193367230505829
7.39771818494187,0.0217515337563772
7.39903615463781,0.0244536510385063
7.40030365373643,0.0274750482632141
7.40152299174358,0.0308538754015837
7.40269811583138,0.0346378514607118
7.4038321194909,0.0388793493858632
7.40492831350678,0.0436396014698191
7.40598996795251,0.0489896542545313
7.40702083867272,0.0550154456033081
7.40802480249336,0.0618197520501262
7.40900585450542,0.0695261570677618
7.40996832240355,0.0782859660365067
7.41091700571994,0.0882871747781215
7.41185748181029,0.0997687654201215
7.41279644089058,0.113041542236536
7.4137423219533,0.128522822751779
7.41470648309281,0.146798031835369
7.41569239862152,0.168431015222673
7.41668279315828,0.193496034317645
7.41768875408957,0.222666764528863
7.41872634600331,0.256859317322756
7.4198231178766,0.297475262221001
7.42073215025151,0.334234585290497
7.42164118262642,0.372982572399221
7.42242708224688,0.407012833520419
7.42312781028366,0.436605552863299
7.42378343340934,0.46248115552258
7.42442035222784,0.484766096879888
7.4250606192374,0.503160503677677
7.42572858959584,0.516905734389262
7.4264600021435,0.524449728255775
7.42726596317107,0.522748343717139
7.42809074098591,0.509716137352445
7.42895066309977,0.484042361370643
7.42985774277154,0.444007172817654
7.43082057467928,0.387688470086783
7.43145898233751,0.343156406534677
7.43209738999574,0.293798920412418
7.43263114622579,0.249842252626199
7.43307669009821,0.21219965610971
7.43346834427202,0.179148053477971
7.4338266104051,0.149550596177152
7.43416400281098,0.122724259251356
7.43448948262074,0.0982032866971223
7.43481088896512,0.0756124372175673
7.43513717930315,0.0545693634095197
7.43548329295091,0.0345018781913627
7.43589550050761,0.0137219133243159
7.43616319641134,0.00202006536090148
7.43635058978128,-0.00536415331290385
7.43653798315122,-0.0121127534952742
7.43671668175668,-0.0179836356027842
7.43691856221798,-0.0239895018845925
7.43713951506301,-0.0298503616584776
7.43737678800197,-0.0353800632394974
7.43762925115122,-0.0404744099145468
7.43789683257857,-0.0450781119300433
7.43818019334179,-0.0491650915504561
7.43849012601411,-0.0528187897384837
7.43880709828465,-0.0557945103180589
7.43914473307865,-0.0582516006573808
7.43950597267528,-0.060204557056155
7.43989424755407,-0.0616676381572308
7.44031378824581,-0.0626548881850561
7.44076985445952,-0.0631786251789279
7.44126907359766,-0.0632478368654184
7.44181996075282,-0.062866234151998
7.44243488979842,-0.0620276855318874
7.44313025457872,-0.0607119851926018
7.44392983926979,-0.0588771300911676
7.44487280136766,-0.056437643207899
7.4460389435858,-0.0531937108377499
7.44745166421229,-0.0491200340568598
7.44881472112431,-0.0451615003860087
7.45013544879978,-0.0413750483724676
7.4514168925278,-0.0377893897836649
7.45266028073092,-0.0344191866702427
7.45386592108812,-0.0312712161933843
7.45503366937381,-0.0283470653227774
7.45616317616308,-0.0256445299744546
7.45725401513343,-0.0231584960570366
7.45830574569542,-0.0208815971362787
7.45931793719976,-0.0188047630505933
7.46029016925333,-0.0169177015620113
7.4612220161047,-0.015209326522709
7.46213620298709,-0.0136292565305899
7.46307369180678,-0.0121075650807742
7.4640358920089,-0.0106489990510603
7.46502485414318,-0.00925753244209505
7.46604297881093,-0.00793695500317251
7.4670931057061,-0.00669081835695651
7.46817862674003,-0.00552238476925775
7.46930363778771,-0.00443457365536201
7.47047314683703,-0.00342990584517798
7.47169336713325,-0.00251044523539882
7.47297214311207,-0.00167773685359612
7.47431959293508,-0.000932739318639766
7.4757491234549,-0.000275747737393422
7.47727912925687,0.00029370082911433
7.47890226680176,0.000768331993942324
7.48056926977138,0.00114022802858547
7.48229844428031,0.00142611225363263
7.48411018722325,0.00164070906416311
7.48603156445304,0.00179779672875537
7.48810055967926,0.00191060077820575
7.49037482416072,0.00199237233867016
7.49295245627025,0.00205744724081547
7.49603619033,0.0021240405721814
7.49976948403813,0.00221384249231787
7.50369668997988,0.00233202256924087
7.5077789572279,0.00248141864563324
7.51165761646518,0.00264302598363357
7.51545201618487,0.00281363226922709
7.51923657854596,0.00299150009004241
7.52306140917237,0.00317615717807288
7.52696536928939,0.00336824793326995
7.5309819539027,0.00356932364537014
7.53514240952032,0.00378165494189117
7.53947774618539,0.00400809461760069
7.54402019639979,0.00425201047604071
7.54880466105995,0.00451734212518877
7.55387014120068,0.0048088424542045
7.55926101802103,0.00513258534316371
7.56462269497266,0.00547088156763645
7.56990447783966,0.00582285030203223
7.5751000137677,0.0061907304963659
7.58020814635196,0.00657750149755047
7.58523661141188,0.00698714344708429
7.5901934717239,0.00742408948136724
7.59508531512858,0.00789313808825802
7.59991649735486,0.00839945494486244
7.60468915566226,0.00894864516011812
7.60940351442766,0.00954685561255322
7.61405843604548,0.0102009042806295
7.61869664888954,0.010925742670629
7.62336791926531,0.0117420954801309
7.62807305714992,0.0126670772916361
7.63283429191504,0.0137259811192582
7.63769921915771,0.0149565547964264
7.64278447089833,0.0164274305445816
7.64844261942123,0.0183085389001188
7.65480924782079,0.0207278150248252
7.65857182917245,0.0222723710170724
7.66233441052412,0.0238437141719089
7.66571414631361,0.0252111643365562
7.66883015921007,0.0263641654956799
7.67184573204418,0.027311612106835
7.67471899586265,0.0279990601902831
7.67753094735547,0.0284202610087203
7.68041511872644,0.0285604364921659
7.68358866496112,0.0283582055698791
7.68782287283255,0.0275342901104422
7.69066745691409,0.0266712240639005
7.69351204099563,0.0256099241860625
7.69604959992048,0.0245347655656579
7.69840000593417,0.0234611174496678
7.70064994628925,0.0223865219215695
7.7028444059975,0.0213128574207506
7.7050102841521,0.0202435865661494
7.70716589515781,0.0191824158780405
7.70932487631136,0.0181329051392966
7.71149807967989,0.0170983600153863
7.71369461999548,0.0160818073575624
7.71592251235027,0.0150859974681998
7.71818908917852,0.0141134157975056
7.72050130464042,0.0131662919539348
7.7228659577204,0.0122466129613764
7.72528987850411,0.0113561337254416
7.72778010646451,0.0104963821055565
7.73034402411334,0.00966867667766349
7.73298953798766,0.00887412816474051
7.73575564639354,0.00810553840372913
7.73871017830306,0.00735139525780273
7.74187504355847,0.00661557220441438
7.74527634931836,0.0059019541920406
7.74894432402943,0.00521461976752933
7.75291410134874,0.00455779653521565
7.7572268479153,0.00393577127722852
7.7619314970976,0.00335274889344749
7.76708767785048,0.00281265090767044
7.77277146209314,0.00231882098273976
7.77908397984733,0.00187385803712086
7.7860496747741,0.00148524998704214
7.7935630325903,0.00116986633916418
7.80061758019488,0.000960548056214226
7.80848940749112,0.000788919389803088
7.81742023744148,0.000648906744675978
7.82742023744148,0.000543898568417511
7.83742023744148,0.000480348778216649
7.84742023744148,0.000448003853536728
7.85742023744148,0.000439794308527569
7.86742023744148,0.000451233694265042
7.87742023744148,0.000480086134717249
7.88742023744148,0.000526151343341271
7.89698207660875,0.00058807682453033
7.90580475214952,0.000663853576046593
7.91393600667072,0.000753697743651626
7.92143225414916,0.000858696890054074
7.92834561854312,0.000980520260749381
7.93472400352866,0.00112131451852107
7.94061156071791,0.0012836777613254
7.94604907827552,0.00147067379880867
7.95107429609101,0.0016858715185258
7.95572218555743,0.00193340126219616
7.96002520623807,0.00221803065181261
7.96401354433182,0.00254525831545324
7.96771533201699,0.00292143287537556
7.97115686678451,0.00335390032100135
7.9743628445562,0.00385119486243507
7.97734702962307,0.00442126123636849
7.98004142251313,0.00505113214854535
7.98249043544526,0.00574501780203249
7.98473466256809,0.0065087525681137
7.98680926331148,0.00734965908515446
7.98874561423335,0.00827725700670134
7.99057322695693,0.00930456550341195
7.9923223696681,0.0104506535608873
7.9940414105124,0.0117565934365326
7.99584139829288,0.0133396462684568
7.99786394947098,0.01540531745844
7.99974512240188,0.0176017869122023
8.0012199064825,0.0194866453896976
8.00269469056312,0.0214674854190236
8.00398720637436,0.0232224790983528
8.00515833669139,0.0247633967160439
8.00626557375222,0.0261122093347051
8.00734507243562,0.0272609590994278
8.00842673989225,0.028182370708345
8.00954398817343,0.0288291896590295
8.01074749848078,0.0291198421398414
8.01215031853406,0.0288789720172361
8.01393469837545,0.0276773305141454
8.01521502572917,0.0262616178434369
8.01649535308289,0.0244812237176117
8.01765707090223,0.0226363336667437
8.01877404847776,0.0207331557622915
8.01988490438237,0.0187808793497833
8.02101497078639,0.0167925413203631
8.02218854841256,0.0147772658232191
8.02343763482636,0.0127339119948081
8.02417964031329,0.0115837843842547
8.02470792948037,0.0107978406004948
8.02523621864744,0.0100558746344266
8.0263810396826,0.00860464374235611
8.02754117423804,0.00733270608065596
8.02872464261128,0.00621654596128286
8.02994198288039,0.00523480700099724
8.03120335846957,0.00437080184980733
8.03251918969792,0.00361096239418062
8.03390075588702,0.00294384069009197
8.0353607837857,0.00235947645873121
8.03691411922596,0.00184897126499914
8.03857858231975,0.00140418311805816
8.04037613997474,0.00101749045325076
8.04233460618062,0.000681591953733023
8.04449023557298,0.000389312656617581
8.04689189756035,0.00013338292374806
8.04940932000274,-7.88971435134861e-05
8.0519688630193,-0.00025394663821155
8.05476299675969,-0.000413142872990228
8.05734390282513,-0.000540085317439563
8.05992480889057,-0.000654052700669911
8.06201605806113,-0.000739763410076768
8.06384695025283,-0.000811310392706272
8.06561248036784,-0.000877995767455734
8.06742644441975,-0.0009447235597351
8.0694190990186,-0.00101645729426358
8.07186635056059,-0.00110292189727164
8.07671354815666,-0.00127080308729637
8.08123353760381,-0.0014242711740369
8.08500946018848,-0.00155007954818771
8.08899149113109,-0.00167948778593279
8.09404357167764,-0.00183552028189211
8.09931932864435,-0.00197839851532829
8.10402145066661,-0.00207084621510955
8.10830023177299,-0.00210382199187216
8.11217969269136,-0.00206559575699095
8.11570903928302,-0.00194686942585022
8.11894263705481,-0.00174011484671069
8.1219393425367,-0.00143809282187706
8.12476719067901,-0.00103064017183088
8.12751419683087,-0.000498242901492783
8.13030675644689,0.000200418098393803
8.13339097975749,0.00116973148673794
8.13664369193354,0.00241412223250934
8.14014709056321,0.00398968402871463
8.14247687114953,0.0051698341974891
8.14480665173584,0.00647219475488791
8.14688651716861,0.00776686889179572
8.14880927090976,0.0091090011687242
8.1505419844542,0.0104754251976842
8.15221167050641,0.0119722295946911
8.15380282726992,0.0136055939825792
8.15533390282549,0.0154145591460715
8.15680962122592,0.0174293984157243
8.1582270767062,0.0196715687798081
8.15959210142489,0.0221767793285646
8.16090485692216,0.0249743845103288
8.1621681435249,0.0281012509520044
8.16338553581685,0.0316008993138208
8.16455997405554,0.0355212113098865
8.16569445704779,0.039917066663533
8.16679256540183,0.0448542568222149
8.16785818532119,0.0504115161196561
8.16889512760356,0.0566816762332967
8.16990745119865,0.0637767716767581
8.17089951732746,0.0718334270648012
8.17187630874323,0.081022437971553
8.1728435741979,0.0915606967548388
8.17380825218596,0.103731030685156
8.17477922086831,0.117915787845481
8.17576863659121,0.134657214303734
8.17678286462345,0.154529738316761
8.17780192277017,0.177568972808008
8.17883813592003,0.204415853014965
8.17990951003481,0.235957572694868
8.18104637744693,0.273565415574197
8.18220000734178,0.315550660109833
8.18317291250551,0.353008521495155
8.18399493309592,0.38503379961924
8.18473402408384,0.41302336978067
8.1854273197199,0.437483562741206
8.18609923739872,0.458420229350406
8.18677042358752,0.475496937660172
8.1874627477062,0.487983827596696
8.18820524288225,0.494502229518582
8.18903557863482,0.4923529836556
8.1898778805233,0.479357244860618
8.19074664193799,0.454328381286643
8.19165268266484,0.415786624364417
8.19260583629665,0.362096254838711
8.19321532085795,0.321333817604897
8.19382480541925,0.276425208144826
8.19434209414778,0.235994309783298
8.19478124274634,0.200856271654247
8.1951716205164,0.169692536043878
8.1955312739913,0.141609133427799
8.19587165939611,0.116046772443482
8.19620128436416,0.0926083678945746
8.19652786045018,0.0709602166023072
8.19686054180608,0.0507446132645301
8.19721527548981,0.0313919203500171
8.19764522455995,0.0110652083744245
8.19789074012703,0.000973233390587614
8.19808379533203,-0.00621973384839099
8.19827685053704,-0.0127870185366346
8.19846403847426,-0.0185855648328803
8.19867410919642,-0.0244631873643952
8.19890312307521,-0.0301625637618849
8.19914852463393,-0.0355153442471336
8.19940933244616,-0.0404282389949513
8.19968559166911,-0.0448524834703208
8.19998339677821,-0.0488214563979765
8.20029086132611,-0.0521563791631735
8.20061739475436,-0.0549730956998419
8.20096543795569,-0.0572825078152145
8.20133787891434,-0.0590972191895885
8.20173827047129,-0.0604309863103085
8.20217099062561,-0.0612971389323795
8.20264147773392,-0.0617071045412256
8.20315658092713,-0.0616688370600815
8.2037250995041,-0.0611848856853392
8.2043602036166,-0.0602469966473876
8.20507865758901,-0.0588333723262417
8.20590529721731,-0.0568996813296046
8.20688144783696,-0.0543560174235872
8.20809336316828,-0.050988606806578
8.209488254694,-0.0469977106706432
8.21083442605392,-0.0431385214954696
8.21213769562546,-0.039461649454891
8.21340099089077,-0.0359911606654209
8.21462553853858,-0.0327388281726792
8.21581169493103,-0.0297092917957399
8.21695938500936,-0.0269024111960595
8.21806833290474,-0.024314552340582
8.21913818104992,-0.0219394322909268
8.22016854697153,-0.0197687630466166
8.2211590433191,-0.017792789241187
8.2221092748371,-0.0160007553870777
8.22301881974695,-0.0143813151220364
8.22394593512835,-0.0128273711693724
8.22489696314526,-0.0113345255489718
8.22587377771624,-0.00990689606149481
8.22687861421938,-0.00854835881062894
8.22791410487359,-0.00726257145641741
8.22898337895493,-0.00605292221096348
8.23009019549173,-0.00492247687087432
8.23123912334038,-0.00387392337267307
8.23243579164217,-0.00290951357644189
8.2336872483898,-0.00203100143070057
8.23500249178083,-0.00123957572576962
8.23639329130599,-0.000535783916970015
8.23787552442162,8.05598672131741e-05
8.23947150293668,0.00061049677983017
8.24111674769895,0.0010343639433495
8.24281616079342,0.00136534485470866
8.24458837071569,0.00161890831862383
8.24645710877321,0.00180934859832087
8.24845476426706,0.00195025953054605
8.25062865829721,0.00205504996581975
8.25305483226547,0.00213779718747954
8.25587520387156,0.0022151639527105
8.25944422742134,0.00231322703373961
8.26323115510321,0.00243593152183277
8.26706545012273,0.00258519006657989
8.27097796694124,0.00276014161261806
8.27500242466522,0.00295720580516512
8.27917030288711,0.00317273411312523
8.28351274817153,0.00340440125300766
8.28806207325958,0.00365169328667361
8.29285330031574,0.00391595527267811
8.29792552107821,0.00420031128745379
8.30332320601816,0.00450970254208901
8.30888798688388,0.00483877999776979
8.31430203257741,0.00517222735297054
8.319642958495,0.00551749340576776
8.32487767103873,0.00587560227125331
8.33002464897273,0.00625088977112143
8.33509127890245,0.00664717524118564
8.34008733090853,0.00706872931632569
8.34501905148045,0.00751993839294198
8.34989058623482,0.00800549194543831
8.35470396516724,0.00853046715039152
8.35945960957423,0.00910046288827354
8.36415664151492,0.00972171647649122
8.36879334813806,0.0104012330578686
8.3734454589053,0.0111602537232681
8.37812707392762,0.0120155942472197
8.38284890219067,0.012987323885625
8.3876390612345,0.0141040092037124
8.3925621894322,0.0154109411644048
8.39778390042232,0.016997211025699
8.40389512524064,0.0191347081361544
8.40838542157444,0.0208871197180871
8.41287571790824,0.0227433495568841
8.41661943687886,0.0243004747591838
8.41989481604039,0.0255960261333276
8.4229616316022,0.0266811089599314
8.4259421005674,0.0275489185323393
8.42878223886652,0.028147382109892
8.43160220850055,0.0284775612690599
8.43455119364545,0.0285136060478649
8.4379235113696,0.0281611231789914
8.44226530417809,0.0271383206966286
8.44494523041231,0.0262382062180612
8.44762515664652,0.0251793374139731
8.45007484440275,0.0241065809235122
8.4523804512874,0.023032485495754
8.45460606588427,0.0219576516807893
8.45678788407163,0.0208849112322358
8.45894888245625,0.0198179042225909
8.4611053187301,0.0187603025656471
8.46326964031504,0.0177155730635032
8.46545197978126,0.0166869125260727
8.46766101212361,0.0156772388198369
8.46990449934906,0.0146891959266394
8.47218965529174,0.0137251666054053
8.47452341404178,0.0127872842591362
8.47691264993166,0.0118774407363756
8.47936434334933,0.0109973021013311
8.48188576354144,0.0101483114042049
8.48448460789532,0.00933170583838237
8.48716918803457,0.00854851972476797
8.49000664268292,0.00778460759826186
8.49304062622632,0.0070365777089574
8.49629471246833,0.00630826795556162
8.49979653466185,0.00560362762702399
8.50357812399388,0.00492678245075228
8.50767681023719,0.00428197143719345
8.51213650051876,0.00367344184191108
8.51700980570722,0.0031052766850342
8.52236170049607,0.00258116452559157
8.52827651721672,0.00210409760779853
8.53486751232695,0.00167628233755585
8.53981315026835,0.00141440859423605
8.54475878820974,0.00120284011484561
8.55257502955693,0.000952835044259305
8.55994816759651,0.000779916231207033
8.56899305909729,0.000622969457287023
8.57885515534946,0.00050443385887444
8.58885515534946,0.000425846189998968
8.59885515534946,0.000377926509237904
8.60885515534946,0.000352489198178492
8.61885515534946,0.000343820932015648
8.62885515534946,0.00034820936318951
8.63885515534946,0.000363515644246076
8.64885515534946,0.000388837478881606
8.65885515534946,0.000424317160369622
8.66885515534946,0.000471116301955823
8.67853510621611,0.000529471002360562
8.68749206064274,0.000598012096468812
8.69576534744735,0.00067745809873487
8.70340747499334,0.000769060286412445
8.71046755058127,0.000874434428534695
8.71699105022566,0.000995521669458198
8.72302015318222,0.00113459465735534
8.72859403302369,0.00129428630154733
8.73374909822858,0.00147763205651463
8.73851920571445,0.00168812180237025
8.74293585949843,0.0019297628459717
8.74702839744925,0.00220715499851472
8.75082416396659,0.00252558131660917
8.75434867625956,0.0028911166627947
8.75762579477161,0.00331076273103942
8.76067790046352,0.00379261593926377
8.76352608132547,0.00434608236525405
8.76611700427534,0.00496284919792814
8.76846305071947,0.00564114728104429
8.77060247419381,0.00638562770564545
8.7725685300316,0.00720213082217378
8.77438995849754,0.00809787047339059
8.7760923213323,0.00908206299155691
8.7776994271005,0.0101670270595067
8.77923514115016,0.0113702381099384
8.78077957888211,0.0127702966857822
8.78237705913091,0.0144463600008117
8.78411656849988,0.0165628732509715
8.78635239459585,0.0197467371313121
8.78769159747121,0.0218803574118957
8.78903080034658,0.0241313122401667
8.7902270566036,0.0261751091592524
8.79130915329183,0.0279781445275627
8.79233138867711,0.0295678704552349
8.79332850083805,0.0309382357828707
8.79432894508883,0.0320603457290773
8.79536441811799,0.0328825852996421
8.7964830695908,0.0333151785807347
8.79779277670406,0.0331649096173644
8.79941946778166,0.0319975368008416
8.8006294676455,0.0304966701546359
8.80183946750934,0.0285673238310133
8.80294101377952,0.0265379993372594
8.80400346011237,0.024423223683077
8.80506312764327,0.0222373505772227
8.80614397618696,0.0199978083938991
8.80726916712985,0.0177171920368461
8.80846931993792,0.015396456017449
8.80979833166954,0.0130094935522078
8.81139655631838,0.0104929530830522
8.81275618185448,0.00870665216694455
8.81391397840748,0.00741279876483211
8.81508237264728,0.0062917782242941
8.81628408109482,0.00530713586093557
8.8175293807367,0.00444183249854394
8.8188284691862,0.0036822954208396
8.82019238760058,0.00301707885994341
8.82163359788778,0.00243623724355813
8.82316663327584,0.00193090921899566
8.8248089265826,0.00149302186223478
8.82658194433816,0.00111506655143777
8.82851282766783,0.000789915386796164
8.83063688751762,0.000510653290897134
8.83300160436794,0.000270399812324749
8.83567345390981,6.20814511955965e-05
8.83832545905057,-9.90800040968951e-05
8.84088914348663,-0.000225569667860015
8.84342808395248,-0.000331442802930349
8.84603768191279,-0.000426449777589938
8.84890528427575,-0.000519883163483525
8.85179586798201,-0.000606257302215301
8.85400559588563,-0.000668668131953899
8.85621532378925,-0.000728868727078465
8.85817509421374,-0.000780875239192751
8.86001370070618,-0.000828754398305467
8.86185459975209,-0.000875984885287691
8.86381344875642,-0.00092559709353688
8.86608035355024,-0.000982297535256736
8.8692895678289,-0.00106136775331982
8.87339983092092,-0.00116047020585524
8.87677029059999,-0.0012393958785392
8.88003973933558,-0.00131324573920298
8.88374495809815,-0.00139253739948629
8.88834716130608,-0.00148146774548594
8.89364552506582,-0.00156182774108662
8.89830740568677,-0.00159724202759474
8.90254097337379,-0.00158066709033388
8.90636455156571,-0.00150232704632837
8.90982939409371,-0.00135362158789693
8.91299786629365,-0.00112612896360099
8.91593517321143,-0.000810257450522363
8.91870465768854,-0.000393662959855192
8.92136724612113,0.000140754792533775
8.9239869265122,0.000818457991309561
8.92664049174099,0.00168028988984594
8.92944815419542,0.00280337291100649
8.9324927947388,0.00428337128443863
8.93541454083832,0.00598013446085523
8.93780670670212,0.00760081851817946
8.93981597046023,0.00915956828148306
8.94162419909406,0.0107561279563076
8.94329378276962,0.0124354749076674
8.94488198600371,0.0142613230194007
8.94638433093128,0.0162431075757744
8.94782727160892,0.0184340744176368
8.94921058722177,0.0208588318963058
8.95054220470255,0.0235587812803737
8.95182413020663,0.0265696922524887
8.95305921837554,0.0299329194876844
8.95425125292058,0.0336978738522348
8.95540281755062,0.0379172075750864
8.95651732876861,0.0426541881606558
8.95759858066246,0.0479842724374067
8.95865021681236,0.0539955077468338
8.95967612111151,0.0607934637502854
8.9606805474712,0.0685067190918004
8.96166850723861,0.0772967160865627
8.96264561121285,0.0873665461668699
8.96361863987051,0.0989802523638299
8.96459623442198,0.112493285955965
8.9655901186359,0.128406448275092
8.96661333874617,0.147387639383193
8.96764000671298,0.169385928255129
8.96868223512699,0.195006869608773
8.96975766663435,0.22508692509243
8.97089532158699,0.260901298395631
8.97205384476563,0.301150203547677
8.97306837557709,0.338662027464194
8.97392326023753,0.370876221171328
8.97468755521003,0.399076786108365
8.97540022140302,0.423786613569549
8.9760862619026,0.445040651418948
8.97676604285002,0.462555417753747
8.97745999620709,0.475702019603215
8.97819327687299,0.483320437599486
8.97900443627481,0.483198317572783
8.97984858880392,0.472767176610835
8.98071350993917,0.450801474035633
8.98161059095314,0.415940948295145
8.98254966316758,0.36665974098189
8.98318996534319,0.326113851917006
8.98383026751881,0.280786948826119
8.98436935392058,0.239877358559574
8.98482216051644,0.204453889446922
8.98522178870838,0.173105597889705
8.98558810232513,0.144883843415883
8.98593335275182,0.119209517430996
8.98626636112213,0.0956813530610787
8.9865948027307,0.0739723706850881
8.98692725620644,0.0537497671045922
8.98727736470971,0.0345304765986276
8.98768294985127,0.0150307008838989
8.98787133142974,0.00697997893808352
8.98805971300822,-0.000449587530956241
8.98826819398493,-0.00797128648952081
8.98846237792446,-0.0143426183097615
8.98865708375335,-0.020147495214594
8.98887368469262,-0.0259587206358163
8.98910860898754,-0.0315454299656892
8.98935969880202,-0.0367609486544355
8.98962623343699,-0.0415248610214857
8.98990843936106,-0.0457946382946309
8.9902372404409,-0.0498768349746866
8.99055330828199,-0.0530189873831442
8.99088887914938,-0.0556445284661864
8.99124691704585,-0.0577691817927707
8.99163051794124,-0.0594059450569412
8.99204348059975,-0.0605683874305013
8.992490491067,-0.0612691852124357
8.99297738658361,-0.0615186586922146
8.99351155124086,-0.0613231453102369
8.99410302052604,-0.0606822432650961
8.99476582629894,-0.059583901455331
8.99551866295127,-0.0580009398770544
8.99638999052902,-0.0558792186781218
8.99742953818759,-0.0531062999951752
8.99875324943098,-0.049388105380281
9.00012705164534,-0.0454546259542971
9.0014545576727,-0.0416751706039558
9.00274001762589,-0.0380894542174302
9.0039857306369,-0.0347159621385023
9.00519262363696,-0.0315632233848232
9.00636091980856,-0.0286336750165493
9.00749049594162,-0.0259255335158058
9.008581069872,-0.0234338907773502
9.00963229566901,-0.0211514772448566
9.01064380635366,-0.0190692646627678
9.01161522505615,-0.0171769766400328
9.01254615591485,-0.0154635324419161
9.01346143435843,-0.0138748614143972
9.01440002716375,-0.0123445423291964
9.01536337544351,-0.0108772870097938
9.01635354473217,-0.00947705745074199
9.01737295284396,-0.00814762446607939
9.01842445968797,-0.00689251357913866
9.01951148162752,-0.00571495302007487
9.0206381449442,-0.00461781906870327
9.02180949648096,-0.00360357860800551
9.02303180056037,-0.00267422825150322
9.02431297088447,-0.00183122862450446
9.02566322298683,-0.00107543098642058
9.02709610668956,-0.00040699073858032
9.02863023837727,0.000174743069087432
9.0302549678988,0.000661550610846683
9.03192417637508,0.00104642950560399
9.03365618511938,0.00134619154390455
9.03547159079576,0.0015757183080897
9.03739776617523,0.00174901257562299
9.03947321545394,0.00187963557052735
9.04175657164708,0.00198137441678645
9.04434811538155,0.00206951969669882
9.0474571010012,0.00216437304845705
9.05119147121625,0.00228783831185193
9.05500010361145,0.00243635957365671
9.05885679402927,0.00261077721316454
9.06279879827779,0.00280872018057239
9.06685928695825,0.0030264989266907
9.07106957233243,0.00326116264489927
9.07546089043725,0.00351137738567042
9.08006595907103,0.00377764282090525
9.08492042234954,0.00406223539925398
9.09006414842364,0.00436914107121026
9.09554253345268,0.0047041990943075
9.10097206808842,0.00504784064025176
9.10632077355496,0.0054009850333063
9.11157589238713,0.00576592360264417
9.11673952148448,0.00614604000078159
9.12182015622877,0.00654534199777876
9.1268269208586,0.00696815523354203
9.13176719566224,0.00741903242453264
9.13664603314428,0.00790278865543323
9.14146623182514,0.00842459019891874
9.14622869774723,0.00899007214503283
9.15093284939166,0.00960546257701384
9.1555771206164,0.0102777167011921
9.16022313012073,0.0110254105811803
9.16490008684938,0.0118671021732898
9.16961443906402,0.0128215912759126
9.17439155133255,0.013915998159623
9.17928824025254,0.0151922074712667
9.18444697727504,0.0167293892149366
9.19033734315027,0.0187473022404466
9.19511396017924,0.020582371201837
9.19989057720821,0.022546239747066
9.20372857342296,0.0241459006502012
9.20703804202897,0.0254653248910361
9.21011796378934,0.026571347861806
9.21311930338177,0.0274668227429893
9.21596793395314,0.0280916339686623
9.2187837988299,0.0284488939946881
9.22171107953216,0.0285163976298216
9.22501668981922,0.0282111728795941
9.22938645510819,0.0272308744841917
9.23210298933446,0.0263405245214216
9.23481952356072,0.0252823734308881
9.23728988334239,0.0242095847503355
9.23960617395855,0.0231358869766867
9.24183741817277,0.022061309783936
9.24402186101472,0.0209884951112545
9.24618342253846,0.0199210542357321
9.24833885646995,0.018862676484811
9.25050089136631,0.0178168584178838
9.25267981944375,0.016786829996454
9.2548844003227,0.0157755417221068
9.25712242767286,0.0147856690946399
9.25940110374196,0.0138196259155572
9.26172731951266,0.0128795735368187
9.26410786818962,0.0119674321752302
9.26654961733644,0.0110848936872791
9.26905968556313,0.0102334254696561
9.27164557717282,0.00941428727165712
9.274315361851,0.00862853358458072
9.2771315266055,0.0078630205502724
9.28014168275409,0.007112960367626
9.28336891732982,0.00638218534462804
9.28684034936664,0.00567462311355781
9.29058738230846,0.00499438179808989
9.29464656087863,0.00434569036538105
9.29906076733955,0.00373279898698094
9.30388119189032,0.00315981281553943
9.30917067098295,0.00263046973079103
9.31501019426597,0.00214783179908583
9.32150787678831,0.00171416913178684
9.32861364239331,0.00134017186071989
9.33629541723008,0.00103920453973539
9.34505760440556,0.000800433395015202
9.35272740960283,0.000650193685130973
9.36202852321103,0.000516144569027782
9.37202852321103,0.000416745247262925
9.38202852321103,0.000351481994443769
9.39202852321103,0.000310986646009298
9.40202852321103,0.000288454840712983
9.41202852321103,0.000279109940292052
9.42202852321103,0.00027979029745159
9.43202852321103,0.000288562940842404
9.44202852321103,0.000304412581361292
9.45202852321103,0.000327040098382966
9.46202852321103,0.000356770785364201
9.47202852321103,0.00039456289839672
9.48202852321103,0.000442119502370434
9.4916635622113,0.000499752240674349
9.50058139644589,0.000566641956791326
9.50882207116576,0.000643780073646541
9.51643700924248,0.000732552080243816
9.52347438044842,0.000834631368958124
9.5299788914735,0.0009519728690246
9.53599207765256,0.00108683504770064
9.54155256296066,0.00124181594198827
9.54669628090303,0.00141989847010373
9.55145667277365,0.00162450338846576
9.55586487297202,0.00185955179370535
9.55994988447359,0.00212953861222641
9.56373874338888,0.00243962043352532
9.56725667832258,0.00279572024021578
9.57052727226437,0.00320465633667644
9.57357262993789,0.00367430188458586
9.57641355348562,0.00421378758644291
9.5790151556506,0.00481970128188456
9.58136768069908,0.00548639094709692
9.58350925171034,0.00621810236899994
9.58547345317683,0.00702030703947909
9.58728911847975,0.00789968904702127
9.58898160020789,0.00886465758560594
9.59057407162268,0.00992622890671715
9.59208904489972,0.0110996141653969
9.59359265368383,0.0124477673063339
9.59513015453687,0.0140429469362114
9.59676216162423,0.0160045953230654
9.59867071630656,0.0186750016833121
9.60014934739972,0.0210170024979944
9.60162797849287,0.0235544801333623
9.60290072190104,0.0258274030936918
9.6040102286194,0.0278001640612592
9.60503764052552,0.0295438701434771
9.60602598992884,0.0310700498795637
9.6070050503709,0.0323596487164699
9.60800355000799,0.0333716859778162
9.60905919119203,0.0340361457464463
9.61024121159052,0.0342207685100654
9.61176776037903,0.0335479891126974
9.61306471619804,0.0322141947872449
9.61436167201705,0.0302943198059936
9.61549104304835,0.0282587147897408
9.61655385721312,0.0261334614375487
9.61760126363826,0.0239248497231558
9.61866059640943,0.0216505775094561
9.61975414281557,0.0193269381331233
9.62090783857648,0.0169616499496726
9.62216190167022,0.0145438013978546
9.62288196088907,0.0132421791565216
9.62360202010792,0.0120182871526605
9.62427515033303,0.0109642609160415
9.62544699761207,0.00932666175502602
9.62660782750816,0.00792827896655707
9.6277610069644,0.00673357155665949
9.62894229159724,0.00568530807730218
9.63016242167086,0.00476397807484504
9.63143135072492,0.0039546774593961
9.63275959997483,0.00324503726125227
9.63415883508895,0.00262444483907117
9.63564246295834,0.00208354635309735
9.63722635798243,0.00161390164975402
9.63892982602578,0.00120772979151627
9.64077696459509,0.00085770742731643
9.64279868229913,0.0005567927132754
9.64503585166142,0.000298049228659016
9.64754451914654,7.44364668787622e-05
9.65028470305473,-0.00011416512454591
9.65287631766006,-0.000256181606555107
9.65535453421152,-0.000369647859596336
9.65776473426749,-0.00046561997531733
9.66013772704332,-0.000550514123117569
9.66248344322136,-0.000627938088726504
9.66481117123895,-0.000700361541856691
9.66716990519942,-0.000770705325660496
9.66971490440262,-0.000844357346776181
9.67218409837675,-0.000914448412750223
9.67410997725312,-0.000968587722481489
9.67603585612949,-0.00102249964678311
9.67774676704068,-0.00107033609008819
9.67935858533169,-0.0011154342719431
9.68097874211553,-0.00116085447362465
9.68271031422198,-0.00120954248631978
9.68472783952904,-0.00126650003851847
9.68764497402963,-0.00134932489941949
9.69123386928585,-0.00145190246363727
9.69425307780847,-0.00153850157666528
9.69721899280783,-0.00162344231117294
9.70062092407989,-0.00172006149226392
9.7049598637421,-0.00184041220560717
9.71078534932056,-0.00199026115267629
9.7157297376399,-0.00209136656670088
9.72017487660579,-0.00214085378885153
9.72413564617592,-0.00212706648540434
9.72770137484733,-0.0020410946867937
9.73095959935276,-0.00187418722166722
9.73397382828393,-0.00161759474165519
9.73678045059205,-0.00126407641863085
9.73941916100626,-0.000805731215131144
9.74195578272339,-0.000226428316888018
9.7444909697279,0.000509607318714433
9.74720417990821,0.0014882563158276
9.75021352947904,0.00280975805439326
9.75344646562263,0.00449194122629395
9.75588568846764,0.00593483390958782
9.75832491131265,0.00754412766847008
9.76036511252348,0.00905275753716059
9.76215411754865,0.0105374375300754
9.76381409450433,0.012091664365119
9.76539167743184,0.0137705377569622
9.76689917933381,0.015606317367965
9.76835282169904,0.0176429262412052
9.76974988493913,0.0199039636742171
9.77109692495982,0.0224288309322705
9.77239390650139,0.0252490841632017
9.77364248308523,0.0284013319031139
9.77484626473524,0.0319310102854801
9.77600775503449,0.0358864260222352
9.77712912989325,0.0403206294547181
9.77821457531556,0.0453026962843065
9.77926750097686,0.0509103465025948
9.78029150579203,0.0572359266072445
9.78129043884637,0.0643905028790039
9.78226837431991,0.0725084979610406
9.78322996312312,0.0817570821504443
9.7841805188699,0.0923469631407978
9.78512625794413,0.104548814552153
9.78607488762334,0.118721524511072
9.78703652967937,0.135359842285164
9.78802555213509,0.155184850338343
9.78902050643332,0.178239195341275
9.79002625072312,0.205021573711891
9.79105679773422,0.236323656509986
9.79213407055221,0.273285773230181
9.79327195222271,0.316708717101535
9.79430036861246,0.358935739222101
9.79512996876417,0.393916158874301
9.79585621106887,0.424035392084243
9.79652925267492,0.45037088496142
9.79717755875738,0.473145414716819
9.79782326808397,0.492139052435339
9.79848912592671,0.506715769722361
9.79920565657152,0.515591615174487
9.80001663976716,0.516073365108858
9.80084086902791,0.505560726489235
9.80169491041596,0.482869037976519
9.80259132407962,0.44641093511643
9.80353908217961,0.394369039271433
9.80421082020257,0.349686796410629
9.80488255822553,0.299432561233801
9.80543886742923,0.254638472361706
9.80589788716125,0.216469215963661
9.80629822602212,0.183063538445157
9.80666247845435,0.153198573200517
9.80700406136327,0.126156040100803
9.8073323028155,0.101457553845773
9.80765506029902,0.0787286446041077
9.80798083256487,0.0576053647494073
9.80832267856536,0.0375869887895612
9.8087151566644,0.0174245410833488
9.8089016551151,0.00889946208143445
9.8090881535658,0.00103718151980019
9.80930021309152,-0.00712355897316238
9.80948854442442,-0.0137049797058845
9.8096744155607,-0.0196168036593637
9.80988231002741,-0.0255816334167219
9.81010854128494,-0.031348672723855
9.81035078581634,-0.0367555133683928
9.8106081920062,-0.0417121385730839
9.81088087805955,-0.0461716781927407
9.81116965005856,-0.0501106985204519
9.81149799163001,-0.0537307647338828
9.8118223302403,-0.0565420807257485
9.81216796164144,-0.0588383709546126
9.81253816184447,-0.0606360432989778
9.81293657328592,-0.0619493219405129
9.81336769001357,-0.062791768469779
9.81383711364954,-0.0631747960816557
9.81435193111491,-0.0631060154073946
9.81492138103305,-0.0625870510500166
9.81555915677568,-0.0616079134252398
9.81628302417743,-0.0601437260132152
9.81711979286089,-0.0581439563666366
9.81811548169119,-0.0555040599142111
9.81937288578622,-0.0519602818508108
9.82076788872505,-0.0479227602197059
9.82211644057527,-0.0440197150565161
9.82342347582986,-0.0402999085480843
9.8246914655548,-0.0367868178783298
9.82592136376243,-0.0334922065256733
9.82711335330656,-0.0304209447106055
9.828267242344,-0.0275732098579223
9.82938267282583,-0.0249456963185971
9.8304592278132,-0.0225324196464124
9.83149648190449,-0.0203253392307874
9.83249401785073,-0.018314886535323
9.83345142177854,-0.016490430161459
9.83436826382603,-0.0148406876124048
9.83529098971904,-0.013276933494073
9.83623742582556,-0.0117734024525265
9.83720929140666,-0.0103344124343704
9.83820875753872,-0.00896387144589343
9.8392383762336,-0.00766548092950881
9.84030117663744,-0.00644268379887615
9.84140079083502,-0.00529861199644091
9.84254162391738,-0.0042360316887377
9.84372908942265,-0.00325728592556383
9.84496994454304,-0.00236423409483138
9.84627278355367,-0.00155818669892245
9.84764879406492,-0.000839832530531016
9.8491129754939,-0.000209152534681099
9.85068623141503,0.000334691233649163
9.85232350580095,0.00077581179787907
9.85401146002713,0.00112076495524054
9.85576851129016,0.00138538489559076
9.85761718865015,0.00158407942628381
9.85958793404774,0.00173046019991341
9.8617245990918,0.00183780648515488
9.86409622439484,0.0019197959895124
9.86682734342018,0.00199203112556428
9.87020681782217,0.00207690360379106
9.87396358984775,0.00218617166910084
9.87806585249233,0.00233193538634611
9.88213497959505,0.00250113903834695
9.88600530769509,0.00267867471061447
9.88979661622688,0.00286265315262421
9.89358129056748,0.00305237411221494
9.89740846279351,0.00324818446796472
9.90131649231593,0.0034513530512211
9.90533857215709,0.0036639004254657
9.90950574737154,0.00388845487360734
9.9138488837772,0.0041281603090872
9.91840009362341,0.00438665526794656
9.92319415865538,0.00466817949117284
9.92826992205602,0.00497787040569839
9.9336714940682,0.00532233494342051
9.93894454570906,0.00567619255461621
9.94417154692307,0.00604701063663135
9.94930565621089,0.00643453288147371
9.95435987774668,0.00684299865819375
9.95933759834543,0.00727642147949749
9.96424695136785,0.00773966921935891
9.96909321910846,0.00823792193816588
9.9738797931331,0.00877681131133068
9.97860788024373,0.00936246255072524
9.98327698552701,0.0100016107925422
9.98790363791925,0.010704621949496
9.9925670315054,0.0114953591166261
9.99726020518614,0.012388820837133
10.0020021781128,0.0134082708486383
10.0068304051,0.0145869285220086
10.0118348314851,0.0159811986578729
10.0172647941627,0.0177162057742884
10.0238234149636,0.0201293340482203
10.0277816399793,0.0217282502650166
10.0317398649951,0.0233799722069525
10.0352475365287,0.0248210043675023
10.038422456967,0.0260354589284155
10.0414531060673,0.0270445230609562
10.0443664853742,0.0278119731781086
10.0471836958333,0.0283130431444366
10.0500295063139,0.0285406536125688
10.053081376488,0.0284524385397073
10.0568010424379,0.0278874530157381
10.0599067241923,0.0270686931898697
10.0630124059466,0.0259895000019878
10.0656680875605,0.0249061435163209
10.0680724685491,0.0238320022716408
10.0703508738382,0.0227577900613813
10.072560626026,0.0216835948006662
10.074733488736,0.0206125286791537
10.0768901783258,0.0195482853468425
10.0790456799218,0.018494499978163
10.0812116517045,0.0174545773332136
10.083397701816,0.0164316466364521
10.08561213662,0.0154285590847167
10.0878624427992,0.0144478958983363
10.0901556218957,0.0134919787296853
10.0924984296812,0.0125628838215302
10.0948975819293,0.0116624483903671
10.0973599204258,0.0107922814087628
10.099892555656,0.00995377682821023
10.1025030354827,0.0091481165099843
10.1052045267585,0.00837489790221055
10.1080871279163,0.00761471454323083
10.1111712468156,0.00687145675523195
10.114481606353,0.00614892510430562
10.1180467674734,0.0054511266688991
10.1218998460927,0.00478223608904087
10.1260794854937,0.00414652084326481
10.1306312767837,0.00354822161182001
10.1356101268901,0.00299136835956446
10.1410847159563,0.0024795126679312
10.1471448529476,0.00201548971824147
10.1539116492692,0.00160137516849876
10.1612130019795,0.00125273104866743
10.1691296168775,0.000976480958241704
10.1769019103569,0.000786819552079763
10.1852889491498,0.000638271779278191
10.1945643476313,0.000521511832191455
10.2045643476313,0.000437478780356462
10.2145643476313,0.00038593066095614
10.2245643476313,0.000358549017158763
10.2345643476313,0.000349481131945812
10.2445643476313,0.000354881328510594
10.2545643476313,0.000372571555424878
10.2645643476313,0.00040176245337106
10.2745643476313,0.00044289805349567
10.2845643476313,0.000497683119063059
10.2939155280163,0.000564235437824661
10.302541846835,0.000642456496803808
10.3104970892559,0.000733405146176959
10.3178353925017,0.000838629714781899
10.3246066819695,0.000960064170686054
10.3308569773957,0.0011000097945387
10.3366287952109,0.00126115359868609
10.3419614822477,0.00144660627552057
10.3468914955215,0.00165995423909234
10.351452654291,0.00190532311631506
10.3556763727854,0.0021874568550585
10.3595918763965,0.00251181238882006
10.3632264046167,0.00288467678197294
10.3666054149892,0.00331331192629558
10.3697527973436,0.00380613837154624
10.3726907314057,0.00437289488743758
10.3753408307144,0.00499896135386245
10.3777464760593,0.00568823562045579
10.3799475077808,0.00644619197227886
10.3819781832068,0.00727960695633244
10.3838686884384,0.00819712751818424
10.3856467978216,0.00921029115839552
10.3873399280153,0.0103354340055031
10.3889861935599,0.0116040964930138
10.3906832464335,0.0131175671118697
10.3925171876215,0.0150135907463684
10.3948152180773,0.0177898536695531
10.3962695395866,0.0197603381704936
10.397723861096,0.0218514905864382
10.3990202469759,0.0237570921671454
10.400180564202,0.0254290680495866
10.4012682401507,0.0268997198520792
10.4023221176462,0.0281674158089046
10.403372081489,0.0292084490721166
10.4044493412684,0.0299793109538529
10.4055980246152,0.0304060309870048
10.4069072212062,0.0303405745434842
10.4086256831986,0.0293478529627732
10.4099330355128,0.0279591104161076
10.411240387827,0.0261273892619319
10.4123986957554,0.0242298117785984
10.4135011906402,0.0222677854538176
10.4145926662698,0.0202473612363718
10.4156994926151,0.0181826571167685
10.4168451581798,0.0160851114676294
10.4180589011183,0.0139569516626674
10.4193893590899,0.0117793675119112
10.4209527116869,0.00952828116654971
10.4221325372394,0.00809295251194411
10.4233123627918,0.0068582843775137
10.4245024430772,0.00579070025200796
10.4257295906438,0.00485188399322112
10.427004376215,0.00402598048703984
10.42833740416,0.00330026857756099
10.4297403353175,0.00266388884987325
10.4312264998792,0.00210729415763866
10.4328116167106,0.00162187698132714
10.4345147370761,0.00119969495514056
10.4363595666082,0.00083325162044953
10.4383764170673,0.00051530157612629
10.4406052373863,0.000238649999155259
10.4431005930805,-4.09327061440387e-06
10.4455703414358,-0.000195285109038916
10.4479272497565,-0.000346101613615879
10.450203418038,-0.000471208557591658
10.4524406794953,-0.000580272758159698
10.4546969847055,-0.000680390168571143
10.4570772695675,-0.000778504976464466
10.4599102437112,-0.000888588028007063
10.4619134813875,-0.000963533188598929
10.4639167190637,-0.00103696182560778
10.4656903572114,-0.00110116033425363
10.4673162984267,-0.00115961152524631
10.4689162377062,-0.00121693579987452
10.4705872626514,-0.00127675177802028
10.4724634185919,-0.00134398867686196
10.474884266065,-0.00143105513683967
10.4791242476704,-0.00158479373163406
10.4828428113981,-0.00172087645602491
10.4861118099056,-0.00184105339686427
10.4897088920574,-0.00197308414953594
10.4943586504014,-0.00214112611627667
10.5000582327586,-0.00233411738591341
10.5050259798657,-0.00247167301578688
10.5095188425974,-0.00254625557564912
10.5135470144441,-0.00254403591002172
10.5171642710783,-0.0024565128334264
10.5204345548849,-0.00227876801163804
10.5234227431784,-0.00200740099573964
10.5262009477795,-0.00163687806064805
10.5288439837986,-0.00115598044778231
10.5314432895718,-0.000540874268025774
10.534145371321,0.000263986556177169
10.5371102662538,0.0013461981835162
10.5403608790906,0.00275124414919362
10.5433582564113,0.0042139808545844
10.5457196342429,0.00546720515955553
10.5480810120745,0.00682457476596445
10.5501447639117,0.00812660498353394
10.5519754065163,0.00940733925281346
10.5536897372155,0.0107514729672018
10.5553266825881,0.0122051537316051
10.556902893504,0.0138048373943524
10.5584225790964,0.0155794138346244
10.5598889198251,0.0175588159549503
10.5613030873686,0.0197723130360486
10.562661765658,0.0222422653743079
10.5639698660078,0.0250060205657376
10.5652288873824,0.0280983143470985
10.5664401243915,0.0315560270000146
10.5676076728586,0.0354284505719149
10.5687348727821,0.039770337138093
10.5698250629919,0.0446451285965423
10.5708817443238,0.0501276342476942
10.5719083874371,0.0563056083957978
10.5729090161279,0.063286549182214
10.5738877330582,0.0711998086500214
10.5748489980099,0.0802042935712055
10.5757978293703,0.090498752280237
10.5767400589142,0.102336776098845
10.577682845165,0.116051736005365
10.5786353678671,0.132096453391791
10.5796102805616,0.151117058689051
10.5805996732322,0.173446880455068
10.5815964069895,0.199349012387892
10.5826128225554,0.229549777259886
10.5836673928448,0.265060801608041
10.5847939896365,0.307519016925378
10.5856575278165,0.342741835888434
10.5865210659965,0.379438270413559
10.5872846172948,0.412053008146076
10.587975866151,0.44056342417162
10.5886289624446,0.465448351392614
10.5892683676066,0.486711443349228
10.5899159655536,0.503953511216666
10.5905974116627,0.516279669997934
10.5913526622601,0.521858559429757
10.5921639569813,0.517554242117924
10.5929973953417,0.50170529043992
10.5938682160135,0.472910433019848
10.5947872466594,0.429410105293333
10.5957633935176,0.369294024778613
10.5963556508745,0.326551669619867
10.5969479082315,0.279981705206183
10.5974513420214,0.238336961639092
10.5978797245685,0.202272786455404
10.5982612376483,0.170373108915934
10.5986133443339,0.14168487083214
10.5989472371944,0.115610186739674
10.5992713564104,0.0917225605320604
10.5995935723771,0.0696588719540015
10.599923703773,0.0490161162271392
10.6002803597848,0.0290997570596697
10.6007402231491,0.00713545583040522
10.6009382881721,-0.00106451847076442
10.6011363531951,-0.00854163271721464
10.6013204929777,-0.0148730355134942
10.60151169629,-0.0208475279623725
10.6017237644132,-0.0268020409354629
10.6019533570546,-0.0325088575226027
10.6021985934559,-0.0378269844328634
10.6024589055466,-0.0426791381280673
10.6027346026807,-0.047026028882858
10.6030266354898,-0.0508472497230712
10.603350046587,-0.0542577809594725
10.6036778455864,-0.0569662056804087
10.6040276108653,-0.0591626297958813
10.6044026382411,-0.0608626684065993
10.6048067380613,-0.0620806207122654
10.6052446221028,-0.0628298031325287
10.6057221819737,-0.0631210346329257
10.6062469053411,-0.0629609084312307
10.6068289060001,-0.0623490319656058
10.6074825950962,-0.0612725899035453
10.6082273253936,-0.0597022316325566
10.6090929912848,-0.0575787153816158
10.6101331969463,-0.0547761215330967
10.6114807180243,-0.0509461984828974
10.6128650621719,-0.046930409515876
10.6142048614216,-0.0430625460028269
10.6155040974241,-0.0393842175928889
10.6167647464892,-0.0359156667261428
10.6179875035076,-0.0326669160637381
10.6191724163983,-0.0296417423086694
10.6203192245615,-0.026839556633834
10.621427536607,-0.0242564836077117
10.6224969207402,-0.0218861075632995
10.6235269454162,-0.0197200668952652
10.624517190003,-0.0177485655419472
10.6254672361562,-0.0159608258637931
10.6263766457616,-0.0143454897116282
10.6273034900203,-0.0127959903109233
10.6282542572761,-0.0113076734422142
10.6292308163062,-0.00988466025062751
10.6302353987681,-0.00853083116222378
10.6312706331404,-0.00724985123052167
10.632339644772,-0.00604511934748427
10.6334461883658,-0.00491971570511541
10.6345948277804,-0.00387634701709967
10.6357911861062,-0.0029172893136775
10.6370423036647,-0.00204432763063044
10.6383571684661,-0.00125869108757393
10.6397475357873,-0.000560980373776466
10.6412292621113,4.89182112950971e-05
10.6428246261138,0.000571944133614579
10.6444694778055,0.000988779167615176
10.6461684274644,0.00131247533494186
10.6479400863427,0.00155841244216232
10.6498081500121,0.00174076901127061
10.6518049524206,0.00187298065677061
10.653977718377,0.00196822373639209
10.656402296227,0.00204019949895691
10.6592201195159,0.00210486437885092
10.6627837346029,0.00218651466501795
10.6665692743269,0.00229153739897854
10.6706354143194,0.00243129760584286
10.6745092493097,0.00258690155159433
10.6783029349622,0.00275455884551655
10.6820893148901,0.00293163043969895
10.6859178425798,0.00311680242647575
10.6898270478769,0.0033100559596277
10.6938502877736,0.00351247050666451
10.698018773818,0.00372601100962012
10.7023635545358,0.00395335390364166
10.706916956828,0.00419777901226411
10.711714036158,0.00446318891736248
10.7167940036864,0.00475432019357211
10.7222015277281,0.00507723224604511
10.7275763028308,0.00541401937049812
10.7328705087362,0.00576402347787519
10.7380771647509,0.00612945950092771
10.7431954828275,0.00651331738292404
10.7482334654324,0.00691955425928526
10.7531994353699,0.00735256078541473
10.7581001147117,0.00781706679351881
10.7629400083055,0.00831815648306473
10.7677213744128,0.00886133827361143
10.7724445559435,0.00945265094396403
10.7771084966879,0.0100987907017448
10.7817412293279,0.0108120807762711
10.7864089776365,0.0116150232772835
10.7911082601486,0.0125235544278175
10.7958595901553,0.0135618643621183
10.8007050885848,0.0147652383362611
10.8057467384251,0.016195427222509
10.8112783126183,0.0179976808601823
10.8177436611913,0.0204152436155802
10.8215985934324,0.0219854106055972
10.8254535256736,0.0235956248176178
10.8288988060076,0.025002038122308
10.8320451667315,0.0261883974027254
10.8350676434259,0.027169678884295
10.8379617741484,0.0279009880743781
10.8407754407455,0.0283662227775285
10.8436367380209,0.0285550013843524
10.846738611656,0.0284172342921562
10.8506503305379,0.0277505499989321
10.8536361325063,0.0269128883325555
10.8566219344747,0.0258435621539021
10.8592264224355,0.0247644279127366
10.8616086014222,0.0236905526047315
10.8638756781608,0.0226160591463373
10.8660795523723,0.0215418849478206
10.8682499477668,0.020471304772603
10.8704066020868,0.0194080214290335
10.8725639654216,0.0183556400345904
10.8747333874106,0.0173175245673174
10.876924298631,0.0162967619038742
10.8791449148886,0.01529616103518
10.8814026922,0.0143182633712218
10.8837046516646,0.0133653520158371
10.8860576134759,0.0124394657965825
10.8884683949441,0.0115424080831495
10.8909439868607,0.0106757541535937
10.8934916919442,0.00984086769896549
10.8961193049474,0.00903890226557088
10.8988471225711,0.00826759409795785
10.9017590884059,0.00750988377861855
10.9048761898471,0.00676966704405273
10.9082237327403,0.00605077906132121
10.9118309860291,0.0053572568914477
10.9157319291123,0.00469329887177859
10.9199662905767,0.00406318450748489
10.9245810963378,0.00347114727318401
10.9296332718834,0.00292118378450385
10.9351946374714,0.00241677489472127
10.9413598600096,0.00196067414720765
10.9482208604102,0.00155680970574175
10.9538044233371,0.00129365933952239
10.959387986264,0.00109360007240576
10.9673698629649,0.000880553279365084
10.9756050045817,0.000721575329130252
10.9846926099152,0.000596919635755372
10.9946926099152,0.000506497910306417
11.0046926099152,0.000453178370398035
11.0146926099152,0.00042780653029153
11.0246926099152,0.000424107196258955
11.0346926099152,0.000438215845349817
11.0446926099152,0.000468344170807072
11.0546926099152,0.00051456258422908
11.0642876953912,0.000575917347959418
11.0731447172056,0.000650484325551414
11.0813097381443,0.00073857101034601
11.0888387947343,0.000841298451757148
11.0957837530493,0.000960331658644105
11.1021923154181,0.00109778658088418
11.1081084741467,0.00125620965697501
11.1135728905259,0.00143859468008155
11.118623202376,0.00164842278053613
11.1232942962034,0.0018897181143916
11.127618556831,0.00216712141012389
11.1316260993817,0.00248598036323516
11.1353449821757,0.00285246347268346
11.1388014175093,0.00327370005146811
11.142019993801,0.00375796047713769
11.1450239149259,0.00431488973511256
11.1477449553473,0.00493311548853259
11.1502138759039,0.0056142059209999
11.1524716413225,0.00636356389930193
11.1545538299122,0.00718799545453388
11.1564918270186,0.0080962184890059
11.1583145698253,0.00909991854348912
11.1600507510959,0.0102157455086281
11.1617324212674,0.0114695324390768
11.1634691457356,0.0129680040076084
11.1653559165559,0.0148554854390463
11.1677507694618,0.0176564374351665
11.1692080510959,0.0195631534755174
11.17066533273,0.0215768285385758
11.171964716394,0.0234033234962254
11.1731346275678,0.0250076020687642
11.1742352044395,0.0264158666323729
11.1753041743334,0.0276236230256216
11.1763714648726,0.028605811694972
11.1774691745028,0.0293177459794627
11.178643928893,0.029683145150967
11.1799934027729,0.0295454039150738
11.1817467314624,0.0284695787158525
11.1830484288754,0.0270741602795492
11.1843501262884,0.0252713654333017
11.1855136590389,0.0234060323665029
11.186625287149,0.0214802295134097
11.187727502645,0.0195010165067926
11.1888463361854,0.0174818713288738
11.1900056209797,0.0154331608502452
11.1912356391799,0.0133557591320219
11.1925878882067,0.0112285089260558
11.1937922553843,0.00954222687119292
11.1949966225618,0.00809035499047483
11.1961642944723,0.0068801647754676
11.1973578071753,0.00581880706701332
11.1985891472323,0.00488508139350366
11.199868516002,0.00406364701858037
11.2012065734787,0.00334187033080065
11.2026150649851,0.00270895562698152
11.2041074296554,0.00215540931425737
11.2056995285245,0.00167267112940356
11.2074106021329,0.00125284249596118
11.2092646144546,0.000888470344729798
11.2112922407733,0.000572355715355977
11.2135339612584,0.000297358479867193
11.2160451560214,5.61597705800201e-05
11.2185561955823,-0.000135336180460778
11.2211034272462,-0.000294592235755491
11.2238695258734,-0.000440350392245858
11.2265040164058,-0.000561310862016201
11.2286085653244,-0.000649317560622683
11.2307131142431,-0.000731918269056412
11.2325865573554,-0.000802095725204091
11.234359249271,-0.000866331410426307
11.2361485694644,-0.000929551797712402
11.2380706250531,-0.000996094763643774
11.2403302964426,-0.00107298612554839
11.2437190766318,-0.0011864044455173
11.2475240322393,-0.00131179385808731
11.2507271091346,-0.00141588013970756
11.2539436543001,-0.00151884112931929
11.2576467765904,-0.00163471512191606
11.2623290965095,-0.00177468222998429
11.2677620075842,-0.00191929500443193
11.2725272648141,-0.0020138887832309
11.2768735051248,-0.00205242424928121
11.2808100251385,-0.00202283880996234
11.2843871041707,-0.00191553252211902
11.2876567269299,-0.00172270912969404
11.2906780633292,-0.00143701753115566
11.2935179488143,-0.00104872057712879
11.2962584888884,-0.000540401848919804
11.2990118966962,0.000123145847445736
11.3019770724183,0.00102479204402624
11.3051662881602,0.0022141242073991
11.3085784363805,0.0037245950607794
11.3110999680342,0.0049940610873884
11.313621499688,0.00640888662268606
11.3157750708835,0.00776270263818244
11.3176461378783,0.00908299183095041
11.3194115766127,0.0104887719226441
11.3210690797271,0.011989682044318
11.3226624128029,0.0136407736878116
11.3241902028207,0.0154625157388372
11.3256622855702,0.0174901151930796
11.327076676257,0.0197464072752243
11.3284386280284,0.0222665483634018
11.3297480982414,0.0250795385669246
11.331008813956,0.0282245888556155
11.3322238373853,0.0317445865774149
11.3333961000126,0.0356878341375924
11.3345283325879,0.0401086182016979
11.3356246687043,0.0450754698197247
11.336688728491,0.0506668954279411
11.3377243159792,0.0569765627927618
11.3387354990925,0.0641176305703584
11.3397266129209,0.0722278206909998
11.3407027373353,0.0814804339292686
11.3416696461483,0.0920949854772364
11.3426343513521,0.104358361063986
11.3436058522855,0.118659173226259
11.3445965174196,0.135550074756221
11.345610656332,0.155570471452251
11.346630139213,0.17878579302975
11.3476674945185,0.205846418746818
11.348741102393,0.237655608653455
11.3498822505954,0.275620985108975
11.3510365354117,0.317814478789536
11.3519990936261,0.354953362611894
11.3528149458803,0.386732555531697
11.3535505234283,0.414521618545148
11.3542418982301,0.438791387778972
11.3549131155714,0.459527280027273
11.3555847729866,0.476373679008171
11.3562789658322,0.48857336961219
11.3570254259797,0.494695518119086
11.3578559111674,0.491994155753443
11.358699234046,0.478390334535036
11.3595697140216,0.452678534995766
11.3604780000514,0.413366730069008
11.361434100716,0.358810563442541
11.3620345243415,0.318293134898395
11.3626349479671,0.273820645728547
11.3631460807743,0.233771323936175
11.3635816077477,0.198898985816934
11.3639697484016,0.167932594661884
11.3643279751923,0.14000712207428
11.3646674903314,0.114576624184863
11.3649967020949,0.0912499093521859
11.365323335844,0.0696944006906529
11.3656567372953,0.0495470634122802
11.3660136461085,0.0302120611758546
11.366453355002,0.00964100829879899
11.3666821523653,0.000331793165630823
11.3669109497286,-0.00806477401292063
11.3671031632898,-0.0144455502669474
11.3672975631867,-0.0203066373607986
11.3675133892004,-0.0261573964835915
11.3677472177812,-0.0317717156908682
11.3679970221662,-0.0370068672062944
11.3682621575596,-0.0417846888376593
11.368542895864,-0.0460647762483529
11.3688681461169,-0.0501342906988284
11.3691826228418,-0.0532849171766982
11.3695166283402,-0.0559167258353637
11.369873114135,-0.0580454619955522
11.3702551990496,-0.0596843888177637
11.3706667129846,-0.0608472816487356
11.3711123857832,-0.0615469511077874
11.3715981184276,-0.0617937584716795
11.3721313907098,-0.0615939495918329
11.3727224071809,-0.0609467939984441
11.3733854237541,-0.0598395962719269
11.3741395806125,-0.05824387713242
11.3750142459376,-0.0561027250192905
11.3760614736356,-0.0532966245871985
11.3774067563345,-0.0495033096129537
11.3787816987341,-0.0455538522204344
11.3801110445183,-0.0417589294006333
11.3813989012973,-0.0381575057417622
11.3826474021283,-0.0347680561914474
11.383857368698,-0.0315992435769236
11.385028954287,-0.0286536908740819
11.3861619868327,-0.0259298100159121
11.3872561488256,-0.0234228749729763
11.3883110684593,-0.0211257722127077
11.3893263601855,-0.0190295971850567
11.3903016347459,-0.0171241626492771
11.3912364895503,-0.0153984430743543
11.3921493842906,-0.0138090324854377
11.3930854930127,-0.0122775296172696
11.3940461718322,-0.0108087652005331
11.3950334536445,-0.00940672076011016
11.3960497156953,-0.00807519415216458
11.397097767571,-0.0068177450357404
11.3981809622967,-0.00563764344087554
11.3993033451277,-0.00453781582131373
11.4004698572899,-0.0035207885472001
11.4016866223497,-0.0025886283613417
11.4029613613482,-0.00174287863661749
11.4043040173239,-0.000984489081746281
11.4057277384806,-0.000313734312249136
11.4072505168938,0.000269887795069525
11.4088716231469,0.000760764919440507
11.4105353985887,0.00114785395743546
11.4122601865783,0.00144818013860146
11.4140660494312,0.00167666045734261
11.4159795302035,0.00184727916782064
11.4180377175372,0.00197349599486641
11.4202965718087,0.00206885535839415
11.4228504527052,0.00214810531461875
11.4258911063789,0.00223011553705297
11.4296255056128,0.00233903652135767
11.4334280788913,0.0024723682412636
11.4372826416521,0.00263220442261523
11.44122583416,0.00281634565457014
11.4452904781896,0.00302096685773845
11.4495077905017,0.00324283444375851
11.4539090969154,0.00348028758044512
11.4585273715057,0.0037335086460898
11.4633986986563,0.0040044853433743
11.4685635972045,0.00429694037923482
11.4740683818553,0.00461645793995129
11.4795647212831,0.004946662824136
11.4849610077957,0.00528505801878597
11.4902629536741,0.00563494510621355
11.495467281636,0.00599919820061758
11.5005854816556,0.00638177820359709
11.5056270196166,0.00678674482026862
11.5106002330891,0.00721839548485586
11.515510742937,0.00768122915207125
11.5203619362153,0.00818006560028426
11.5251552747021,0.00872015827169665
11.5298907015433,0.00930732034670404
11.5345669916848,0.00994804430485576
11.5391932989803,0.0106513960699797
11.5438574901171,0.0114422751858885
11.5485506240772,0.0123352144206129
11.5532917125953,0.0133532835298738
11.5581174439324,0.0145292919678516
11.5631157588751,0.015918727416273
11.568528620738,0.0176435402090226
11.5751068412012,0.0200581835398441
11.57908829779,0.0216645422044586
11.5830697543788,0.0233259179111227
11.5865896769461,0.024773706736857
11.5897702970602,0.0259934521276026
11.5928029494997,0.0270076806941491
11.5957208042932,0.0277819384027551
11.5985396654259,0.028289666899776
11.6013838143029,0.028524362249148
11.6044283239908,0.0284449344087558
11.6081193420261,0.0278965465990813
11.6112484882298,0.0270809759893783
11.6143776344335,0.0259995148294048
11.6170434080042,0.0249150992295363
11.6194526807044,0.0238406161297892
11.6217342295348,0.0227661003902926
11.6239463665641,0.0216914782311299
11.6261212376336,0.0206198272415131
11.6282797642801,0.0195548325133446
11.6304370693124,0.0185001266863774
11.6326049205956,0.0174591129824215
11.6347930249037,0.0164349193309291
11.6370097880562,0.0154303948321496
11.6392628020185,0.0144481188293647
11.6415591877719,0.0134904103851302
11.6439058378822,0.012559343746584
11.6463096293361,0.011656754503124
11.6487775971235,0.0107842504199229
11.6513170827736,0.0099432258186879
11.653935913559,0.00913486453863139
11.6566425545639,0.00836015529161417
11.6595260605083,0.00759973453829433
11.6626113133246,0.0068561687760665
11.6659230203317,0.00613326695556579
11.6694898153307,0.00543502407162522
11.6733449123488,0.00476560135607681
11.6775270863768,0.00412925154433118
11.6820820992392,0.00353019978404978
11.6870650667957,0.00297246030074082
11.6925449643356,0.00245956330260257
11.698612028371,0.00199431394629481
11.705388111282,0.00157873852549347
11.7109841094189,0.00130361664411098
11.7165801075558,0.00109400977908675
11.7244684425338,0.000871884015606212
11.7326970496657,0.000701880968400006
11.7417212238206,0.000566804335778307
11.7517212238206,0.000464334890383446
11.7617212238206,0.000398819490148483
11.7717212238206,0.000360246468111375
11.7817212238206,0.000341447876693689
11.7917212238206,0.000337539337910838
11.8017212238206,0.000345453250286106
11.8117212238206,0.000363527469615877
11.8217212238206,0.000391212461923748
11.8317212238206,0.00042893225135702
11.8417212238206,0.000478109083532686
11.8512645537915,0.000538229286190193
11.8600905300194,0.000608507376616936
11.8682431824732,0.000689807188398591
11.8757743489277,0.0007834675704286
11.8827323593096,0.000891171521949725
11.8891619923371,0.00101492092030268
11.8951047996418,0.00115704980581061
11.9005993837316,0.00132025681088881
11.9056816295053,0.00150764983693912
11.9103849133432,0.00172279965635959
11.9147402979888,0.00196980531077848
11.9187767157201,0.00225337116285779
11.922521137974,0.00257890062627946
11.9259987411762,0.00295260822671216
11.9292330773515,0.00338165918462217
11.9322462514501,0.00387434391835071
11.9350591096666,0.00444030151964655
11.9376036207631,0.0050668940597135
11.9399098362567,0.00575562002691529
11.9420154339157,0.00651137613292189
11.9439527811304,0.00734017866537845
11.9457499385951,0.00824948618018
11.9474320013096,0.00924888121539034
11.9490225452991,0.0103512656420036
11.9505504889921,0.0115794055933059
11.9520960805107,0.013016567847425
11.9537027334765,0.0147459163213923
11.9554735155852,0.016957561180439
11.9577654098659,0.0203065528939961
11.9590620333122,0.0224141652934449
11.9603586567585,0.0246189895651475
11.9615231816857,0.0266150811037559
11.9625879311353,0.0283804303745055
11.9636009751396,0.0299331905387548
11.9645947893995,0.0312620407837379
11.965597719825,0.0323338973470706
11.9666433109883,0.0330913527133758
11.9677860413374,0.0334322224862121
11.9691616687728,0.0331176881660396
11.9707981885431,0.03174060981711
11.9722510720585,0.0297327516573577
11.973422088207,0.0277082764961066
11.9745004043214,0.0256275593814772
11.9755573056804,0.0234708686763878
11.976623296123,0.0212514753707525
11.9777211056508,0.0189850049847925
11.9788762466429,0.0166796148035775
11.9801272517599,0.0143265827349212
11.9808404172862,0.0130662730410975
11.9815535828126,0.0118776801373116
11.9821713845086,0.0109251052675487
11.9833374661757,0.00931422477439756
11.9844977777002,0.00793157926132639
11.9856548564732,0.00674571325392691
11.986840626018,0.00570503335983955
11.9880657394231,0.00479037839271681
11.9893402056863,0.00398699229032583
11.990674629003,0.00328261404677918
11.9920807861722,0.00266671510924912
11.9935722309102,0.00213000987431888
11.9951650325829,0.00166411583846942
11.9968787598395,0.00126130325964838
11.9987378723323,0.000914297037899728
12.0007737925517,0.000616104486348496
12.0030281500838,0.00035984408085426
12.0055581623157,0.000138543379186472
12.0082640669009,-4.42864364356762e-05
12.0108549704378,-0.000183752563400604
12.0133769851183,-0.000296785637297392
12.0158990800175,-0.000394414352073963
12.0185198917989,-0.0004846339765036
12.0214485362364,-0.00057629379126468
12.0240819400381,-0.000653140098758875
12.0267153438398,-0.000726453205882055
12.0288654796058,-0.000784479020630785
12.0307444521407,-0.000834204267546842
12.0325485088787,-0.000881283322299314
12.0343929989756,-0.000928880679292988
12.0364057489598,-0.000980308334070843
12.0388455913176,-0.00104202773359607
12.0431986940416,-0.00115054245385999
12.047156136149,-0.00124698284278132
12.0504794249289,-0.00132564433497322
12.0539775846597,-0.00140522109632823
12.0581697663551,-0.00149426493006567
12.0637742320534,-0.001595671155399
12.0685984393287,-0.00165231281048104
12.0729917118245,-0.00166022133194773
12.0769504786777,-0.00160888076028329
12.0805302808697,-0.00148925643077753
12.0837889912883,-0.00129309084138807
12.0867937541434,-0.00101148072032676
12.0896110004852,-0.000633185611569514
12.0922973059493,-0.000144043866530176
12.0949083646516,0.000475568895705963
12.0975240548305,0.00126089497499406
12.1002595623255,0.00227794466585942
12.1032642792975,0.0036419637919152
12.1063710665225,0.00533981485976708
12.1090054864894,0.0070338515413319
12.111148210271,0.00861919360759957
12.113003739066,0.0101814629570608
12.1147319659615,0.0118357240310676
12.1163330212286,0.0135838718021157
12.1178650075292,0.015498734583201
12.1193293584439,0.0176028874136282
12.1207336187616,0.0199298827463485
12.1220849391339,0.022518521171027
12.1233841333146,0.0254004590398821
12.1246364443644,0.0286204733465666
12.1258436531394,0.0322206620015499
12.1270093454627,0.0362536137984963
12.1281369727478,0.0407795783159778
12.129229821975,0.0458677329990021
12.1302910752036,0.0515979628391792
12.1313250300652,0.0580706403184456
12.13233580903,0.0654047366211457
12.1333279792466,0.073746605582388
12.1343067563758,0.0832797820681102
12.1352782515058,0.0942391112632965
12.1362501639008,0.106936497452337
12.1372326229449,0.121801802915471
12.1382400142464,0.139461730620298
12.1392612466834,0.160172885280675
12.1402919478158,0.184232083075585
12.1413466932778,0.212358112951038
12.1424478040043,0.245585201636132
12.1436100371282,0.284711792493093
12.144734849241,0.325800275594591
12.145645870977,0.360379158248053
12.1464381370661,0.390312109743675
12.1471648558828,0.416574383050633
12.1478557134513,0.439391906875887
12.1485325061659,0.458615127819199
12.1492153421411,0.473769661491306
12.149927099883,0.483941637626159
12.1507001104658,0.487423223424789
12.1515377967277,0.481402388919552
12.1523913440617,0.4642710976131
12.1532736573522,0.434758871438438
12.1541945635332,0.391372646663149
12.1549183113369,0.348711353026021
12.1556420591407,0.299362622730157
12.1562324295508,0.255211892230237
12.1567130056762,0.21766166031323
12.1571287912596,0.184795801534122
12.1575050459011,0.155384721630974
12.1578562799174,0.128726442375997
12.1581922697737,0.104363475167142
12.1585209054781,0.0819466917440159
12.1588501579478,0.0611525615688543
12.1591910189786,0.0415772031614079
12.1595674463251,0.0223957188566108
12.1599022152931,0.00750329369667202
12.1601098485545,-0.000733125927393787
12.1603174818159,-0.00823404922411803
12.1605104546336,-0.014574347259449
12.1607055956652,-0.020399007014624
12.1609224037574,-0.0262191202940622
12.1611573714364,-0.0318069474923802
12.1614084189439,-0.0370188427887988
12.161674873435,-0.0417761622592467
12.1619569920417,-0.0460375233952583
12.1622852286943,-0.0501038486778536
12.1626012446352,-0.0532366672503238
12.1629368208325,-0.0558524036712456
12.1632949304047,-0.0579668441073121
12.16367869054,-0.0595930936640654
12.1640919269779,-0.0607447747301428
12.1645393613782,-0.061434561817225
12.1650268797444,-0.0616727105535238
12.1655619354216,-0.0614654121934477
12.1661547064182,-0.0608119364134635
12.1668193611946,-0.0596997473008385
12.1675748853697,-0.0581008187550565
12.1684503156803,-0.0559593139522152
12.1694968217633,-0.0531585881598435
12.1708361086904,-0.0493880336134261
12.1722090243185,-0.0454513547365004
12.1735359803476,-0.0416703789963991
12.1748211404361,-0.0380837762985829
12.1760667073568,-0.0347096979140996
12.177273552241,-0.0315565235908476
12.1784418651378,-0.0286266206100653
12.1795715023774,-0.0259181725950777
12.1806621686987,-0.0234262567325348
12.1817135095298,-0.0211435975431605
12.1827251520619,-0.0190611649219896
12.1836967154491,-0.0171686821635816
12.1846278011357,-0.0154550684962656
12.1855429393571,-0.0138667677717637
12.1864813889076,-0.0123368091641491
12.1874445865264,-0.0108699096402425
12.1884345958186,-0.00947003224405895
12.1894538323217,-0.00814094950799442
12.1905051532181,-0.0068861893254318
12.1915919715236,-0.00570898301297233
12.1927184093105,-0.00461221073456237
12.1938895079999,-0.00359834417488249
12.1951115247446,-0.00266938584725206
12.1963923634806,-0.00182680365339206
12.1977422259667,-0.00107145793519655
12.1991746417436,-0.000403515676424312
12.200708195654,0.000177658797235564
12.2023327158836,0.000663974274694393
12.2040016269755,0.00104825520914385
12.2057332489814,0.0013473142793437
12.2075481507158,0.00157602470605453
12.2094736618809,0.00174837523775572
12.2115482132954,0.00187790387660753
12.2138302990361,0.00197835818184032
12.2164198895247,0.00206495474755768
12.219525305488,0.00215782486874326
12.2232595381181,0.00227894989709588
12.2270581906685,0.00242465007101005
12.2308878684128,0.0025953286729995
12.2347886314732,0.0027885986494655
12.2387950448202,0.00300085053458826
12.2429388491313,0.0032292208242521
12.2472510590653,0.00347240441295692
12.2517635912923,0.00373083234820226
12.2565107059688,0.00400658762292376
12.2615303994749,0.00430330408461572
12.2668656348687,0.00462623309394363
12.2723583089565,0.00496961344787224
12.2777122086872,0.00531836521607826
12.2829987907613,0.00567984907585076
12.2881856805453,0.00605513027913559
12.2932887837758,0.00644863573464992
12.2983145713723,0.00686441374012012
12.303271846411,0.00730702622092379
12.3081662272463,0.00778121416921772
12.3130012807024,0.00829206707625576
12.317778456719,0.00884510107470404
12.3224975774456,0.00944638907052011
12.3271572978027,0.0101026895550107
12.3317931036314,0.0108277323889476
12.3364630214391,0.0116432653228252
12.341165797307,0.0125658818381005
12.3459230138444,0.0136204660125558
12.350780073228,0.0148438146753793
12.3558476594963,0.0163013447861019
12.3614538053977,0.0181520553095209
12.3678588612848,0.0205713451906151
12.3716577195332,0.0221263131158549
12.3754565777816,0.0237137111653368
12.378861350288,0.0250971147537824
12.3819888593236,0.02626405544128
12.3850067563341,0.0272257334648974
12.3878879449132,0.0279313289169337
12.3907001849865,0.0283707686754009
12.3935746431314,0.0285310974933727
12.3967180163272,0.0283557440579334
12.4008085078787,0.0276008416471377
12.4037089060999,0.0267486827400247
12.406609304321,0.025685028719587
12.4091741665762,0.0246086681126816
12.4115378342869,0.0235351086796361
12.4137949827866,0.0224606387004446
12.4159933933561,0.0213867832921747
12.4181611344632,0.0203169375004074
12.42031711581,0.0192548113750745
12.4224753154498,0.0182039869649622
12.4246467935196,0.0171677966498044
12.4268407950183,0.0161492943127504
12.4290654158295,0.0151512561727184
12.4313280345592,0.0141761923615921
12.4336356258581,0.0132263557664888
12.4359949874968,0.0123037556895889
12.4384129299725,0.0114101679682345
12.440896454677,0.0105471403444285
12.4434528867118,0.00971601025328524
12.4460900549841,0.00891790575468015
12.4488391389215,0.00814765130072748
12.4517746820147,0.00739140769682832
12.4549181588492,0.00665304693704337
12.4582952729968,0.00593642006852696
12.461935753557,0.00524557232799415
12.4658741070706,0.00458469933349527
12.4701506797473,0.00395805988592328
12.474813263863,0.00336983849488013
12.4799198057246,0.00282394409318323
12.4855436649793,0.00232371602702856
12.4917816456297,0.00187172541060617
12.4986996399362,0.00147310385654064
12.5042020762641,0.00121852785324531
12.509704512592,0.0010212623984006
12.5174255398652,0.000813246726413286
12.5257393707852,0.000648652651846022
12.5349409640405,0.000516784091959962
12.5449409640405,0.000418025417301932
12.5549409640405,0.000353484861068188
12.5649409640405,0.000313732720120269
12.5749409640405,0.000291960869269304
12.5849409640405,0.000283430564445048
12.5949409640405,0.000285033720081892
12.6049409640405,0.000294895886721022
12.6149409640405,0.000312067931438487
12.6249409640405,0.000336333920987347
12.6349409640405,0.000368132545309457
12.6449409640405,0.000408584101337437
12.6549409640405,0.000459631104137596
12.6643681112743,0.000520294311546102
12.6730842272921,0.000590579211065535
12.6811369755452,0.000671611176135769
12.6885772851666,0.000764869287884902
12.6954525668298,0.00087212048378182
12.70180680418,0.000995422152630659
12.7076808505196,0.00113714887890926
12.7131126843857,0.00130003143898454
12.7181376277676,0.00148720486206596
12.7227885452779,0.00170226415631933
12.7270960307611,0.00194933100861249
12.7310885832961,0.00223313171017776
12.7347927724002,0.0025590912884627
12.7382334006787,0.00293344624419151
12.7414336705159,0.00336338402882606
12.7444153568264,0.00385721765167138
12.7471989915191,0.00442460879521284
12.7497151923953,0.0050523377584584
12.7519956713833,0.00574223731751831
12.7540776263194,0.00649916089328296
12.7559929311377,0.00732904119344272
12.7577691734533,0.00823920775131452
12.7594309575262,0.00923903605454439
12.761001284933,0.0103410750555026
12.762509946191,0.0115689429069812
12.7640331317856,0.0130031311854739
12.7656109092947,0.0147227523999462
12.7673347042938,0.0169020324982931
12.7695593518334,0.0201942205365752
12.7708694534365,0.0223603892739573
12.7721795550395,0.0246404647770129
12.7733514489378,0.0267089757958554
12.774415301319,0.0285364939995311
12.7754228600041,0.0301481510328878
12.7764077909529,0.0315362020315145
12.7773982725241,0.0326699979154055
12.7784263764444,0.0334952534987816
12.7795420049743,0.0339167580997192
12.7808611765475,0.0337238773768279
12.782470340383,0.0324878608181927
12.7836566334545,0.030949812165044
12.7848429265261,0.0289923699168227
12.7859312626059,0.0269279242151288
12.7869851109307,0.0247736741277125
12.7880386390463,0.0225458753501802
12.7891152254142,0.0202625804171045
12.7902380899592,0.0179363626861757
12.7914385763426,0.0155672864413359
12.7927730354133,0.0131259340898169
12.7943936327492,0.01053602008675
12.795564991666,0.00895875043325208
12.7967363505828,0.00760099060542912
12.7978971522098,0.00644585723131843
12.7990885265802,0.0054319643951298
12.8003212996997,0.00454079699952823
12.8016055404124,0.00375818805151812
12.8029520267393,0.00307227884557401
12.8043728285577,0.00247281931704765
12.80588193041,0.00195071686899298
12.8074960089182,0.00149771856210264
12.8092354828168,0.00110617266970208
12.8111260151131,0.000768835089664009
12.8132007722339,0.000478694515558568
12.8155040006511,0.00022878936357899
12.8180970377427,1.19779864148388e-05
12.8207718520598,-0.000162253449248231
12.823307444015,-0.000295939771810806
12.8257423921802,-0.00040467640524596
12.8281179849844,-0.000497948742685279
12.8304616267406,-0.000581340127137576
12.8327867026827,-0.000658184085758326
12.8351181338756,-0.000731179933644888
12.8375401096406,-0.000804112356285504
12.8403524508253,-0.000886456021448466
12.8424028775762,-0.000945542387583402
12.8444533043272,-0.00100419941660457
12.8462490704867,-0.00105541172087059
12.8478856382808,-0.00110206498033086
12.849491471771,-0.00114789637431568
12.8511648808541,-0.00119576891611396
12.8530383033513,-0.00124954842759958
12.8554395932006,-0.00131881472430121
12.859704212978,-0.00144275555159573
12.8634634181915,-0.00155264217383532
12.8667482712759,-0.00164856319583989
12.8703461895637,-0.00175269174827198
12.8749815607893,-0.00188333983762572
12.8806660755504,-0.0020304579774153
12.8855538933754,-0.00212907929610819
12.8899427649787,-0.00217391219907723
12.8938592153531,-0.00215352837572395
12.8973839120829,-0.00205919415002679
12.9006056779153,-0.00188239766568592
12.9035855296531,-0.00161482844386365
12.9063643346703,-0.0012491416333765
12.908986997903,-0.000776378034190856
12.9115209426568,-0.000178913919875094
12.9140719186075,0.00058251557237963
12.9168759910309,0.00161999848626127
12.9199295059617,0.0029893568169098
12.9232267711893,0.00472965333378081
12.9255150910341,0.00609308513762376
12.9278034108789,0.00760233965529755
12.9297728083821,0.0090510614244561
12.9315908585374,0.010550236003413
12.9332366418776,0.0120828432456416
12.9348196437512,0.0137584364618499
12.9363262165235,0.0155841597711149
12.9377809212114,0.0176128786980744
12.93917912848,0.0198660023898907
12.9405271507094,0.0223823877961363
12.9418259225087,0.0251955571041786
12.9430753324805,0.0283381437472927
12.9442798757329,0.0318571653574354
12.9454420566648,0.0358006926694276
12.9465644823611,0.0402233023910844
12.9476504287759,0.0451901875384096
12.9487037243606,0.0507801705493025
12.9497279780955,0.0570851529632625
12.9507270301334,0.0642155491666158
12.9517050309861,0.0723057054100091
12.9526664589746,0.0815204389416742
12.9536166437497,0.0920691700158126
12.9545617459784,0.104220089310967
12.9555093822778,0.118328205144175
12.9564695297668,0.134881954992997
12.9574562645241,0.154590458269003
12.9584502452013,0.17754250057973
12.9594544765479,0.20419973618831
12.9604826978673,0.235343572053451
12.9615562533516,0.272093355793651
12.9626936007483,0.315440669066553
12.9637326192526,0.358130122408502
12.9645666203894,0.393383194678507
12.9652943885909,0.423684655101912
12.9659677350983,0.450177124563301
12.9666155998189,0.473107195590778
12.9672602362701,0.492269378624775
12.9679243194143,0.507043544392974
12.9686380648728,0.516172646252396
12.969448270519,0.517001612689492
12.9702713122061,0.506854961468348
12.9711239059179,0.484559561413926
12.9720187923693,0.448533303750217
12.9729649990932,0.396955033335284
12.9736438091535,0.352012049974597
12.9743226192137,0.301331998446127
12.9748834108506,0.256187409595619
12.9753448317517,0.217786066487309
12.9757465173411,0.184215887645825
12.9761115571832,0.154223295793823
12.9764535770037,0.127076117554024
12.9767819923568,0.102289433705397
12.9771046799046,0.079485955748373
12.9774300818332,0.0583021453549048
12.9777710059739,0.0382447126530861
12.9781606066008,0.0181129026976633
12.9783469761971,0.00953484623724227
12.9785333457934,0.00162108416086745
12.9787504400491,-0.00678666985771546
12.9789393968984,-0.0134240700493423
12.9791240089603,-0.0193277960475252
12.9793308497981,-0.0252990624940909
12.9795561723929,-0.0310824076694082
12.9797975702796,-0.0365110410037607
12.9800541379474,-0.0414923263227953
12.9803259569022,-0.0459778379686402
12.9806138052734,-0.0499439737086825
12.9809454659298,-0.0536364962601063
12.9812690419181,-0.0564672697313645
12.9816137572391,-0.058781818951287
12.9819829267373,-0.0605971226156724
12.9823801686183,-0.0619274204176511
12.9828099454475,-0.0627863330721959
12.9832778177785,-0.063185381980711
12.9837908170307,-0.0631323420774204
12.9843580558179,-0.0626291357913727
12.9849931373163,-0.0616661810265438
12.985713622303,-0.0602191856543803
12.9865459355982,-0.0582386940201093
12.9875351970851,-0.0556226523406978
12.9887809912289,-0.0521162288739891
12.9901780067953,-0.0480740359479161
12.9915282680653,-0.0441640590631456
12.9928369167963,-0.040436105897909
12.9941064901548,-0.0369142312133265
12.9953379740921,-0.0336105239430414
12.9965315661525,-0.0305300708143609
12.9976870802616,-0.0276732097172704
12.9988041596226,-0.0250367600922407
12.9998823864638,-0.0226148357000331
13.0009213338855,-0.0203994713048055
13.0019205833635,-0.0183811533401363
13.0028797205689,-0.0165492869898453
13.0037983164465,-0.0148926099471538
13.0047200481655,-0.0133267839347703
13.0056654411178,-0.0118209682815581
13.0066361786397,-0.0103795296364702
13.0076344174363,-0.00900638381811735
13.0086626914471,-0.00770524261960555
13.0097240071576,-0.00647956162835621
13.0108219678569,-0.00533248791377436
13.0119609414587,-0.00426680536229182
13.0131462925787,-0.00328487750942722
13.0143847125275,-0.00238858723470834
13.0156847043136,-0.00157927190332338
13.0170573245772,-0.000857651140347364
13.0185173761617,-0.000223741737552848
13.0200854497135,0.00032325143757948
13.0217209742444,0.000768380235269899
13.0234063725084,0.00111659329069472
13.0251600286468,0.00138382195351145
13.0270042059444,0.00158451067274258
13.0289689196278,0.00173228984324553
13.0310972690133,0.00184043096654968
13.0334568025384,0.00192255735247117
13.0361684608167,0.00199410557250521
13.0395084761163,0.00207687462370915
13.0432601239482,0.00218411644733231
13.0473388394691,0.00232685717989197
13.0513944514988,0.00249353134923587
13.0552592900154,0.0026692730259209
13.0590492510383,0.00285195999062021
13.0628351931379,0.00304070974179767
13.0666655768468,0.00323573605368165
13.0705784437402,0.00343821383123009
13.0746068481046,0.00365010004498144
13.078781808305,0.00387398162935291
13.0831342391552,0.00411297551730589
13.0876963691888,0.00437070188289154
13.0925031730937,0.00465138838797222
13.0975937550169,0.00496016723161655
13.1030125694356,0.00530365312854609
13.1082895597608,0.00565561291927955
13.1135233228533,0.00602459931469702
13.1186621433866,0.00641004722367235
13.123721073786,0.00681631658448842
13.1287031868065,0.00724736702019699
13.1336168834229,0.0077080447900826
13.138467449508,0.00820347944786008
13.1432583388558,0.00873925086684768
13.1479907927158,0.00932142460544114
13.1526643460771,0.0099566713045682
13.1572885038689,0.0106541511881274
13.1619504478714,0.0114385513272429
13.1666411695295,0.0123243353901016
13.17137909652,0.0133343155157879
13.1761995592655,0.0145007319904174
13.181187129308,0.0158776404965836
13.186572226894,0.0175820301744681
13.1931781905304,0.0199936297640542
13.197196696112,0.0216100515603724
13.2012152016936,0.0232855501127469
13.2047537796319,0.0247428318570348
13.2079425521834,0.0259697880216808
13.2109776571437,0.0269909959294061
13.213900484589,0.0277743905480552
13.2167201791765,0.0282911436070942
13.219560340325,0.0285355616915877
13.2225926228612,0.0284683393398564
13.2262417966914,0.0279429358087069
13.2294026653451,0.0271320272541989
13.2325635339989,0.0260473866190852
13.2352414231059,0.0249617786145358
13.2376551055946,0.0238873728097303
13.2399383410121,0.0228131835688431
13.2421507937404,0.0217389003145949
13.2443250707228,0.0206675594639796
13.2464822906638,0.0196028464391836
13.2486376632294,0.0185484050292579
13.2508029836786,0.0175076529808652
13.2529879482877,0.0164837333808099
13.2552009214984,0.0154795111744415
13.2574494292928,0.014497580508365
13.2597404986149,0.0135402756265489
13.2620809007781,0.012609684888671
13.2644773607479,0.0117076567423617
13.2669367216104,0.0108358117134209
13.2694660925797,0.00999555405685712
13.2720730136372,0.00918807634491208
13.274765866988,0.00841429930677707
13.2776388848811,0.00765336327693757
13.2807122663493,0.00690916585442476
13.2840105621256,0.00618549589222016
13.287562126987,0.00548635099518747
13.2913998329608,0.00481589885417176
13.2955620260132,0.00417840481428283
13.300093914521,0.00357811539872276
13.3050498723152,0.0030190780849841
13.3104977602616,0.00250487741790742
13.3165261427131,0.00203839065645305
13.323254376291,0.00162173099151634
13.3305268916038,0.00126988528030066
13.3384087960559,0.000990844092218013
13.3462007379999,0.000797927887590143
13.3545225001412,0.000648379776568303
13.3637718476085,0.000530012082375816
13.3737718476085,0.000444544093845195
13.3837718476085,0.000392147170581894
13.3937718476085,0.000364364455456885
13.4037718476085,0.000355250370702444
13.4137718476085,0.000360904724119452
13.4237718476085,0.000379130461760999
13.4337718476085,0.000409154078379483
13.4437718476085,0.000451473875481851
13.4537718476085,0.000507898415362354
13.4630328319567,0.000575825551778599
13.4715726541999,0.000655579006266629
13.479448234215,0.000748278202287942
13.4867132911539,0.000855510014326531
13.4934172530741,0.000979246826134666
13.4996056901939,0.00112183231483185
13.5053207129605,0.00128600184540591
13.510601298514,0.00147492178089548
13.5154835662734,0.00169224266587625
13.5200010275517,0.00194216419969013
13.5241848165926,0.00222951616105067
13.5280639048198,0.00255985559599116
13.5316653031798,0.00293958684737658
13.5350142671721,0.0033761109365262
13.5381345130936,0.00387801528648656
13.54103400767,0.00445215482435137
13.5436515338555,0.00508606681824797
13.5460299957527,0.00578383320424449
13.5482084501177,0.00655107592123298
13.5502205665126,0.00739477875962089
13.5520961507231,0.00832390069893442
13.5538628329514,0.00935047934357842
13.5555482236244,0.0104917212212117
13.5571994396006,0.0117878695884071
13.5589092238522,0.0133412406742064
13.5607762366973,0.0153084942535265
13.563155895669,0.0182401152147112
13.5645696241821,0.0201841749109356
13.5659833526951,0.0222300994839514
13.5672459508366,0.0240824444702864
13.5683888046064,0.0257127218688131
13.5694679348154,0.0271438701770027
13.5705193242333,0.0283690928555809
13.5715724191539,0.0293610681428812
13.5726597998811,0.030071779681451
13.573830447111,0.0304183760708941
13.5751922639819,0.0302245194225056
13.5769199814816,0.0290577098988454
13.5781820321622,0.0276197614451843
13.5794440828427,0.0257897118522562
13.5805870314585,0.0238850927171997
13.5816855433778,0.0219139253042927
13.5827782647381,0.0198864886649245
13.5838902460995,0.0178171608465529
13.5850453451817,0.0157162929628864
13.5862747839947,0.0135837208116077
13.5876332385455,0.0113945428886719
13.5888376500329,0.00967286994377148
13.5900268028913,0.00820786123040549
13.5911885500262,0.0069757173950863
13.592375126953,0.00589512127033722
13.5935982236445,0.00494455813317539
13.594867968024,0.00410826893625958
13.5961948806448,0.00337332288628054
13.5975904930697,0.00272870812522522
13.5990679438908,0.00216476925415619
13.6006426820802,0.00167282215015563
13.6023333830683,0.00124487224617324
13.6041632247995,0.000873391540286446
13.6061617624566,0.00055112298963496
13.6083678251042,0.000270882649857833
13.6108342460904,2.53217287173236e-05
13.6133155064455,-0.000170798187515871
13.615685784919,-0.000324945020269347
13.6179768314128,-0.000452373538978619
13.6202328235306,-0.000563231060400151
13.6225169796623,-0.00066503486670413
13.6249500314434,-0.000765434268337119
13.62796012345,-0.000882073510782786
13.62989440879,-0.000954114832863015
13.6318286941299,-0.00102471441921114
13.633576523039,-0.00108768966527959
13.6352054535414,-0.00114594620581799
13.6368261311278,-0.00120367794377597
13.6385379782741,-0.00126456496691948
13.6404933442598,-0.00133415605962757
13.6431386484564,-0.00142859671047834
13.6472806540517,-0.00157752227740389
13.6507537356979,-0.0017032864930972
13.653929324081,-0.00181860123910901
13.6575117180169,-0.00194828526708442
13.6621533164574,-0.00211335761688535
13.6678362441815,-0.00230190936217429
13.6727783050116,-0.00243485156180727
13.6772525686752,-0.00250533428753898
13.681267149431,-0.00249964313066936
13.6848756910517,-0.00240920048495893
13.6881410401106,-0.00222884673203144
13.6911274337133,-0.00195486449280246
13.6939065983262,-0.0015813709665131
13.6965545622885,-0.00109651611086114
13.6991631570431,-0.00047579641730294
13.7018831571277,0.000338451749807023
13.7048710657712,0.00143398547393553
13.7081437848094,0.00285456909230802
13.711239109777,0.00437535719531692
13.7135404301101,0.00560916379462261
13.7158417504432,0.00694770512454006
13.7178531988456,0.00823407864472925
13.7196985768681,0.00954539280113596
13.7214017065333,0.0109049849305929
13.7230352210563,0.0123838445559026
13.7246049345179,0.0140095145941011
13.7261190149553,0.0158146646919003
13.727578562416,0.0178268218739096
13.7289859425511,0.0200766953626606
13.7303379508781,0.0225868262117144
13.7316396323291,0.0253952369462918
13.7328926286024,0.0285374573556176
13.7340985196471,0.0320518536792088
13.7352610916988,0.0359878907943329
13.7363838430834,0.0404019922509314
13.7374701403588,0.045359219811896
13.7385235091974,0.0509363680636932
13.7395474866747,0.0572238853094867
13.7405460901631,0.0643321962615565
13.7415235144431,0.0723950235876673
13.7424843260194,0.0815770357789761
13.7434337008738,0.0920850167734716
13.7443777124673,0.104184238464791
13.7453238877283,0.118225698568449
13.7462820274499,0.134690833999271
13.7472658990417,0.154276157413172
13.7482584924926,0.177121216595672
13.7492607195727,0.203646256857267
13.750285996346,0.234621147151088
13.7513549927922,0.271141575680519
13.7524916882789,0.314429062049373
13.7533306432129,0.348767861061164
13.754169598147,0.384253760431701
13.7549187946862,0.415852830059192
13.7556038879415,0.443528254522144
13.7562558297002,0.467622436407696
13.7568979535834,0.488052495910305
13.7575522221263,0.504338518833411
13.7582455980174,0.515464499366202
13.7590221275016,0.519333502304043
13.7598382575659,0.512862241205385
13.760679109127,0.494653411911956
13.7615589606214,0.463239013639476
13.7624877923327,0.416839710133337
13.7632340803628,0.370266927022181
13.7639803683929,0.31631560086524
13.76458402199,0.268403142231157
13.7650685582837,0.228223326329036
13.7654835105569,0.193433574294319
13.7658567094608,0.16251230608322
13.7662037450729,0.134610753575739
13.7665348586013,0.109191872383535
13.7668581483282,0.0858572801019395
13.7671816648297,0.0642481855927174
13.7675163898682,0.0439287720342628
13.7678861712945,0.0240251489074049
13.7682135454865,0.00865028559943829
13.7684180472967,9.0409478193346e-05
13.768622549107,-0.00769863243255289
13.7688087371571,-0.0141489144441054
13.7689974656072,-0.0200951358742939
13.7692076038992,-0.0260557072797095
13.7694356483959,-0.0317920715340681
13.7696795090141,-0.0371531946793286
13.7699384833303,-0.0420558222722696
13.7702127897519,-0.0464571061707042
13.7705033097174,-0.0503349891934322
13.7708277439763,-0.0538318870004235
13.7711538217173,-0.0565921452009144
13.7715015466622,-0.0588392019808454
13.771874181938,-0.0605888590018992
13.7722754516225,-0.0618553867056052
13.7727099556557,-0.0626522389961831
13.7731834362429,-0.0629905534327845
13.7737031738983,-0.0628774638836514
13.7742788316594,-0.0623136481970149
13.7749244430753,-0.0612877798620923
13.7756585279699,-0.0597728983313112
13.7765093448226,-0.0577144466561081
13.7775264045304,-0.054998161695616
13.7788256861167,-0.0513234268691691
13.7802153217633,-0.0472996394852127
13.781559545692,-0.0434167207937149
13.7828627223077,-0.0397200912532533
13.7841270763519,-0.0362316099755132
13.785353433992,-0.0329621722978526
13.7865419118319,-0.0299161046585744
13.7876922845148,-0.0270932037029144
13.7888041779513,-0.024489880670156
13.7898771682537,-0.0220999367988358
13.7909108273332,-0.0199151719898141
13.7919047365793,-0.0179259047922678
13.792858480185,-0.0161214314400629
13.793771624457,-0.0144904322911782
13.7946964042641,-0.0129353225421548
13.795644999375,-0.0114409351749506
13.7966192036697,-0.0100114905400839
13.7976212182328,-0.00865088479483694
13.7986536329354,-0.00736280347051259
13.7997195245212,-0.00615067019798645
13.8008225856957,-0.00501759432806212
13.8019672999751,-0.00396631629313415
13.8031591843044,-0.00299915054333191
13.8044051354229,-0.00211792541793978
13.8057139413826,-0.00132391851355119
13.8070970686571,-0.000617784691116294
13.808569936692,5.28874505116832e-07
13.8101541208211,0.000531892002792645
13.8117951112971,0.000958732612363598
13.8134884762564,0.00129092338391155
13.8152527178031,0.00154405118626258
13.8171109347906,0.00173239059575647
13.8190944896239,0.00186944173227335
13.8212488674603,0.00196840021053716
13.8236463819613,0.00204290563795658
13.8264195873712,0.00210864322937979
13.8298866682093,0.00218868440412909
13.8336562338392,0.00229262051515248
13.8376500792187,0.00242892951949061
13.8414929054694,0.00258275387546292
13.8452794447242,0.00275028804742284
13.8490740005893,0.00292857888437629
13.8529221823493,0.00311598812328869
13.8568606686603,0.00331223879822978
13.8609219874984,0.003518241954493
13.8651371464381,0.00373588163646965
13.8695374267295,0.0039678289428742
13.8741557715187,0.00421742669581626
13.879028266549,0.00448871908959415
13.8841954933203,0.00478669320258822
13.8897038944643,0.00511783747689811
13.8950385253832,0.00545468545794183
13.900331378768,0.00580743392105099
13.9055207022638,0.00617498369138154
13.9106269392036,0.00656180864699205
13.9156533039777,0.0069715934487849
13.9206095713936,0.0074088976685485
13.9255016007459,0.0078784443798415
13.9303335539854,0.00838536087632472
13.9351072304643,0.00893519713361953
13.9398226686732,0.00953405882979071
13.9444786223256,0.010188732190375
13.9491168295816,0.0109139954246043
13.9537882257796,0.0117307216859729
13.9584933658507,0.0126559647682655
13.9632544692143,0.0137149921176363
13.9681190156782,0.0149454948069137
13.9732033087463,0.0164153293830292
13.9788584968626,0.0182944816867687
13.9852274300596,0.0207139360782478
13.9889920889188,0.022259238614791
13.992756747778,0.02383162797114
13.9961379056645,0.0252000826729411
13.9992545798561,0.0263539653590862
14.0022702879427,0.0273023086519428
14.0051440643745,0.0279908866427849
14.0079560778621,0.0284132157083986
14.0108397131154,0.028554629641945
14.0140114763269,0.0283540453692526
14.0182365598634,0.027534505492183
14.0210845422353,0.026672096630368
14.0239325246072,0.0256106580620424
14.0264718215487,0.02453540727228
14.0288231345512,0.0234617292038014
14.031073622469,0.0223870947082806
14.0332684409416,0.0213133615361419
14.0354345633645,0.0202439879767535
14.0375903442534,0.0191826802416054
14.0397494459841,0.0181329988584984
14.041922738411,0.0170982503721936
14.0441193500508,0.0160814625363701
14.0463473080121,0.0150853863727451
14.0486139558633,0.0141125080067332
14.0509262590482,0.0131650576014835
14.0532910286879,0.0122450226274633
14.0557151079939,0.0113541585283551
14.0582055517857,0.0104939935610168
14.0607697602712,0.00966584677267385
14.0634156608626,0.00887082939282371
14.0661810675146,0.0081020626298216
14.0691348256932,0.00734770507876308
14.0722988155219,0.00661163059259686
14.0756991264191,0.00589771931566604
14.0793659637811,0.00521004433242112
14.0833344305139,0.00455282692198738
14.0876456495666,0.00393034651846288
14.0923484875823,0.00334679934274417
14.0975024656517,0.00280609608278791
14.1031834709987,0.0023115657249343
14.1094923186582,0.00186578440626855
14.1164560061601,0.00147606965661986
14.1239669851915,0.00116002822632227
14.1313023284939,0.000942330782713549
14.1390709468557,0.000773187243545869
14.1480551595439,0.000631520309972156
14.1580551595439,0.000525076876157231
14.1680551595439,0.00045930485545939
14.1780551595439,0.000423874627214786
14.1880551595439,0.000411557953856602
14.1980551595439,0.000417616695149014
14.2080551595439,0.000439428025673129
14.2180551595439,0.000476197391062035
14.2280551595439,0.000528833528704782
14.2373828735237,0.000594796671195961
14.2459857100136,0.000673530272123343
14.2539185614886,0.000765765524570476
14.2612357086139,0.000872867943763063
14.2679871293112,0.000996674219929182
14.274218862744,0.00113944001043501
14.2799734283992,0.00130384044497734
14.2852901675018,0.00149299848677719
14.2902055261962,0.00171053194363438
14.2947533125897,0.00196061433671005
14.2989649342264,0.00224805377273976
14.302869617376,0.00257838841265595
14.3064946112462,0.00295800583934631
14.3098653956696,0.00339429173505405
14.3130059012558,0.00389581958364275
14.3159254741158,0.00446971066813222
14.3185612452106,0.00510335064365078
14.3209564644952,0.0058008545958168
14.3231505457114,0.0065678990808753
14.3251775048189,0.00741155248688139
14.3270675120926,0.00834091053222295
14.3288486303733,0.00936824507989981
14.3305490722455,0.0105111977458992
14.3322162744768,0.01181023702214
14.3339469568857,0.0133710038815785
14.3358484001642,0.0153602137408495
14.3382741038745,0.0183258328480557
14.3396770313394,0.0202344359177416
14.3410799588043,0.0222344634654161
14.3423360561279,0.0240420860444485
14.3434787696926,0.0256342519072464
14.3445612349604,0.0270294497220759
14.3456184524247,0.0282186171341339
14.3466798981293,0.0291729412872998
14.3477790653255,0.0298425687227287
14.3489677735473,0.03014072284117
14.3503652437766,0.0298765287681277
14.3521114102729,0.0286249786696824
14.3533603343629,0.0271709269569147
14.354609258453,0.0253512597335002
14.3557504118583,0.0234571523075051
14.3568516839823,0.0214983044697648
14.3579494558407,0.019486072268329
14.3590683725851,0.0174344890143128
14.3602326663451,0.01535303102945
14.3614748644907,0.0132400325486537
14.3622744603195,0.0119552872902103
14.3628486984981,0.0110748443190977
14.3634229366767,0.0102491079157689
14.3645743566935,0.00875975828826539
14.3657292620839,0.007468319781436
14.3669060341866,0.00633602529552827
14.3681155906932,0.0053404944239894
14.3693680540817,0.00446464410206552
14.3706737320659,0.00369464572465296
14.3720437316915,0.00301887039081087
14.3734905397339,0.00242723194505426
14.3750286763798,0.00191074765213076
14.3766755200761,0.00146122578895307
14.3784524308954,0.00107102733805902
14.3803863701471,0.00073286744930275
14.3825123564141,0.000439628597395566
14.384877391787,0.00018415440403326
14.387415283147,-3.10790576366863e-05
14.3899205463389,-0.000201845214225312
14.3924794481743,-0.000346850741352896
14.395309233531,-0.000483716254905632
14.3977952173587,-0.000590069958866358
14.4002812011864,-0.000687651939303192
14.4023490784553,-0.000764116065506572
14.4041778061073,-0.000829167852304648
14.4059463937682,-0.000890363599220283
14.4077662133135,-0.000951995979625514
14.4097680732303,-0.0010186141157382
14.4122330361169,-0.00109939431633421
14.4171448259767,-0.00125764187695069
14.4216964627714,-0.00140149654270163
14.4254931489004,-0.00151900414313489
14.4295047965341,-0.00163961112036253
14.4346081815492,-0.00178417464764964
14.4398357781314,-0.00191147047725233
14.4445080072029,-0.00199009053115185
14.4487545211223,-0.00201063757909333
14.4526021402296,-0.00196186851389623
14.4561000547151,-0.00183462261553543
14.4593033650389,-0.00162118529109671
14.4622711153438,-0.00131387605023286
14.4650720869963,-0.000901780552776259
14.4677930043204,-0.000364663714843964
14.4705510704625,0.000337679293122206
14.4735753652784,0.00130551178248712
14.47678705978,0.00256113523275196
14.4802022933884,0.00414106723263699
14.4825199948126,0.00535730128277154
14.4848376962368,0.00670784661661487
14.4868820169511,0.00804037734975742
14.4887757016608,0.00942769839936262
14.4904865324708,0.0108453861271359
14.4921321552039,0.0123966439133278
14.4937131200185,0.0141041175149961
14.4952225146665,0.0159811621855598
14.4966779405874,0.0180722154339355
14.4980754745881,0.0203978018452404
14.499421496126,0.0229957697071041
14.5007175396983,0.0258997356034937
14.5019643884745,0.0291438842193098
14.5031666145954,0.0327760666428212
14.5043271858485,0.0368468314646441
14.5054493382285,0.0414151184306222
14.506536214023,0.0465487347956442
14.5075918520806,0.0523315232231797
14.5086201576761,0.0588623843901808
14.5096252798334,0.0662609476796477
14.5106117787369,0.07467435212661
14.5115847625911,0.0842862959139666
14.5125503581501,0.0953332527293162
14.5135160518959,0.108126602429303
14.514491621437,0.123093310146109
14.5154908512118,0.140851776374429
14.5165055434296,0.161715774297099
14.5175287070342,0.185939293569428
14.5185741987084,0.214231278325796
14.519662954792,0.247599275460584
14.5208207900786,0.287260579004251
14.5217316865863,0.321016841686658
14.522642583094,0.356220792508246
14.5234515657449,0.38770788012141
14.5241849717138,0.41535251568319
14.5248753305877,0.439490063602079
14.5255463130265,0.460087052698033
14.5262184787909,0.476774909439805
14.5269140653669,0.488778362555128
14.5276632452074,0.494632366754731
14.5284939830853,0.491565589390246
14.5293380871967,0.477561907927762
14.5302097524115,0.451404245272128
14.5311195161559,0.41159405099919
14.5320775344435,0.356482312621232
14.5326719406805,0.316148400618464
14.5332663469174,0.271985585472092
14.5337733956051,0.232205288876118
14.5342065233073,0.19752202893335
14.5345931914297,0.166697155900338
14.5349504920232,0.138885386865303
14.5352894584024,0.113550010306928
14.5356184337568,0.0903039709762437
14.5359451564304,0.068815504956088
14.5362791118851,0.0487177915707109
14.5366376227383,0.0293958807034305
14.5370848198866,0.00863514415750443
14.5373040314337,-0.000212260960786292
14.5375232429808,-0.00822416373841391
14.5377147796009,-0.0145713022329414
14.5379095562392,-0.0204335500525436
14.5381257100463,-0.0262815970583899
14.5383598219442,-0.0318902688047952
14.5386098914033,-0.0371181373071068
14.538875290983,-0.0418878204094126
14.5391563045365,-0.0461592640992101
14.5394819662385,-0.0502200554267087
14.5397967744641,-0.0533618012860439
14.5401311482474,-0.0559849029951233
14.5404880490099,-0.0581051500110824
14.5408706061669,-0.0597358243554643
14.5412826626339,-0.0608906937575601
14.541728964853,-0.0615825369981766
14.542215435712,-0.0618216582965216
14.5427495849971,-0.0616142162136675
14.5433416852099,-0.0609593113227607
14.5440060441985,-0.0598440345746456
14.5447619200818,-0.0582395699269779
14.545638911486,-0.0560883584042855
14.5466896476371,-0.0532692840150126
14.5480419865967,-0.0494535047549226
14.5494160031072,-0.0455059021117381
14.5507445020446,-0.0417139834232967
14.5520315670332,-0.0381160827836573
14.5532792984535,-0.0347304247154204
14.5544885011271,-0.0315655277425798
14.5556593200809,-0.0286239179837447
14.5567915795137,-0.0259039362119725
14.5578849604991,-0.0234008020759323
14.5589390909119,-0.0211073605734316
14.5599535852623,-0.0190146764159575
14.5609280542768,-0.0171125410507508
14.5618620949712,-0.0153899158968777
14.5627754501745,-0.0138012528308452
14.5637120407654,-0.0122705993462492
14.5646732397607,-0.0108027618055339
14.5656610863244,-0.00940171815877811
14.5666779655821,-0.00807126144825798
14.5677266969638,-0.00681494539168045
14.5688106459406,-0.00563603287683342
14.5699338737362,-0.00453744192418887
14.5711013424257,-0.00352168907727063
14.5723192033819,-0.00259082972280104
14.5735952157063,-0.0017463941477206
14.5749393762353,-0.000989316926841003
14.5763649123615,-0.000319854965429884
14.5778899390093,0.00026251509425708
14.5795117390942,0.000751658174029343
14.5811765708174,0.00113738081728626
14.5829027695833,0.00143665477286136
14.5847105022777,0.00166437973735071
14.5866264739902,0.00183453063236304
14.5886880491674,0.00196056962150517
14.5909517066122,0.00205606271343534
14.5935129454252,0.00213581987414607
14.5965668267798,0.00221889528660429
14.6003009136695,0.00232898904135605
14.6041029176807,0.00246357390754212
14.6079553586252,0.00262450510967922
14.6118951047471,0.0028095267921571
14.6159550901699,0.00301482713437606
14.6201665569292,0.0032372152291811
14.6245607949342,0.003475075514373
14.629170684063,0.00372862343704072
14.6340321546787,0.00399986072138133
14.639185516554,0.00429250148523088
14.6446768095883,0.00461209411582542
14.6501751290016,0.00494321684895733
14.6555695320608,0.00528223598333987
14.6608717355219,0.0056328083185989
14.6660759128772,0.00599765302294136
14.6711940357316,0.00638077177585799
14.6762353497375,0.00678621956196268
14.6812082660549,0.00721831025065594
14.6861184265935,0.00768155509054892
14.6909692499629,0.00818078671061587
14.6957622106565,0.00872126929104342
14.7004972564157,0.00930882544978731
14.7051731636148,0.00994995631133209
14.7097996615338,0.010653829000706
14.7144639530706,0.0114452761115001
14.7191572638651,0.0123388735060652
14.7238986462551,0.0133577254294454
14.7287249444741,0.0145347151912627
14.7337244958265,0.0159255063474713
14.7391406680328,0.0176526578397332
14.7457153915613,0.0200673722370636
14.749692447601,0.0216724376901301
14.7536695036407,0.0233320908843867
14.7571871526826,0.0247787088563185
14.7603667456705,0.0259975571146179
14.7633990623899,0.027010913368822
14.7663162021407,0.0277840140565542
14.769134863236,0.0282906034718848
14.7719794145746,0.0285240755164841
14.7750253621839,0.0284431131217332
14.7787216311252,0.0278917997635287
14.781846676873,0.0270756694843652
14.7849717226208,0.0259946277245254
14.7876358221343,0.0249103955534734
14.7900443722537,0.023835949713231
14.7923255276355,0.0227614505382089
14.7945374259776,0.0216868540376874
14.796712149358,0.0206152437484801
14.7988705881548,0.0195503056644626
14.8010278470375,0.0184956720627699
14.803195681999,0.0174547454626853
14.8053837912639,0.0164306530210704
14.8076005739346,0.0154262430725891
14.8098536161852,0.014444094240763
14.8121500335893,0.0134865249021684
14.8144967133632,0.012555608607478
14.8169005266349,0.0116531803174925
14.819368501973,0.0107808471145224
14.8219079733229,0.00994000266510894
14.8245267590786,0.00913183007659011
14.8272333134601,0.00835731731142213
14.830117352165,0.00759693431200172
14.8332031874315,0.00685341917182951
14.836515541991,0.00613057905750896
14.8400830562735,0.00543240951489677
14.8439389507286,0.00476307209276862
14.848122006078,0.00412681945612266
14.8526779891345,0.00352787602361783
14.8576620206632,0.00297025430250487
14.8631430813294,0.00245748158467906
14.869211408265,0.00199235912575667
14.8759888232546,0.00157690906050836
14.8814907292038,0.00130551137120016
14.8869926351529,0.00109774821114349
14.8948613573407,0.000874263717302031
14.9029934610368,0.000704614452218757
14.9120042556138,0.000567928846742172
14.9220042556138,0.000463788507279071
14.9320042556138,0.000396884522861334
14.9420042556138,0.000357104920553982
14.9520042556138,0.000337192826018444
14.9620042556138,0.000332177916735133
14.9720042556138,0.000338909288444644
14.9820042556138,0.000355639698831765
14.9920042556138,0.000381722847224177
15.0020042556138,0.000417459462017428
15.0120042556138,0.000464100294009624
15.0217030026093,0.000522058677625011
15.0306788093378,0.000589977731674159
15.0389701799656,0.000668617219960586
15.0466295305524,0.000759247233992561
15.0537059301409,0.000863487361553995
15.0602448360945,0.000983272900888118
15.066288421496,0.00112086360410368
15.0718758622052,0.00127887365817702
15.0770435752611,0.00146031436856561
15.0818254301066,0.00166864608467182
15.0862529450788,0.00190784070728575
15.0903554723305,0.00218245611211326
15.0941603694059,0.00249772570263949
15.0976931642286,0.00285966555646795
15.1009777236406,0.00327520725317895
15.1040364284863,0.00375236275194353
15.1068903575382,0.00430043509984029
15.1094929640937,0.00491297313289144
15.1118484736037,0.00558676416558458
15.1139952311186,0.00632632614705031
15.1159667398093,0.00713738643744554
15.1177918950969,0.00802699764005469
15.1194963056639,0.00900413089411375
15.1211036865203,0.0100807089199151
15.1226375850132,0.0112735157792564
15.1241731286465,0.0126553665291812
15.1257559038399,0.0143037672372918
15.127465550038,0.0163679111511646
15.1295996327809,0.0193784462496725
15.1309688603434,0.0215464422920294
15.1323380879059,0.0238508812835448
15.1335593849217,0.0259559027829193
15.1346529440566,0.0278074897933271
15.1356792992845,0.0294426651164234
15.1366755419677,0.0308605228647913
15.1376704133923,0.0320356156576157
15.1386943287466,0.0329205283167372
15.139791054125,0.0334338216821159
15.1410512559195,0.033409733924146
15.142664948056,0.0324090444662577
15.1439102922269,0.0309558746657971
15.1451556363977,0.0290233364976976
15.1462675642358,0.0269970857760024
15.1473311899877,0.0248855239064419
15.148387769116,0.0226995611072237
15.1494622494822,0.0204566892858159
15.1505773760339,0.0181707458905357
15.1517619334376,0.015845137138455
15.1530643447739,0.0134597585794913
15.153519143109,0.0126754444336596
15.1539739414442,0.0119242088985859
15.1549860184516,0.0103938008345642
15.1561697111013,0.00883261562535695
15.1573156621931,0.00753086395652961
15.1584801260075,0.0063937278092866
15.1596770706374,0.00539478895589437
15.1609165162931,0.00451685377221519
15.1622085858812,0.00374607131199453
15.1635641915104,0.00307079582015656
15.1649956010396,0.00248093631638427
15.1665170743844,0.00196752355506722
15.1681456660743,0.00152240371013056
15.1699023167011,0.00113800769798844
15.1718134231687,0.000807163660190288
15.1739132133055,0.000522927211191467
15.1762475285641,0.000278403624006057
15.1788802296778,6.65240969124787e-05
15.1815477523391,-0.000100517922705404
15.1841054220282,-0.00023009264994579
15.1866044842802,-0.000336956848659008
15.1891122592059,-0.000430673933288899
15.1917210269713,-0.000518267396972265
15.194628687698,-0.000607858291112646
15.1972416994639,-0.000683502726126474
15.1998547112299,-0.000756078987612026
15.201982161824,-0.000813598317419838
15.2038408123535,-0.000863020568665978
15.2056258513952,-0.000909933484119248
15.2074515538106,-0.000957476032667966
15.2094447761285,-0.00100896986216639
15.2118632295673,-0.00107095727086191
15.2162051084461,-0.00118095797160956
15.2201547064805,-0.00127916162879419
15.2234697961957,-0.00135953406857017
15.2269608814804,-0.00144123377739815
15.2311583487435,-0.0015335401171762
15.236787626351,-0.00164031812852465
15.2416253954966,-0.00170188363221645
15.2460262406904,-0.00171438875780186
15.24998720791,-0.00166711199282644
15.253564905209,-0.00155102477858033
15.2568219744564,-0.00135779513421877
15.2598265483225,-0.00107847262324297
15.2626435694921,-0.000702029854561435
15.2653275638769,-0.000214852689537805
15.2679342697688,0.00040225799455545
15.2705453545936,0.00118458658532764
15.2732833356268,0.00220061188026505
15.2763246926732,0.00357946183943744
15.279442695156,0.00527988627114868
15.2816023402535,0.00664339915154462
15.283761985351,0.00818557237111083
15.2856644034893,0.0097267771257202
15.287425549156,0.011345602998796
15.2890534552685,0.0130491458858232
15.2906050131561,0.0149047864874298
15.2920904868053,0.0169446125033042
15.29351115253,0.0191924939865968
15.2948786317088,0.0216922157958022
15.2961926111131,0.0244725541467136
15.2974590161881,0.0275780630075885
15.2986796288469,0.031049557140014
15.2998574263791,0.034935746554245
15.3009960908673,0.0392947805800491
15.3020988194496,0.0441921730160766
15.3031686738922,0.0497031225903198
15.3042098772345,0.055922115524603
15.3052264295626,0.0629605155580121
15.3062227074313,0.0709544170526453
15.3072036494899,0.0800732252767365
15.308174966224,0.0905318208157787
15.3091436611404,0.102611414980894
15.3101187899685,0.116693767150011
15.3111127548233,0.133321452827271
15.312131072078,0.153048585479647
15.3131545706745,0.175925046616387
15.3141958712637,0.202592856327498
15.3152735278808,0.233945442208631
15.3164190428311,0.271375750432327
15.3175753800209,0.31290176882484
15.3185478896425,0.349797919935522
15.3193734670862,0.381461554105528
15.3201175185964,0.40918141756345
15.3208160050755,0.433407524360484
15.3214929016141,0.454123830354552
15.3221685794607,0.470985940899624
15.3228645303489,0.483266052395041
15.3236089227353,0.489606749093647
15.3244427375394,0.487349000170393
15.3252875875923,0.474315202393225
15.3261577095837,0.449335492962978
15.3270638134933,0.410961872867218
15.3280160346985,0.357593442520682
15.3286207480727,0.317396014328549
15.3292254614469,0.273165370144077
15.3297398965183,0.233288008719434
15.330177831353,0.198553192624662
15.3305678639929,0.167699165157347
15.3309276486191,0.139867196576155
15.3312684675213,0.114516439961491
15.331598754659,0.0912601730335492
15.3319262083795,0.0697708128757568
15.3322600414939,0.049693634732474
15.3326164654739,0.0304561936157189
15.3330505629221,0.0101719893721059
15.3332911912221,0.000393156251891994
15.3335318195221,-0.00838622900023971
15.3337256696338,-0.0147659757692235
15.3339212143807,-0.0206086695621516
15.3341381797984,-0.0264360284521866
15.3343731708676,-0.0320247540824089
15.3346241726942,-0.0372336987672647
15.3348905511224,-0.0419856503491088
15.3351725881136,-0.0462401774206829
15.3355003349078,-0.0502934298356685
15.3358162966303,-0.0534186988591442
15.3361518655968,-0.056026493357567
15.3365100222424,-0.0581326487025379
15.3368939012348,-0.0597503576739634
15.337307350596,-0.0608932859805136
15.3377551214739,-0.0615741061201012
15.3382431403415,-0.0618030195395335
15.3387789181591,-0.0615860952702482
15.3393727510822,-0.0609223282342369
15.3400389226275,-0.0597987766746994
15.3407966633439,-0.0581867005954053
15.3416754986184,-0.0560288214467192
15.342727834677,-0.0532048753361035
15.3440804715315,-0.0493896172266431
15.3454526795341,-0.045450253069922
15.3467791901941,-0.0416680001835402
15.3480641096053,-0.0380806389016665
15.349309562015,-0.0347060467885885
15.3505163728697,-0.0315524819618502
15.3516847050581,-0.0286222548126291
15.3528143981222,-0.0259135224945375
15.3539051460447,-0.023421350519835
15.3549565871517,-0.0211384588275351
15.3559683438406,-0.0190558160271455
15.3569400319961,-0.0171631453344731
15.3578712508507,-0.0154493660454955
15.3587862705248,-0.013861360122588
15.3597245988799,-0.0123316873019462
15.3606876689393,-0.0108650689564998
15.3616775426777,-0.00946546900345108
15.3626966337053,-0.00813666140822736
15.3637477968929,-0.00688217604940191
15.3648344424159,-0.00570524681671118
15.3659606887732,-0.0046087571084778
15.3671315727805,-0.00359518260506159
15.3683533454992,-0.00266653072691521
15.3696339025677,-0.00182427542043339
15.3709834340404,-0.00106928456200505
15.3724154522265,-0.000401734731676187
15.3739485151748,0.000178997102669341
15.3755728585047,0.000664928767586957
15.3772415176934,0.00104873623523643
15.37897281183,0.00134723329115972
15.3807872861016,0.00157528638357126
15.382712233674,0.00174687275166991
15.3847860231293,0.00187551121431295
15.3870670307569,0.00197491652247588
15.3896549642333,0.00206024379864888
15.3927573549986,0.002151482776809
15.3964914791734,0.0022706747024819
15.4002883257592,0.002414311461148
15.4041003896743,0.00258216572175127
15.4079707455054,0.00277181873437499
15.4119355627942,0.00297971706320888
15.4160272076742,0.00320306816800972
15.4202766955253,0.00344059806834589
15.4247154491438,0.00369269836446344
15.4293767446046,0.00396132141789277
15.4342971345725,0.00424985397064127
15.4395176923184,0.00456313153003898
15.4450578906691,0.00490606338330445
15.4504124966049,0.00525114145780429
15.4557246132091,0.00560993080898584
15.4609308321384,0.00598145127564977
15.4660531706343,0.00637045741309324
15.4710952234897,0.00678072371674455
15.476066947439,0.00721681801597517
15.4809743692736,0.00768341925848367
15.4858217342117,0.00818556179464753
15.4906109782816,0.00872867238725662
15.4953423038293,0.00931870630884337
15.5000145933578,0.00996227048825283
15.5046420769213,0.0106693429286995
15.5093066629328,0.0114642003313391
15.5140008400642,0.0123617394264874
15.5187438504558,0.013385281949501
15.5235734599716,0.0145681696970756
15.5285803938874,0.01596714494176
15.5340166012888,0.0177085079229804
15.5405700641223,0.0201239931458104
15.544520979689,0.0217209430594287
15.5484718952556,0.0233700407889463
15.5519758806535,0.0248095087278967
15.5551492349886,0.0260228973037769
15.5581794846744,0.0270309585774219
15.5610921054633,0.0277970091302079
15.5639093909522,0.0282966656423574
15.5667562618988,0.0285226897906013
15.5698109248867,0.0284323541166061
15.5735399071512,0.0278629077489738
15.576639712768,0.0270434318900571
15.5797395183847,0.0259649932503229
15.5823930453008,0.0248819644803309
15.5847968122825,0.0238078550534659
15.5870751878832,0.0227335825627897
15.5892852302432,0.0216592858881626
15.5914586166991,0.0205880870811424
15.5936160325693,0.0195236798631398
15.5957724563441,0.0184696964828868
15.5979395542235,0.0174295374533282
15.6001269524801,0.0164063274404167
15.6023429856471,0.0154029124856372
15.6045951768685,0.0144218690193404
15.6068905751237,0.01346551352009
15.6092359946296,0.0125359173917226
15.611638222215,0.0116349135529498
15.614104187806,0.0107641066032615
15.6166411073548,0.00992488727877915
15.6192566574638,0.0091184347945156
15.6219611189512,0.00834518270565747
15.6248470678396,0.00758496869287518
15.6279349269134,0.00684169011847174
15.6312494794402,0.00611914237397619
15.6348193550091,0.00542132545571326
15.6386777464089,0.0047524042277717
15.6428633807279,0.0041166326501483
15.6474219363205,0.00351823269118743
15.6524084021301,0.00296120848116085
15.6578915472048,0.00244907317734958
15.6639612346498,0.00198460878100802
15.6707384826927,0.0015698175275668
15.6780493932767,0.00122024100827299
15.68490001365,0.00098075912338949
15.6924478087463,0.000787972623544293
15.7010939515767,0.000625265087219161
15.7103054528512,0.000501000759519214
15.7203054528512,0.000408493743039385
15.7303054528512,0.000348597512272802
15.7403054528512,0.000312372042230732
15.7503054528512,0.000293379839249131
15.7603054528512,0.000287178354158093
15.7703054528512,0.000290896461471766
15.7803054528512,0.000302854056651484
15.7903054528512,0.000322275310186361
15.8003054528512,0.000349120589727995
15.8103054528512,0.000384034458967709
15.8203054528512,0.000428406018568803
15.8301844132182,0.000483819621593464
15.8393338687015,0.000548528798854183
15.8477859139496,0.000623348969403275
15.8555936182587,0.000709568865740953
15.862806914993,0.000808789685058166
15.8694720683774,0.000922901890340501
15.8756319940295,0.00105409870698605
15.8813265509967,0.00120490826943216
15.8865927873542,0.00137823647271916
15.8914651540112,0.0015774184373072
15.8959757025302,0.00180627855214686
15.9001542713,0.00206920231745678
15.904028659836,0.00237122107459796
15.9076247945362,0.00271811400602307
15.9109668951582,0.00311653264634635
15.9140776467936,0.00357415491561604
15.9169783793563,0.0040998807774905
15.9196507932923,0.00469461101094355
15.922065150979,0.00534957841346966
15.9242605746802,0.00606883614013872
15.926271995349,0.00685775651302176
15.9281293573794,0.00772289974951675
15.9298589181229,0.00867250634938926
15.9314845858991,0.00971734957531406
15.9330294629239,0.0108722668296211
15.9345503445677,0.0121891296142203
15.936103175743,0.0137448806946129
15.9377465007014,0.0156520427182417
15.9396502956994,0.0182225666991542
15.9411771183433,0.0205603316388725
15.9427039409873,0.0231022303502239
15.9440029807414,0.025358254719631
15.9451291965031,0.0273086354864187
15.9461695395214,0.0290308866972911
15.9471686383892,0.0305383632959579
15.9481567574571,0.0318132055931677
15.9491626348424,0.0328159772334707
15.9502233777812,0.0334793706540636
15.9514057614112,0.0336776684811469
15.9529112744493,0.0330653201705946
15.9542361910575,0.0317648591583326
15.9555611076656,0.0298632860447196
15.9567049389145,0.0278516932312502
15.9577761278875,0.0257563256556535
15.9588293744807,0.023580416256374
15.9598929679988,0.021340617419577
15.9609893791466,0.0190529336560499
15.9621442960823,0.0167253121156015
15.9633969583737,0.0143481087442421
15.9641131796309,0.0130721769952054
15.964829400888,0.0118705531678569
15.9654733559033,0.0108730437990553
15.9666413301165,0.009254928220375
15.9678012139295,0.00786903719407079
15.9689571373514,0.00668105924642419
15.9701416814997,0.00563841519749184
15.9713655031847,0.00472188875788885
15.9726385942925,0.0039166955550295
15.9739715391295,0.00321054774323912
15.9753760909087,0.00259288935107744
15.9768657743085,0.00205440522524042
15.9784566217782,0.00158667940807051
15.9801681535937,0.00118194218285484
15.9820247640151,0.000832868482415258
15.9840577840112,0.000532399980084235
15.9863087097183,0.00027356479627365
15.9888345537511,4.9259416492374e-05
15.9915215838123,-0.000136110581479467
15.9940654712599,-0.000277099878920739
15.996499992279,-0.000390636449859331
15.9988670435757,-0.000487164437421395
16.0011987238015,-0.000572939872237551
16.0035151249444,-0.000651774370527044
16.0058436481037,-0.000726589114935722
16.0082659158556,-0.000801225296210067
16.0110762789173,-0.000885221483735615
16.0131319956308,-0.000945590405158221
16.0151877123443,-0.00100545954095799
16.0169861248478,-0.00105763596393787
16.018623706971,-0.00110510554438694
16.0202296480963,-0.00115169871399759
16.021902243386,-0.00120032940443676
16.0237732242974,-0.00125490791313031
16.0261665386804,-0.00132505594507951
16.0304348767971,-0.00145111742255819
16.0342070796415,-0.00156322130142876
16.0374981825577,-0.00166098775364215
16.0410978298621,-0.00176705992530789
16.0457333462185,-0.0019002801772557
16.0514271561043,-0.00205099418211884
16.0563237467222,-0.00215279553182034
16.0607248373132,-0.00220045970073485
16.064652941222,-0.00218230181361976
16.0681845453802,-0.00208959828190858
16.0714066184713,-0.00191416981186459
16.0743838881522,-0.00164790884366386
16.0771624625375,-0.00128314479662885
16.0797886697476,-0.000810542869793627
16.0823306827345,-0.000211986115955578
16.0848963960853,0.000552891097441315
16.0877362802208,0.00160251814338479
16.0908064634037,0.00297623870100242
16.0941340803856,0.0047241602472456
16.0964004351513,0.00606448748243151
16.0986667899169,0.00754431477902611
16.1006414103001,0.00897999824169063
16.1024627532678,0.0104635825156829
16.1041136739746,0.0119818586827521
16.1057019562439,0.0136421090532914
16.1072128981299,0.0154504534882132
16.1086724113634,0.0174608593677814
16.1100748233731,0.0196932355819189
16.1114272488428,0.0221873434127941
16.1127298003647,0.0249748798585029
16.1139830327038,0.0280895290118775
16.1151910879964,0.0315770233049684
16.1163564624623,0.035484789554808
16.1174815952058,0.0398659875348768
16.1185701028905,0.0447862342757933
16.119625649696,0.0503226709654918
16.1206518293401,0.0565658104227835
16.1216524627199,0.0636243166394136
16.1226316514322,0.0716300966739087
16.1235938575768,0.0807451586775947
16.124544325344,0.0911745613839996
16.1254891047989,0.103180391025281
16.1264356387477,0.11710848153115
16.12739361403,0.133432574021908
16.1283765809963,0.152836117070037
16.1293696020042,0.175503392560604
16.1303717901432,0.20181813149701
16.1313963826753,0.232539649137847
16.1324636436036,0.268744085074664
16.1336008376842,0.311785493761873
16.1344468514276,0.346255103777209
16.1352928651711,0.381940193712581
16.1360468814143,0.413712063924144
16.1367349263363,0.441533348688505
16.1373885482061,0.465769588537201
16.1380312756871,0.486355388135628
16.1386849742947,0.502830463525927
16.1393761173764,0.51421250506224
16.1401472181308,0.518487018297331
16.1409630038796,0.51255839343663
16.1418025607123,0.494962550057788
16.1426803418711,0.464254665621276
16.1436064912468,0.418671152211157
16.1443626463545,0.371967287826886
16.1451188014622,0.317637253649442
16.1457283942148,0.269420379605396
16.1462161143444,0.229055757251465
16.1466329273456,0.194145560995628
16.1470073180523,0.163135164313443
16.1473551404903,0.135162267802775
16.1476867467343,0.109684192669545
16.1480102691349,0.0863005260347983
16.1483337207679,0.0646533463112818
16.1486678937542,0.0443133621196329
16.1490357533654,0.0244386531362926
16.149371517656,0.00862066317913455
16.149578082018,-3.53702094409407e-05
16.1497846463799,-0.00790540296028021
16.1499711465565,-0.0143652625656051
16.150159771739,-0.0203071374627544
16.1503698475242,-0.0262654836185858
16.1505978608853,-0.0320011851077567
16.1508417065489,-0.0373625699836812
16.1511006726527,-0.0422660049004068
16.1513749714462,-0.0466684128868068
16.1516654799013,-0.0505476617957748
16.1519903119288,-0.054050078815026
16.1523163865812,-0.0568110711485601
16.1526640909636,-0.0590587839624685
16.1530366900558,-0.0608090421944815
16.1534379032936,-0.0620760933261587
16.1538723244125,-0.0628733746140209
16.1543456871373,-0.063212014146477
16.1548652599548,-0.0630991453297936
16.1554406811189,-0.0625354677439522
16.156085960679,-0.0615096917940569
16.15681956825,-0.0599949394686779
16.1576696633131,-0.0579368502356644
16.1586855110309,-0.0552217167047754
16.1599821189484,-0.0515513488181837
16.1613719303356,-0.0475231007590173
16.1627162568759,-0.0436356508610131
16.1640194926865,-0.0399345728422406
16.1652838798793,-0.0364417821082683
16.1665102544128,-0.0331681974853988
16.1676987386077,-0.0301181550295758
16.168849110574,-0.027291454526088
16.1699609984023,-0.024684506986505
16.1710339796196,-0.0222911116827635
16.1720676270805,-0.0201030656117312
16.1730615228151,-0.0181106839523006
16.1740152514549,-0.0163032594358331
16.1749283796037,-0.014669469012587
16.1758531749463,-0.0131115114660761
16.1768017859291,-0.011614242649174
16.1777760069055,-0.010181879969301
16.1787780391835,-0.00881831621416686
16.1798104728977,-0.00752723278985894
16.1808763851085,-0.00631204827808223
16.1819794689116,-0.00517586583007733
16.1831242083171,-0.0041214182238209
16.1843161209111,-0.00315101037867765
16.1855621042893,-0.0022664586239459
16.1868709476847,-0.00146902517761408
16.188254119264,-0.000759344783988153
16.1897270410179,-0.00013733753692348
16.1913112923492,0.000397904289493502
16.1929523092749,0.000828648371996963
16.1946457106002,0.00116476552657043
16.1964099992295,0.00142187378325608
16.1982682776102,0.00161428410472754
16.2002519139177,0.00175554327143354
16.2024064035334,0.00185891163651622
16.2048040806704,0.00193812869712446
16.2075775504156,0.00200906038678365
16.2110451878455,0.00209521596188746
16.2148148489758,0.00220530409172716
16.2189697976669,0.00235387858428285
16.2229687700225,0.00252056015995217
16.2268085189084,0.00269633904513502
16.2305926402416,0.00287921010208039
16.2343851938085,0.00306835769278228
16.2382315541765,0.00326408478798478
16.2421682834456,0.00346765329787849
16.2462277723663,0.00368110000178555
16.2504408860012,0.00390708648687569
16.2548387387242,0.0041488042061903
16.2594540792166,0.00440996313717735
16.2643227470217,0.0046949266130929
16.2694849887708,0.0050090534616393
16.2749143596848,0.00535468667431076
16.2801806407175,0.00570776070351362
16.2854041022288,0.00607832618837056
16.2905304630787,0.0064657103773046
16.295578091281,0.00687457875448534
16.3005501550442,0.00730895700359205
16.3054549787345,0.00777374809919105
16.3102974536301,0.00827411590595223
16.3150806633695,0.00881568519415209
16.3198055064122,0.00940457810759655
16.3244712845785,0.0100475430258466
16.3291008429603,0.0107560297699695
16.3337661968938,0.011553152697762
16.3384622629029,0.0124544112433961
16.3432087590167,0.0134835352838455
16.3480454268439,0.0146747726316419
16.3530680776611,0.0160870670518272
16.3585473389169,0.0178546759104637
16.3650584472469,0.0202696757252959
16.3689578320845,0.0218515711111262
16.3728572169221,0.0234798343617849
16.3763339089984,0.0249041275065605
16.379494879735,0.0261053569046367
16.3825213364275,0.0271014245680812
16.3854252660037,0.0278518941156266
16.388240427305,0.0283361735955302
16.391093032869,0.0285456611023354
16.3941673977035,0.0284345040604976
16.3979711523196,0.0278240061458984
16.401019553679,0.0269965778598567
16.4040679550384,0.025922467273796
16.4066996821459,0.0248412628573014
16.4090937878882,0.0237673167796332
16.4113669008853,0.0226930225054554
16.4135738102067,0.0216188777103957
16.4157453409765,0.0205480731386842
16.4179017597485,0.0194843087387735
16.4200578033209,0.0184312076390975
16.4222249828817,0.0173921576181072
16.4244128173096,0.0163702700999445
16.4266295609193,0.0153683785408432
16.4288826728964,0.0143890474656707
16.4311791470484,0.013434582291187
16.4335257478176,0.0125070435118716
16.435929212122,0.0116082539874574
16.4383964189046,0.010739808186458
16.4409345281077,0.00990308701424296
16.4435511540173,0.00909925961326184
16.4462636703567,0.00832679033445615
16.4491585402937,0.00756759432463656
16.4522564222077,0.00682555927042703
16.4555822712851,0.00610449989208309
16.4591649281303,0.00540843504384589
16.4630378448124,0.00474154807916821
16.4672400804455,0.00410810958839172
16.4718177678204,0.0035123541409233
16.4768265691284,0.00295829260739741
16.4823363300349,0.00244943942151778
16.4884386384948,0.00198858409697713
16.4952571737373,0.00157776617812232
16.5025959092927,0.00123339804620484
16.5107161436652,0.000959816109541887
16.5175629760078,0.000796435297614942
16.5264383513697,0.000639623646446956
16.5354977500647,0.000527106636216959
16.5454977500647,0.000444100633042622
16.5554977500647,0.000393705739371883
16.5654977500647,0.000367631516199423
16.5754977500647,0.000360068480089545
16.5854977500647,0.000367248436132758
16.5954977500647,0.000387107647137266
16.6054977500647,0.00041901605890583
16.6154977500647,0.000463644389875663
16.6253634066112,0.000522154736066133
16.6344826452112,0.000592234672193805
16.6428914848415,0.000674377643623755
16.6506466304049,0.000769781653604188
16.657800970178,0.00088009821601112
16.6644031721904,0.00100736351705303
16.6704981261942,0.00115399034949828
16.6761273280821,0.00132279149568669
16.6813291948297,0.00151702130656694
16.6861393345074,0.00174043068785413
16.6905907920738,0.00199733484652536
16.694714277629,0.00229269687560303
16.6985383776808,0.0026322292405459
16.7020897570861,0.00302251835056124
16.7053933659362,0.00347118132389196
16.7084726588679,0.00398706532737643
16.7113147600369,0.0045725110728935
16.713883610132,0.00521845072022724
16.7162214059357,0.00592925558109375
16.7183660551174,0.00671078157591711
16.7203503734716,0.00757034356966248
16.7222036295415,0.00851740349587784
16.7239532870619,0.00956481442282475
16.725627341051,0.0107312248549369
16.7272868209329,0.012070912607173
16.7290180242113,0.0136888414616441
16.7309440154968,0.015778270033749
16.7328591727367,0.0181640065511146
16.7343018654407,0.0201419422767809
16.7357445581447,0.0222265872165837
16.7370089946717,0.0240791526990389
16.7381519691796,0.0257069716997287
16.7392313490144,0.0271356741506188
16.7402831472278,0.0283584524585847
16.7413368132891,0.0293478914788291
16.7424249846696,0.0300558591524948
16.7435968191059,0.0303992614226044
16.7449609076004,0.030200881989377
16.7466898595304,0.0290285886774176
16.7479510418979,0.0275896511069909
16.7492122242653,0.0257604145114581
16.750355075943,0.0238565886632059
16.7514537881013,0.0218863295550151
16.7525468531082,0.0198599954326209
16.7536592939847,0.0177919430018359
16.7548149906649,0.0156924676945342
16.7560452438597,0.0135613126290779
16.7574049624537,0.0113733638822462
16.7585526071269,0.00973080222470498
16.7597383613923,0.00826242536514627
16.7608993128945,0.00702426273500669
16.7620847742085,0.00593842204368588
16.7633063720594,0.0049832828009643
16.764574229375,0.00414295810830913
16.7658988404849,0.00340443007082381
16.7672916889253,0.00275662641585378
16.7687658412154,0.00218984925169895
16.77033664441,0.00169538478099132
16.7720226318605,0.00126521861506112
16.7738467820931,0.000891811443567253
16.7758383647525,0.000567903099318311
16.7780357871856,0.000286315976338494
16.7804912325294,3.97204215685387e-05
16.782976100417,-0.000158194602363558
16.7853527639769,-0.00031364221959137
16.7876540137268,-0.000442112104615406
16.7899267004598,-0.000553977681117418
16.792240924225,-0.000657085572043913
16.7947405905705,-0.000759969741333852
16.7980495121034,-0.000887390494261718
16.7999162161738,-0.000956399650331544
16.8017829202441,-0.00102411807566947
16.8034907174658,-0.0010853135681645
16.8051194778548,-0.00114324971859881
16.8067702881473,-0.00120172928108232
16.8085510186723,-0.00126470287228415
16.8106594639891,-0.00133929860013512
16.8139168305112,-0.0014549322074838
16.8174224156957,-0.00158011378529309
16.8204060594592,-0.00168715084526805
16.8234367806795,-0.00179602156238315
16.8269682879629,-0.00192235220177933
16.8315387275561,-0.00208279145584449
16.8372203519172,-0.00226870313699092
16.8421581139202,-0.00239952817754426
16.8466323185479,-0.00246878661437161
16.8506491246761,-0.00246277203079117
16.8542625597349,-0.00237271660961057
16.8575339306177,-0.00219317226929886
16.8605275768708,-0.00192007246103835
16.8633129829798,-0.00154752671102133
16.8659669751662,-0.00106355196459302
16.8685778554391,-0.00044460870578118
16.8713094415436,0.000370408477213926
16.8743097560765,0.00146777639199555
16.8775873627656,0.00288853073202942
16.8807749993062,0.00445803064592038
16.8830933069836,0.00570923786321128
16.8854116146609,0.0070714456958373
16.8873913601402,0.00835401608909579
16.8892147870605,0.00966856195069373
16.8909078316064,0.011041283010033
16.8925356901413,0.0125397176381133
16.894100351835,0.014188623126575
16.8956090802774,0.0160198873400898
16.8970630764034,0.018061094281971
16.8984646126194,0.0203428135358041
16.8998110600071,0.0228884946299668
16.901107338599,0.025736345186995
16.9023552290507,0.0289225962436408
16.9035563496184,0.0324862533162472
16.9047146831201,0.0364782639527924
16.9058336524097,0.0409559501059986
16.9069166443,0.0459857901358786
16.9079672087989,0.0516463510205923
16.9089889027642,0.0580302287403557
16.909985811794,0.0652508961328016
16.9109621859803,0.0734458485921162
16.9119226891198,0.0827849627194341
16.9128726425114,0.0934823394206034
16.9138183391719,0.105813908203915
16.9147676594181,0.120147111205751
16.9157309914896,0.136990272670759
16.9167231865871,0.157088349954676
16.9177187970244,0.180394645827555
16.918726162609,0.207479598700687
16.919759744672,0.23915491704697
16.9208424675951,0.27660123637999
16.9219808907497,0.320311044064037
16.9229893305082,0.361827225136122
16.9238091377975,0.396365581335265
16.9245307543411,0.426180484051738
16.9252016231276,0.452249022710061
16.925849398658,0.47475381204105
16.9264960600491,0.493447170771945
16.9271646101111,0.507658605557301
16.9278864980594,0.516040056311493
16.928698016896,0.51581045085195
16.9295239173193,0.504526072617734
16.9303805278019,0.480973881518701
16.9312801009975,0.443546543601159
16.9322315133985,0.390421580240927
16.932890112633,0.346109388619121
16.9335487118676,0.296526662498051
16.9340965053135,0.252298124703085
16.9345507989857,0.214501835401317
16.9349483598964,0.181359398031203
16.9353108898644,0.151698286148009
16.9356514257885,0.124822689388781
16.9359791376559,0.100264392549915
16.9363018559804,0.0776526286639606
16.9366282094903,0.0566208055369817
16.9369718139063,0.0366500358659203
16.937370463176,0.016376781663455
16.9375524317538,0.00815348144116574
16.9377344003316,0.000558618727042069
16.9379374672893,-0.00719898222531903
16.9381247808324,-0.0137111912539668
16.9383120263867,-0.0196345976412956
16.9385210557498,-0.0255946051021035
16.938748248284,-0.0313455101169363
16.9389913780408,-0.0367298903004116
16.9392496565571,-0.0416607087152965
16.9395232449171,-0.0460928698365666
16.9398129817852,-0.0500030656993693
16.9401372479292,-0.0535418565481805
16.9404623586377,-0.0563333154576991
16.9408089370124,-0.0586110894961666
16.9411802140406,-0.0603909606066347
16.9415798606909,-0.0616871603446335
16.9420124083,-0.0625132097185381
16.9424835074809,-0.0628804270662707
16.9430003118703,-0.062796265559206
16.9435722095524,-0.0622620385593708
16.9442130059146,-0.0612673304286277
16.9449407188744,-0.05978662138555
16.9457826360808,-0.0577681452833177
16.9467859089325,-0.0551043855532781
16.948057479796,-0.0515204206568238
16.9494502980957,-0.0474934221489374
16.9507970207459,-0.043603165881533
16.9521023608011,-0.0398972155158847
16.9533687078526,-0.03639842579004
16.95459697529,-0.0331182149175169
16.9557873262358,-0.0300612280151856
16.9569395600433,-0.0272274788151962
16.9580533155164,-0.0246135366475151
16.9591281753211,-0.0222133207381062
16.9601637147247,-0.0200187182191672
16.961159517167,-0.018020109431741
16.9621151687917,-0.0162068306419734
16.9630302385804,-0.0145675835319017
16.9639539627602,-0.0130094342177259
16.964901447086,-0.0115117657294124
16.9658744469251,-0.0100788500496937
16.9668751478796,-0.00871459119277466
16.9679061202478,-0.00742268491743499
16.9689704161292,-0.00620656717953537
16.9700716968055,-0.00506936182695925
16.9712144051013,-0.00401382601393721
16.9724040042622,-0.00304229318112367
16.9736473185004,-0.00215661297416274
16.9749530350684,-0.00135808668904309
16.976332475236,-0.000647395433150538
16.9778008394781,-2.45155045607659e-05
16.9793793523828,0.000511390189251777
16.98101841357,0.000943674417756404
16.9827089701666,0.0012805294703264
16.9844694778861,0.0015376553113341
16.9863227383391,0.00172938045516379
16.9882996327465,0.00186924422961129
16.9904447904105,0.00197046085796979
16.9928288044681,0.00204665278258936
16.9955799887335,0.00211339676086624
16.999000827518,0.00219324953262708
17.0027634247607,0.00229728170833518
17.0067028988284,0.00243180828678209
17.0105235428518,0.00258495807073698
17.0143076904472,0.00275298916039603
17.0181131881287,0.00293277915540018
17.0219826449644,0.00312249139586515
17.0259513000549,0.00332168765941014
17.030051076031,0.00353117943654761
17.0343129109041,0.00375281581658114
17.0387684029142,0.00398929178674619
17.0434511905214,0.00424403476466075
17.0483984380319,0.00452125167954201
17.0536521442921,0.00482621106937289
17.0591458356255,0.00515885481822908
17.0644772133263,0.00549804922864704
17.0697550572625,0.00585278072815981
17.0749310336975,0.00622285357640162
17.0800243807349,0.00661273694592746
17.0850397770069,0.00702627486542046
17.0899864196267,0.00746804291044726
17.0948698457252,0.00794280348230257
17.0996937363167,0.00845571869499953
17.1044595208416,0.00901239328854267
17.1091669613248,0.00961900798553475
17.1138146573236,0.0102824485992434
17.1184584442978,0.0110200938205111
17.1231337063565,0.011851113231045
17.1278451536242,0.0127937479980511
17.1326170479036,0.0138744730217748
17.1375030313634,0.0151337229927224
17.142636502911,0.0166467005376934
17.1484438658421,0.0186157409797207
17.1533620476473,0.020491819276735
17.1572385161584,0.0220747437334363
17.1611149846696,0.0236941840186427
17.1645357146527,0.0250857401230629
17.1676688138989,0.0262580523995047
17.170687962865,0.0272250974258765
17.1735728751856,0.0279378606164299
17.1763854529454,0.0283845317290988
17.1792559068097,0.028552919799329
17.1823866673553,0.0283884244022245
17.18642060106,0.0276605672639734
17.1893459152076,0.0268125280359877
17.1922712293551,0.0257471657116034
17.1948479501348,0.0246698813420132
17.1972172946329,0.0235961058055037
17.1994775530973,0.022521511934268
17.2016777293322,0.0214474515406314
17.2038463941124,0.0203772818833114
17.2060027135035,0.019314708929686
17.2081608144589,0.0182633205240553
17.2103318530071,0.0172264570361303
17.2125251382178,0.016207181696343
17.2147488127136,0.0152082796750567
17.2170102921802,0.0142322692443158
17.2193165779507,0.0132814128155874
17.2216744965641,0.0123577266542603
17.2240908815172,0.0114629953322944
17.2265727574929,0.0105987753349354
17.2291274809331,0.00976641107078329
17.2317629132957,0.00896703911347502
17.2345058839005,0.00819666241762225
17.2374346997297,0.00744019896338149
17.240570698335,0.00670153615233437
17.2439395048389,0.00598452416521178
17.2475707524132,0.00529321434984642
17.2514988703851,0.00463181071100737
17.255764136889,0.00400458942872377
17.260414294152,0.00341576502656646
17.2655072668833,0.00286929396230506
17.2711164271074,0.00236858756705329
17.2773387778169,0.00191631371109679
17.2842407882095,0.00151774718620765
17.291677938068,0.00119114876894285
17.2979062152066,0.000994389430468751
17.3060413359511,0.000802384596044392
17.314743601735,0.000654240904450374
17.3245352431099,0.000539324571437793
17.3345352431099,0.000464698406596654
17.3445352431099,0.000422224360733741
17.3545352431099,0.00040397313435612
17.3645352431099,0.000404602045830533
17.3745352431099,0.000420936013391303
17.3845352431099,0.000451632192559909
17.3945352431099,0.000496977466063783
17.4042189422646,0.000556745350447006
17.4131645065642,0.000628925941291243
17.4214141722904,0.000713878970213597
17.4290236351908,0.000812728167372921
17.4360446260795,0.000927102093569712
17.4425247703342,0.00105904942153832
17.4485080237017,0.00121102247084687
17.4540350414135,0.00138589574109636
17.459143477807,0.00158700552471081
17.463868248943,0.00181820391466372
17.4682417734936,0.00208392833833417
17.4722941968041,0.00238928687253139
17.4760535963277,0.00274016420113655
17.4795461813803,0.00314335094015991
17.4827965011667,0.00360670861068922
17.4858276662896,0.00413938040443159
17.4886047396072,0.00473849512338122
17.4911182213356,0.00539888786491788
17.4934094831283,0.00612526211179495
17.4955151611965,0.00692374356506682
17.4974671273712,0.00780202979045816
17.4992940568909,0.0087701669240614
17.5010232374429,0.00984196394187876
17.5026831271682,0.0110377863114155
17.5043505102061,0.0124287418364641
17.5061054861627,0.0141240217721104
17.5081067057856,0.0163707710320249
17.5098248042696,0.0185657090758761
17.5115429027536,0.0209680890562363
17.512954271991,0.0230333099144521
17.5141642939465,0.0248004136652493
17.5152767727324,0.0263538736246397
17.516341033936,0.0277081989306041
17.5173892687682,0.0288480322390775
17.5184510389835,0.0297386114676199
17.5195631171247,0.0303211360560431
17.5207886250147,0.0304886165779994
17.5223009015198,0.0299691748742236
17.5240603835531,0.0284038814188517
17.5255023041081,0.0264745713059368
17.5266900551676,0.0245646237749297
17.5277987304865,0.0226103207559362
17.5288902220998,0.0205982057370399
17.5299935123532,0.0185400346021968
17.5311320597006,0.0164478710326581
17.5323336902367,0.014325763903425
17.5336427348919,0.0121593717464707
17.5341053243727,0.0114360300684858
17.5345679138536,0.0107458168260301
17.5357253890691,0.00918104057267149
17.5368907082453,0.00781942829010788
17.5380593250405,0.00664403408409956
17.5392573417843,0.00561165315481607
17.5404953945437,0.00470351071620554
17.5417836642866,0.00390498451672257
17.5431329564261,0.00320390677379138
17.5445552879739,0.00258981017522279
17.5460645097948,0.00205343998267772
17.5476770704039,0.00158641317210371
17.5494130367647,0.00118096421703982
17.5512975440539,0.000829739606899564
17.5533629628967,0.000525612263198085
17.5556523097376,0.000261487484210293
17.5582249380508,3.00600031910585e-05
17.5607370578553,-0.000149216236273925
17.5632478364744,-0.000296684985748528
17.5658840173452,-0.000428110220549104
17.5690640273245,-0.000565438672876102
17.5712075885173,-0.000649071288923834
17.57335114971,-0.000727826091469977
17.5752819479913,-0.000795704434590416
17.5770734291939,-0.000856760162886496
17.5788513506349,-0.000915969783969713
17.5807249229432,-0.000977232437457795
17.5828577699293,-0.00104591040939869
17.5857173613287,-0.00113669339916844
17.5903695416373,-0.00128213074627025
17.5941791888843,-0.00139915377997429
17.5976088600565,-0.00150250167385402
17.6014570013914,-0.00161524214249035
17.6063652327206,-0.00175098261454971
17.6116633200237,-0.00187769787792177
17.6163619359078,-0.00195601222158192
17.620636229291,-0.00197781263168229
17.6245072966881,-0.00193177057928389
17.6280247161049,-0.00180859511381848
17.631240696316,-0.00160058243714052
17.6342141562416,-0.00130020510923432
17.637014408761,-0.000896839639751911
17.6397200155438,-0.000372592908680506
17.6424444200636,0.000309573108135877
17.6453927028295,0.00123830403867826
17.6485705311262,0.00246557998445686
17.6519368137054,0.00401221311403215
17.6543593750228,0.00528197776624372
17.6567819363401,0.0067004805582248
17.658850723592,0.00806049599278966
17.6607125119508,0.00943711753877511
17.6624676171637,0.0109054296337959
17.6641034639978,0.012464260377661
17.6656781152739,0.0141826066165193
17.6671834275139,0.0160734081899576
17.6686345884464,0.0181788237404229
17.6700289081135,0.0205214285603625
17.6713715456253,0.0231375097531184
17.6726643819704,0.0260614928856877
17.6739083367432,0.0293282100841473
17.6751078995652,0.0329858073351072
17.6762660408856,0.0370853515761993
17.6773859986904,0.0416864080864976
17.6784708875338,0.0468573709206425
17.6795248212326,0.052683352570097
17.6805516816257,0.0592642763378864
17.6815556355123,0.0667212815355023
17.6825412738598,0.0752035300956694
17.6835137430875,0.0848973946011771
17.6844792573433,0.0960434334891659
17.6854454188139,0.108958935446017
17.6864222043619,0.124080331437932
17.6874237626221,0.142042529749549
17.6884388275852,0.163100882185003
17.6894631350072,0.187557774278539
17.6905108884667,0.216136856737714
17.6916037249741,0.249873122552017
17.6927602153466,0.289719572020992
17.6938814456578,0.331662459692588
17.6947832326881,0.366713339079009
17.6955648764769,0.396936009308506
17.6962815104693,0.423415694556056
17.696963417311,0.446414606727649
17.697632716345,0.465790675378538
17.698309983376,0.481058434480818
17.6990191368741,0.491265249377296
17.6997952387831,0.494589247312641
17.7006286361283,0.488166156806488
17.7014801879011,0.470461399537839
17.702362952566,0.440155019923291
17.7032866587149,0.395692714114597
17.7040079911894,0.352383865065827
17.7047293236639,0.302399678875419
17.7053192386319,0.257622818563007
17.7057990373957,0.219600149587111
17.7062136999119,0.186375811229697
17.7065886789426,0.156678653322408
17.7069385839097,0.129782910861892
17.7072732371761,0.10521707987688
17.7076005570963,0.0826225568987178
17.7079285497942,0.0616678730098013
17.7082682966517,0.0419392137669879
17.7086441659668,0.0225858864358108
17.7089733220544,0.00778750495223889
17.709179187352,-0.000472375204079897
17.7093850526497,-0.0079964874288211
17.7095763432924,-0.0143568724721503
17.7097701076564,-0.0202111633906882
17.7099854612337,-0.0260639221792961
17.7102189013755,-0.031685290043492
17.7104683535189,-0.036930317244179
17.7107331430881,-0.0417195481379719
17.7110135218315,-0.046011984813556
17.7113382614134,-0.0500945636724616
17.7116522948483,-0.0532579961760509
17.7119858003002,-0.0559024110188239
17.7123417142903,-0.0580434753429318
17.712723138549,-0.0596944072434693
17.7131338818733,-0.0608689792003172
17.7135786470434,-0.061580037793442
17.7140632991088,-0.0618380210016931
17.7145952683551,-0.0616493007068892
17.7151846490796,-0.0610134017887404
17.7158456095099,-0.0599179606217745
17.7165970932038,-0.0583350346700837
17.7174680838733,-0.0562087625414003
17.7185096786763,-0.0534222468486237
17.7198434877188,-0.049663916340674
17.7212198035543,-0.0457103882320548
17.7225503631974,-0.0419097166426033
17.7238393262951,-0.0383018369072203
17.7250888830827,-0.0349056052416139
17.7262998854439,-0.0317298977392544
17.7274725021792,-0.0287774762070931
17.7286065689548,-0.0260468517663934
17.7297017718745,-0.0235333724958726
17.7307577406717,-0.021229980466766
17.7317740904563,-0.0191278116187664
17.7327504324831,-0.0172167063163347
17.7336863650168,-0.0154856554055425
17.7345986564388,-0.0138940599871614
17.7355341334759,-0.0123602221431928
17.7364941299887,-0.0108890044733219
17.7374806706888,-0.00948439203975364
17.7384961225159,-0.00815018757399461
17.7395432821719,-0.00688995675365429
17.7406254863821,-0.005706976796081
17.7417467594866,-0.00460418251049554
17.7429120154053,-0.00358410977772262
17.7441273412976,-0.00264883597999286
17.7454004083964,-0.00179991622020002
17.7467410893883,-0.00103831298285723
17.7481624290225,-0.000364314677884973
17.7496822590972,0.000222565977361927
17.7513024639577,0.00071740556868552
17.7529648610516,0.00110796869869721
17.7546878062195,0.00141136696020475
17.75649122542,0.00164255485004737
17.7584014508203,0.00181554726701525
17.7604552127158,0.00194382518001779
17.7627077997318,0.00204094036638245
17.7652521018923,0.00212161902181804
17.7682756276921,0.00220461121000089
17.7720106460414,0.0023147507322672
17.775810709817,0.00244893636421621
17.7796575152962,0.00260934671631957
17.7835885010029,0.00279386776046647
17.7876368738058,0.00299871358998747
17.7918339463016,0.00322065960896699
17.7962109378166,0.00345802884000373
17.80080052171,0.0037109623717274
17.8056382868392,0.00398137742047412
17.8107640880933,0.00427288666391083
17.8162233706922,0.00459089913916633
17.8217345886312,0.0049228310231194
17.8271296221792,0.00526172761289403
17.8324380986196,0.00561229988854332
17.8376467773566,0.00597680365420714
17.8427692319745,0.00635934304008728
17.8478141535837,0.0067639297886133
17.8527902562268,0.00719489114938425
17.8577033020826,0.00765673376083888
17.8625568627832,0.0081542836130862
17.8673525158995,0.00869278881142014
17.8720902874483,0.00927804841191886
17.8767690056315,0.00991653248133301
17.881393615143,0.0106165962122022
17.8860567532251,0.011403632694735
17.8907482283751,0.0122918494871561
17.8954866641528,0.0133040337772911
17.9003073908418,0.0144723775204384
17.9052949382194,0.0158508853079834
17.9106793589471,0.0175563957273799
17.9172878759284,0.0199698477757299
17.9213082999483,0.0215874355927074
17.9253287239682,0.0232641649017169
17.9288684889492,0.0247223919876055
17.9320579689957,0.0259501407730286
17.935093483799,0.0269721243036714
17.938017320847,0.0277565381431859
17.940837746186,0.0282742448141879
17.9436783229132,0.0285196145351729
17.9467105201687,0.0284534717036781
17.9503577937674,0.0279298352168583
17.9535219880426,0.0271192678427956
17.9566861823178,0.0260343227533797
17.9593658665899,0.0249485031417636
17.9617808525183,0.0238738963547719
17.9640652951766,0.0227994460965513
17.9662789813366,0.0217248257861937
17.9684545816018,0.0206530659703108
17.9706132644409,0.0195878474282282
17.9727702877123,0.0185328089833288
17.9749374985792,0.017491362856882
17.9771246515635,0.0164666464360461
17.9793401798274,0.015461518290401
17.981591689339,0.0144785666200664
17.9838863041749,0.0135201191137902
17.9862309107858,0.0125882584256076
17.9886323732996,0.0116848276781643
17.9910977043959,0.0108114424054762
17.9936342167244,0.00996950369672926
17.9962496982736,0.00916020218011456
17.9989525660199,0.0083845323852681
18.0018296828063,0.00762361654361775
18.0049077979873,0.00687942513089318
18.008211465058,0.00615576821967506
18.0117691686668,0.00545663460736606
18.0156139419341,0.00478618089859739
18.0197843340931,0.00414865802520203
18.0243258108627,0.00354829396686658
18.02929307233,0.00298911246560242
18.0347544512454,0.00247466250677748
18.0407991898403,0.00200777292635108
18.0475476611777,0.00159048950839159
18.0528175496775,0.00132694285156256
18.0580874381774,0.00112100802571889
18.0652843691313,0.000907673332977235
18.0733681212138,0.000729367570551451
18.0822614674796,0.000586243167099687
18.0922614674796,0.00047484873369559
18.1022614674796,0.000402533702918294
18.1122614674796,0.000358648921725338
18.1222614674796,0.00033553022467965
18.1322614674796,0.000327868657638803
18.1422614674796,0.000332234199297556
18.1522614674796,0.000346647855457182
18.1622614674796,0.000370255470849486
18.1722614674796,0.000403143351053106
18.1822614674796,0.000446304769905003
18.1921866675601,0.000501315631091474
18.2013805747886,0.000566080500752921
18.2098736817875,0.000641199166077326
18.2177193065415,0.00072783657611036
18.2249676411002,0.000827520812316448
18.231665166678,0.000942094980078817
18.2378549886723,0.00107371793791306
18.2435771389984,0.0012248903875458
18.2488688269383,0.00139849459809707
18.253764654845,0.00159784407561383
18.2582968180587,0.0018267422010551
18.2624952926413,0.00208955333926629
18.2663880104578,0.00239128671803911
18.2700010243652,0.00273769783519423
18.2733586746709,0.00313541226910002
18.2764837616072,0.00359207894643464
18.2793977249882,0.00411656501681354
18.282084852969,0.00471040723939977
18.2845122489503,0.00536437052876801
18.2867192504506,0.00608249569115654
18.2887410564018,0.00687016102135448
18.2906078442095,0.00773393666779971
18.2923460782027,0.00868207931112677
18.2939798617094,0.0097253904268688
18.2955325005772,0.0108787607921808
18.2970596421832,0.0121926950201479
18.2986193594309,0.013745405404486
18.300271087276,0.0156500825980915
18.3021888197807,0.0182230859157163
18.3037128107823,0.0205405930260324
18.3052368017839,0.0230580266600153
18.3065376003229,0.025298056366678
18.3076666564304,0.0272360107982641
18.3087099926214,0.0289471153742442
18.3097121181338,0.0304441966565638
18.3107033200977,0.0317092857379186
18.3117124103262,0.0327029675205611
18.3127766455176,0.0333580148032609
18.3139631832638,0.0335487558255226
18.3154753732253,0.0329286343243873
18.3168019095145,0.0316281666731149
18.3181284458036,0.0297320227123801
18.3192741520143,0.0277277521153996
18.3203472829672,0.0256408934243626
18.3214024474598,0.0234746338878394
18.322467949835,0.0212454647673103
18.3235663082946,0.0189692102771992
18.3247232928006,0.0166536568426089
18.3259783149336,0.0142890215932277
18.3266961277905,0.0130196146593686
18.3274139406474,0.0118253118418415
18.32808300045,0.0107995534123426
18.3292492560385,0.00920311835390963
18.3304058421137,0.00783761212487
18.331563939719,0.0066617274897043
18.3327515270604,0.00562954595213812
18.3339791016229,0.00472234466504841
18.3352566844409,0.00392556184232905
18.336594932653,0.00322706620802362
18.3380057129261,0.0026164197219017
18.3395027110993,0.00208440058155931
18.3411021825549,0.00162267066757593
18.3428239558849,0.00122352915454986
18.3446928578867,0.000879716425270838
18.3467408416656,0.000584241635767485
18.3490103303056,0.000330209067333061
18.3515597849736,0.000110609561651902
18.3542625507061,-6.95514101221413e-05
18.356842246247,-0.000207077415070195
18.3593423009108,-0.000318543788616601
18.3618224180605,-0.000414515519633675
18.3643543762127,-0.000502125219039639
18.3670532723574,-0.000587617155211407
18.3703066018653,-0.000683543399168502
18.3724925720157,-0.000745069838958869
18.3746785421661,-0.000805022439181627
18.3766293414948,-0.000857568080408722
18.3784254049561,-0.000905360116721002
18.3801977266604,-0.00095210424178969
18.3820549402998,-0.00100074287295969
18.3841523462332,-0.00105533061858492
18.3869059629931,-0.00112652016554378
18.3916530535896,-0.00124791966731182
18.3955950147207,-0.00134674874792362
18.3990628185416,-0.00143128984038575
18.4029150129416,-0.00152121851464606
18.4078243942732,-0.00162607589229367
18.4130524220091,-0.00171550122172136
18.4176824194194,-0.00175849778371871
18.4218645794528,-0.00174655687941621
18.4256291147022,-0.00166980968606893
18.4290392186396,-0.00151966363117484
18.432163647785,-0.00128759306288938
18.4350692470506,-0.000963823690933334
18.4378137724421,-0.000536521319021591
18.4404477664751,9.18846130901729e-06
18.4430451452861,0.000700380274292485
18.4456996468708,0.00158445263442683
18.4485761417555,0.00276219843540477
18.4516733338853,0.00429726832568507
18.4541055574988,0.00570621717809096
18.4565377811124,0.00731522107917957
18.4586182312836,0.00888342993951607
18.4604277856202,0.0104300877653208
18.4621268342674,0.012077954950631
18.4637341667348,0.0138559143254931
18.4652493556512,0.0157759294986296
18.4667063821425,0.0178987350837256
18.4681013112882,0.0202433661455568
18.4694446388404,0.022854210418157
18.4707381745492,0.0257663222447834
18.4719837037092,0.029017541930106
18.4731853938984,0.0326564042999624
18.4743458517583,0.036733766716435
18.4754678287524,0.0413077302425891
18.4765553506393,0.0464508361052985
18.4776119458748,0.0522460771133435
18.478641407094,0.0587927942019378
18.4796476768746,0.0662100660331732
18.4806355303438,0.0746474553906789
18.4816101819038,0.0842910542266813
18.482577778498,0.0953795148616976
18.4835459390606,0.108228426939527
18.4845246534842,0.123271738928255
18.4855281559239,0.141141934179196
18.4865452262422,0.162094503072761
18.4875716178977,0.18643109548326
18.488621653676,0.2148740917537
18.4897171936183,0.24845869303207
18.4908754770464,0.28808362382311
18.4919973702896,0.329743540547904
18.4929017801162,0.364636605231021
18.4936865822719,0.39476124551832
18.4944062592427,0.421166264491635
18.4950908954439,0.444101859584578
18.4957625059641,0.463423112685254
18.4964415212878,0.478647406023887
18.4971515382203,0.488833332015106
18.4979267608712,0.492193467428065
18.4987615188338,0.485878952745278
18.4996137333054,0.468333958653129
18.5004964088444,0.438253732361468
18.5014193013142,0.394103167108755
18.5021408931944,0.351011230878986
18.5028624850746,0.301250805981481
18.5034523170508,0.25668333329869
18.5039322500012,0.218815735684496
18.5043472013803,0.185708218429172
18.5047225392324,0.156104056229069
18.5050728330451,0.129285455339718
18.5054078872071,0.104785517489828
18.5057356101457,0.0822486940189991
18.5060639983481,0.0613459911859516
18.5064041116763,0.0416665220557096
18.5067802198903,0.0223667200422569
18.5071108388879,0.00755364343634056
18.5073171892064,-0.000695620472723486
18.5075235395248,-0.00820964861415516
18.5077153426915,-0.0145630664313401
18.5079095368244,-0.020407791727336
18.5081253435067,-0.026249953920574
18.5083592587853,-0.0318603757941515
18.5086092068887,-0.0370945347285048
18.5088745140227,-0.0418732386085391
18.5091554337664,-0.0461554588418702
18.509481195563,-0.0502317565041255
18.5097958371518,-0.0533851751180764
18.5101299785839,-0.0560201413324125
18.5104865668245,-0.0581523450209885
18.5108687083262,-0.0597949634216389
18.5112802170704,-0.0609617154992873
18.5117258016118,-0.0616653858865206
18.5122113334035,-0.0619163452980396
18.5127442497675,-0.0617208960028391
18.5133346704867,-0.0610784658830541
18.5139967638474,-0.0599766117216925
18.5147494860888,-0.0583873305815213
18.5156218367066,-0.0562547162950954
18.5166649337789,-0.0534618587804381
18.5180004107976,-0.0496972759305927
18.5193756845618,-0.0457463339519192
18.5207051397661,-0.0419492396221129
18.5219929364642,-0.0383455333313115
18.5232412689414,-0.0349538491634531
18.5244509951146,-0.0317829076013334
18.5256222903873,-0.0288353469393486
18.5267549968288,-0.0261095756739842
18.5278488063157,-0.0236008565863527
18.5289033534501,-0.0213020628008143
18.5299182571036,-0.0192042770481024
18.5308931310124,-0.0172973015151567
18.5318275744785,-0.0155701028759815
18.5327407407394,-0.0139780535691712
18.5336771309687,-0.0124439245356774
18.5346381106814,-0.0109725329332651
18.5356257164687,-0.009567855830421
18.5366423301117,-0.00823368518044097
18.5376907667728,-0.00697357321379907
18.5387743864507,-0.0057907807841768
18.5398972432793,-0.00468822311663825
18.5410642900148,-0.00366841289034612
18.5422816655439,-0.00273340011530151
18.543557111821,-0.00188470754007164
18.5449006013876,-0.00112325906252844
18.5463253258088,-0.000449296234582259
18.5478493443445,0.000137726888652703
18.549470852983,0.000631890082512514
18.5511352275807,0.00102245350134019
18.5528608085024,0.00132644981540909
18.554667716002,0.00155882159708953
18.5565825825624,0.00173359138219018
18.5586426486483,0.00186427788703031
18.560904159501,0.0019645215907699
18.5634620998219,0.00204924450930654
18.5665100298339,0.00213770328253238
18.5702442949413,0.00225400733751064
18.5740472426893,0.00239446347489135
18.5778465828117,0.00255852511684747
18.5816894720093,0.00274392486131966
18.5856143471311,0.00294714786083656
18.5896545678258,0.00316537539512907
18.5938413725654,0.00339725408909543
18.5982058372176,0.00364304380884532
18.6027803802811,0.00390450649235552
18.6076001693149,0.00418475599683559
18.6127044632317,0.00448822466408143
18.6181379019756,0.00482090136995045
18.6235476644865,0.00516502568598524
18.6288720109203,0.00551948207713645
18.634107890157,0.00588701854848994
18.6392530923665,0.00627067734494194
18.6443166034228,0.00667452271592123
18.6493068587392,0.00710290679007598
18.654231112093,0.00756048912383736
18.6590941997284,0.00805221397565133
18.6638987434031,0.00858340573674385
18.6686454351013,0.00915987663328162
18.6733334914275,0.00978805260100139
18.6779612511726,0.0104751162983377
18.6826177196845,0.0112449593950604
18.6873024046913,0.0121126636796882
18.6920298495554,0.0130994598563587
18.6968304045949,0.0142351573535216
18.7017753667755,0.015568009145855
18.7070510565121,0.0171960760509286
18.7133729086659,0.0194444104564112
18.7176654659469,0.0211396224715168
18.7219580232278,0.0229206789926252
18.7256232215269,0.0244411692317046
18.7288668297622,0.0257135079796529
18.7319214340406,0.0267776014853135
18.7348810645364,0.0276174659250427
18.7377129193855,0.028189124890174
18.7405378205466,0.0284914717168394
18.7435111210192,0.028494595740941
18.7469614714974,0.0280901074193741
18.7503284099705,0.02730499083472
18.7536953484436,0.0261956207964853
18.7564475206583,0.025100773979267
18.7588898068203,0.0240252676589661
18.7611875647114,0.022951151835789
18.7634082318698,0.0218766515702257
18.7655870088027,0.0208045443658339
18.7677462173594,0.0197384846886365
18.7699017342888,0.0186821383311604
18.7720657637675,0.0176389582874018
18.7742482682932,0.0166121256805616
18.7764577931742,0.0156045428772695
18.7787019924261,0.0146188392681816
18.7809879836344,0.0136573833011267
18.7833226055597,0.0127222953910322
18.7857126343092,0.0118154543921155
18.7881649450722,0.010938512619068
18.7906866821342,0.010092900959521
18.7932854022588,0.00927984209201977
18.7959692444807,0.00850035637624331
18.7988172072015,0.00773725288511941
18.8018627307646,0.00699029681504455
18.8051296974723,0.00626329746053314
18.80864590927,0.00556021801512983
18.8124435785181,0.00488519554695044
18.8165602333314,0.00424247453021729
18.8210400129235,0.00363629719149497
18.8259357762832,0.00307073196767694
18.8313130477418,0.00254941537358474
18.8372567504012,0.0020752905341862
18.8438808398819,0.00165050739713069
18.8510788314316,0.00128810681329523
18.8588712885045,0.000999668049781336
18.8664758488488,0.000800762895063056
18.8747533312591,0.000641426683517584
18.8839114201079,0.000513788027612657
18.8939114201079,0.00041790239209588
18.9039114201079,0.00035563950136576
18.9139114201079,0.000317834243034937
18.9239114201079,0.000297872132913872
18.9339114201079,0.000291162689535614
18.9439114201079,0.000294725687368206
18.9539114201079,0.000306814076519582
18.9639114201079,0.000326622781751287
18.9739114201079,0.000354115303802381
18.9839114201079,0.000389970501202826
18.9939114201079,0.000435648235330336
19.0037086006469,0.000492314082516526
19.0127780911427,0.000558465266230649
19.0211551092269,0.000634962005655652
19.0288926511901,0.000723129349257729
19.0360404518702,0.000824607109676153
19.0426445738991,0.000941329451956003
19.0487477337751,0.0010755401743751
19.0543895948978,0.00122982589669245
19.0596070136949,0.00140716000623907
19.0644342554629,0.00161095524897651
19.0689031941388,0.00184512558115535
19.0730435002592,0.00211415992629031
19.0768828165297,0.00242320982175006
19.0804469256374,0.00277819471469381
19.0837599197125,0.00318593138783002
19.0868443757872,0.00365429443629435
19.0897215398051,0.00419242096198516
19.0923560672694,0.00479689642223181
19.0947387461993,0.0054622449871017
19.0969083120039,0.00619279788878696
19.098898903238,0.00699414241058608
19.1007398934689,0.00787313915220555
19.1024572082533,0.00883847668469737
19.1040747011882,0.00990163507265486
19.1056158143277,0.0110786490262312
19.1071482211382,0.0124335601479338
19.108722102405,0.014043968076143
19.1104086079489,0.0160438938024882
19.112447680771,0.0188638806020512
19.1138594030204,0.0210622958022264
19.1152711252698,0.0234177958337105
19.1165253620061,0.0255773797000215
19.1176353016532,0.0274679520520296
19.1186697343583,0.0291384317814378
19.1196687739375,0.0305937038302868
19.120661762616,0.0318118700498914
19.1216781955338,0.0327495437227207
19.1227583356391,0.0333327194564449
19.1239798843826,0.0334175181842942
19.1255887286981,0.0325717958377503
19.1268635265141,0.0311823254878946
19.12813832433,0.0292699973620783
19.1292633932579,0.0272553223864953
19.1303308221153,0.0251551212435451
19.1313866017203,0.0229780710403486
19.1324569099901,0.0207414876431526
19.1335642822786,0.0184601679029194
19.1347360016296,0.0161395942472799
19.1360160102103,0.013764711581435
19.1367772276114,0.0124460591196721
19.1375384450124,0.0112250196041758
19.1387311231782,0.00952734914835576
19.1399033954858,0.0080903527463164
19.1410565095264,0.00687447737534529
19.1422360040859,0.00580813532486505
19.143453052796,0.00487077166077486
19.1447176251941,0.00404704818634965
19.146040170437,0.00332430659185632
19.1474322087074,0.00269172860025061
19.1489069210455,0.00213980882373546
19.1504798563555,0.00165999189876531
19.1521698606827,0.0012444067232543
19.1540003791429,0.000885657379158379
19.1560013768981,0.000576642057441691
19.1582123189371,0.000310373865983461
19.1606870570915,7.97703697248271e-05
19.163381717207,-0.000114924542942342
19.1659311016528,-0.000262081909300695
19.1683653032862,-0.000379725015632592
19.170725944123,-0.000479066351743633
19.1730479156936,-0.00056689873871267
19.1753565271457,-0.000647438395688221
19.1776825272407,-0.00072383820718101
19.1801087033963,-0.000800083358867081
19.1829356259388,-0.000886083625723067
19.1849808739348,-0.00094713726557416
19.1870261219308,-0.00100764077835777
19.188820566908,-0.0010604941312849
19.190457385594,-0.00110864535855309
19.1920641119027,-0.0011559403569918
19.1937390041185,-0.00120533808605977
19.195614913837,-0.00126084061935966
19.1980219507629,-0.00133239368790814
19.2022879597396,-0.00146018704285553
19.2060430567279,-0.00157340416508327
19.2093267651611,-0.00167241175912476
19.212926058958,-0.00178013068384211
19.2175640515814,-0.00191564386623982
19.2232621446849,-0.00206929565902452
19.2281638388871,-0.00217362315744816
19.2325731500745,-0.00222342449038572
19.2365096910305,-0.00220680479876555
19.2400464667058,-0.00211504560926843
19.2432686968811,-0.00194024307275769
19.2462434564544,-0.00167451476462702
19.2490209934755,-0.00130999878252069
19.2516495046528,-0.000836996981274746
19.2541978161894,-0.000236967653204395
19.2567761949596,0.000531579119447851
19.2596490594823,0.0015932873181279
19.2627348778808,0.00297225846920699
19.266089868181,0.00472832576051786
19.2683378173719,0.00605012245668927
19.2705857665628,0.00750644606353377
19.2725608410203,0.00892932204707623
19.274382343191,0.010398650915326
19.27603666925,0.0119049156112342
19.2776286329857,0.013552427345694
19.2791433970951,0.0153474146911275
19.2806067563159,0.0173434038787673
19.2820127114106,0.0195597843982015
19.2833686882954,0.0220365114636635
19.2846742055253,0.024803873055344
19.2859305122634,0.0278967020016324
19.2871413929358,0.0313595721001261
19.2883093374998,0.0352394047939565
19.2894366793891,0.03958836386636
19.2905272575291,0.0444722079080751
19.2915846304104,0.049966858285429
19.2926123818421,0.0561617605747355
19.2936143190454,0.0631642334617649
19.2945944960504,0.0711042204278491
19.2955573863617,0.0801417600201463
19.2965081593626,0.090478509471949
19.2974527829637,0.102371929778156
19.2983985717933,0.116160951154577
19.2993549978149,0.132308309092183
19.3003352342341,0.151478587640263
19.3013276316294,0.173925927878317
19.3023283882529,0.199976773489764
19.3033503780393,0.230374131662312
19.3044131005285,0.266163041137249
19.3055504990622,0.308967667089068
19.3064060944165,0.343719498158266
19.3072616897707,0.379800592287807
19.3080216726769,0.411908484867947
19.308712731249,0.440007988037769
19.3093674983975,0.464509357715212
19.3100098833944,0.48537704806341
19.3106616945012,0.502180151143708
19.3113488631935,0.513982117433122
19.3121122137397,0.518871590776476
19.3129266684061,0.513738346939021
19.3137638025884,0.497019023918513
19.3146383880839,0.467296167728072
19.3155608523755,0.422818588676532
19.3163351429451,0.375630931234882
19.316953717171,0.332062433772587
19.3175722913969,0.284158516751767
19.3180887923259,0.241823686755642
19.3185245857737,0.205338654340221
19.3189108051681,0.173139593476334
19.3192660624121,0.144216392303093
19.3196020295802,0.117948223193611
19.3199273249422,0.0938998191767292
19.3202497680349,0.071708721428768
19.3205787382341,0.0509871729292344
19.3209309869595,0.0311082809456705
19.3213662755334,0.00991746241670087
19.3215894228061,0.000474887929835188
19.3218125700788,-0.00804756773596237
19.3219996120215,-0.0145145440755686
19.3221888995125,-0.0204639840778736
19.3223994753551,-0.0264204974641914
19.3226278972289,-0.0321486711195297
19.3228721109131,-0.0374993091053575
19.323131436723,-0.0423902335710858
19.323406108678,-0.0467792336511555
19.3236970202948,-0.0506444844651808
19.3240211583928,-0.0541209714311277
19.3243476486629,-0.0568699760202998
19.3246958479756,-0.0591060883678379
19.3250690214229,-0.0608450208270535
19.325470907373,-0.0621010256856102
19.3259061241008,-0.062887509069128
19.3263804379489,-0.0632155287080707
19.3269011623884,-0.0630921002750077
19.3274780343825,-0.0625176926276733
19.3281251439494,-0.0614806960943397
19.3288611380389,-0.0599537294841561
19.32971452031,-0.0578814576434483
19.3307354006258,-0.0551477902984164
19.3320421085418,-0.0514451706096545
19.3334306824296,-0.0474193509911435
19.3347739788155,-0.0435358845378146
19.3360762869979,-0.0398395278471394
19.3373397943718,-0.0363518252471662
19.3385653084444,-0.0330834937462232
19.3397529369011,-0.0300387410869215
19.3409024505558,-0.0272172761281906
19.3420134741054,-0.0246154416795034
19.3430855836931,-0.0222269850402193
19.3441183517027,-0.0200436643231939
19.3451113599366,-0.0180557670104337
19.3460641926057,-0.0162525679376984
19.3469764153915,-0.0146227347047946
19.3479017142479,-0.0130662775508344
19.3488508546705,-0.0115706229358545
19.3498256492607,-0.010139964104471
19.3508283067434,-0.00877819019803888
19.3518614266106,-0.00748897783377855
19.3529280976919,-0.00627573978862411
19.3540320280828,-0.00514157236317099
19.3551777212151,-0.00408920041540926
19.3563707203115,-0.00312091985353073
19.3576179576121,-0.00223853687803079
19.3589282705413,-0.00144330241559458
19.3603131967707,-0.000735838667374707
19.3617882632811,-0.000116051745292612
19.363375218035,0.000416981902634836
19.3650171644351,0.000845099417518385
19.3667119127374,0.00117896129278808
19.3684779903035,0.0014341333619341
19.3703386426161,0.00162490219787611
19.3723254700273,0.00176479776129726
19.3744843822157,0.00186707441815604
19.3768885506311,0.00194548491168109
19.3796726632892,0.00201595785133948
19.3831629751008,0.00210228609931427
19.3869362360788,0.00221241912845487
19.3911047517775,0.00236152675268396
19.395081320521,0.00252719594827114
19.3989117012315,0.00270229446183145
19.4026943835044,0.00288476300136023
19.4064907815249,0.00307373247856743
19.4103450501259,0.00326947775462541
19.4142931687789,0.00347324913538733
19.4183672801342,0.00368708363547873
19.4225982173037,0.00391365223487694
19.4270172149295,0.00415616337694959
19.431657290562,0.0044183555689505
19.4365547087966,0.00470464299799494
19.4417502724255,0.00502047607866095
19.4471713798529,0.00536534476617637
19.4524412117565,0.00571847355080735
19.4576614085351,0.00608876655991104
19.4627856742222,0.00647610762889339
19.4678309164841,0.00688507308558147
19.4728011631975,0.00731976096827476
19.4777045039401,0.00778506011703334
19.4825457627181,0.00828613304882823
19.4873278927626,0.0088285984217514
19.4920516902912,0.00941857640857505
19.4967163884404,0.0100628188839376
19.5013469135227,0.0107731357467283
19.5060129293112,0.0115723945781526
19.5107099722663,0.0124762620149283
19.5154580069171,0.0135086271606031
19.5202975634815,0.0147040909091973
19.5253264950462,0.0161224796642305
19.5308230167671,0.0179013047433297
19.5373183973156,0.0203168945598644
19.5412007254306,0.0218940776616349
19.5450830535457,0.0235155065822802
19.5485492199692,0.0249339713224161
19.5517053466367,0.0261304472561337
19.5547304191507,0.0271218030508813
19.5576310540619,0.0278661278776311
19.5604455977675,0.028344309331467
19.5633008377612,0.0285471812418281
19.5663837551671,0.0284275652566301
19.5702205530908,0.0277996130089304
19.5732485179075,0.0269689669750091
19.5762764827242,0.025896525098823
19.5788994093036,0.024816045815649
19.5812896517825,0.0237421581935022
19.583560759372,0.0226678320636697
19.5857665926946,0.0215937098083548
19.5879376251578,0.0205230102571322
19.5900939531246,0.0194594352649999
19.592250218994,0.0184066031518669
19.5944178779857,0.0173678950648465
19.5966064149845,0.0163464155144848
19.5988240645205,0.0153449910861278
19.6010782754767,0.0143661798123496
19.6033760388872,0.0134122808339769
19.6057241228189,0.0124853485347625
19.6081292726665,0.0115872001988498
19.6105983819204,0.010719424721094
19.6131386301568,0.00988339789682284
19.6157576576346,0.00908028398790929
19.6184744780331,0.00830810891200362
19.6213741382938,0.00754929980481342
19.6244773948708,0.00680774332364314
19.6278092940887,0.00608725963841235
19.6313987861567,0.00539187214818082
19.6352794551255,0.0047257675121005
19.6394905237628,0.00409321739332552
19.6440783388667,0.00349845376996826
19.6490988617841,0.00294547985802301
19.6546224014944,0.00243779538620148
19.6607412535724,0.00197817203073818
19.6675722662404,0.00156905219481153
19.6749248631062,0.00122627958741703
19.682412050968,0.000974536179892946
19.6896168523988,0.000800568441720278
19.6984605107091,0.00064371445245922
19.7076242933911,0.000529644486377794
19.7176242933911,0.000446874418277033
19.7276242933911,0.000396836293267016
19.7376242933911,0.000371209041474599
19.7476242933911,0.000364183112555586
19.7576242933911,0.000372015905429095
19.7676242933911,0.000392687111742816
19.7776242933911,0.00042562801060067
19.7876242933911,0.000471597386823653
19.7974036078567,0.000531281414802705
19.8064400756774,0.000602636944443123
19.8147727181491,0.000686216630805645
19.8224578177837,0.00078325749837497
19.8295477704939,0.000895446163028754
19.8360908032128,0.00102485512317145
19.8421314103906,0.00117393753702845
19.8477107304441,0.00134555203501482
19.8528668542771,0.00154300549957769
19.8576350923735,0.00177010901639765
19.86204821851,0.00203124732505631
19.8661366963778,0.0023314639426495
19.8699288891422,0.00267656528590917
19.8734512614398,0.00307324810496988
19.8767285875143,0.00352926073382661
19.8797841724299,0.004053608568664
19.8825931586955,0.00464587019035979
19.8851339375546,0.00529906595982256
19.8874483020981,0.00601774662294885
19.8895735076956,0.00680791550206142
19.8915418930153,0.00767709787613358
19.8933824404548,0.00863507834356626
19.895122559331,0.00969523955869902
19.8967905498441,0.0108771820349835
19.8984559296062,0.0122440872193465
19.9002019586242,0.0139033951210452
19.9021707742767,0.0160767662318647
19.9039673414248,0.018341665267783
19.9053950308292,0.0203092501932427
19.9068227202335,0.0223759794745437
19.9080747462589,0.0242074274073906
19.9092113239224,0.0258180793471978
19.910287703198,0.0272301381305994
19.911338920175,0.0284348550256066
19.9123943484352,0.0294033355798227
19.9134873234816,0.0300854671938856
19.9146693725276,0.0303940137683054
19.9160588915121,0.0301373113880492
19.9177931985164,0.0288896462246706
19.9190376599911,0.0274293404096949
19.9202821214658,0.0255983540669001
19.9214191107161,0.0236906338054133
19.9225164353182,0.0217163442330164
19.9236103997514,0.0196871287144681
19.9247255702818,0.0176173043989435
19.9258860869779,0.0155165843493083
19.9271243327278,0.0133834583005028
19.9279791845342,0.0119948134383783
19.9285965053829,0.0110424381344462
19.9292138262315,0.0101547221653907
19.9303662893424,0.00866828879357482
19.93152073372,0.00738137647265137
19.9326973809344,0.00625287170643595
19.9339071543732,0.00526053106480862
19.9351601555459,0.00438739661139526
19.9364666937876,0.00361971707103645
19.9378378973161,0.00294591017411717
19.9392862932023,0.00235591541344405
19.9408264637754,0.00184075978259031
19.942475877546,0.00139224718931984
19.9442560232487,0.00100272002032521
19.9461940475365,0.000664857895461727
19.948325242251,0.000371485061973169
19.9506970272618,0.000115352829910525
19.9532167397745,-9.90994163520013e-05
19.9556249452024,-0.000265261126083531
19.9579506737081,-0.000400665576288435
19.9602393840128,-0.000517002939146178
19.9625580172723,-0.00062280916981569
19.9650377861069,-0.000726634184967057
19.9681711361101,-0.000848741158461865
19.9701065205089,-0.000920803973867266
19.9720419049077,-0.000991222209187247
19.9737956236171,-0.00105406151589606
19.9754432724272,-0.00111254859251272
19.9770929060688,-0.00117077638301176
19.9788472865148,-0.00123251419891877
19.9808737043827,-0.00130376574167794
19.9837141463343,-0.00140380257346668
19.9875368615424,-0.00153905680124116
19.9907174707,-0.00165206897624961
19.9937647663004,-0.00176044897085139
19.9968823831502,-0.001870894623914
20,-0.00198002571776241
