time,ecg
0,0
0.00047930143873713,0.000363032943065808
0.00174925752985637,0.00122310367309585
0.00310017667914387,0.00199208146456449
0.00450298916290612,0.00265351814620528
0.0059382450695514,0.00320883771860971
0.00741247519556105,0.00367497741443722
0.00893336588560343,0.00406901575990269
0.0105105243593096,0.00440857498557112
0.0121554472012669,0.00471212776049833
0.0138813358838824,0.00499958990154452
0.0157022898151207,0.00529314057127796
0.0176308824907352,0.00561806940970956
0.0188154412453676,0.00583464070629459
0.02,0.0060700914972935
0.0221311624095133,0.00655547326152997
0.0243268299951745,0.00716054831209918
0.026489886858912,0.00788726395732282
0.0285484486059818,0.00872618005404918
0.0304654783024137,0.00966373364825124
0.0322349140037351,0.0106900825807106
0.0338979728011887,0.0118237464442477
0.0354852936907488,0.0130889403332144
0.0370020488269539,0.0144985194474451
0.0384527569983734,0.0160672807284696
0.0392263784991867,0.0170070733401044
0.04,0.0180286809541635
0.0413056260812367,0.0199642386351422
0.0425761838776037,0.0221466421161327
0.0437964589259335,0.0245767230717773
0.0449687896565165,0.0272826487636463
0.0460959110319585,0.0302973404175771
0.047180434509193,0.0336581596463059
0.0482248615906564,0.0374075449562955
0.0491124307953282,0.0410654459319256
0.05,0.0452366915608459
0.0509424553904295,0.0503309529025368
0.0518563844250531,0.0560500705577248
0.0527413585900414,0.0624619301310145
0.0535995003992185,0.0696596784556485
0.0544329933555699,0.0777518231551775
0.055244010358359,0.0868645940045258
0.0560347140797859,0.0971452765026724
0.0568072575983429,0.108766211968432
0.0575637849631898,0.121929588263859
0.0583064378559778,0.136873289986641
0.059037384915155,0.153878480228554
0.0595186924575775,0.166507071086876
0.06,0.180417051383861
0.0607091755477175,0.203539168900925
0.0614207528266,0.230324847426422
0.0621380282551524,0.261502533294958
0.0628761815215138,0.298556780227377
0.0636249762218833,0.341830576506712
0.0643899631540837,0.392187559216963
0.065003318450846,0.436704598263087
0.0656166737476082,0.483889866538286
0.0661430171675075,0.525120888889052
0.0666168378008233,0.561335484239719
0.0670708968831745,0.593769757990772
0.0675273251160554,0.622684404436333
0.0680093326600644,0.647780547080071
0.0685556424661972,0.668115658681575
0.0691891908968399,0.680021789646831
0.0695945954484199,0.681148320291575
0.07,0.677533770192078
0.0706482611970212,0.662882276086462
0.0712839347586722,0.639320666840439
0.0719525769631264,0.606186780081447
0.0726904619723035,0.560983196423072
0.0735414969413067,0.498696906321956
0.0745109482249971,0.415502904783699
0.0750777695380883,0.361506633720654
0.0756445908511794,0.304513722278768
0.0761206695375921,0.255385291625361
0.076519976292501,0.214240615149523
0.0768741270150746,0.178550764768973
0.0772014770654128,0.146828615351368
0.077513406430614,0.118207466366069
0.0778187295151613,0.0920846602350004
0.0781265641840212,0.0679280809172462
0.0784509269143787,0.0450484497175254
0.0788317414532734,0.0216710699104533
0.079117020969009,0.00659416139604784
0.0792836854586484,-0.00128667243150756
0.0794503499482878,-0.00851511040461799
0.0796095115969638,-0.0148365445976299
0.0797862065196464,-0.0212239181912352
0.0799817229668953,-0.0275666598843921
0.0801931618866732,-0.0336329089321912
0.0804190880593692,-0.0392842697087039
0.0806591452132638,-0.0444437452464101
0.080913725501329,-0.0490718683082219
0.0811837934449333,-0.0531523800815179
0.0814708083911987,-0.0566835243988737
0.0817767118556205,-0.0596725523904159
0.0821039642120275,-0.0621320754020274
0.0824556270946105,-0.0640774823186551
0.0828354972793004,-0.0655249464942662
0.0832483080227812,-0.0664897050243414
0.0837000288144786,-0.0669843568376084
0.0841983213908964,-0.0670169124448461
0.0847532654105003,-0.0665882095778975
0.0853799270847823,-0.0656856982510046
0.0860989076598058,-0.0642730881529773
0.0870157261178097,-0.06208258801325
0.0880525554324454,-0.0592956291451795
0.0890262777162227,-0.0565168561102904
0.09,-0.0536654488908561
0.0913946365381832,-0.0495539644678862
0.0927566221269498,-0.0455656892039751
0.0940825261336059,-0.0417568476443579
0.0953730222173957,-0.0381491510745123
0.0966280379942997,-0.0347547799385523
0.0978470996676431,-0.0315800450444927
0.0989235498338216,-0.0288859774684283
0.1,-0.0263021631436135
0.101110032104941,-0.0237592982679881
0.1021847650571,-0.0214195547304432
0.103220649708869,-0.0192818786384598
0.104217044775304,-0.0173370187264506
0.105173470680637,-0.0155744143007073
0.106089455311049,-0.0139828665550561
0.107011810879338,-0.0124759534241736
0.107957917200691,-0.0110297152975172
0.108929491820388,-0.0096484789493699
0.109928700996595,-0.00833618963950061
0.110958093022724,-0.00709659952525737
0.112020694288458,-0.00593321770119383
0.113120135045353,-0.00484926049230629
0.114260819504018,-0.00384760054490868
0.115448161395705,-0.0029307150302457
0.116688919436304,-0.00210063311558836
0.117991691238368,-0.00135888263471181
0.118995845619184,-0.000870243005970459
0.12,-0.000447691449294695
0.121507848670877,7.52448839060519e-05
0.123124283566761,0.000506533403766525
0.124781223142176,0.000832774884185441
0.126497086106167,0.00107077589274786
0.12829129976275,0.0012351104594504
0.130189440652054,0.00133932854919703
0.132226971254913,0.001396308396355
0.134249257370379,0.00141775694097725
0.136151240080616,0.0014208169197895
0.137938995762439,0.00141791724482737
0.13896949788122,0.00141620308246488
0.14,0.00141562924319812
0.141549942035378,0.00141842818720142
0.14303340627926,0.00142658190372179
0.144442766531247,0.00144024574264962
0.145787214645297,0.00145918358613772
0.147077131081753,0.00148305322111461
0.148324353974749,0.00151158520462746
0.149162176987374,0.00153380048323515
0.15,0.00155848436708451
0.151219401547788,0.00159884514508921
0.152482592321814,0.0016462370050022
0.153908646041684,0.00170665056606878
0.15517334233263,0.00176648787948584
0.156438038623576,0.00183239179475253
0.157464049257425,0.00189048645612991
0.158380161111894,0.00194601516879545
0.159270478476342,0.0020034380017305
0.160187536658568,0.00206633031405734
0.161193561351013,0.00213995453762886
0.16241713463215,0.00223651562279816
0.164559504775722,0.00242633072653066
0.166791675008551,0.00265717194694492
0.168395837504276,0.00284827071944734
0.17,0.0030647549187849
0.172157256774066,0.00340467068633645
0.174197454324358,0.00379075414554856
0.176114222085743,0.00422674000162603
0.177925045081532,0.00472148056918029
0.179645233193945,0.00528534501196387
0.181282379057254,0.00592828468175421
0.18283771252722,0.0066589427124139
0.184290980368355,0.0074731421009196
0.185623752980304,0.00835811864464272
0.18685607232625,0.00932058741812096
0.188009445853646,0.010372984405269
0.189100309763284,0.0115288120749959
0.190169353879148,0.0128388790092736
0.191254646366833,0.0143759486503752
0.192391544166591,0.0162389087719157
0.19367107614242,0.0186731855260151
0.194860981861468,0.0212618714805854
0.196050887580517,0.0241231399746628
0.197019468006915,0.0265819978683994
0.197855836493084,0.0287212929635509
0.198638370427518,0.0306605605832529
0.199319185213759,0.0322381211087539
0.2,0.0336604500469019
0.200815453549371,0.0350962717387127
0.201715117433359,0.0362758782859587
0.202819922099904,0.0370909719574258
0.20424557998314,0.0371452780569448
0.205383293286671,0.0364962228161992
0.206521006590201,0.0353844535122246
0.207606327072988,0.0340181571887847
0.208729075580634,0.03240214777778
0.209933886247048,0.0305395960782161
0.211261728928801,0.0284277142178202
0.212767278846124,0.0260488764031383
0.214544467510448,0.023350357440366
0.216347608080047,0.0207924387293399
0.218150748649646,0.0184601263863336
0.22,0.0163110228974654
0.222741108504754,0.0135499580327841
0.225273692682088,0.0114092123321023
0.227572657247508,0.00976795941021611
0.229722772525382,0.00846159167730936
0.2318860895864,0.00734229632478012
0.234103255489978,0.00637151058106804
0.236394393341629,0.00552947347486619
0.238778935279048,0.00480063896626632
0.241277502647741,0.00417187088362527
0.243913069540417,0.00363136930169232
0.246712205855485,0.00316760997139846
0.25,0.00273308444689247
0.253262558108492,0.00238358371842261
0.256274120188421,0.00210522459901284
0.259551471764764,0.00183804798254304
0.262118058020355,0.00166702711592999
0.264684644275946,0.00154850569462688
0.267538243801879,0.00148113138380001
0.271350762846505,0.00147050392514926
0.275406821875291,0.00151987659590231
0.280309594035797,0.00161665032442348
0.285439372848189,0.00173759668289613
0.291320212646917,0.00188686693884267
0.295660106323459,0.00200263851735554
0.3,0.00212164713249456
0.306291357748823,0.00229949547753474
0.311681279490717,0.00246004919975694
0.317333671023011,0.00263595912445056
0.322725582073616,0.00281303030964712
0.328080604865299,0.00299901671927843
0.333318368645442,0.00319229923360357
0.33847834380994,0.0033951759272827
0.34355720760272,0.00360847916880739
0.34857036379414,0.00383377819081763
0.353506296412607,0.00407173808977902
0.358308351445278,0.00432119732881666
0.363048878384885,0.00458740419353673
0.367753822716424,0.0048734554176378
0.372403732473491,0.00517988088062714
0.376997496814106,0.00550847102933834
0.381539902601123,0.00586180570739957
0.386034265026533,0.00624280845216158
0.390485097270895,0.00665498276483483
0.394896691890518,0.00710236713275209
0.399274164466934,0.00758970773173654
0.403623537369431,0.00812257087681353
0.407954010821176,0.0087077532594149
0.412368976162328,0.00936772664594927
0.416891532950086,0.0101182907341873
0.42158500606484,0.0109855153365678
0.426580925880033,0.0120148633980337
0.432250061042197,0.013315934503571
0.438520765487039,0.0148899665008154
0.442536746077695,0.015930370904186
0.44655272666835,0.0169374751776862
0.450155923549952,0.0177521948853902
0.453515933460494,0.0183750852230922
0.456808043444267,0.0187989651864549
0.460159855492754,0.0189870872406385
0.463499115094178,0.0188902739790618
0.467021640587263,0.0184614496057111
0.470770595271629,0.0176501562243592
0.474367726888068,0.0165743664216774
0.477811611308354,0.0153347818257163
0.481055457777496,0.0140409319722822
0.484203650414927,0.0127211027702774
0.487224695094096,0.0114366252367465
0.49021159074214,0.0101812928160269
0.493224498480192,0.00895421637988293
0.496308747631997,0.00775740369693981
0.499504046039438,0.00659425927900746
0.502655397787166,0.00553155094442051
0.505769026711607,0.00456731018038022
0.508893741140708,0.00368541791013783
0.512065634110405,0.00287578439383318
0.512877765080092,0.00268189160530431
0.513689896049778,0.00249882375713461
0.514527982535196,0.00233662981903371
0.516149392355235,0.00209157611915762
0.517900408870589,0.00190618963256181
0.519830074185025,0.00176939406073561
0.522017150539584,0.00167074007824292
0.5246237882377,0.00159933000711469
0.52786320301489,0.00154539781679554
0.531186353442854,0.00150816401708564
0.534893829115117,0.00147807234916547
0.538539885079939,0.00146193876558233
0.542330646277382,0.00146487109013493
0.546381161929533,0.00149651556881838
0.550797201610899,0.00156904904325788
0.555584180568529,0.00169352128779615
0.56059720063597,0.00187262756530529
0.565642765093984,0.00209936995606054
0.57062772961848,0.00237074994999947
0.575540356937236,0.00268448961311989
0.580385118675522,0.00303582113960407
0.585168347809548,0.00342401612515312
0.58989407290738,0.0038511744825855
0.594556753488694,0.00432078941951679
0.599148796094166,0.00483774663698552
0.603658916041573,0.00540769856191864
0.608076977070999,0.00603723194718758
0.612392752957573,0.00673341786757208
0.616603910092087,0.00750489961833475
0.620712136081085,0.00836149127467718
0.624733432664221,0.0093168071104921
0.628698856431499,0.0103902399732764
0.632740833576866,0.0116376182933462
0.637075674566411,0.0131666204190753
0.642234168837956,0.0152584963063936
0.645952375396172,0.0169390532718124
0.649670581954388,0.0187230821091665
0.652763674723154,0.0202286093251064
0.655406861865616,0.0214685192097767
0.657788581007125,0.0224877991773946
0.66000429359415,0.0232920736070547
0.66211047387747,0.0238676322197907
0.664150266244743,0.0241898067258625
0.666162247327096,0.0242226036402383
0.668190329027332,0.0239138471347568
0.670307675547234,0.0231747454046992
0.672644465676706,0.0218242979253361
0.675631387345316,0.0192757650365268
0.677809572361021,0.0168801127245921
0.679987757376726,0.014118893704612
0.681731751039325,0.0117152863852219
0.683262087285894,0.00951883530418148
0.684673329484427,0.00746018521492298
0.686046765872466,0.0054579423467623
0.687465973464096,0.00341936443845468
0.688968450374191,0.00132302137506418
0.690606269108023,-0.000861734028473419
0.690827928948889,-0.00114814327641653
0.691049588789755,-0.00143098702485179
0.691268129010737,-0.00169288117650398
0.692015885764219,-0.00244731123012578
0.692778666188844,-0.00301073243439512
0.69355840700524,-0.00339757066719132
0.694360505043467,-0.00362211281967235
0.695190313069424,-0.00369547201126142
0.696053439525027,-0.0036264530445025
0.696956054735391,-0.00342206919223747
0.697905244110156,-0.00308781480229581
0.698909479747369,-0.00262773530563599
0.699979321796477,-0.002044273227873
0.701128558458735,-0.00133778800195332
0.702376231686938,-0.000505482872890162
0.703750644000512,0.000460945929958527
0.705298549735329,0.00158098170772929
0.707007215138713,0.00282632576387589
0.708738229607415,0.0040746796794499
0.710524032256076,0.00533316663112017
0.712391190449595,0.00660854448074921
0.71437080019383,0.00791279540981876
0.716503747777253,0.00926523827096486
0.718850155309647,0.0106969584439177
0.721360325539545,0.0121741011903714
0.723982559321839,0.0136673310506135
0.726808967552477,0.0152262092639229
0.729940512164032,0.0168893061666835
0.732993244850298,0.0184298777415623
0.735992671796237,0.0198397778087671
0.739007473685373,0.0211210940745623
0.742139482244725,0.0222737720376027
0.745354860327805,0.0232399578430602
0.748693131253101,0.0239990187207057
0.751912685062263,0.0245103678881234
0.755011065519556,0.0248356354708527
0.75803773160738,0.0250482736134884
0.761068226484497,0.0252180750789018
0.764177765373868,0.0254083905174987
0.767223344093592,0.0256497645168615
0.769101856285256,0.0258253852844607
0.77098036847692,0.0260056000954734
0.772687582181876,0.0261503639410099
0.774273095954748,0.0262416904053581
0.775797952912993,0.0262619926222392
0.777308289666994,0.0261878837604691
0.778849699122325,0.025986782733996
0.780483547768214,0.0256078202666018
0.782327229867162,0.0249518678559055
0.784794908860577,0.0236874669955139
0.786724661769661,0.0224157399224899
0.788654414678746,0.02094467063351
0.790354141718017,0.0195286417845716
0.791972883893801,0.01811414710593
0.793577506390491,0.0166813683253815
0.79439101754527,0.0159523562841063
0.795036339661963,0.0153765911513949
0.795681661778656,0.0148155027762909
0.797866955080301,0.0130394776448603
0.800139680042206,0.0113828210758283
0.802475684435288,0.00986371897934972
0.80489440730334,0.00846646915160368
0.807417011732187,0.00717741093135038
0.810066306851014,0.00598485083338556
0.812868003594609,0.00487834626848448
0.815852178005036,0.00384818807386454
0.819055141561004,0.00288497974226528
0.822522037724877,0.00197922937325515
0.826310679096997,0.00112088679087486
0.83049754815508,0.000298774229028181
0.834832669123867,-0.000443314216154767
0.838782044778351,-0.0010435332014112
0.842983863716068,-0.00161824595118507
0.848018363609596,-0.00223301411050299
0.853096845964897,-0.00277548800264009
0.857244223580357,-0.00315571717975947
0.860897037181882,-0.00343674424206853
0.864351728004731,-0.0036499203190866
0.867815085387806,-0.00380782943585562
0.871542358382132,-0.00391334864826309
0.875538109337622,-0.00395468205088348
0.879401934138308,-0.00393109634642675
0.883290454814916,-0.00385458408650182
0.886588433700926,-0.00375684009441037
0.889651561056464,-0.00364553615308041
0.892614245219332,-0.00352403977896454
0.895541354583775,-0.00339466786974157
0.898472956588621,-0.00325916523883834
0.901437828602784,-0.00311893081292588
0.904459004828901,-0.00297514117914767
0.907512680360911,-0.00283088178137179
0.910454342435663,-0.00269441284506504
0.913334263523631,-0.00256424680310097
0.916235732591555,-0.00243734212856204
0.919333998497742,-0.00230719282324108
0.923035874925924,-0.00215965607060742
0.92536599721171,-0.0020714945749756
0.927696119497496,-0.00198707699724048
0.929811665080053,-0.00191371153235545
0.931816059078195,-0.00184707972753122
0.933841371097888,-0.00178257322729447
0.936023450240493,-0.00171619181780674
0.938610300935913,-0.00164156983346091
0.942688078421052,-0.0015324805894642
0.946751119468624,-0.00143348683454343
0.950164798926435,-0.00135727171917743
0.953672396876857,-0.00128513407481465
0.956597702021646,-0.00122472155411423
0.959523007166435,-0.00114847335820215
0.963691609810126,-0.000995897755684195
0.96814308844821,-0.000808606267355708
0.973292614851186,-0.000589062589986462
0.979157927983799,-0.000347229734109423
0.984666281379849,-0.000124008102480514
0.990131594797111,0.000102919921932577
0.995388405855098,0.000337930176549177
1.00031194039909,0.000585242662966696
1.0048476293306,0.00084934346210406
1.00900566093631,0.00113583801871793
1.01283906855164,0.00145217709159917
1.01641215275364,0.00180716012307956
1.0198085341101,0.00221303935531845
1.02315269128511,0.00269079240159794
1.02655155933066,0.00326331198336122
1.03019786025093,0.00396833061985175
1.03334356249706,0.00462960767942357
1.03648926474319,0.0053065007083728
1.03955198867627,0.00595286740053044
1.04373165598746,0.00680034795872651
1.04645967783129,0.00734838854689842
1.04918769967511,0.0079219137339868
1.05165494208511,0.00849134080456073
1.05400421611719,0.00910621812017556
1.05628564495485,0.00979799254666845
1.0584707142453,0.0105743431743118
1.06058504801773,0.0114584915386926
1.06263678324775,0.0124701807604438
1.0646171625815,0.0136215929350109
1.06651712992852,0.0149221492450164
1.06833661991616,0.0163853339596076
1.07007853944588,0.0180274844548123
1.07174537302469,0.0198659646451564
1.07334342074699,0.0219246789504878
1.07487751401684,0.0242298200472735
1.07635214861405,0.0268112459478592
1.0777730614734,0.029706216931258
1.07914522513142,0.0329573375380953
1.08047367307059,0.0366151416970732
1.0817634365949,0.0407396298309034
1.08302027906922,0.0454050754369636
1.08425031790161,0.0507027564634899
1.08546063961898,0.0567485894345732
1.08665990924546,0.0636945844365835
1.08785974461741,0.0717509708551653
1.08907710801972,0.081228579220283
1.09034051908871,0.0926414690806604
1.09161299917344,0.105936409264231
1.09291611742812,0.121546188991861
1.09429515365781,0.140247578859281
1.09539771293651,0.156623730761635
1.09650027221521,0.173895994926655
1.09748638057194,0.189630656400268
1.09838719078548,0.203720104191033
1.09923562836454,0.216203286209627
1.1000506695787,0.226921204064632
1.10084494528432,0.235595741364991
1.10162844249201,0.24186090123955
1.10241066254282,0.245261960360017
1.10320288049092,0.245222060847471
1.10402250649993,0.240931890158726
1.10491150493612,0.230876496130023
1.10583402269036,0.214204127467215
1.10678899827887,0.190454767144265
1.10739400401161,0.172401727731915
1.10799900974436,0.152514886217673
1.10854090992504,0.133620257991032
1.10903352243393,0.115987231872476
1.10949411842948,0.0994720985224758
1.10993410941284,0.0839783449540722
1.11036193102192,0.0694355717293322
1.11078494584742,0.0557751960178895
1.11121098328193,0.0429109182800296
1.1116507959594,0.0307038017716872
1.11212546287047,0.0188467362624324
1.11271419359954,0.00608935599668034
1.11304525599876,-0.000151412320290623
1.11337631839798,-0.00574894408830765
1.11368502020655,-0.0104168962880253
1.11398530650762,-0.0144762239874228
1.11431025508081,-0.0183693802466124
1.11465728060065,-0.0219974461759691
1.11502492244464,-0.0252974879045748
1.11541313059595,-0.0282366709219086
1.11582279536852,-0.0307997057629743
1.1162555019521,-0.0329566234973599
1.11673941539023,-0.0347587503259006
1.11720315233894,-0.035975679104337
1.11769620847247,-0.0368153478198013
1.11822266548571,-0.0372871798617289
1.11878692571415,-0.037399493305486
1.11939424535039,-0.0371600458434643
1.12005200443067,-0.036574289058094
1.12076918814415,-0.0356440822273384
1.12155610495258,-0.0343688575356198
1.12242606523614,-0.0327443028418622
1.12339704597296,-0.0307601329566183
1.1244951459351,-0.0283951617367936
1.12576330752738,-0.0256036735665947
1.12697443752419,-0.0229484628778068
1.12812544979209,-0.0204805166835555
1.12922285812649,-0.0182050212951415
1.13027074429705,-0.016119415163223
1.13127159215375,-0.0142172370279563
1.13222691678429,-0.0124897563403058
1.13315904337578,-0.0108911997139045
1.13411312958301,-0.00934651363923628
1.13509081208518,-0.00786109095094187
1.13609440449994,-0.00643926349264668
1.13712653878034,-0.00508504706250145
1.13819026597802,-0.00380210077041473
1.13928917911052,-0.00259368433520389
1.14042757469945,-0.0014626066964776
1.14161067189747,-0.000411165578725652
1.14284491941256,0.00055892382629615
1.14413844065077,0.0014466157761623
1.14550170565835,0.00225164442968449
1.14694859520046,0.00297467324957425
1.14849818954784,0.00361751613181784
1.1501431999757,0.00417299305278594
1.15183273105489,0.00463089979791782
1.15358624131044,0.00500966906495774
1.15542531432076,0.0053258978196347
1.15737862139111,0.00559585292828846
1.1594866360475,0.00583635680495674
1.1618114707769,0.00606634910537661
1.164460858358,0.00631032931331044
1.16766602331268,0.00660893517261929
1.17144424917979,0.00699266134015382
1.17547344225974,0.00745563332713244
1.18011876266307,0.00806463239255397
1.18452904570664,0.00871954178182971
1.18894060745843,0.00945317771042736
1.19328445075341,0.0102619073577009
1.19757698171903,0.0111611811877423
1.20164813196834,0.0121269528842241
1.20546841640529,0.0131567788769962
1.20907062090379,0.0142626955133009
1.21249075341379,0.0154604227437824
1.21576882710845,0.0167709712712788
1.21895383064322,0.0182247403359946
1.22211544636532,0.0198710319494358
1.22537906646898,0.0218060803162706
1.22820569716952,0.0236811135988451
1.23034531588201,0.0252126336963027
1.2324849345945,0.0268174375118354
1.23433625634683,0.0282361340284553
1.23602006618272,0.029519589491563
1.23761754192637,0.0306997166737887
1.23918038830987,0.0317870070283616
1.24075337310248,0.03278189751389
1.24238916947226,0.0336782706400068
1.24417305623436,0.0344630758334
1.24631837221246,0.0351100573350899
1.24856095269299,0.0354301961591313
1.25080353317353,0.035407356942079
1.25263457078057,0.0351638259366562
1.25431244892154,0.0347890350363326
1.25594821536072,0.0343045424783344
1.25759860147371,0.0337137032481826
1.25896244457003,0.0331904953390127
1.26119451476268,0.0323228836204126
1.2635059645631,0.0313802338351356
1.26589263693856,0.0303317996985443
1.26837473423894,0.0291422235539526
1.2709743057095,0.0277821349004863
1.27371580061981,0.0262300004017918
1.27662742328947,0.0244733348074977
1.27928490223729,0.0228016333315892
1.28172159416314,0.0212365809801012
1.28404354829506,0.0197364102377375
1.28630616764298,0.0182821340131936
1.28854141202145,0.0168655207521368
1.29077059640337,0.0154828380053391
1.29300945017124,0.0141325043937654
1.29527048622105,0.0128140721726873
1.29756426263013,0.0115277466571964
1.29990015011891,0.0102741473665865
1.30228682660663,0.00905421982503161
1.30457749837582,0.00794243269167899
1.30675510249352,0.00693962968212382
1.30884426775921,0.00602724407740682
1.31087492151455,0.00518704619736134
1.3128871115166,0.00439981863079444
1.31494769857358,0.00364044128840038
1.31721671267138,0.00285910661884577
1.31933737541286,0.00218095015607043
1.32102075189727,0.0016785196529572
1.32270412838167,0.00120784055511893
1.32421406004414,0.000812588760477875
1.32564853705426,0.000460539085007616
1.32709949435115,0.000127474105755102
1.32866066282244,-0.000205373564477467
1.33049940462491,-0.000564160411195733
1.33326463392562,-0.0010383428148279
1.33642701690788,-0.00148982520085307
1.33913768620922,-0.00180586397571326
1.34185913614119,-0.00206363575332509
1.34503352674963,-0.00229752102516554
1.34817335371024,-0.00246777544283687
1.35110176274497,-0.00258044759119048
1.35394760895166,-0.00265444452701036
1.35680449545405,-0.00269939118098104
1.35911242742721,-0.00270211626844758
1.362119552576,-0.0026672509908049
1.36524574955633,-0.0025990622797842
1.36850584196702,-0.00250502863370701
1.37191801836702,-0.00238975854593261
1.37550074701105,-0.00225530666561233
1.37927586128333,-0.00210129240066311
1.38326905561728,-0.00192492133195165
1.38751078442311,-0.00172065567664838
1.39173804260641,-0.00149590327995588
1.39554489281732,-0.00127044360423005
1.39907389566662,-0.00103646371294234
1.40236282742381,-0.000790260046004968
1.4054256153804,-0.000528743271442781
1.40828251571968,-0.000247585360794641
1.41095966377815,5.89345358391753e-05
1.41348792660114,0.000398041898724107
1.41590749901598,0.000779468211603974
1.41827150751034,0.00121686083961665
1.42066013789612,0.00173182662312728
1.42323646543097,0.00236945729369583
1.42537335716176,0.00294802846557838
1.42751024889255,0.0035435385460932
1.42944890612962,0.00406953041426802
1.4313995468162,0.00455916971125017
1.43362225967215,0.00504753395762801
1.43651865754094,0.00556369635686264
1.43885376518361,0.00589609607684149
1.44118887282629,0.00618277155439518
1.44338896317796,0.00643977969597404
1.44560656023642,0.00671310953294776
1.4479470163276,0.0070431379492445
1.45038961764432,0.00745842627868923
1.45291818844027,0.00798924959930734
1.45547390921338,0.00865445942429535
1.45795597561073,0.00944887632334259
1.4602901917855,0.0103544452519553
1.46250909627711,0.0113846173616249
1.46461306140695,0.0125434782063643
1.46660772797891,0.0138385610293887
1.46850286857694,0.0152824034443089
1.47030831071366,0.0168913908682244
1.47203201175205,0.0186844203005851
1.47368170313232,0.0206844262072128
1.47526367345636,0.0229172924747127
1.47678409829646,0.0254136841537008
1.4782484179045,0.0282087346258263
1.4796621459281,0.0313441355672223
1.48103061076244,0.0348689212518287
1.48235927270814,0.0388417712778378
1.48365403095663,0.0433343623664863
1.48492135675025,0.0484354813527236
1.48616881039789,0.0542583834952528
1.48740585508883,0.0609532505355283
1.48864522186065,0.0687294225933294
1.48990600552996,0.0779024417063215
1.4912133288156,0.0889366506264929
1.49253084678905,0.101785669881833
1.49388737641841,0.116924051914761
1.49534057193467,0.135218543655618
1.49641393788275,0.149885273712148
1.49748730383082,0.165162222697027
1.49845671547669,0.179037453019425
1.49934952120333,0.191393001347916
1.50019417406151,0.202203445318513
1.50100811267688,0.211293519444434
1.50180365826294,0.218388790986565
1.50259121131488,0.22313285597791
1.50338152706126,0.225075524861534
1.50418877553909,0.223617889349164
1.50503963577803,0.21781364118145
1.5059667778112,0.20608839576094
1.50691227929828,0.188239039240196
1.50759728127123,0.171832563171601
1.50828228324418,0.152948028148057
1.50888369076796,0.134808016324221
1.50941833789936,0.11790178737905
1.50991139806149,0.102037625544123
1.51037778446564,0.0871093667719574
1.51082743996844,0.0730568580818037
1.51126822508664,0.0598301325854135
1.51170756335826,0.0473712841286385
1.51215415008439,0.0355947802260873
1.51262150156549,0.0243403920513435
1.51314146899502,0.0131797517281465
1.51359013739526,0.00471426218714495
1.51394405384367,-0.00121889641493589
1.51429797029207,-0.00652224671895727
1.51462481928478,-0.0108888571420167
1.51494498859592,-0.0147011894869176
1.51528999349588,-0.018329074812032
1.51565755276949,-0.0216891338765421
1.51604647760929,-0.0247288553883585
1.51645691554224,-0.0274210815272761
1.51688991722995,-0.0297535166020884
1.51734721214163,-0.0317029278035963
1.5178433861462,-0.0332585417148095
1.51833956015076,-0.0343211667881087
1.51885405559704,-0.0349921137693745
1.51940311244462,-0.0353119912428721
1.51999127207387,-0.0352890763951021
1.52062383842772,-0.034931127560578
1.52130907485456,-0.0342427753408845
1.52205539541683,-0.0332267244073095
1.52287312785494,-0.0318838213887718
1.52377556592157,-0.0302120069333021
1.52478063209019,-0.0282044239720385
1.52591439217793,-0.0258449667073662
1.52715452421609,-0.0232327140011281
1.52832896920904,-0.0207863189653175
1.52944373203443,-0.0185255131411258
1.53050493705128,-0.0164506476538472
1.53151636227407,-0.0145567066323148
1.53248033912614,-0.0128358013264768
1.53341823424179,-0.0112455264272769
1.53437758154029,-0.00970815407512767
1.53536009209077,-0.00822938739100656
1.53636817337647,-0.00681376537286464
1.53740453599929,-0.00546547956920704
1.53847229931363,-0.00418834164519332
1.53957511781187,-0.00298574797329675
1.54071734575042,-0.00186063518759795
1.54190425928197,-0.000815426345060391
1.54314236669533,0.000148033294851815
1.54443985772862,0.00102855450641792
1.54580728144436,0.00182570290588604
1.54725861973479,0.00253993204917858
1.54881309274184,0.00317277793132238
1.55046481205294,0.00371730156181089
1.55216101250594,0.00416280728416106
1.55392154343742,0.00452757136809994
1.5557683103164,0.00482787424163082
1.55773040559595,0.00507949086270375
1.55984894051771,0.00529849133645207
1.56218715864956,0.00550261476526272
1.56485524125713,0.00571425786318142
1.56809181828744,0.00596968116312565
1.57188514826567,0.00629323276654153
1.5759431971335,0.0066827926902321
1.58036261350682,0.00716161259588476
1.5846289424547,0.00767613535821251
1.58888307442299,0.00823851082584031
1.59309060191494,0.00884439803090685
1.59726219965357,0.00949823383294464
1.60139875579492,0.0102058426928358
1.60550554016573,0.0109757990644428
1.60968406876811,0.0118391408095209
1.61394374469084,0.0128152495257227
1.61832423192677,0.0139349961203293
1.62290250680157,0.0152472185391453
1.62787433824238,0.0168521063125689
1.63386824843021,0.0190382201709574
1.63789622831078,0.0206370928449835
1.64192420819135,0.0222845288997034
1.64538250736213,0.0236708753054239
1.6484869060815,0.024823626810536
1.65144127685044,0.0257725403830359
1.65437415793684,0.0265064484483172
1.65720515240359,0.0269640109870274
1.66005988238372,0.0271367071605601
1.663123247667,0.0269792094615644
1.66688518186258,0.0263136758410512
1.67049359845343,0.0252480931418783
1.67360509717523,0.0240662911771138
1.67622400934818,0.0229357513786657
1.67863481778044,0.0218219442366093
1.68094568720571,0.0207156275904748
1.68320590777217,0.0196182863829864
1.68544445812723,0.0185337988056182
1.68768110716049,0.0174665045303561
1.68993071038521,0.0164206805808855
1.69220517734498,0.0154004178910141
1.6945146630951,0.0144095372965224
1.69686814761163,0.0134516194211179
1.69927398523664,0.0125299606403341
1.70174009538665,0.011647629949403
1.70427431529749,0.0108074360699216
1.70688449973785,0.0100119782993325
1.70957872590256,0.00926365395802012
1.7123655077982,0.00856467380473386
1.71525383391066,0.00791713219983747
1.71825345217349,0.00732302379661876
1.7213750544498,0.00678430826050634
1.72463036972543,0.0063030009302463
1.72809594184221,0.00587410861441847
1.7318266147358,0.00550074520858425
1.73585506501515,0.00519115572055603
1.74021995116095,0.00495436175517421
1.74496609636251,0.00479969053182881
1.75014550796975,0.00473479770895785
1.75581798690715,0.00476008721562997
1.76127148524192,0.00484129670240884
1.76577087058813,0.00491331304350387
1.76974493887808,0.00494828566981755
1.77344558957787,0.00492816792225025
1.7770334707036,0.00483409984914236
1.78065526961898,0.00464073861905672
1.7845109529654,0.00430916315060554
1.78877166574271,0.00378082380909472
1.79343678823206,0.0030032191123772
1.79459475740787,0.00278012777347685
1.79575272658367,0.00255537234742268
1.79714256697298,0.00230105838736846
1.80016971604713,0.00179844373983667
1.80345113046002,0.00131478325345125
1.80700310166726,0.000841663735912283
1.8108842900165,0.000365660528513681
1.81458517394217,-6.03325673458319e-05
1.81803759854428,-0.000438841093026686
1.82125912072785,-0.000777051933101046
1.82426951414096,-0.00107920276689244
1.82708800677464,-0.00134801065227561
1.82973360423238,-0.00158564488575528
1.83222549199785,-0.00179421766185859
1.83458351875772,-0.00197597795629329
1.83682876677685,-0.00213332582677911
1.83898489736167,-0.00226876648321708
1.84108077849439,-0.00238484516195874
1.84315642050102,-0.00248411690893152
1.84527959027489,-0.00256925018574679
1.84761226218408,-0.00264371222888016
1.84978348596527,-0.00269548271590044
1.85195470974645,-0.00273102763338333
1.85369581167368,-0.00274840791729666
1.85522270329498,-0.002755960174932
1.85669584767742,-0.00275682230393882
1.85820864179635,-0.00275153474403761
1.85986784440748,-0.00273902399409615
1.86189628452299,-0.00271495402701321
1.86552411418256,-0.00265071102265181
1.86897701644048,-0.00256816958250298
1.87194637600034,-0.00248349486412143
1.87508229777699,-0.00238288919840135
1.87845028354913,-0.00226471754136198
1.88168091306157,-0.00214402440100471
1.88487064124064,-0.0020199632725925
1.88817717592801,-0.00188796025412694
1.8917183292001,-0.00174409419592907
1.89555909889669,-0.00158602020936727
1.89973809953021,-0.00141190505022507
1.90427554014682,-0.00121976879073165
1.90919730349781,-0.00100574317609067
1.91444784091739,-0.000766650513946794
1.91930970945972,-0.000528483931145161
1.92378085131333,-0.000287078498838754
1.92789034646103,-3.67064912375376e-05
1.93166778643191,0.000228972557678339
1.93514573797179,0.000519547989269119
1.93835609357803,0.000840809895659009
1.94133638723073,0.00119987063863724
1.94412610997903,0.00160584116455063
1.94677393254888,0.00207106897094766
1.94934219825585,0.00261299851571513
1.95192082065965,0.00325876568153143
1.95467610572169,0.00406037986417091
1.95686516025472,0.00476304699557174
1.95905421478775,0.00549592425340772
1.96111173050129,0.00618491419561706
1.96331829225544,0.00690028021324918
1.96644544419515,0.00785742201856893
1.96861019635447,0.0084936923924444
1.97077494851379,0.00913556133992989
1.97272740378826,0.00974701935143886
1.97461895691613,0.0103964956947713
1.97650018769488,0.011125918648097
1.97836226147429,0.0119587985952611
1.98021652597783,0.0129287626489084
1.9820285085666,0.0140455816957419
1.98379262530581,0.0153298864400154
1.98549272911987,0.0167914877893097
1.98712529352299,0.018445796325106
1.98868876427525,0.0203087181237363
1.99018531799023,0.0224004459769644
1.99161818806878,0.0247445657891887
1.99299174018821,0.0273697829620806
1.99431011399784,0.0303089834220983
1.99557784043705,0.033601492839841
1.99679916992316,0.0372928530563194
1.99797822046061,0.0414362376653986
1.99911920654232,0.0460947778583343
2.00022629645621,0.0513431574808941
2.00130376780364,0.0572708312416615
2.00235616558151,0.0639864968010006
2.00338846763512,0.0716243205194515
2.00440631899308,0.0803531136606287
2.00541644794319,0.0903910431784623
2.00642733519923,0.102029939859857
2.00745050377997,0.115679902251982
2.00850308564585,0.131958347454932
2.00956833025763,0.151019761347756
2.0106466944508,0.173213729558544
2.01175699002525,0.199275322140197
2.01293021601238,0.230340724748862
2.01412730293043,0.265415656709824
2.01520326846244,0.299132272645047
2.01612643535403,0.328834080524193
2.01695953747355,0.355326651441671
2.0177364520857,0.378819594806148
2.01847872267722,0.399201404248785
2.01920368335612,0.416172841357452
2.01992758511099,0.429227236806026
2.02066770168381,0.43755629768888
2.02144482005903,0.439859832505832
2.0222875448802,0.43394913950156
2.02315897924778,0.417875642285873
2.02404625405821,0.390654116890033
2.02496053876775,0.351117822977615
2.02563971756576,0.314576737567324
2.02631889636378,0.27268881941259
2.02688597462482,0.234544132130377
2.02735927026677,0.201351601492877
2.02777592631672,0.171808410829061
2.02815717241969,0.145078777721626
2.02851575716307,0.120667270433681
2.02886066301605,0.098234246612459
2.02919944499818,0.0775056749283368
2.02954004802232,0.0582108986205812
2.02989386016849,0.0399873277335267
2.03028672897819,0.0220409528121788
2.03062028574023,0.00870746689082123
2.03084008987301,0.0008532129669421
2.0310598940058,-0.00628972793297016
2.03126520399402,-0.0123473834836742
2.03147614421821,-0.0179853506271176
2.03170865566451,-0.0235537884627375
2.03195942108562,-0.0288525373904447
2.03226823100866,-0.0344456002236265
2.0325512316049,-0.0387607109290387
2.03284967701189,-0.0425716087377835
2.03316559809833,-0.0458826484470316
2.03350068351956,-0.0486945449306754
2.03385711312672,-0.0510143462894825
2.03423760819614,-0.0528528047615841
2.03464551230785,-0.0542223543921268
2.03508492194526,-0.0551355327654086
2.03556088108043,-0.0556036032775859
2.03607966769424,-0.055635183561306
2.03664922472512,-0.0552346751961415
2.03728117553635,-0.0543980866323835
2.03799016844976,-0.0531106193751685
2.0387967429788,-0.051341614974892
2.03973276541696,-0.0490310480202912
2.04085609614486,-0.0460516346534658
2.04224838109148,-0.0422234137918835
2.04358503658267,-0.0385231549429349
2.04487460020687,-0.0350037925648526
2.04612132767802,-0.0316898729717224
2.0473272510479,-0.0285925352669871
2.04849324996231,-0.0257153447991843
2.04961960867062,-0.0230569713415567
2.05070630784728,-0.020612649027271
2.05175317636649,-0.0183751159733775
2.05275996576585,-0.0163353060150646
2.05372637974298,-0.0144829045491919
2.05465207587681,-0.0128068138991845
2.05557141616531,-0.0112379794369554
2.05651418944959,-0.00972823216143853
2.05748196960769,-0.0082821140293364
2.05847687860239,-0.00690356163118618
2.0595014021145,-0.00559630618400239
2.06055848248024,-0.00436382058947492
2.06165163834118,-0.00320926699556911
2.06278512562575,-0.00213544134655577
2.06396415926647,-0.0011447145613055
2.06519522704903,-0.000238969637347171
2.06648654850381,0.00058046764815667
2.06784877255488,0.00131290779602733
2.06929609032777,0.00195839298824182
2.07084812148725,0.00251782409401632
2.07247916388573,0.00297975179209363
2.07415744096642,0.00334371401452371
2.07590132599074,0.00362627499618137
2.0777322903695,0.00384239516706431
2.07967907392889,0.00400632705845398
2.08178253112543,0.00413215595680529
2.08410579735627,0.00423468105449294
2.08675939226782,0.00433124996826599
2.08998453617076,0.00444726611959972
2.0937264154728,0.00460372618142861
2.09773855176798,0.00480911302613759
2.10202338445489,0.00507129762404253
2.10651063158116,0.0053865641129335
2.11123942431265,0.0057561021711775
2.11581340539666,0.00614613042668704
2.1203628096663,0.00656506338759441
2.12485607617904,0.00701147887610055
2.12931255590839,0.00749024018599953
2.13373534472479,0.00800580862282642
2.13812769795325,0.00856337319326887
2.14248388523728,0.00916760685863274
2.14680002711206,0.00982395545690593
2.15107534184406,0.010539072958618
2.15530643915847,0.0113201194795909
2.15951451996142,0.0121804786495872
2.16377441720003,0.0131497012143805
2.16809151304062,0.0142488946082375
2.17250809979001,0.0155142065097193
2.17711000367301,0.0170057978139214
2.18211824280429,0.0188531042791346
2.18746099501565,0.0210938793602093
2.19155228836071,0.0229832216429828
2.19564358170578,0.0249755087282
2.19911165119649,0.0266823242606623
2.20221633304841,0.0281573504672557
2.20516821104831,0.0294470534786491
2.20809966304068,0.0305530338789151
2.21092722247015,0.0313970971199599
2.21377574231089,0.0319797835314915
2.21682739865175,0.0322712311293119
2.21990916678928,0.0321997140391182
2.22264247535809,0.0318290395357127
2.22516974974233,0.0312364512269003
2.22759950443576,0.0304490103899932
2.23001971590817,0.0294618135973377
2.23241465216827,0.0282962190462791
2.23472050947194,0.0270090236943361
2.23697636440248,0.0256083069742007
2.23921058283557,0.0241016303045117
2.24144284458976,0.0224995565652544
2.2436879640287,0.0208157150848928
2.24595786676227,0.0190663919310639
2.24711029822642,0.0181688494024173
2.24826272969056,0.0172888640556806
2.25058800511867,0.0156139366520347
2.25298837370774,0.0140164177937817
2.2554497125195,0.0125051865127021
2.25797966227241,0.0110737850325875
2.26058643100159,0.00971624212924272
2.26327858924108,0.00842712593976491
2.2660652794927,0.00720141269714925
2.26895640202485,0.0060344765091118
2.27196290475787,0.00492217020702764
2.27509708311005,0.00386108734328244
2.2783729249417,0.00284904458442586
2.28158610989092,0.00194481582341315
2.2846100781449,0.0011691743624862
2.28745064860198,0.000504945561972189
2.29012170927611,-6.34283173641878e-05
2.29264106827213,-0.000549572711903178
2.29502955601755,-0.00096551569274276
2.29731087442776,-0.00132191369213978
2.29951286228009,-0.00162827985117806
2.30167141538415,-0.00189330122021577
2.30384105206414,-0.00212543672618483
2.30612997417815,-0.00233463717888824
2.30891052689755,-0.0025424088779425
2.3107557302468,-0.00265421880440535
2.31260093359606,-0.0027468591303705
2.31425957475034,-0.00281497878517103
2.31580079263533,-0.00286639255023335
2.31733235867229,-0.00290351142698342
2.31894875352092,-0.00292748517096896
2.32079299122446,-0.00293862891575426
2.3232788634578,-0.00293118525439568
2.32638706251922,-0.00289342530425485
2.32916838815211,-0.00283906396247373
2.33186116997843,-0.00277225734615922
2.33485987493746,-0.00268506077829882
2.33800362963723,-0.0025823757089946
2.34108512895844,-0.0024732128006191
2.34415295701054,-0.00235833849462742
2.34731901994103,-0.00223506177798416
2.35067950366583,-0.00210039893170571
2.3543286050925,-0.00195086032733932
2.3583143488192,-0.00178436637038024
2.36265949364429,-0.0015993170897963
2.36739530854723,-0.00139267058902828
2.37255660767071,-0.00115905804040256
2.3772538859913,-0.000934165256870509
2.3815993713862,-0.000710358318971459
2.38563006256328,-0.000482844118650892
2.38937344850156,-0.000245292286138491
2.39285126206906,8.74444928689839e-06
2.3960837510945,0.000282782853865022
2.39909912694092,0.00058204079893245
2.40192874408824,0.000913297397856315
2.40460933622459,0.00128518470001383
2.40718943723979,0.00170950353693398
2.40973499200963,0.00220311620514785
2.41235710481721,0.00279489978602988
2.41530857809932,0.00355051661202052
2.41797245693608,0.00427907030478196
2.42010822550652,0.00485972653963145
2.42221644230097,0.0054018337602755
2.42463875813524,0.0059654146068075
2.4278188333378,0.00660479553147111
2.43067882701951,0.00711166819743736
2.43297824127883,0.00750766415697129
2.43516767240411,0.00790563873515054
2.43737596567273,0.00835494771244076
2.4395890043004,0.00887954909751483
2.44180193454151,0.00950401066350837
2.44398878001555,0.0102446945695452
2.44613054910693,0.0111156419332303
2.44820787873007,0.012126421957175
2.45020360859891,0.0132826750689593
2.45210938758663,0.014590563190879
2.45392530685901,0.0160598677890787
2.45565692700627,0.0177055249781025
2.45730961272316,0.019544931894375
2.45889003290596,0.0216003007300823
2.46040398529248,0.0238971200105882
2.46185702726741,0.026465299091392
2.46325453967701,0.0293400032138558
2.46460146375646,0.0325619363273269
2.46590269450567,0.0361791065024349
2.46716314994722,0.0402485295061307
2.46838781171584,0.0448383389415633
2.469581909702,0.0500311039935224
2.47075132479539,0.0559295586548962
2.47190278645332,0.0626637961433277
2.47304453193393,0.0704043715408104
2.47418739551345,0.0793852697681229
2.47534706993399,0.0899498603173677
2.47654943200661,0.102657131712085
2.4777601784587,0.117456972376771
2.47899718495623,0.134801674721659
2.48029776525896,0.155478057217899
2.48141304151472,0.175021049657608
2.48252831777048,0.195835681944821
2.48351820885505,0.214840627871135
2.48441939116309,0.231984534180952
2.48526716169722,0.247361768116617
2.48608083122885,0.260803021252676
2.4868727806495,0.271994166237358
2.48765246606426,0.280522512104008
2.48842842903483,0.285882759529306
2.4892099190949,0.28745401793356
2.49000936896095,0.284427520469924
2.49085175952604,0.275539458300519
2.49175485058278,0.259007624374069
2.49267460482921,0.234603280552526
2.49332862503169,0.212891910099921
2.49398264523417,0.188100377391403
2.49455194336561,0.164615458855178
2.49505093165879,0.143127872837067
2.49550608987406,0.123258691784319
2.49593307542974,0.104775918122595
2.496342107472,0.0875383930739448
2.49674106973106,0.0714366730057984
2.4971372276222,0.0563633392898851
2.49753892372739,0.0421844112624466
2.49795903197493,0.0286764126539688
2.49842840670082,0.0152673816633809
2.49881289178733,0.00561674937958518
2.49910678429044,-0.000969741013619209
2.49940067679355,-0.00689906365166177
2.49967341418029,-0.0118419474100928
2.49994951458643,-0.0163283079790134
2.50024879678358,-0.020642004519499
2.50056857244694,-0.0246682854372421
2.50090751094785,-0.0283376812999133
2.50126560169012,-0.0316142319977754
2.50164372021223,-0.034468503770783
2.50211968108241,-0.0372612258243497
2.50253429589434,-0.0390745335720611
2.50297384878931,-0.0404714561182849
2.50344246279055,-0.0414651831328766
2.50394397120152,-0.0420648648710421
2.50448297413566,-0.0422793584412176
2.50506502975283,-0.0421164130938872
2.50569747504124,-0.0415812539497414
2.50639024256181,-0.0406739001460287
2.50715468499128,-0.0393901978124851
2.50800581303216,-0.0377197830092942
2.50896455468758,-0.0356421883760214
2.51006271891658,-0.033118009545405
2.51135677944713,-0.0300629728630693
2.51260622344283,-0.0271146305614188
2.51379855801382,-0.0243565089369925
2.51493971345265,-0.0217995148348193
2.51603338449216,-0.0194443880957949
2.51708173958731,-0.0172867756134082
2.51808605585696,-0.015319232019736
2.51904706123098,-0.0135324054764142
2.51996511388967,-0.0119158323095429
2.52090305040435,-0.0103572091574712
2.52186434773083,-0.00885806010779083
2.52285106940877,-0.00742267699734704
2.52386560190392,-0.00605507695643264
2.52491072290696,-0.00475898988483243
2.52598970822039,-0.00353781389930751
2.52710647207457,-0.00239456534442681
2.52826575652517,-0.00133182274832018
2.52947339440356,-0.00035166462229022
2.53073668602402,0.000544401601873246
2.53206495884029,0.00135552374196007
2.53347043589444,0.00208160948001403
2.53496965797875,0.00272346808534266
2.53658597897176,0.00328302213595998
2.53824632017568,0.00373774442321789
2.53996290975944,0.00410384079250683
2.54175508100754,0.00439749730015332
2.54364779925612,0.00463403507280298
2.54567534652443,0.00482853124650153
2.54788832784366,0.00499670795336692
2.55036940511282,0.00515661562632134
2.55327739051727,0.00533291018455532
2.55703682417415,0.00557423204545181
2.56087886206718,0.0058552163514788
2.56522811087042,0.0062221727662754
2.56970737388538,0.00665165525513651
2.574090650462,0.00711788912863908
2.57845099371008,0.00762398213733716
2.58277398392969,0.0081680385111436
2.58706885276246,0.00875380836053134
2.59133637819116,0.00938627427360577
2.59557665576705,0.0100718548099536
2.59978693073041,0.0108176428442965
2.603989725911,0.0116367933181484
2.60825425522271,0.0125561130069653
2.61257953376725,0.0135933482283714
2.61700688645455,0.0147807783687961
2.62162977903665,0.0161744921039379
2.62669360950975,0.017898812803755
2.63256914383691,0.0201592654499864
2.63643461575195,0.0217719825771944
2.64030008766699,0.0234300108831864
2.64368156596968,0.0248532217012651
2.64675130802182,0.0260556482962037
2.64969330647034,0.0270620325583679
2.65259979641226,0.0278535844557159
2.65542143601116,0.0283785757233162
2.65828716369752,0.02863099763393
2.66139782258893,0.0285694679438176
2.66536262246017,0.0280108124030863
2.66886325611074,0.0271415484725018
2.67184644378879,0.0261949817178404
2.6744151423,0.0252791235959484
2.67680121612209,0.0243805104887713
2.67909716362121,0.0234989748086836
2.68134760967279,0.0226396828633996
2.68357958805624,0.0218084157433443
2.6858118658429,0.0210103066913121
2.68805869992254,0.020249247421923
2.69033165081349,0.0195273323304781
2.69264063461739,0.0188441348351002
2.69499452131526,0.0181957896341235
2.69740159349564,0.017573848755739
2.69986980503952,0.0169640652463892
2.70240706502328,0.0163453272290286
2.70489169078069,0.01572270227022
2.7073640845258,0.0150615248049697
2.7099265626593,0.0143081767317145
2.71275114490418,0.013375075977555
2.71573596933922,0.0122589549394644
2.71884444531448,0.0109592866612867
2.72192220163656,0.00955873568900849
2.72352129430029,0.0087984608519246
2.72440990765489,0.00836939864649728
2.72529852100949,0.0079470526224817
2.72788513430724,0.00681173249782242
2.73056680410514,0.00576482055005734
2.73339900366726,0.00477971377043514
2.73641277572905,0.00384461483968936
2.7396445186501,0.00294867329129446
2.7431393195136,0.00208114471782014
2.74687096757076,0.00124881770453336
2.75038546931056,0.000537466389313285
2.75368531173116,-7.64316941857075e-05
2.75678484645613,-0.00061063449356716
2.7596972074988,-0.00107716838087804
2.7624359472639,-0.00148468353096617
2.76501649329804,-0.0018400079599264
2.76745673148999,-0.00214658282734938
2.76977716730224,-0.00240531464300741
2.77200147967868,-0.00262398007280928
2.77415857363343,-0.00280942043849879
2.7762879452476,-0.00296731974750425
2.77845433356749,-0.00310283865997764
2.78080409069494,-0.00322193705615599
2.7831449686387,-0.00331280765569815
2.78494935119466,-0.00336482540124331
2.78675373375062,-0.00340200696812414
2.78835991624799,-0.00342333505532448
2.78987449591781,-0.00343391542670578
2.79139802094643,-0.00343582575458507
2.79302741638655,-0.00342886034565557
2.79492732779279,-0.0034099469147549
2.79767769349999,-0.0033642253572361
2.80085243501964,-0.00328833629159798
2.80361004456373,-0.0032057021180872
2.8063597185984,-0.00311064370597657
2.80947812416175,-0.00299053808106403
2.81255278724173,-0.00286222779732999
2.81556860559516,-0.00272946310664399
2.81859606257773,-0.0025915245347974
2.82173592760363,-0.00244537406580879
2.82506802119782,-0.00228832080636374
2.82866958968169,-0.00211740987706395
2.8325729580766,-0.00193144339161008
2.83679519051904,-0.00172936059725655
2.84136291224846,-0.00150854296060599
2.8463097734032,-0.00126397883757361
2.85109307415635,-0.00101708972567806
2.85551978047649,-0.000773110206658008
2.85961644749141,-0.000526640915595597
2.86340849787868,-0.000272196985602029
2.86692175486853,-2.80077430818021e-06
2.87018182514524,0.000289304213074058
2.87321547761389,0.000609457282397287
2.87605746369377,0.000964932598574056
2.87874725040258,0.00136516517348039
2.88133408618535,0.00182283439688623
2.88388779141797,0.00235672911061058
2.88652541638862,0.00299927867665783
2.88951101107332,0.00382412411095329
2.89205555304056,0.00457359630323699
2.89415689634718,0.00519034755607862
2.89628036993001,0.0057846867432979
2.89881748929516,0.00643657787860485
2.90140844065146,0.00703751578053095
2.90399939200775,0.00759726786794321
2.90623692362376,0.00807925669755898
2.90834310951185,0.00856167179464826
2.91040293452102,0.00908743951844893
2.9124616823827,0.00969229557722448
2.914504128626,0.0103966977252068
2.91653434588348,0.0112268579233029
2.91853319857592,0.0121997544195158
2.92047435652398,0.0133239318323989
2.92233988742891,0.0146055666092712
2.92412547139862,0.0160552286706637
2.9258304397423,0.0176850238926096
2.9274584781123,0.0195115378501307
2.92901452822404,0.0215551350934189
2.93050400532564,0.0238403433875007
2.93193202635443,0.0263956588998183
2.93330382616338,0.0292549847499948
2.93462416355409,0.0324574120017422
2.93589775725969,0.0360489974781872
2.9371292162406,0.0400839357484835
2.9383231176255,0.0446264103951214
2.93948416994805,0.0497533904417697
2.9406174310627,0.0555587892399731
2.9417284417741,0.062158812334849
2.9428235941462,0.0697008449113335
2.9439106956095,0.078377869155456
2.94499998408782,0.0884539829705378
2.94610606833303,0.100313392420342
2.94725252144711,0.11457144165908
2.94840464626145,0.131141030009472
2.94957973740813,0.15052902133206
2.95080845681015,0.173540324925706
2.95215285126708,0.201688120131306
2.95330468080391,0.227715552406449
2.95428349994322,0.250542747323655
2.9551748855753,0.271200117734836
2.95601442214533,0.289827957858965
2.95682016506425,0.306212157524785
2.95760419559637,0.319988460388472
2.95837639997917,0.330688614186971
2.95914613537134,0.337732166145004
2.95992335145191,0.340385452637199
2.96072015351659,0.337678670164399
2.96155716797953,0.328171756708246
2.96245068862503,0.309845454811241
2.96335657110069,0.282359010505458
2.96405868647809,0.255107092639323
2.96476080185549,0.223292918397085
2.96534306851505,0.194208462350255
2.9658375006336,0.168278520498876
2.96628003415032,0.144676508843328
2.96668983872213,0.122955024163941
2.96707855261947,0.102858901220087
2.96745462373968,0.0842068093029298
2.96782535637424,0.0668410259886975
2.9681985478527,0.0505910572780752
2.96858525814251,0.0352116211851499
2.96900916691415,0.0201650163427351
2.96942026949307,0.00740812358453867
2.96968284253612,0.000186346447043451
2.96994541557917,-0.00634237587049463
2.97018950633814,-0.0118182781991705
2.97043554291321,-0.0167906874513803
2.97070430731162,-0.0216341557118374
2.97099271735558,-0.0261991384839848
2.9712991008766,-0.0303938779164434
2.97162317879189,-0.034157767977966
2.97197510261673,-0.0375338656990385
2.97233006991361,-0.040284502967529
2.97270590955534,-0.0425808913971615
2.97310518813753,-0.0444310673929121
2.97353079588274,-0.0458439947481904
2.97398624452696,-0.0468298797271584
2.97447579069841,-0.0473989216252295
2.97500461386255,-0.0475602249838407
2.97557907453434,-0.0473207506486653
2.97620792837395,-0.0466831131087236
2.97690251720468,-0.0456430138335628
2.97767689907009,-0.0441889219065665
2.97855060304707,-0.0422977090641221
2.97955295973243,-0.0399254862996231
2.98073449419369,-0.0369828850639091
2.98205814340305,-0.0336219681923148
2.98332480462717,-0.0304245881683327
2.98454024055806,-0.0274252686995381
2.98570898148721,-0.0246349925114305
2.98683352280467,-0.0220558575105418
2.98791522560967,-0.0196847440305116
2.98895481385942,-0.0175151792723986
2.98995263641964,-0.0155384796746178
2.99090880237402,-0.0137445379596396
2.9918232445701,-0.0121224088567073
2.99275486659652,-0.0105648031730937
2.99371012105276,-0.00906743455006454
2.99469094896027,-0.00763451211220988
2.99569964713745,-0.00626996385325227
2.99673890484955,-0.00497746587290935
2.99781190650723,-0.00376039364387198
2.99892246693611,-0.0026217696128428
3.00007521442267,-0.00156420645967173
3.00127584495554,-0.000589845545353962
3.00253148607757,0.000299711647452851
3.00385123625639,0.00110348162694752
3.00524699911373,0.00182119369049217
3.00673484343475,0.00245341293978601
3.00833737500846,0.00300171784381099
3.00998861964402,0.00344563142614967
3.01169454309297,0.00379900442724237
3.01347406600371,0.00407785529279595
3.01535132865289,0.00429720171696793
3.01735932635073,0.00447165943067942
3.01954640451091,0.00461619312203449
3.02199062458132,0.00474748294222449
3.02483892850177,0.00488723963281984
3.02846563669579,0.00507474419198292
3.03227205884437,0.00530232770580954
3.0365312963173,0.00560174283977218
3.04119054892804,0.00597988798633459
3.04565210451892,0.0063855801087348
3.05011057884896,0.0068288650781548
3.0545156436343,0.0073031668837126
3.05888926279024,0.0078118930403582
3.06323152505205,0.00835853382106586
3.06754670068678,0.00894853325407584
3.07183417007906,0.00958774361424051
3.07608928865984,0.0102821953020163
3.08030282930547,0.0110377935395706
3.08452633071328,0.0118734871757646
3.08880020909621,0.0128114378075812
3.09314470171228,0.0138747382245434
3.0976128166356,0.0151006349605989
3.10232181144048,0.0165559506495035
3.10761217731094,0.0184062697383968
3.11332915715505,0.0206514790809906
3.11697845312951,0.022183424721567
3.12062774910396,0.0237358134064689
3.12389626309302,0.0250798200313798
3.12691661768647,0.0262159145131457
3.1298477140508,0.0271555212009587
3.13271999230314,0.0278608047888079
3.13553891476618,0.0282984334080059
3.13844320490204,0.0284545834970504
3.14167746926928,0.0282675693878521
3.14567229520314,0.0275513787963476
3.14903722296949,0.0266070868986365
3.15187756082464,0.0256337655878797
3.15438787908639,0.0246850495216927
3.15674645096447,0.0237508403373733
3.15902827795006,0.0228325788262972
3.1612722213831,0.0219355400881583
3.16350278661736,0.0210654923201637
3.16573742202793,0.0202277779541093
3.167989608202,0.0194269096925165
3.17027044633181,0.0186661920308525
3.17258955851219,0.0179472399181955
3.17495565522462,0.017269318397676
3.17737693057198,0.0166284647512433
3.17986132746682,0.0160164090360055
3.18241679563484,0.0154193625956787
3.18505144771978,0.0148169436344836
3.18769085378006,0.0142014651523549
3.19031690487092,0.013551082895395
3.19304104939724,0.0128110789639688
3.19605343858233,0.0118919696896946
3.19920356586006,0.0108042806082757
3.20249443869225,0.00953471796209507
3.20570280343441,0.0081896123027827
3.20710156536503,0.00757883839692795
3.20850032729565,0.00697837216314448
3.21001541362011,0.00636923862757937
3.21269359106201,0.00538767386582013
3.21554956329427,0.00445523289695273
3.21859190892026,0.00356873982323314
3.2218573556246,0.00271714585890552
3.22539231607032,0.00188940493051031
3.22902653482476,0.00112066598736366
3.23243789243697,0.000461275460999381
3.23563444368385,-0.000109978999907772
3.2386333151718,-0.00060887968451877
3.24145106392181,-0.00104636507303862
3.24410457748419,-0.00143045519983659
3.24661197417833,-0.00176336761660021
3.24899327351546,-0.00204757678511786
3.25127131992022,-0.00229140478198656
3.25347372009669,-0.00250162079698886
3.25563706408273,-0.00268384319490962
3.25781853710542,-0.00284327383715044
3.26013626561173,-0.00298603126024214
3.26303695424811,-0.00312667457111045
3.26484157841121,-0.00319348925823987
3.26664620257432,-0.00324510828082021
3.2682821968979,-0.00327936414789432
3.2698200735571,-0.00330125006008522
3.27136154558413,-0.00331371783958136
3.27300360841486,-0.00331722609933772
3.27490564453065,-0.00330962516409575
3.27759531945707,-0.00327962526795494
3.28086923394005,-0.0032167657306662
3.28369639469758,-0.0031429535067396
3.28647591925555,-0.00305586272310429
3.2896033372644,-0.00294393021846354
3.29267915562509,-0.00282258249486742
3.29569796443105,-0.00269544311368539
3.29872926190545,-0.00256214360289673
3.30186891139109,-0.00242011367357358
3.30518661242723,-0.00226726306343675
3.30875519964784,-0.00210092027440342
3.31260488177834,-0.00191999780270978
3.31675242609666,-0.00172348301743813
3.32122291188479,-0.00150896728475892
3.32604854128653,-0.00127184880263148
3.33090211710292,-0.00102285060865194
3.33539673830635,-0.000776385211107094
3.3395460768276,-0.000527687471646301
3.34338059866003,-0.000270978105956255
3.34692960607599,-2.38428228297899e-07
3.35021932029684,0.000292297465308027
3.35328204543386,0.000614639674992532
3.35615187504457,0.000973772336220446
3.3588692358299,0.00137902569591023
3.36148711354217,0.00184355180203896
3.36407777023386,0.00238655594076403
3.3667638267426,0.00304155044156165
3.36983935286974,0.00388922400760714
3.37235617876801,0.00462425598507021
3.37447923110265,0.00523913588583709
3.37666424004746,0.00584088598763804
3.37935509560183,0.00651970078264393
3.38182275400744,0.0070859470944268
3.38429041241305,0.00762197811925653
3.3865198360767,0.00811037321477992
3.38863695009928,0.00860704446648631
3.39070599958836,0.00915042241346555
3.392762324298,0.00977326954620695
3.39480646828457,0.0105003569588849
3.39683277401121,0.0113546142593836
3.39882128676693,0.0123515418607421
3.40074996441433,0.0135006626360658
3.40260205758026,0.0148082634853816
3.40437416331156,0.0162853799220995
3.40606660927248,0.0179451254500328
3.4076830663903,0.0198045681337244
3.40922863169297,0.0218848932145362
3.41070857365034,0.0242112057527646
3.41212801241088,0.0268128693594896
3.41349209032126,0.0297246225220046
3.41480551231882,0.0329865600530068
3.41607300691946,0.0366460850284578
3.41729916785457,0.0407589331357451
3.41848858409115,0.0453912356750374
3.41964604557195,0.0506226702352213
3.42077669077158,0.0565505956353703
3.42188621343079,0.0632960639135278
3.42298124170904,0.0710134128872153
3.42407001059554,0.0799065530456105
3.42516345908615,0.0902573592106807
3.42627756172706,0.102482844925391
3.42742705500383,0.117106459139295
3.42858435997943,0.134108641602274
3.4297696731736,0.154048145283482
3.43101788666884,0.177819295597618
3.43236580838344,0.206362836499906
3.43347080153956,0.231387457169593
3.43442605302854,0.253515962376479
3.43530435267521,0.273571319678161
3.43613570689324,0.291584098540901
3.43693631656982,0.307299671889277
3.43771752798652,0.320330731527697
3.43848892515602,0.330188059937676
3.43925980335279,0.336265727828828
3.44004031461348,0.337794291639857
3.44084335836767,0.333744337927494
3.44169349103286,0.322511809335799
3.44258869421805,0.302382512479039
3.4435001775324,0.272975893716642
3.44415310627599,0.246684518248946
3.44480603501958,0.216646498867179
3.44536717733596,0.188544519265031
3.44585143096009,0.16324521647311
3.44628823435935,0.140135021199214
3.44669470943261,0.118832005807995
3.44708171446249,0.0991043298461513
3.44745737872511,0.080780588615416
3.44782896531557,0.063706082393824
3.44820456335646,0.0477058591365927
3.44859633164577,0.032512283183486
3.44903281026865,0.0174795666659553
3.44939609153348,0.00650168300108518
3.44965806652956,-0.000570939211455757
3.44992004152565,-0.00696454705395299
3.45016377201651,-0.0123314404070385
3.45041342216893,-0.0172796237429027
3.45068545655136,-0.0220793584150257
3.45097692677512,-0.0265885561032425
3.45128633940943,-0.0307218073040602
3.45161353207073,-0.0344208997380198
3.45196181143545,-0.0376708608682385
3.45231959166861,-0.0403658458221195
3.45269857545117,-0.0426091740463921
3.45310128719082,-0.0444083491359947
3.45353067002119,-0.0457724427094434
3.45399029790931,-0.0467116499146778
3.45448450185083,-0.0472360627695483
3.45501855291484,-0.0473545997669487
3.45559892788762,-0.047073964340833
3.45623472925366,-0.046396147379074
3.45693739187921,-0.0453163718455686
3.45772132399253,-0.0438224740121033
3.45860663214713,-0.0418903114258415
3.45962374827359,-0.0394740293819765
3.46082587430976,-0.0364791560313254
3.46214207365047,-0.0331457385573142
3.46340201773032,-0.0299801600274618
3.46461113628115,-0.0270141630919264
3.4657737340617,-0.0242574620871495
3.46689219387449,-0.0217113968583456
3.46796782035662,-0.019372351449966
3.46900130870556,-0.0172335167702492
3.46999299190195,-0.015285984804503
3.4709429678192,-0.0135195091668907
3.47185566586907,-0.0119153799868754
3.47279100198088,-0.0103669199831368
3.47375020043712,-0.00887940303599989
3.47473529511673,-0.00745693412412244
3.47574863938184,-0.00610341032242675
3.47679299326611,-0.00482246831061186
3.47787163019246,-0.00361743574162041
3.47898847854672,-0.00249127847704239
3.48014831396017,-0.00144654317741142
3.48135702752037,-0.000485295066885405
3.48262201154077,0.000390951640846769
3.48395273486065,0.00118131374706299
3.48536163921689,0.00188563686025176
3.48686561420269,0.00250462424827816
3.4884853680785,0.00303908164188496
3.49014399034285,0.00346742583124581
3.4918602986975,0.00380788226784538
3.49365356991375,0.00407618419578376
3.49554907433357,0.00428724157929611
3.49758167766682,0.00445565296640038
3.49980313508628,0.0045965161149581
3.50229863696277,0.00472695877999263
3.50523399399474,0.00487005989089523
3.50898856138728,0.00506687532817085
3.51283778671961,0.00530209515005093
3.51720798636476,0.00561564742421436
3.52180740755199,0.00599461141472225
3.52626899725947,0.00640411542542969
3.53071474762902,0.0068490420748307
3.53511639093031,0.00732535444442036
3.53948928743825,0.00783618807549656
3.54383410244936,0.00838530092943806
3.54815222752203,0.00897788645240119
3.55244022321369,0.00961944220623478
3.5566908590053,0.0103155933623447
3.56089445383461,0.0110721210620136
3.56513127751271,0.0119139055230878
3.56941656852708,0.0128591263272121
3.57378232460324,0.0139340793254499
3.57829212297513,0.0151800222536147
3.58309405266229,0.0166754662982265
3.58866816444889,0.0186412082431699
3.59424052182906,0.020828438274328
3.5977280718787,0.0222664177369819
3.60121562192834,0.0236973772154153
3.60438454383632,0.0249271229124047
3.6073623455037,0.0259545528842577
3.61029243493551,0.0267785047346806
3.61313556198012,0.0273434776980312
3.61596327412401,0.0276329106739762
3.61893265469781,0.0276182529784949
3.62237500320915,0.0271927405614252
3.62628301685079,0.0262312356381076
3.62952753006573,0.0251227056809967
3.63223625468611,0.0240411075989682
3.63468657140624,0.0229807458402292
3.63701513799531,0.0219303904702424
3.63928146022469,0.0208911626416886
3.64151861090436,0.0198674317202382
3.6437483743771,0.018864242764383
3.64598671534633,0.0178866672817356
3.64824622595073,0.0169396389432921
3.65053745995821,0.0160278953603454
3.65286968679046,0.0151559746888574
3.65525140759052,0.0143282007862528
3.65769069131076,0.0135486675117536
3.66019543802515,0.0128211903876339
3.66277360497948,0.012149208545876
3.66543336957723,0.011535618981485
3.66818334814654,0.0109824673521472
3.67103274759616,0.0104904556884524
3.67399158338644,0.0100581288879557
3.67707092964281,0.00968061159178546
3.68028314885369,0.00934774305538554
3.68367158881382,0.0090389214058962
3.68700746217714,0.00874681313817427
3.69016264444723,0.00845056841626663
3.69325660582039,0.00811219948201904
3.6964161533271,0.00769088476895631
3.69983115140925,0.00712494948434688
3.70383144073082,0.00629722079645421
3.70834928197185,0.00515271292803208
3.71026303810709,0.0046091990964611
3.71091646703497,0.00441703062618936
3.71156989596285,0.00422877441418052
3.71430524233259,0.00350026872504334
3.71724406777777,0.00280769174968915
3.72038436100189,0.00214794378963098
3.72376596494521,0.00150860124176374
3.7272563332386,0.000911702009028578
3.730523372877,0.00040675936946488
3.73357793860987,-2.98298845568466e-05
3.73644168085175,-0.000414641082538754
3.73913601288506,-0.000757861715424663
3.74168250287881,-0.0010661146671261
3.74410379363541,-0.00134411796222429
3.74642501270579,-0.00159564877666684
3.74867644990484,-0.00182415355248598
3.75089953300114,-0.00203327733387118
3.75316289040949,-0.0022277334732083
3.75562367713831,-0.00241628258126852
3.75801889586855,-0.00257549499076881
3.75989540941574,-0.0026828452164461
3.76177192296293,-0.00277468533355173
3.76344196717284,-0.00284339551572068
3.76501859622864,-0.00289715720642683
3.76660639714404,-0.00294065194937396
3.76830728626378,-0.00297578070951872
3.77029683737043,-0.00300251204483222
3.7732145434305,-0.00301568226490918
3.77669561745262,-0.00299518878652471
3.77964328943138,-0.00295121536148306
3.78256617299659,-0.00288727202482133
3.78581673098189,-0.00279647937191415
3.78894855579519,-0.00269329337003056
3.79200887394305,-0.00258098985077726
3.79509031667041,-0.00245930184600456
3.79827672258166,-0.00232676516127375
3.80161585783263,-0.00218252474086495
3.80515730759033,-0.00202510411290216
3.80892011591855,-0.00185389207027016
3.81292088201143,-0.00166780867816521
3.81718273519079,-0.0014645333512904
3.82173491477555,-0.00123981560012116
3.82661325342123,-0.000986124375202214
3.83119379994175,-0.000728872951862263
3.83541052069027,-0.000467242475823232
3.83929493496691,-0.000195209454486338
3.84287811367033,9.35945992312725e-05
3.84619598703092,0.0004063964259591
3.84928471686076,0.000751188220060416
3.8521844233876,0.00113732896156355
3.85494480492536,0.00157816220482712
3.8576291579648,0.00209042317284686
3.86032993834103,0.00269855760713626
3.8632166685192,0.00344894764689425
3.86556169519635,0.00411779809364651
3.86790672187349,0.00481079008741241
3.87009535162632,0.00545130684704463
3.87243462190808,0.00610529541953987
3.87562619829892,0.00693157762344951
3.87792469416464,0.00749194557020739
3.88022319003036,0.00804921133224154
3.88237765015656,0.00859722519735872
3.8844416635278,0.00917357304173614
3.88644888683432,0.00980884071387824
3.88844811957242,0.0105413897398117
3.89043174320859,0.0113944298660446
3.89237982296442,0.0123842965258557
3.89427793382351,0.0135261797434027
3.89610705104638,0.0148277493274357
3.89786126958364,0.0163005554766556
3.89953978671532,0.017958568849835
3.90114422136623,0.0198181157575573
3.90267913961298,0.0219005374250966
3.90414892739653,0.0242301933896426
3.90555869783204,0.026836652765506
3.90691322581882,0.0297541019221802
3.90821713591784,0.0330224268508522
3.90947506927143,0.036688714795057
3.91069147716308,0.0408080793884369
3.91187087713122,0.0454460708263332
3.91301793874648,0.0506814136036873
3.91413758857373,0.0566097340816434
3.91523522977469,0.0633492537428673
3.91631713940472,0.0710500582063455
3.91739091020116,0.0799079507179598
3.91846640375151,0.0901894915704761
3.91955756324073,0.102279744743208
3.9206865789358,0.116788296527605
3.92182326487118,0.133682596058563
3.92298068337153,0.153429704043943
3.92418680388393,0.17681255424822
3.9254958255565,0.205241883274556
3.92667910108982,0.233136092904048
3.92767377732359,0.257505341369306
3.92857255755906,0.279523209160092
3.92941519735851,0.299422722277209
3.93022120573671,0.31701749524595
3.93100349786153,0.331956789398511
3.93177268296443,0.343781763091407
3.93253881516851,0.351914986321024
3.93331244203836,0.355613736351076
3.93410588605357,0.353884105746738
3.9349377706792,0.345280810163401
3.93582864731123,0.327658413291158
3.93672979827271,0.300602785198413
3.93766101065777,0.263153933465507
3.9382302811178,0.236043934246442
3.93879955157782,0.206411887460927
3.93930085925513,0.17889006187188
3.93974667918013,0.153889589084995
3.94015649303261,0.130973241340317
3.94054296728741,0.10983481454876
3.94091505465961,0.0902605140248723
3.94128019114298,0.0720734589818264
3.94164592418279,0.0550944437477569
3.94202228475168,0.0390858533175496
3.94242883346478,0.0235802634796857
3.9429434851669,0.00666701634652571
3.94319439780054,-0.000500215462416835
3.94344531043419,-0.00699203514028559
3.94368058284976,-0.0124936594586639
3.94392223306739,-0.0175865192653866
3.94418606130018,-0.0225421445610588
3.9444690383403,-0.027208556174024
3.94476961195076,-0.0314930432038643
3.94518989591647,-0.0364215742350104
3.94552689047832,-0.039587377642493
3.94588164464301,-0.042272723645556
3.9462578805635,-0.0444989195296017
3.94665812187892,-0.0462736964417648
3.94708543963965,-0.0476069461020203
3.94754356736025,-0.0485093782251391
3.94803704300043,-0.04899128251205
3.94857141609161,-0.0490614155681139
3.949153550289,-0.0487258688782723
3.94979331639921,-0.047985019321047
3.95050283303043,-0.0468318834733487
3.95129791376611,-0.045250502037024
3.95220115284844,-0.043209909912035
3.9532480831399,-0.0406504980035187
3.95450544933522,-0.0374424928846378
3.95582061740969,-0.0340456788179011
3.95708210153215,-0.0308229955628065
3.95829489902464,-0.0278027330055698
3.95946262902484,-0.0249940975855673
3.960587244907,-0.0223983767215117
3.96166977429936,-0.0200120564466898
3.9627107271211,-0.0178284675784573
3.96371031034346,-0.0158388245855469
3.96466853709584,-0.0140329602218309
3.96558527509398,-0.0123998840945336
3.96651414997438,-0.0108404046357572
3.96746661931058,-0.00934096833166058
3.96844454330553,-0.00790585358935623
3.96945017913261,-0.00653899065995518
3.97048617016082,-0.00524406892768643
3.9715556464014,-0.00402448733014571
3.9726623562214,-0.00288330211775917
3.97381084436004,-0.00182317065994972
3.97500669873288,-0.000846290824766273
3.97625690279577,4.56659297972482e-05
3.97757035630982,0.000851629749613981
3.97895867774299,0.00157122210913614
3.980437506084,0.00220487058641221
3.98202875685269,0.00275397087882704
3.98367531298924,0.00319999707142708
3.98537490435695,0.00355379282361197
3.98714629008553,0.00383144842712471
3.98901298930997,0.00404791896956595
3.99100699422691,0.00421766908213145
3.99317485837838,0.00435535977052769
3.99559099033983,0.00447706302723447
3.99839305571557,0.00460310428126254
4.00191835845826,0.00476822311098131
4.00570513743886,0.00497386461320163
4.0099016518943,0.00524416614976642
4.014617806054,0.00559783779113872
4.01909853081799,0.00597632894245049
4.02359648198527,0.00639211635324194
4.02804420779998,0.0068367192270549
4.03246928770173,0.00731318057232263
4.03686720263381,0.0078238440265204
4.04123793876423,0.00837295986707381
4.04557491585145,0.00896494489116662
4.04986900624355,0.00960450888470978
4.05410946526767,0.0102966392877574
4.0583056629039,0.0110504608125434
4.06254956466954,0.0118939576765783
4.06684744623707,0.0128447335275784
4.07124064305302,0.0139324218727214
4.07580734010826,0.0152041654112095
4.08074185124791,0.0167565494069193
4.08674345288824,0.0188986422097796
4.09080183020724,0.020481922342074
4.09486020752625,0.0221184575289982
4.09832898485688,0.0234924122352636
4.10143510268252,0.0246335671802532
4.10438693424208,0.0255724420031516
4.10731936353859,0.0262992289587893
4.11014646155265,0.0267510782889388
4.11299272728367,0.0269195903678577
4.11603887529169,0.0267605238716401
4.11974893942922,0.026104081467887
4.12338652982422,0.0250273418133242
4.12652590240638,0.0238267699151651
4.12915090931711,0.022683461494607
4.13156128564657,0.0215586244387454
4.13386917528211,0.0204414135059664
4.13612486556925,0.0193327720461366
4.13835768724967,0.0182362650983039
4.14058756704381,0.0171559734181764
4.14282941975567,0.0160959329468017
4.14509519817291,0.015059974047794
4.14739505292732,0.0140516501736379
4.14973799281428,0.0130742290399254
4.15213236119315,0.0121306750730107
4.15458613017437,0.0112236593854753
4.15710716814018,0.010355552797551
4.15970342872433,0.0095284356017823
4.16238313711241,0.00874410249844364
4.1651549827025,0.00800406805044267
4.16802827679201,0.00730958782633426
4.17101317846611,0.00666166994645585
4.17412091620588,0.0060611019583667
4.17736403402342,0.00550848594673728
4.18081168737867,0.00499668575389811
4.18452321402692,0.00452434677146794
4.18853148780406,0.00409591089249154
4.192875622435,0.00371594479079367
4.19760135997239,0.00338928296903352
4.20276232766094,0.00312103640903145
4.20842116878642,0.00291648927494727
4.21465068981836,0.00278057627298815
4.22153643885967,0.00271618299245643
4.22812662183192,0.00273026113350227
4.23418328551785,0.0027946373994765
4.23974678209062,0.00286027749735429
4.24486437489219,0.00290064495013333
4.24957931736503,0.00290129163566818
4.25393097887519,0.0028543941989171
4.25795540979738,0.00275698503344147
4.26168589292756,0.00261006580875621
4.26515335212524,0.00241766368018771
4.26838681842253,0.00218573901939694
4.27141410463221,0.00192108581228596
4.27426227976153,0.00163040673371904
4.27695876425795,0.00135445874190345
4.27953276741068,0.00112063324334073
4.28201797279416,0.000915176322100591
4.28445839783191,0.000727380121947852
4.28692301774895,0.000547617968239587
4.2895582838859,0.000362959236304725
4.29298419268908,0.000130545997662122
4.29495361632808,-1.41664139547046e-07
4.29692303996708,-0.000129040629942722
4.29872310142856,-0.000245243514042505
4.30043901068144,-0.000354402712146858
4.30217999299949,-0.000463264842085113
4.30406286948662,-0.000578417636941118
4.30630614457635,-0.000711323283764271
4.30989077302497,-0.000911369018961513
4.31354330073416,-0.00109509255408138
4.31665273452042,-0.00123180118247298
4.31985241400391,-0.00135078819823953
4.3236079572453,-0.00146002349505116
4.32832311058503,-0.00154926723695363
4.33320889160813,-0.00158686386414758
4.33821159539987,-0.00157177529500097
4.34351111898022,-0.00150296357645898
4.34814446998543,-0.00140299747858296
4.3525264904464,-0.00127758337547301
4.35682571548371,-0.00112685442573163
4.36113025932719,-0.000948130956283986
4.36549971366552,-0.000735592618931218
4.36998039747375,-0.000478963569823274
4.37415853449226,-0.000194404599253055
4.37800644238679,0.000118947471224536
4.38156308733917,0.000467142680256678
4.38487411863192,0.000858448377732739
4.38795427291044,0.00129792362608006
4.3908984073227,0.00180282602685567
4.39382062204597,0.00240049318696275
4.39680604565844,0.00311780076419676
4.40008620521785,0.0040188371181722
4.40314779113783,0.00493135769014313
4.405711316275,0.00571406263222397
4.40852192315123,0.00656640796778162
4.41106050725192,0.00732974982463883
4.4135990913526,0.00810614114658735
4.41589791121443,0.00884978253866702
4.41793791723678,0.00957151743989631
4.41988746918167,0.0103438153487323
4.42181308969151,0.0112146732729551
4.42369064108567,0.0121977013975679
4.42553265099418,0.0133235985621005
4.42731151204483,0.0145985902689719
4.42903252706075,0.0160468331807591
4.43068583512763,0.0176800299551143
4.43227044873472,0.0195152839347648
4.4337900410257,0.0215755237146809
4.43524664318094,0.0238838162070893
4.4366439445746,0.026468278999297
4.43798664982154,0.0293632166169274
4.43927891162655,0.0326075092857633
4.44052469933646,0.0362459827394154
4.44172854391139,0.0403329686690448
4.44289472560711,0.0449319518877624
4.44402762229214,0.0501186681126201
4.44513179954994,0.0559844158562194
4.44621225162724,0.062641396052972
4.44727461319803,0.0702300788909024
4.44832548040525,0.0789303900001709
4.44937307433836,0.0889809873163735
4.45042838517919,0.100713420118676
4.45150760556672,0.114621456266169
4.45261272039957,0.131118835842667
4.45372763206615,0.150308479865919
4.45487150432419,0.17281878347727
4.45607642561961,0.199632621147904
4.45734160953102,0.230901561933009
4.4584479558308,0.260225055515616
4.45940273136501,0.286254575245896
4.46027406737622,0.309800519471266
4.46109319599639,0.330937186223614
4.46187788636283,0.349433328390096
4.46264159334165,0.364920423017651
4.4633964734393,0.376906352346733
4.46415474553974,0.384729619184148
4.46492973561656,0.387471778217909
4.46573744635812,0.383809371175691
4.46660358836736,0.371653324868895
4.46749255102318,0.349679804436469
4.46839835531947,0.317150165525941
4.4690979443643,0.285285041070809
4.46979753340913,0.248247725363279
4.47037429824692,0.214677484434749
4.47085842219363,0.185158967678455
4.47128775468029,0.158592692882365
4.47168272882814,0.134349083605989
4.47205559100498,0.112064036597236
4.47241506658479,0.0914842276294095
4.47276856168881,0.0723988557381365
4.4731238644413,0.0545924334021202
4.47349195043256,0.0377702214263123
4.47389654004504,0.0213008734335442
4.47427453994535,0.00784852917984998
4.47451444357778,0.00025911261427696
4.47475434721021,-0.00662311837275418
4.47497776892058,-0.0124248595718805
4.47520471700791,-0.0177498937253735
4.47545383882221,-0.0229764426755606
4.47572188890439,-0.0279296815310125
4.47600708074703,-0.0324918974659433
4.47630693501702,-0.0365690996651309
4.47662100806957,-0.0401379783142389
4.47695320872476,-0.0432291857455441
4.47730527477808,-0.0458431985054333
4.47767940923752,-0.0479861005754623
4.47807835559201,-0.0496674906679185
4.47850547179354,-0.0508985916918414
4.47896485107277,-0.0516907889376739
4.47946150190045,-0.0520543772520846
4.48000161108344,-0.0519973457067363
4.48059298370142,-0.0515239759801801
4.48124723779502,-0.0506304651740176
4.48197820125001,-0.0493044194579591
4.48280519487393,-0.0475202964389658
4.48375741402996,-0.0452290419897437
4.48488546831083,-0.0423304902807567
4.4862526796878,-0.0387055685497597
4.48756218195976,-0.0352229205478601
4.48882176703892,-0.031929322751494
4.49003619452177,-0.0288438965449055
4.49120791299834,-0.0259740083312197
4.4923381421328,-0.023320284455575
4.49342744362341,-0.0208790136505225
4.49447602053346,-0.0186435203785973
4.49548387295396,-0.0166050730859829
4.49645087399515,-0.0147535532826869
4.49737679908888,-0.0130779829575254
4.49829829637513,-0.01150573536699
4.49924317375318,-0.00999246255612855
4.50021305191026,-0.00854270888375953
4.50121008268702,-0.00716042983729237
4.50223678285354,-0.00584936405782062
4.50329612845904,-0.0046129812998673
4.50439167637146,-0.00345443051660842
4.50552772774757,-0.00237648456400667
4.5067095532461,-0.00138148078834774
4.50794371207695,-0.000471257025096039
4.50923851906156,0.000352919778547118
4.5106047558701,0.00109043596388439
4.51205680795175,0.00174143319056953
4.51361459724255,0.00230694635175552
4.51524869886201,0.00277449249045806
4.51693076779991,0.00314484753015108
4.51867927487132,0.00343460346578011
4.52051599461725,0.0036588080314953
4.52247012885162,0.00383184752739373
4.52458331615425,0.00396802402702523
4.52692019478283,0.0040825126134513
4.5295947491304,0.0041933993189685
4.53285944467792,0.00432796915627924
4.53660783661299,0.00450469509644133
4.54064583513144,0.00473281160510442
4.54537216750096,0.00504845620612613
4.54996263182981,0.00539801747414287
4.55455790040644,0.0057827331516823
4.55912029699712,0.00619514345294544
4.56366182491978,0.00663527101605356
4.56817097538538,0.00710375174037079
4.5726386756845,0.00760308487148868
4.57705501828823,0.00813668588559726
4.58141276443004,0.00870894159493281
4.58570596780901,0.00932496758040414
4.58993622085656,0.00999156375863655
4.59411825377124,0.0107186498252897
4.59835362777869,0.0115354031803062
4.60264523984229,0.0124591948569284
4.60703123221785,0.0135186872246898
4.61158345970947,0.0147582484888902
4.61647899229208,0.0162667656210666
4.62236569657361,0.0183281551239502
4.62655156817814,0.0199378012647593
4.63073743978268,0.021612002510328
4.6342580745046,0.0230021223513104
4.6373847351207,0.0241525539719261
4.64034249934919,0.0251002909650093
4.64327494348775,0.0258392521950637
4.64610572704591,0.0263074523824842
4.64894286108561,0.0264939656781845
4.65195729203858,0.0263588990799207
4.65555489106125,0.025754679209688
4.65928099051783,0.0246775718514485
4.66247326238299,0.0234640085953625
4.66512882490664,0.0223055854457003
4.66755297075643,0.0211680342575618
4.66986748385727,0.0200383592973047
4.67212596368691,0.0189167344910326
4.67435907280912,0.0178064347248912
4.67658739794239,0.0167113804287728
4.67882621225242,0.0156354913752569
4.68108767810452,0.0145824909295067
4.68338205888267,0.0135558272359069
4.68571842249856,0.0125586521795639
4.68810512197066,0.0115938041207803
4.69055011013161,0.0106638085583578
4.69306119957223,0.00977087091998276
4.69564625985708,0.00891687808170871
4.69831339905029,0.00810339804194954
4.7010711436297,0.00733167959776462
4.70392860123808,0.00660266015518823
4.70689566039368,0.00591696885513629
4.70998319300695,0.00527493792002458
4.71320328499,0.00467661654933196
4.71661978079648,0.0041140091192749
4.72029536252328,0.00358318471720244
4.72426153751976,0.00308698835820675
4.72855558525298,0.00262792817219288
4.7332205117233,0.00220823731442862
4.73830577294918,0.00182978995207165
4.74386741677713,0.00149403598648788
4.74996741860361,0.0012019245245138
4.75667256823376,0.000953785648638686
4.76227703763586,0.00079294498334774
4.76788150703797,0.000677057796745726
4.77480514057397,0.000587269081315149
4.78172877410997,0.00053013379387193
4.79108653601808,0.000483437825084614
4.80067869689495,0.000464971674219853
4.81067869689495,0.000471044249432106
4.82067869689495,0.000499183675842176
4.83067869689495,0.000547588506230034
4.84033701559349,0.000614117726649133
4.84922894048722,0.000695056815679024
4.85740476863472,0.000789959440117153
4.86492736107763,0.000899581576758915
4.87185443317877,0.00102537116241775
4.87823869047363,0.00116925862877335
4.88412851782191,0.00133359060291299
4.88956853639112,0.00152113130018052
4.89460002573204,0.00173509720149287
4.89926132470804,0.00197921445701235
4.9035882346124,0.00225780418639976
4.90761443431266,0.00257589900621854
4.91137189166604,0.00293940558367159
4.91489136711708,0.0033553324611858
4.91820310765424,0.00383213530568395
4.9213378549403,0.00438026025429466
4.92432845081095,0.00501305452790985
4.9272127981754,0.00574845774627769
4.93001321605872,0.00660359938548178
4.93282224422126,0.00762307201622409
4.93584150611045,0.00891492738145142
4.93797358877227,0.00994541248560271
4.94010567143408,0.0110525219449943
4.94194663140399,0.0120389514836416
4.94356145789002,0.0128930938648482
4.94506130069592,0.0136427281177159
4.94650753083519,0.0142914843303399
4.94794453728836,0.0148299266567261
4.94941715613912,0.0152383318055132
4.95098760603267,0.0154820325096092
4.95278013159161,0.0154907552665716
4.95528480972071,0.0150138282816916
4.95709192584744,0.0143448913622031
4.95889904197416,0.0134560976780974
4.96052424941077,0.0125155877796613
4.96209140007416,0.0115231506108587
4.96365796439141,0.0104826100409504
4.96467528246843,0.00979530670741512
4.96542414816948,0.00929040535900417
4.96617301387054,0.00880370568702966
4.96825493003001,0.00755588798848512
4.97027719430942,0.00648237520248613
4.97228731920023,0.0055381032666588
4.97441024382025,0.0046600008178142
4.97684218444436,0.00378653052663137
4.97939042567848,0.00300225116302613
4.98207147744023,0.00229928515764337
4.98491175492929,0.00166796100841851
4.98794262250559,0.00109897822891257
4.99120223355283,0.000583105593307467
4.99473836398763,0.000110797101520507
4.99861266526133,-0.000328221989752607
5.00290741055873,-0.000745357958914691
5.00773689708344,-0.00115338586208257
5.01326831773253,-0.00156583647990223
5.01888111819296,-0.00193732448801227
5.02419074638306,-0.00224195349782439
5.02927350780362,-0.00247324938889913
5.0334417465626,-0.00259716675907871
5.03715658132452,-0.00263824923265484
5.04070496882841,-0.00259908607492802
5.04430301986649,-0.0024639790524044
5.04814884135796,-0.00219393675999941
5.05164391251099,-0.00181759160297151
5.05488747275893,-0.00134023932462529
5.05793107315355,-0.00076440321798082
5.06083246658392,-8.46006529417097e-05
5.06366737167027,0.000718157173225429
5.06653012754932,0.00168182543041074
5.06954388055835,0.00287454025459503
5.0725946484281,0.00427729352325619
5.07566542917767,0.00590051656847969
5.07827742559266,0.00747207060591459
5.08046616542857,0.00895639896930136
5.08240923104537,0.0104379819224319
5.08420553172886,0.0119832079933075
5.08589412794473,0.0136309266106259
5.08749999889894,0.0154182164387415
5.08903863227916,0.0173811473664483
5.09051335235783,0.0195463348401547
5.09193196412186,0.0219503517843485
5.09329617981839,0.0246243543434395
5.09460992815037,0.0276068315316888
5.09587662678602,0.0309402058762723
5.09709875186948,0.0346697216486453
5.09828054485516,0.0388524642824337
5.09942556171903,0.0435525627292761
5.10053742896258,0.0488450376739429
5.10162053343024,0.0548221625286571
5.10267941112509,0.0615951549051689
5.10371911930114,0.0693015988844251
5.10474546656641,0.0781151134844074
5.10576569895035,0.0882635204377727
5.10678906294236,0.100054751562758
5.10782843340049,0.113929159994658
5.10890299650296,0.130557555878131
5.10998119996021,0.149842905939667
5.11107746205722,0.172344355699015
5.11221401126406,0.198870856835134
5.11342989326167,0.230747965934735
5.11462970616859,0.265251776392034
5.11565119325092,0.296240708560781
5.11654902355081,0.323837703693057
5.11737324953132,0.348575982802259
5.1181502297497,0.370455917571771
5.11889815647559,0.389255083649155
5.11963254037488,0.404594159071572
5.12036845461354,0.415895803658451
5.12112218628661,0.422282619941562
5.12191331112313,0.422389122126333
5.12276850009923,0.413988190733781
5.12364671592345,0.395429230663844
5.12454087338528,0.365793500514236
5.12546388345648,0.323943848757532
5.12608435103249,0.289853209961392
5.1267048186085,0.251731318692479
5.12723590987798,0.216736782767505
5.12769071953642,0.185803494676067
5.12809772955134,0.158001719801188
5.12847424626832,0.132702958661011
5.12883133545166,0.109510346792443
5.12917726218529,0.0881351699220372
5.12951944981224,0.068328593964968
5.12986639829757,0.0498217309916201
5.1302317871678,0.0322038784651819
5.1306532354185,0.0143628080205828
5.13084539023978,0.00710883748808164
5.13103754506106,0.000392734242842315
5.1312662583271,-0.00692183070805338
5.13147865803523,-0.0130805289736662
5.13168936449837,-0.0186174417755209
5.13192256908543,-0.0241199517392733
5.13217472388468,-0.0293817198387229
5.13249691777744,-0.0351398720100158
5.13278251712393,-0.0394286538383776
5.13308340019105,-0.0432166207665983
5.13340179697261,-0.0465106628566156
5.13373935617534,-0.0493105338926256
5.13409821421784,-0.0516224935385906
5.13448104368517,-0.0534566726669086
5.13489112792318,-0.054825023736982
5.13533248390475,-0.0557397397026012
5.13581004601918,-0.056211894805532
5.13632993605712,-0.056250116005838
5.13689986685343,-0.055859092225257
5.13753104553588,-0.0550356667534366
5.13823759149737,-0.0537664683933719
5.13903899307088,-0.052023684993008
5.13996496318815,-0.0497533364709068
5.14106774100329,-0.0468438996550435
5.14245954201148,-0.0430311394198266
5.14379350315893,-0.0393474513977798
5.14507907038123,-0.0358458240332136
5.14632091426018,-0.0325506994836928
5.1475213178836,-0.0294729038813888
5.14868132411608,-0.0266156191310557
5.14980132917815,-0.0239771287158579
5.15088139332685,-0.0215523139596911
5.15192140272259,-0.0193336132181706
5.15292114940813,-0.0173117237625555
5.15388036380947,-0.0154761603450928
5.15479871799535,-0.013815718746506
5.15572264474893,-0.0122414153874932
5.15667019922042,-0.0107269794119107
5.15764311614215,-0.00927673465157408
5.15864358279047,-0.0078945740669123
5.15967416585967,-0.00658416988502824
5.16073790828354,-0.00534892095137892
5.16183845562795,-0.00419189884948001
5.16298022680033,-0.00311579079147789
5.16416865026461,-0.00212283815220822
5.16541050027873,-0.00121476992566528
5.16671439182627,-0.000392728104002863
5.16809153925329,0.000342820040964813
5.16955697885123,0.00099219217559252
5.17113166897743,0.00155664412419254
5.17277048167179,0.00201984474773821
5.17446004711736,0.00238832156930957
5.17621885991549,0.00267835522717164
5.17806953855749,0.00290491568933081
5.18004265132437,0.0030823898095616
5.18218225433392,0.00322520022261542
5.18455777340998,0.00334886425623734
5.1872946391045,0.0034723591251879
5.19068480456487,0.00362598205248794
5.1944456856953,0.00381864395363501
5.19855659663421,0.00406528718328487
5.20342740355082,0.00440305284850886
5.20806045482675,0.00476212425972436
5.21273556519777,0.00515370334189061
5.21736660845372,0.00556673188271613
5.22197994925334,0.00600260311412098
5.22655709265359,0.00646140257565497
5.23108967538713,0.00694562617491428
5.2355667824061,0.007458396731117
5.23997975469836,0.00800362674161419
5.2443232975238,0.00858608998997388
5.2486035254095,0.0092126414728768
5.25282913258331,0.00989141205779347
5.25701857541501,0.0106334530727105
5.26126252822451,0.0114667759071982
5.26556532003393,0.0124089277133115
5.26996648833861,0.0134892673972515
5.27454311170484,0.0147546303938376
5.27948947437808,0.0163013400925405
5.28549638728678,0.0184341463721306
5.28955291960281,0.0200090339511223
5.29360945191885,0.0216371037583236
5.29707774006612,0.0230044197176376
5.30018303374669,0.0241397695028869
5.30313320385516,0.0250732270497521
5.30606631424142,0.0257955771712825
5.30889269603696,0.0262429259461539
5.31173629819952,0.0264069639910818
5.31477610495586,0.0262436800719741
5.31846564573005,0.0255857296127821
5.32211569611908,0.0244982710830871
5.32526887614674,0.0232829980219124
5.32789773604408,0.0221281610606156
5.33030895717803,0.0209926385902906
5.33261651401243,0.0198646954108116
5.33487115362141,0.0187449611958618
5.33710235351263,0.0176368256857573
5.33933009287259,0.0165442300012967
5.34156928416329,0.0154710852759208
5.34383185420721,0.0144210942100255
5.3461278969546,0.0133976796687561
5.34846634931402,0.0124039649560844
5.35085545229308,0.0114427582556431
5.35330305523416,0.0105165529958466
5.35581686687802,0.00962752074010017
5.35840464281402,0.00877751330797368
5.36107436316602,0.00796806098797428
5.36383439879378,0.00720037370881114
5.36669366823831,0.00647534717403592
5.36966182285195,0.00579356627076843
5.37274942856209,0.00515531676441616
5.37596818020721,0.00456059713482396
5.37939889680384,0.00399870516636851
5.38308956458038,0.00346855290418071
5.38707188322191,0.00297286802363543
5.39138286371364,0.00251407151726677
5.39606492483962,0.00209428294823049
5.40116640862922,0.00171522469163031
5.4067413285513,0.00137814414878894
5.41284817496639,0.00108371316201762
5.41954824380097,0.000831871218021631
5.42690931716686,0.000621517466020189
5.43301444726816,0.000487798362243578
5.43911957736947,0.000398047299946019
5.44740831445387,0.000316044876865222
5.45628466921489,0.000256688710078762
5.46606317015862,0.000212946906444137
5.47606317015862,0.000185149433567827
5.48606317015862,0.000169560320988964
5.49606317015862,0.000162520843671781
5.50606317015862,0.000161348234969767
5.51606317015862,0.000164226848911874
5.52606317015862,0.000170050510521997
5.53606317015862,0.000178223744168642
5.54606317015862,0.000188492283427364
5.55606317015862,0.000200833004924569
5.56606317015862,0.000215398004282462
5.57606317015862,0.000232496871882426
5.58606317015862,0.000252605692411623
5.59606317015862,0.000276399463063883
5.60606317015862,0.000304812222996713
5.61606317015862,0.000339136718189913
5.62602458450787,0.000381009515691396
5.63526246516886,0.000428972619226776
5.6438043067395,0.00048370541097426
5.65170158190688,0.000546132648956031
5.65900308513358,0.000617336151691174
5.66575421405414,0.000698552079996463
5.67199721605024,0.00079118363141324
5.67777143053824,0.000896821754898257
5.68311349987141,0.00101726993826054
5.68805755633107,0.00115457244832245
5.69263539711964,0.00131104616332339
5.69687665140904,0.0014893179239502
5.70080893922497,0.00169236802159047
5.70445802310749,0.00192358237593246
5.70784795853108,0.00218681546127281
5.71100124778248,0.00248646802115439
5.71393899846257,0.00282758509242651
5.71668109211134,0.00321598173590533
5.71924637370758,0.00365840933392033
5.72165287483905,0.00416278238439696
5.72391809303757,0.00473849849540339
5.72605936997974,0.00539691002057764
5.72806078945531,0.00613838794684931
5.72991590734615,0.0069604505657128
5.73165759936901,0.00787588828042041
5.73332051960322,0.00890463885004816
5.73494655066821,0.0100805738496051
5.73660273484286,0.0114731555735844
5.7385441018248,0.0133742369525924
5.73999740639368,0.0149825642012466
5.74145071096256,0.0167206335694681
5.74274594061935,0.018332740531764
5.74388560172352,0.0197478031528013
5.74495046278342,0.0210139140508441
5.74598728463017,0.0221416361782517
5.74703159066826,0.0231198934089472
5.74812254759219,0.0239211566027951
5.7493214003687,0.0244932609426789
5.75077559937355,0.0247164600318054
5.75248880039015,0.0243330054391064
5.75420200140675,0.0233495014564268
5.75558244933731,0.0222244514222287
5.75688147652241,0.020979635757205
5.75819435493009,0.0196066019365381
5.75956307013544,0.018113060548822
5.76102262893837,0.0165063913708121
5.76209705147446,0.0153401952251662
5.76317147401055,0.0142140743885416
5.764335331229,0.013066886577457
5.7667732440744,0.0109060988983898
5.76916046010074,0.0090866921780706
5.77139349375845,0.00762417524803845
5.77359185826193,0.00638492146727121
5.77583557529226,0.00530015918928948
5.77814747062437,0.00434743393751368
5.78054766238839,0.00351001883571476
5.78305697387107,0.00277414558564236
5.78569823119892,0.00212802690961917
5.78847260917455,0.00156582385785951
5.79107458653895,0.00112698397613617
5.79354018706319,0.000775489188233141
5.79591734428334,0.000485247075914026
5.79823899227656,0.000239783367358517
5.80050649675997,3.00063178232415e-05
5.80269592597531,-0.000149270658625142
5.80479465132519,-0.00030328153061592
5.80681949243294,-0.000438070532188657
5.80881000323291,-0.00055953845150732
5.81083271522226,-0.000673629175694287
5.81303171601514,-0.000788856365198128
5.8151845183805,-0.000894433328496879
5.81686258078642,-0.000972693713766146
5.81854064319234,-0.001048060577633
5.82003577003212,-0.00111319209575783
5.82144717711674,-0.00117323503733316
5.82286739963637,-0.00123249216381997
5.82438598498721,-0.00129481811822225
5.82615457818008,-0.00136637473580753
5.82869792822387,-0.00146798099691771
5.83192180816094,-0.00159577692870111
5.83467641250549,-0.00170509072022972
5.83736973410424,-0.00181279378995831
5.8404781865052,-0.00193886224058365
5.84455662457821,-0.00210856558688551
5.85109355128158,-0.00239515960053727
5.85717846732385,-0.00267953684253252
5.86278276562907,-0.00294944640344072
5.86808565491636,-0.00319636073444841
5.87299254557677,-0.00339520093730967
5.87708598962836,-0.00351806371413437
5.88077973736538,-0.00357762949426992
5.88434044444029,-0.00357383185822771
5.88798690179453,-0.00349326545924484
5.89206268950925,-0.00329466185323371
5.89593804925415,-0.00298240444246299
5.89942446849333,-0.00258263340516471
5.90261619049804,-0.00210212805116698
5.90553643668192,-0.00154952368348798
5.90820313284946,-0.000931733885825311
5.91065648721154,-0.000247661966204426
5.91295202343986,0.000513778728696516
5.9151590785364,0.00137729536250949
5.91737082693742,0.00239148672728093
5.91974808785071,0.00366417837915702
5.9225581438421,0.00541878916717067
5.92558517025881,0.00759792735399866
5.9278046243129,0.0093827331773081
5.93002407836698,0.0113496129488293
5.93187358249339,0.0131696554039413
5.93354945117167,0.0150088601978834
5.93509056480876,0.0169097079059237
5.93656572656468,0.0189707946748361
5.93797864325319,0.0212243849715604
5.93933990484239,0.023717487527819
5.94065266174682,0.0264903762384531
5.9419203001597,0.029587824466155
5.94314219286456,0.0330481226000907
5.94432307199376,0.03692774829846
5.94546522578392,0.0412833113427075
5.94657041197408,0.0461757981573431
5.94764316867799,0.0516877115110328
5.94868713811289,0.0579120695707511
5.94970624735576,0.0649605597470915
5.95070488016764,0.0729699309123416
5.95168801692929,0.082110562389628
5.9526612975472,0.0925972666378111
5.95363193278305,0.104714407728717
5.95460911955136,0.118847459748166
5.95560548116964,0.135545674652255
5.95662615732166,0.155359651006267
5.95765224880291,0.178344687240578
5.95869667242713,0.205151033008276
5.95977853902104,0.236688293313059
5.9609307226865,0.274390838954218
5.9620869396999,0.315909638801892
5.96304801314055,0.352273954932965
5.9638675138979,0.38353735964967
5.9646087284389,0.410934630315927
5.96530620968553,0.434863951174982
5.96598338131383,0.455280257091517
5.96666043521623,0.471815383112426
5.96735892220177,0.483712866170456
5.96810735631095,0.489568652869053
5.96894196503257,0.486685302900797
5.9697881603528,0.472986983280548
5.9706599035369,0.447290824852923
5.9715676908475,0.408147828451222
5.97252196650848,0.353959752611962
5.97311533906783,0.314177750855173
5.97370871162718,0.270592479878802
5.97421543350816,0.231270506037765
5.97464882301955,0.196929663243256
5.97503604711314,0.166372329050775
5.97539403442209,0.138779273362059
5.97573373776145,0.113628697628298
5.97606345175423,0.0905430645022518
5.97639086873253,0.0691978989664741
5.97672539510606,0.0492340779542337
5.97708410995187,0.0300514257259249
5.97752920887478,0.00952137284895188
5.97775234273468,0.000568585200791564
5.97797547659458,-0.0075293611403794
5.97816851508672,-0.0138764647767011
5.97836515470128,-0.0197466645648888
5.97858313328458,-0.0255935873306192
5.97881904686719,-0.0311947666032763
5.97907092271604,-0.0364047374841277
5.97934029300356,-0.0411744321245989
5.97962062456292,-0.04535544024313
5.97991735429922,-0.04901876496786
5.98023205185413,-0.0521635279941699
5.98056669954898,-0.0547956180027854
5.98092379992954,-0.0569256777717047
5.98130644745129,-0.0585667587263471
5.98171844758005,-0.0597325247419689
5.98216449684252,-0.060435729118428
5.9826504489932,-0.0606867423475906
5.98318371453106,-0.0604919111517149
5.98377436709476,-0.0598507833450765
5.98443651062238,-0.0587511436841795
5.98518897449533,-0.0571654314987747
5.98606049890307,-0.0550386494590195
5.98710153672184,-0.0522561200539564
5.98843098832277,-0.0485148909207091
5.98980583384977,-0.0445719292538658
5.9911346519263,-0.0407832567388832
5.99242164489269,-0.0371884872369837
5.99366905533395,-0.0338061412843499
5.99487777208449,-0.030644798295876
5.99604799132916,-0.0277069519276474
5.9971795698332,-0.024990874651238
5.99827221021864,-0.0224917088016985
5.99932555502035,-0.0202022249823125
6.00033922883367,-0.0181134226433871
6.00131284921718,-0.0162150400311413
6.00224601752776,-0.0144959977062243
6.003159955423,-0.0129082715561034
6.00409714984486,-0.0113787035685609
6.00505899388258,-0.00991206023346944
6.00604753465908,-0.00851230108402841
6.00706516705197,-0.00718319722241763
6.00811472247177,-0.00592827195381736
6.00919958136652,-0.00475072026298935
6.0103238240254,-0.00365342563212505
6.0114924372871,-0.00263887134005931
6.01271160543899,-0.00170907213116856
6.01398913254029,-0.000865507906214248
6.0153350789013,-0.000109049810319878
6.01676276531064,0.000560127322494361
6.01829045162259,0.00114265675751437
6.01991312305791,0.0016318840812721
6.02157924660383,0.00201859952928187
6.0233071532529,0.00231981463811934
6.02511713494395,0.00255060516572605
6.02703609020504,0.00272522045368717
6.02910171254446,0.00285744970403425
6.0313711001214,0.00296139286423112
6.0339411181076,0.00305282303045809
6.03701083394364,0.00315287124547982
6.0407448440025,0.00328735696575425
6.04466435300773,0.00345730516567781
6.04891850843337,0.0036767365743057
6.05287033570436,0.00390823033551489
6.05668645000035,0.00415144281291989
6.06046207325394,0.00440715234525196
6.06425589243065,0.00467713609487815
6.0681106317757,0.00496441226318368
6.07206134830031,0.00527328660286605
6.0761394113752,0.00560942001156724
6.08037488434838,0.00598002332391537
6.08479804121655,0.00639425623567745
6.08925464279762,0.00684456599195226
6.09362152535412,0.00732319119290005
6.09794521493338,0.00783916313073453
6.10222114746786,0.00839688292821189
6.10645609007484,0.0090027050420085
6.110653205393,0.00966335623281192
6.11481677416359,0.0103866711767993
6.1190209657259,0.0111956800345913
6.1232945534332,0.0121107837611315
6.12766139577743,0.0131561623331239
6.13217805445446,0.0143702346361882
6.13698060221019,0.0158254381349729
6.14251165794676,0.0177217800801809
6.14812336713499,0.0198633839439838
6.15164941078082,0.0212782804037771
6.15517545442665,0.0226864718448536
6.15836812257177,0.0238911443038239
6.16135682617378,0.0248907846932078
6.16428805610709,0.0256845271229189
6.16713937216979,0.026220849140166
6.16996621791379,0.0264781605098499
6.17292095802026,0.0264271233366224
6.17631097896297,0.0259624592457921
6.180240611803,0.0249294058758406
6.18350988298023,0.023739973816133
6.18624880323367,0.0225728304762529
6.18871441471518,0.0214300673827596
6.19105164492419,0.020295976795316
6.19332330166971,0.0191693418253666
6.19556376940261,0.0180531098925845
6.19779543456106,0.0169511889079476
6.20003459172031,0.0158675625913032
6.20229398549329,0.0148060627202556
6.2045842411908,0.013770247480408
6.2069146063043,0.0127633938223137
6.20929350488163,0.0117884614909609
6.21172885294261,0.0108480999424995
6.21422831543025,0.00994464177642759
6.21679953848971,0.00908008819530847
6.21945024574328,0.00825613193016625
6.22218848529091,0.00747412509036188
6.2250226863837,0.00673510912542476
6.22796184046186,0.00603980646658019
6.23101571634555,0.00538861466175167
6.23419490673051,0.00478164424020086
6.23755488821125,0.00421172362583068
6.24116645199119,0.00367288157814399
6.24505933985584,0.00316802205599256
6.24926875875442,0.0026996846877686
6.2538352839566,0.00227011182596763
6.25880497256414,0.00188120529270926
6.26422988296139,0.00153439961055616
6.27016723413351,0.00123058960741971
6.27667846726851,0.00096998811064365
6.28383159350022,0.000751884846869175
6.29172070527036,0.00057426179078088
6.3005220839983,0.00043364089989914
6.3105220839983,0.000326433195679493
6.3205220839983,0.000266339104760051
6.32856677518801,0.00024369861799366
6.33856677518801,0.000230676563649888
6.34856677518801,0.000229835572455303
6.35856677518801,0.000238319674507875
6.36856677518801,0.000254850701654239
6.37856677518801,0.000278856813237068
6.38856677518801,0.000310370079983883
6.39856677518801,0.000350125140140956
6.40856677518801,0.000399694928364261
6.41849316575025,0.000461200019928134
6.42764462712252,0.000532231260074862
6.43606059344676,0.000613715716355312
6.44380382887988,0.000707025640991427
6.45093247970882,0.000813804068410966
6.4574997149109,0.000935950287075518
6.46355431732258,0.00107563692557177
6.46914119570795,0.00123534277831171
6.47430180850704,0.00141789590645803
6.47907453019742,0.00162652710895819
6.48349498853806,0.00186493579102225
6.4875963886995,0.00213737404783336
6.49140983477002,0.00244875485938376
6.49496467055636,0.00280479612865122
6.49828887494065,0.00321221959192998
6.50140955763313,0.00367903597823388
6.50435363366712,0.00421497518040552
6.50714884146434,0.00483217464945259
6.50982545308887,0.00554636783426698
6.51236442926996,0.0063598560841235
6.51482420703764,0.00729807472068341
6.51732367272549,0.00842437887759472
6.52013554487944,0.00991421371438487
6.52198160327029,0.0110135141885414
6.52382766166114,0.0121854751648514
6.52548545127392,0.0132664131303181
6.52695936948152,0.0142125519486002
6.52833810037095,0.0150468086803494
6.52967577141018,0.0157712868363629
6.53101400615463,0.0163744876044391
6.53239746605919,0.0168331071274642
6.53389258072679,0.017105278145996
6.53564615199592,0.0171001284768446
6.53820366218873,0.0164722903760756
6.5398429295172,0.0157262897932597
6.54148219684568,0.014773121649239
6.54300520438007,0.0137520378373583
6.54450377202913,0.0126647196680999
6.5460232587443,0.0115179168017678
6.54714335969852,0.0106634208073036
6.54802484372075,0.00999958100095755
6.54890632774299,0.00936554962061848
6.5510627268431,0.00794432830370649
6.55328413495045,0.00665996195090945
6.55554835963127,0.00551995425130338
6.557875709634,0.00450558734301341
6.5602868392832,0.00360115628568111
6.56280280390791,0.00279343119889892
6.56522225984553,0.00212760910778459
6.56749879895541,0.00158473929481018
6.56964911762775,0.00113481934069358
6.57169212670912,0.000755307774897175
6.57364752377194,0.000429323952153077
6.57553792816561,0.000143748283371461
6.57739166263072,-0.000112151855220898
6.57925052806346,-0.000348268605065561
6.58119311769535,-0.000576405206897005
6.58345186662165,-0.000821708611177427
6.58516679401426,-0.000996006552195132
6.58688172140687,-0.00116173424276414
6.58837314085455,-0.0012999557879272
6.58972863291336,-0.00142151691341927
6.59105620526215,-0.0015373512393718
6.59243573869028,-0.00165481840853684
6.59397149354469,-0.00178263818877815
6.5959075785145,-0.00194012896149286
6.59936094124916,-0.00221339861030731
6.60266246122926,-0.00246796350512472
6.60563521503896,-0.00269273442278558
6.60888558564248,-0.00293352831889836
6.6133107926951,-0.00325022317461763
6.61853274791905,-0.00359735397758129
6.6228857028676,-0.00385008610317149
6.62668418836789,-0.00402975108172132
6.63027946004692,-0.00415387214424437
6.63391944028006,-0.00422564562063199
6.63792755383045,-0.00423587944537695
6.64199671963248,-0.00417084587615723
6.6459833722987,-0.00403618107872805
6.64984462283734,-0.00384374425371415
6.65322937213472,-0.00362876173626414
6.65642195242283,-0.0033886239566632
6.65953951268756,-0.00311960915823234
6.66264411210601,-0.00281630281956869
6.66577682318052,-0.00247027761063126
6.66896920424933,-0.00206832669842055
6.67224802357993,-0.00158954773782885
6.67520887713856,-0.00108098765614693
6.6778912623814,-0.000537019834507097
6.68036039404659,5.50144474580333e-05
6.68269262686381,0.000715686183342062
6.68498944720303,0.0014823336040499
6.68744035537637,0.0024431179069869
6.69012703654036,0.00366475072419301
6.69214210455437,0.00467704688886293
6.69415717256837,0.0057435155721072
6.696199599775,0.00685491512517026
6.69886173404351,0.00833361901827003
6.70072452690467,0.0093998791000438
6.70258731976583,0.0105191138986424
6.70437568005171,0.011677388407004
6.70603228518688,0.0128605954023519
6.70765282547313,0.0141600013885281
6.7092221622871,0.015594057897051
6.71075362515539,0.0172056093334414
6.71223296564684,0.0190107469441121
6.71366606937944,0.0210462787611816
6.71504751617867,0.0233350117817958
6.7163736281906,0.0258990234054965
6.71764909246278,0.0287760802856206
6.71887568424192,0.0320021252061539
6.72005578478827,0.0356182068553865
6.72119217043487,0.0396716159364946
6.72228867769703,0.0442206656926344
6.72334873083235,0.0493319226138876
6.72437579488441,0.0550835938870912
6.72537344755516,0.0615685575492308
6.72634540408958,0.0688980006948808
6.72729553575896,0.0772059783892259
6.72822798477313,0.0866561666863525
6.72914732559687,0.0974515425114359
6.73005874290183,0.109847931847973
6.73096833110537,0.124174626307033
6.73188356814613,0.140866893625768
6.73281416865063,0.160521181368125
6.73376825978165,0.183853491595666
6.7347247131546,0.210853208324974
6.73569296412595,0.242205985399848
6.73668685930798,0.278830299775162
6.73773108368397,0.322126727229013
6.73856788532274,0.359988970756798
6.73940468696151,0.399809661765326
6.74013176793609,0.434863028738123
6.74078186872108,0.465328262619921
6.74139407405639,0.492023374165215
6.74199438221425,0.515087376300656
6.74260567171299,0.534178715883975
6.74325593568315,0.548413485309032
6.74399363197013,0.555828063496346
6.74477574338819,0.552831884306486
6.74558666624016,0.537867903728866
6.74644435981344,0.509404797016916
6.74736222633468,0.465369826274865
6.74832036392437,0.405395656166151
6.74896617810613,0.357605369094023
6.74961199228788,0.304822970369054
6.75014708446948,0.258368891883431
6.75059004728024,0.219013428353745
6.75097757988777,0.184693911638304
6.75133120533431,0.154090986359927
6.75166381836355,0.126430974058971
6.75198454677372,0.10119611873171
6.75230135216012,0.077974813348608
6.75262340257388,0.0563499527641657
6.75296634778198,0.0356898485662309
6.75338181400562,0.0140192005322626
6.75361945010187,0.00325294856786695
6.75380097510612,-0.00420491465387618
6.75398250011036,-0.0110275330341821
6.7541571257701,-0.0170191795554498
6.75435452460564,-0.0231543343312466
6.75457064884697,-0.0291458223059202
6.75480281190216,-0.0348033207649873
6.75504990844659,-0.0400200116767209
6.75531186865681,-0.0447390943497069
6.75560427754398,-0.0491272637496493
6.75589707091775,-0.0527101165920831
6.75620794881823,-0.0557559669410033
6.75653938524277,-0.0582779686258094
6.7568941470435,-0.0602893966000483
6.75727564798526,-0.0618050148036563
6.75768810810368,-0.0628394005493699
6.75813678556835,-0.063405374776632
6.7586283231574,-0.0635123452936014
6.75917128260017,-0.0631642827386115
6.75977801328604,-0.0623552591425225
6.76046518113622,-0.0610645409859405
6.76125703180408,-0.0592484973370587
6.76219390495558,-0.0568172716794408
6.76335978578127,-0.0535564489761595
6.7647806065316,-0.049430543777049
6.7661527354718,-0.0454126683920713
6.76748364543116,-0.0415619270637983
6.76877615628443,-0.0379088989391506
6.77003133490878,-0.0344695735181848
6.77124936446952,-0.031251846626931
6.77243000009127,-0.0282582994133183
6.77357280920639,-0.0254876066904537
6.77467729686363,-0.0229354084299823
6.77574296723826,-0.0205949568816149
6.77676934779479,-0.0184576606473945
6.77775599018129,-0.0165135679358168
6.77870245559083,-0.0147518018460384
6.77960828883559,-0.0131609495931369
6.7805368311704,-0.0116271081667132
6.78148940598596,-0.0101550539115286
6.78246794721358,-0.00874881752899275
6.78347471226087,-0.00741226555383964
6.78451236289655,-0.00614904767445207
6.78558406704554,-0.00496254655873788
6.78669363432982,-0.00385582569711065
6.78784570037102,-0.00283157509821354
6.78904598368549,-0.00189205496346418
6.79030165438092,-0.00103903665148111
6.79162188211746,-0.000273739507553911
6.79301868586557,0.00040323855000442
6.79450832341722,0.00099200241057073
6.7961137237986,0.00149346320205826
6.79776195070931,0.00188754694798635
6.79946583312255,0.00219004134251647
6.80124409079938,0.00241609129271196
6.8031209652593,0.00257973562961271
6.80512968835105,0.00269429724899583
6.80731910936443,0.00277287550253609
6.80976842640562,0.00282915529659964
6.81262770531712,0.00287923445597573
6.81628495225264,0.00294833534768254
6.82008705756847,0.00304375292883459
6.82435513814312,0.0031849783428804
6.82920986986909,0.00338280411067649
6.83339247200161,0.00357730025050328
6.83730673870365,0.00377376429730683
6.84111704319357,0.00397564361009952
6.84490653629442,0.0041858597682726
6.84872897055077,0.00440764714504064
6.85262527568039,0.00464477113648007
6.85663023504589,0.0049016443752234
6.86077571553092,0.00518350103297233
6.86509320435828,0.00549676037100957
6.86961519860148,0.00584948498810393
6.8741761688953,0.00623453609199988
6.87864526860669,0.00664431654903201
6.88307196150853,0.00708600696839168
6.8874487197926,0.0075623736782062
6.89178434950586,0.00807828992638865
6.89608204682348,0.00863872305631479
6.90034485027034,0.00924936612910338
6.90457346762081,0.00991643234394315
6.90876728492709,0.0106468237574955
6.91300641469626,0.0114647221989736
6.91730396001445,0.012387575403988
6.92168550321694,0.0134396877211888
6.92621141187453,0.0146603905403035
6.9310279831681,0.0161255161927094
6.93661736579578,0.018050614969111
6.94218904783864,0.0201838529808011
6.94567521050522,0.0215826975861512
6.94916137317179,0.0229701753256907
6.95232958013915,0.0241564876186635
6.9553074442331,0.0251394247966417
6.95823835768536,0.0259157212255018
6.96108177987922,0.0264301656490783
6.96391069223463,0.0266651129035712
6.96688291231693,0.026588104724757
6.97033316137474,0.0260821826961095
6.97423003906479,0.0250250498908863
6.97747141719372,0.0238284333634517
6.98017801934104,0.0226671051642653
6.98262753709126,0.0215287551385351
6.98495584241635,0.0203988022975057
6.98722215672141,0.0192766246841482
6.98945943950746,0.0181653279377787
6.99168940095886,0.0170688473708924
6.9939279533543,0.0159911647416241
6.99618762995369,0.014936091094463
6.9984789252438,0.0139071661730638
7.00081103012023,0.0129076428994905
7.00319235205142,0.0119404624641195
7.00563083736758,0.0110082568989543
7.00813422638321,0.0101133448804861
7.01071027555108,0.00925772366354328
7.01336688970114,0.00844308373954875
7.01611234374897,0.00767079134431933
7.01895538509064,0.00694191101973493
7.02190542945245,0.00625720342197191
7.02497277334385,0.00561713034314217
7.02816872539443,0.00502188564298505
7.0315498907891,0.00446459505007759
7.03518586335434,0.00394008926113924
7.03910723707302,0.00345157509587783
7.04335036005164,0.00300199889315827
7.04795728579255,0.00259415594983126
7.05297628566822,0.00223068334497069
7.05846243394888,0.00191404280576043
7.06447720790198,0.00164656974270583
7.07108804802732,0.00143053541133185
7.07837221591517,0.00126824832039714
7.08644180052318,0.00116243664311798
7.09353021389249,0.00113895500282311
7.10100013343745,0.0011676135246152
7.10974219575887,0.00124978218955408
7.11828429452998,0.00137822550062959
7.12637457243787,0.00154677636465369
7.13408798507174,0.00175551146077061
7.14152409060305,0.0020073852666709
7.14865239147352,0.00230123309474978
7.15520020516705,0.00261949887280166
7.16121081212058,0.0029509843290977
7.16673439331977,0.00328144634563098
7.17181748503449,0.00359355706583066
7.17650206341534,0.00386817212756394
7.1808253427771,0.00408649843885573
7.18481556604092,0.00423258781436705
7.18851829576477,0.00429632760225465
7.19195626830074,0.00427305759523454
7.1951565557068,0.00416461780839536
7.19814525375462,0.00397783265656882
7.20094708025091,0.00372270840513813
7.20358648671115,0.00341048463836286
7.20608813359839,0.00305198075993572
7.20847844452864,0.00265624019997493
7.2092356497,0.00252083926121713
7.20999285487135,0.00238829899047289
7.212269910904,0.0020182925839166
7.21454320050841,0.0016846375804465
7.21690901227457,0.00136695855369073
7.2196513716963,0.00102742412923248
7.22171110676865,0.000787980211770932
7.22377084184099,0.000558861130219041
7.2255663304528,0.000366011519963693
7.22719967347642,0.000195276260591874
7.22880213854302,3.16057497302361e-05
7.23047285124623,-0.000135322572282201
7.23234532794339,-0.000318105668100694
7.23475229679344,-0.000546340596631484
7.2387949548611,-0.000910943810117704
7.24232740718083,-0.00120590737202221
7.24546877382815,-0.00144508932756002
7.24892682018292,-0.00167803394230169
7.25252516171093,-0.00188146002017636
7.25629998526591,-0.00204777329314676
7.26045265018791,-0.00217228376932073
7.26490961967027,-0.00223803844707806
7.26932205207953,-0.00223764200789963
7.27389048884832,-0.00217520342263697
7.27794240734455,-0.00207299923939397
7.28169649685305,-0.00194344105354955
7.28533578768933,-0.00178859919209223
7.28894910538143,-0.00160767505280812
7.29259181563176,-0.00139755617869183
7.29630445047611,-0.00115238771910932
7.30012053400712,-0.000862360503158916
7.30407083917704,-0.000511329512754572
7.30773823183918,-0.000124228283274273
7.31106273501224,0.000295068056215709
7.31411310887477,0.000755656802977911
7.31695670712509,0.00126942455544121
7.31968378230181,0.00185706170088925
7.32243566902588,0.00256049896374827
7.32531549575856,0.00342409192539047
7.32848210400595,0.00451111477614585
7.33126236884033,0.00555005074731541
7.33373195859792,0.00650703738651539
7.33675496902762,0.00770076672286641
7.33894496923658,0.00859056976519071
7.34113496944553,0.00952547296234385
7.34307950347804,0.010422964890499
7.34493920373286,0.0113721124180345
7.3467318325972,0.0124039253970821
7.34846988426733,0.0135486308648259
7.3501693027276,0.0148426933700903
7.35181310541454,0.0162995414044445
7.35340400902381,0.0179461296908793
7.35493518232031,0.0197995515974445
7.35640699025503,0.021883218375611
7.35782064114607,0.0242224807613423
7.35917723431407,0.0268438109663366
7.36048081176552,0.0297819136841232
7.36173475327164,0.03307510359293
7.36294246132613,0.0367673347525606
7.3641080634332,0.0409119535120865
7.36523541060101,0.0455707003739384
7.36632840579667,0.0508165465589641
7.36739107060402,0.0567365532532484
7.36842771886445,0.0634363278072576
7.36944293571219,0.0710447924251326
7.37044182892425,0.0797224821738528
7.37143030172313,0.089673346775648
7.37241559130719,0.101164922151494
7.37340701169222,0.11456075206819
7.37441752999482,0.130382023765951
7.37545483591197,0.149197118125249
7.37649756772028,0.171027892665625
7.3775593940318,0.196503146122604
7.37866078929646,0.226514312494066
7.37983717354784,0.262488410832259
7.38100390883727,0.301609818403398
7.38198861697476,0.336404247885035
7.38283782259448,0.366713343932169
7.38360856820634,0.393441079451619
7.38433292227046,0.416844493096649
7.38503311121042,0.436833559511472
7.38572814519127,0.45305221740366
7.38643744264524,0.464820070428756
7.38718465823416,0.470943411577758
7.38800452253579,0.469242281355934
7.38885835246035,0.457323268761277
7.38973063843676,0.43402212252121
7.39063212630983,0.398049364070713
7.39157395772503,0.347968439346537
7.39217729951602,0.309767681913362
7.39278064130701,0.267623799832398
7.3932957936501,0.229412368724343
7.39373616014612,0.195935405461156
7.39412949229144,0.166070610745044
7.3944929580801,0.139050029999371
7.39483760829518,0.114385517096244
7.39517175050433,0.0917240599750852
7.39550297643604,0.0707634420407692
7.39584031833472,0.0511743674207097
7.39619940680804,0.0324287730584851
7.39663093787117,0.0128570342678716
7.39689147347259,0.00258138943125115
7.39709083183672,-0.00452866301001781
7.39729019020084,-0.0110144459207614
7.39748407294238,-0.016751852034825
7.39770090791723,-0.0225401726937068
7.39793678911859,-0.0281342323190213
7.39819430570919,-0.0334645958191302
7.39845982898921,-0.0381851541069521
7.39874077348797,-0.0424151230963641
7.39903812140356,-0.0461379327604912
7.39935324399793,-0.0493486617496816
7.39968801255532,-0.0520514000410633
7.40004481162408,-0.0542556158801761
7.40042659663658,-0.0559736399895482
7.4008369985457,-0.0572188021796021
7.40128048465535,-0.0580039019602849
7.40176259630585,-0.0583397861350466
7.40229030255167,-0.0582338281547866
7.40287276511945,-0.0576877797717973
7.40352324490046,-0.0566927302141801
7.40425877068606,-0.0552266435390916
7.40510459875257,-0.053245229619201
7.40610282850978,-0.0506589859351754
7.40734179570324,-0.0472542995500981
7.40872251181243,-0.0433643938781684
7.41005444724714,-0.039617314631255
7.41134279372033,-0.036058773096863
7.4125904691384,-0.0327095438329942
7.41379874993992,-0.02957919619238
7.41496806349639,-0.0266706698524354
7.41609841040813,-0.0239824324620575
7.41718958622323,-0.0215097034972194
7.41824129534797,-0.0192452786517399
7.41925320436356,-0.0171801635643493
7.42022495938776,-0.0153040584698287
7.42115618071993,-0.0136058657304872
7.42207159760532,-0.0120321497030772
7.42301031480893,-0.0105168811177984
7.42397377415063,-0.00906477148369812
7.4249640430516,-0.00767978437359583
7.42598354083797,-0.00636569153847761
7.42703512862074,-0.00512601938415545
7.42812222368608,-0.00396399715787649
7.42924895297241,-0.00288250247160236
7.43042036370537,-0.00188400446863255
7.43164272027895,-0.000970503130431288
7.43292393607278,-0.000143463973813308
7.43427422574259,0.000596254698413592
7.43570713736389,0.00124848748366195
7.4372412840714,0.00181387106108781
7.43886617441093,0.00228456464277969
7.44053552150905,0.00265414220403064
7.44226765819889,0.00293941337922716
7.44408318428527,0.00315530804213617
7.44600947497405,0.00331592462557813
7.4480850359728,0.00343499658868096
7.45036850030437,0.00352661748731075
7.45296014445376,0.00360665248057636
7.45606920047269,0.00369664221427845
7.45980398611341,0.00382155411207326
7.46374687433907,0.00398641206970044
7.46829430161138,0.00421952088968114
7.47317121891494,0.00451218261082691
7.47785054814432,0.00482597119271148
7.48252331921727,0.00516566108375272
7.48713879796856,0.0055253774568928
7.49172560442283,0.00590760550128857
7.49628456769558,0.0063145208616954
7.50081987766146,0.00674947312254716
7.50532314779019,0.0072151908164971
7.50977851249193,0.00771395569880666
7.51417840516285,0.00824926371712673
7.51852148252325,0.00882636508338765
7.522806603285,0.00945077939591035
7.52703521210656,0.0101290474616952
7.53123437002134,0.0108734093776702
7.53548379189472,0.011709986095828
7.53979209117094,0.0126571766753559
7.54420168278739,0.0137453137962454
7.5487961289207,0.0150236722641331
7.55378879202316,0.0165962184728855
7.55974270856106,0.0187228444286421
7.5637172456309,0.0202691110828803
7.56769178270074,0.0218611662167093
7.57112399667359,0.0232064867475253
7.57421446055628,0.0243252351737263
7.57716046346017,0.025242685024287
7.58008301553722,0.0259443440800747
7.58290695274341,0.0263713593856364
7.58575776642279,0.0265135210239988
7.58882160252365,0.0263227557742462
7.59259997073875,0.0256116257642937
7.59619200912235,0.0245103091643349
7.59928172813471,0.0233033316997933
7.60188930514186,0.0221498253648251
7.60429189992698,0.0210137447017012
7.60659548733557,0.0198851783260075
7.60884865115159,0.0187651004009285
7.61108003228448,0.0176569636695992
7.61330920000389,0.0165647142116429
7.61555084841037,0.0154922517235697
7.61781678464299,0.0144432646554805
7.62011704694068,0.0134211601811017
7.62246055601072,0.0124290480656755
7.62485557241282,0.0114697229710363
7.62730998993871,0.010545667721698
7.62983159264373,0.00965904356214492
7.63242823662851,0.00881169511453662
7.63510803613507,0.00800514702709481
7.63787953461914,0.0072406059368735
7.64075186547428,0.0065189682465472
7.64373495437824,0.0058408225215894
7.64683971177767,0.00520646321517516
7.6500782651128,0.00461590388186009
7.65353113745485,0.00405875730976277
7.65724716210011,0.00353398083078111
7.66125875400521,0.00304436845994414
7.66560389128638,0.00259242548124918
7.67032632538447,0.00218038149950087
7.67547625128515,0.00181010950744016
7.68111030055286,0.0014830672512232
7.68729071963077,0.00120022458338515
7.69408448511374,0.000961943417217868
7.70156931168915,0.000767729340102755
7.7088341021538,0.000651712037865359
7.71568710787092,0.000589473063465661
7.72401162451807,0.000545752746866528
7.73289031632306,0.000527038184537713
7.74289031632306,0.000534447698057372
7.75289031632306,0.00056891357888372
7.76259847083612,0.000627241313585027
7.77153837894811,0.000704084044113645
7.77975887927497,0.000797511736654208
7.78732329413621,0.000907418032104151
7.79428991225274,0.00103482344749826
7.80071204687207,0.00118148299865475
7.80663870925709,0.00134970589857626
7.81211516940428,0.00154230229662686
7.81718340792998,0.00176259596718778
7.82188253822969,0.00201447751611029
7.82624923373335,0.00230249384426854
7.83031818489962,0.00263197951765916
7.83412260530006,0.0030092472699136
7.83769487933225,0.00344186816676512
7.84106749524055,0.00393910975002367
7.84427451128466,0.00451265926305634
7.84735411731648,0.00517791968345564
7.85035379151445,0.00595661940161127
7.85334260241267,0.00688298025077106
7.8564492348117,0.0080225580545506
7.8589716041774,0.00908041096848016
7.86096630165107,0.00998815892898749
7.86296099912474,0.0109346374413165
7.86472276351546,0.0117728287248338
7.86632941820774,0.0125069676766728
7.86785613007571,0.0131456241356645
7.86935275842362,0.013683746639047
7.87086317447352,0.0141066434705803
7.87244004271514,0.0143884313318658
7.87417099564981,0.0144816492636096
7.87628663560477,0.0142681275051771
7.87839863452254,0.013706297190655
7.88051063344032,0.0128429780163528
7.88227004753691,0.0119437104529043
7.8838993328613,0.0110076850385511
7.88549700310155,0.0100285030931471
7.88710687380913,0.00901101672844167
7.88834945739118,0.00823790079162808
7.88959204097323,0.0075146105360677
7.89181573357997,0.00634297888058082
7.89412054803475,0.00528033657433154
7.89649905322404,0.00432703452594354
7.89896622012974,0.00347206129843109
7.90100745659709,0.00285397530182217
7.90288424485139,0.00234758662349022
7.90474722074399,0.00189624916397107
7.90671498565818,0.00146800155512601
7.90896799440908,0.00103037317057108
7.91205082099932,0.000507410324247354
7.91553409320767,6.6390852267115e-07
7.91873585409827,-0.000404350744821976
7.92191034060263,-0.000762226034479504
7.92546750590991,-0.00112432936565661
7.92984304459443,-0.00152879667863747
7.93543397886274,-0.00199955692829775
7.94084933324074,-0.00241547122288325
7.94609000041162,-0.00277504552345356
7.95051472729734,-0.00303123586652716
7.95435738966262,-0.00320379838928256
7.95794810094334,-0.00331048746939635
7.96151031123275,-0.00335349954400316
7.96529103658573,-0.00332116162808713
7.9694382417901,-0.00318504576938801
7.9734163277188,-0.00294979569837525
7.97743668557399,-0.00260285214343807
7.98091971420581,-0.00220704878046185
7.98413634715065,-0.00175470198529302
7.987242441841,-0.00122761956397076
7.99027658665634,-0.000612595693062906
7.99314876879512,7.70999975124582e-05
7.99595012491186,0.000866914325216644
7.9988053847982,0.00180590163267247
8.00194669746202,0.00300608989366187
8.00523293174615,0.00444970304596058
8.00867393600108,0.0061622381629072
8.01095989764823,0.00742170288767461
8.01324585929539,0.00880100237204225
8.01528438722659,0.0101638272797156
8.01714906944169,0.011556477127814
8.01888370661666,0.0130159960478941
8.02054434654919,0.0146030003647865
8.02213027537875,0.0163369950304371
8.02365757630594,0.0182578438859834
8.02512418959063,0.020388094371071
8.0265368660716,0.0227639542090875
8.02789467540751,0.0254123840171755
8.02920262158115,0.0283736250996661
8.03046328661775,0.0316879826603162
8.03167895353903,0.0353994894596398
8.03285341129939,0.039562726000844
8.03399062100926,0.0442419620653585
8.03509433326434,0.0495117301951765
8.03616856700584,0.0554612565448898
8.03721747412059,0.0621974050574239
8.03824606807933,0.0698544484927176
8.03925988465253,0.0786001168773158
8.04026546624789,0.0886502083745232
8.04127103056623,0.100292291521778
8.04228759606731,0.113927261363111
8.04333137571975,0.13015303271005
8.04439009567341,0.149197364315048
8.04546040822886,0.171353279037485
8.0465599160067,0.197332746357658
8.04771701763962,0.228214372819058
8.04891247544357,0.263625750569618
8.05001212463693,0.298641656311766
8.0509448401323,0.329286346183148
8.05178000379098,0.35651951792071
8.05255531498916,0.38066501633678
8.05329393002222,0.401666522275304
8.05401402844853,0.419259706732959
8.05473241117569,0.432964264454114
8.05546684742061,0.441992966029579
8.05623882448727,0.445057873644269
8.05707831360878,0.439952575604703
8.05794668383776,0.424656438207053
8.05883141875191,0.398147049880155
8.05974332821219,0.359233472655157
8.06044827478568,0.32144419854504
8.06115322135918,0.277720533624358
8.06173190475608,0.238359613112232
8.06221029656694,0.204344657575047
8.06262921168463,0.174181675831851
8.06301125260445,0.146949827414259
8.06336971996385,0.122114946631131
8.06371383479875,0.0993170347906273
8.06405122491596,0.0782707015981768
8.06438974969511,0.0587004099652906
8.06474037983058,0.0402485452855056
8.06512704713949,0.0221674927495315
8.06547511620021,0.00794416416664523
8.06569370921651,-1.69747800793607e-05
8.06591230223281,-0.00725826313819085
8.06611635456272,-0.0133965136226954
8.06632409258268,-0.019061041076758
8.06655357849543,-0.0246741316037834
8.06680141075787,-0.0300288632785007
8.06711321186334,-0.0358006382836719
8.06739380424124,-0.0401697345711219
8.06768959013834,-0.0440302997283082
8.0680026967434,-0.0473883956806617
8.06833478586622,-0.0502443708628243
8.06868800670565,-0.0526050881879793
8.06906504670573,-0.0544812584491936
8.0694692107974,-0.0558853704225733
8.0699045501175,-0.056830081139961
8.0703760541895,-0.0573268164132648
8.07088993402711,-0.0573843830175697
8.07145404772438,-0.0570073856013275
8.07207976776374,-0.0561922771615594
8.07278165295073,-0.0549244786024781
8.07357995672518,-0.0531736328008281
8.07450600796641,-0.0508802800185727
8.07561634524643,-0.0479189095791098
8.07701462498335,-0.0440449135485337
8.07835662104016,-0.0402955555034027
8.07965158924472,-0.0367253447120391
8.08090386561516,-0.0333602172271771
8.08211550429278,-0.0302121383926184
8.08328738186073,-0.0272852517428728
8.08441976873809,-0.0245786682017481
8.08551262844986,-0.0220879661425436
8.08656577346273,-0.0198061466687349
8.08757894204755,-0.0177243331758532
8.0885518293482,-0.0158323335235407
8.08948409027713,-0.0141191122011199
8.09039955730277,-0.0125324311254925
8.09133828361508,-0.0110039565871663
8.09230170366793,-0.00953841993847875
8.09329188554709,-0.00813977796736989
8.09431124759062,-0.00681179108339568
8.09536264821724,-0.00555796916907689
8.09644950003905,-0.00438151905183649
8.09757592287226,-0.00328528922175003
8.09874695362238,-0.00227171103977393
8.09996884196368,-0.0013427356373953
8.10124948019253,-0.000499765161011636
8.10259905218728,0.000256426033017169
8.10403105959861,0.000925785902276695
8.10556404206746,0.00150910919012007
8.10718889446708,0.00199875533083088
8.10885796532996,0.00238719067799969
8.11058961357237,0.00269145676477628
8.11240438889787,0.00292669985630607
8.11432958306911,0.00310728490451465
8.11640355314936,0.00324729932585476
8.11868464378129,0.00336135400152336
8.1212724777982,0.00346617237379233
8.1243742985875,0.00358503374060552
8.12810983462547,0.00374417198153497
8.13204911249788,0.00394432802924348
8.13658933626431,0.004217432901504
8.14139176375741,0.00454781346402445
8.14604942806947,0.00490058012272029
8.15071471741043,0.00527996629375526
8.15534558652955,0.00568051358172348
8.15995680045648,0.00610402736310111
8.16453603564149,0.00655185989603537
8.16907341606528,0.00702656118651988
8.1735545803788,0.0075308225363036
8.17796688131824,0.00806790756730676
8.18231065872824,0.00864306061442074
8.18659393721811,0.00926325851609247
8.19082261474758,0.00993611579045518
8.19501270798453,0.0106721009692843
8.19925652931313,0.0114992129965177
8.20355799405535,0.012434783488131
8.20795636277397,0.0135078964939898
8.21252745094904,0.0147647396686397
8.21746106383617,0.0162996187988275
8.22348093704107,0.0184281278469294
8.22755959464326,0.0200072049405355
8.23163825224546,0.0216415895455623
8.23511588428732,0.0230117903830509
8.2382250176194,0.0241489890290499
8.24117645921505,0.0250844839987453
8.24411122885418,0.0258099526544927
8.2469383395308,0.0262608294445166
8.24978057068301,0.0264287051575901
8.25281541732579,0.0262703171382105
8.25648690601248,0.0256221990876391
8.26015033937884,0.0245363618280442
8.26331786710183,0.0233180671266314
8.26595141490627,0.0221620843739109
8.26836456073538,0.0210259623823177
8.27067307389834,0.0198975083695965
8.27292817105263,0.0187772597827558
8.27515951148772,0.0176685840888452
8.27738716536463,0.0165754166676152
8.27962609762347,0.0155016680346784
8.28188826734101,0.0144510426017749
8.28418378984353,0.0134269657896453
8.28652161632569,0.0124325641516769
8.28890999811051,0.0114706493431534
8.29135679207748,0.0105437185688776
8.29386971284454,0.00965394739813604
8.29645652168342,0.00880319165809197
8.29912520381933,0.00799298603277446
8.30188413702559,0.00722454472225467
8.30474224805623,0.00649876804866252
8.30770919983915,0.00581624561621195
8.31079557567824,0.00517726790460338
8.3140130940843,0.00458183856464339
8.31744084905605,0.00401951494055152
8.32112830904112,0.0034889177371057
8.32510713856189,0.00299278815214038
8.32941436755523,0.00253355753216881
8.33409247341598,0.00211335914867298
8.33918993025059,0.00173393313849472
8.34476101155184,0.0013965499856401
8.3508646705864,0.00110191216788705
8.35756292757495,0.000850001401523407
8.36492452266538,0.000639775809768934
8.37305098554167,0.000475612840736456
8.37970437060881,0.000392982159558804
8.38798257392246,0.000322624613425797
8.39719640932626,0.000269908242770159
8.40719640932626,0.000233994975411467
8.41719640932626,0.000214239035431157
8.42719640932626,0.000206108973124166
8.43719640932626,0.000206318983213021
8.44719640932626,0.000212597152161196
8.45719640932626,0.00022356402274469
8.46719640932626,0.000238552928122599
8.47719640932626,0.000257430480855803
8.48719640932626,0.000280477741767445
8.49719640932626,0.00030835018888262
8.50719640932626,0.000342113464357447
8.51719640932625,0.000383356670944429
8.52680311549978,0.000432219702770473
8.53568585922168,0.000488091618791429
8.54388721177997,0.000551811353875908
8.55146008440787,0.000624461555810281
8.55845383648033,0.000707301441244914
8.56491414294748,0.000801767214534264
8.57088332879998,0.000909489068064527
8.57640066305307,0.00103231583111963
8.58150260755882,0.00117234430946367
8.58622303880231,0.00133195276937429
8.59059345324142,0.00151384005384997
8.59464316020647,0.00172107170075429
8.59839946226204,0.00195713547296007
8.60188783028891,0.00222600857387884
8.60513208173823,0.00253224192143917
8.60815456606509,0.00288106703680417
8.6109763627694,0.00327853515837991
8.61361750704451,0.00373170421991573
8.61609726318586,0.00424889819209381
8.61843447761411,0.0048400812001354
8.62064807532294,0.0055174241414315
8.62270866095286,0.00627637219532572
8.62462933920623,0.00712107426353111
8.62644742426518,0.00806790527512934
8.62820529464642,0.00914384116089133
8.62996318502201,0.0104003422400785
8.63186350050597,0.0119814431111844
8.6336732840345,0.0137052562080008
8.63509088470827,0.0151865838444651
8.63650848538204,0.016746100530204
8.63775653789907,0.0181372116348957
8.63889838365646,0.0193748746386551
8.63999213488956,0.020478923813121
8.6410769835819,0.021445204344047
8.64218989843451,0.0222537078531395
8.64338021686783,0.0228660697520243
8.64474315393101,0.0232052974085072
8.64662489708084,0.0230227151958991
8.64814583025172,0.0223684461417329
8.64966676342259,0.0213497408713409
8.65102457668891,0.0202115041951874
8.65235580800518,0.0189550047766693
8.65371695332708,0.0175860868202563
8.65514351673814,0.0161141255036309
8.6566715222427,0.0145447825448095
8.65835084849802,0.012901099831821
8.65969816964494,0.0116887147444165
8.66203456772854,0.00980675996877837
8.66432175734411,0.00821523148030844
8.66651574211685,0.00689797129624461
8.66874345676419,0.00574607069011583
8.67103072645047,0.00473341287466868
8.67339795521819,0.00384176722256591
8.6758655917428,0.00305636609908334
8.67845557434399,0.00236469550439298
8.68119256477611,0.00175577496922987
8.68383443546616,0.00126534184492976
8.68632395427312,0.000874580608658518
8.68869646346053,0.00055506331221579
8.69098669222688,0.000287025289146199
8.6932196990449,5.73399969285498e-05
8.6954090138583,-0.000142665256542336
8.69756780717508,-0.000319611133851044
8.69973188989197,-0.000480253533620833
8.70199426141983,-0.00063345338606496
8.7046740065007,-0.000799235087205398
8.70654623575063,-0.000906944985322964
8.70841846500056,-0.00100929081026941
8.71007848649232,-0.00109634056300153
8.71160481881693,-0.00117385452662419
8.71311039582091,-0.00124836055085201
8.7146868769827,-0.0013246832624992
8.71646329922104,-0.00140905650256638
8.71877561125494,-0.00151701552065118
8.72271997027142,-0.00169850260333098
8.72620694860862,-0.00185842474943345
8.72931741279819,-0.00200214432011896
8.73276412739126,-0.00216378261135943
8.73728540132358,-0.00238133078350088
8.74321196325906,-0.00267749379109761
8.74878378265403,-0.00296240098769179
8.75407582431633,-0.00322469562895595
8.75891163376176,-0.0034365440935435
8.76296411302691,-0.00357406932328483
8.76663999228212,-0.00365122211221364
8.77019680920055,-0.00366951593751781
8.77385521739343,-0.00361872957961619
8.7779777420853,-0.00346488138922877
8.78200439969445,-0.0032051703562419
8.78598568240149,-0.00283134371138675
8.78955949983924,-0.00238413387678578
8.79279138223364,-0.00187395782415155
8.79574811514095,-0.00130231730959482
8.7984731551518,-0.00066804909957917
8.80100548614171,3.36581552919004e-05
8.80339183940101,0.000814488529052723
8.8056939481686,0.0016980969624664
8.80799767938013,0.00272969138768575
8.81047188177782,0.00401831268897843
8.81334807899311,0.00576049730884782
8.8163788131578,0.00787773518376503
8.8185160931364,0.0095508247023672
8.82065337311499,0.0113993218683251
8.82249328066639,0.0131711710393529
8.82419538488486,0.0150048508557825
8.82575079961629,0.0168930062135099
8.82724338488727,0.0189483751148685
8.82866753064891,0.0211888599872192
8.8300404653215,0.0236695853184249
8.83136245164503,0.026424475520034
8.83263760758737,0.0294977390489084
8.83386892186608,0.032936198565416
8.83505682117667,0.0367837151009732
8.83620598693368,0.0411027728100091
8.83731934064606,0.0459592578771531
8.83840016974195,0.0514306440625802
8.83945162537956,0.0576062296973642
8.84047840165412,0.0646009706384744
8.84148501287083,0.0725521342748915
8.84247660042484,0.0816311627147484
8.84345923606017,0.0920573263923809
8.84444039321449,0.10411925720635
8.84542979934261,0.118211745080678
8.8464414005744,0.134909900870387
8.84747322857238,0.154630732573053
8.84851273632681,0.177531654890387
8.84957431122628,0.204289303561321
8.85067983048759,0.235873962174845
8.8518558226516,0.273455265503166
8.85302085130386,0.314048126529385
8.85396350098851,0.348364834254789
8.85478141415959,0.378160312214023
8.85552942139165,0.404377432119286
8.85623744737195,0.427225743343537
8.85692705719469,0.446568162677628
8.85761753263963,0.461978242540569
8.85832969297886,0.472652300145524
8.8590907559172,0.477149018520425
8.85993479919407,0.472798264604773
8.86078950705761,0.457724757781875
8.86166783083766,0.430763084510022
8.86257991170551,0.390532163758676
8.86333322409511,0.3482998073815
8.86393500756129,0.309259859327579
8.86453679102747,0.266333625669576
8.86504548007232,0.227922357530799
8.86548086638888,0.194314806402028
8.8658704259603,0.164340330373607
8.86623090838237,0.13722701955643
8.86657315894112,0.112483169544604
8.86690541261331,0.0897508955979845
8.86723530776893,0.0687208020654836
8.86757214568785,0.0490494543095353
8.86793262483432,0.0301660166917106
8.86837558667219,0.0101060560701375
8.86860866584359,0.000919844788199529
8.86884174501499,-0.00736348224146805
8.86903833973801,-0.0136802956350197
8.86923785001463,-0.0194972582104066
8.86945880134324,-0.0252833209713956
8.86969780425597,-0.0308209698331987
8.86997332374432,-0.0363440701801399
8.87024268538853,-0.0409371569001881
8.87052729327333,-0.0450228023635885
8.87082862138256,-0.0485955833458084
8.87114821261895,-0.0516541982412087
8.8714881010297,-0.0542049185171545
8.87185084746985,-0.0562584828201481
8.87223961313249,-0.0578278276683129
8.87265828213224,-0.0589263493443036
8.87311164603941,-0.0595664171752977
8.87360567640717,-0.0597579227931884
8.87414793418604,-0.0595066486580742
8.87474889835853,-0.0588111628708076
8.87542285406091,-0.0576583438085612
8.87618912858018,-0.0560195017664405
8.87707737659831,-0.0538377400778072
8.87814020441375,-0.0509938568482423
8.87950481189198,-0.047165653292922
8.88086986280384,-0.0432760371020652
8.88218876072382,-0.0395493661002457
8.88346567205834,-0.0360206309657355
8.88470274249001,-0.0327061939867523
8.88590083412762,-0.0296132210048804
8.8870601518378,-0.0267431450261245
8.88818057646508,-0.0240933957880966
8.88926183927735,-0.0216584398371545
8.89030360978651,-0.019430519179757
8.89130553397409,-0.0174002405964414
8.89226724246498,-0.0155570744131059
8.8931883392255,-0.0138897866771878
8.89410929311068,-0.0123191020038362
8.89505382625693,-0.0108081130814151
8.89602358503412,-0.00936123689501377
8.89702071465845,-0.00798238409199428
8.89804773285016,-0.00667525873224136
8.89910762433108,-0.00544330517645973
8.90020396349394,-0.00428965536115026
8.90134107985682,-0.00321707293075933
8.90252428654462,-0.00222789432566435
8.90376020466322,-0.00132396592333402
8.90505723919075,-0.000506575074762972
8.90642630541433,0.000223628286912967
8.90788199349465,0.000866726781499737
8.90944455531831,0.00142366176650004
8.91107856316417,0.00188057727944408
8.9127615364222,0.00224055506204193
8.91451185163757,0.0025198641174717
8.91635149747876,0.00273327967783176
8.9183100445475,0.00289485749305736
8.92042980577044,0.00301845916421639
8.92277677324547,0.00311860879569111
8.92546817167182,0.00321230274564096
8.92876745974765,0.00332464435428437
8.93251516269624,0.00347129366176064
8.93629654165973,0.00364896063557379
8.94010751370275,0.0038576623821258
8.94398819084059,0.00409581617282778
8.94797280899057,0.00436171456392889
8.9520926804825,0.00465518721788851
8.95637821422989,0.00497840885819654
8.96086046413713,0.00533631685150916
8.96546988745495,0.00572801022120712
8.96996296831006,0.00613673307367744
8.97442537283032,0.00657309973068
8.97883374868947,0.00703874948000642
8.98319631634675,0.00753859243629098
8.98751937715826,0.00807790282748335
8.99180881859953,0.00866255144664428
8.99606517810469,0.00929843528267744
9.00028659098627,0.00999184705238573
9.0044881717006,0.0107531265242478
9.00874982558412,0.0116085503804058
9.01307159264081,0.0125745874596708
9.01749220322445,0.0136804117229064
9.0220932080547,0.0149744101902273
9.02708752576847,0.0165600964053658
9.03303685589978,0.0186964873442881
9.03701274758049,0.0202486085716017
9.0409886392612,0.021844552441704
9.044421205065,0.0231910706410392
9.04751251313777,0.0243094422845346
9.05046036237567,0.0252253279952275
9.05338198783677,0.0259234057101099
9.05620665827215,0.026346267124431
9.05906059405716,0.0264833017265951
9.06213229893935,0.0262852553279038
9.06593866359024,0.0255581862795425
9.0695157399066,0.0244518863357195
9.07258806514809,0.0232460195615375
9.07518972297624,0.0220916806157948
9.07759001430134,0.0209541615685852
9.07989267094836,0.0198240703882819
9.08214563492793,0.0187025015831882
9.08437728636702,0.0175929445825042
9.08660704086468,0.0164993696337275
9.08884949558226,0.0154256903750838
9.09111636485826,0.0143756139750839
9.0934176090293,0.0133525596206075
9.09576204695304,0.0123596555414905
9.09815783535372,0.0113997073539553
9.10061272128071,0.0104752142934408
9.10313432015595,0.00958834623055199
9.10573026060622,0.00874095743523261
9.10840836728287,0.00793457759371229
9.11117682576335,0.00717040946707105
9.11404428568447,0.00644934513626304
9.11702007483333,0.00577195532482602
9.12011433237682,0.00513850783116382
9.12333817407865,0.00454898166386761
9.12678963114687,0.00399003499444869
9.1305030628404,0.00346329883448004
9.13451063542898,0.00297146904285644
9.1388496213673,0.00251696885023451
9.14356260613542,0.00210192340057014
9.14869808919865,0.00172805078203561
9.15431018738346,0.00139658803416282
9.16045764823879,0.00110818323211484
9.1672029652653,0.000862729594404404
9.17461842063082,0.000659054017395796
9.18281691826332,0.000494521999759329
9.19202069363994,0.000365158326684977
9.19952856601145,0.000300471778021436
9.20703643838296,0.000261260627216826
9.21703643838296,0.000229049869741858
9.22703643838296,0.000213150974315025
9.23703643838296,0.000208787474347755
9.24703643838296,0.000213339639795927
9.25703643838296,0.000225128536253582
9.26703643838296,0.000243158955080961
9.27703643838296,0.000267096058264555
9.28703643838296,0.000297248754024067
9.29703643838296,0.000334565757292449
9.30703643838296,0.000380703774802706
9.31685774028798,0.000437096682959832
9.32591783264171,0.000502038008131612
9.33425763208258,0.000576438389474566
9.34193714953395,0.000661567542437692
9.3490120158432,0.000758926193283482
9.35553320812985,0.000870239059311577
9.36154757136125,0.000997472154534682
9.36709826999551,0.00114286212242849
9.37222516189002,0.00130895330314247
9.37696512139172,0.00149864225009676
9.38135233305463,0.00171523125111726
9.38541856687043,0.00196249450186667
9.38919343984243,0.00224476070288614
9.39270467784098,0.00256701862494148
9.39597839708513,0.00293505677389794
9.39903942412932,0.00335565284854162
9.40191168279215,0.00383684116171329
9.40461870733682,0.00438830735587834
9.40718438867392,0.00502200289179609
9.40962088139518,0.00574882280942245
9.41190364327272,0.00656556130772928
9.41408607230225,0.00749380997502053
9.41624009288241,0.00857442319365933
9.41850471659627,0.00990687200656263
9.42125035045467,0.0117983736706721
9.42282230341326,0.0129992779563683
9.42439425637184,0.0142528402696472
9.42580831772982,0.0153866709550179
9.42710779227121,0.0163918211459098
9.42835241148968,0.017279138820407
9.42958439881993,0.0180424563216438
9.43084368194332,0.0186625783919482
9.43218285577022,0.0191042529929463
9.43370108870253,0.0192979897287519
9.43573806213292,0.019028698266301
9.4374288696723,0.0183771652414606
9.43911967721167,0.0174078478514137
9.44060439257119,0.0163595768473326
9.44203817357204,0.0152286676406316
9.44348435145848,0.0140181170981248
9.4449790946933,0.0127363283109322
9.44583105009979,0.0120055542344482
9.44668300550628,0.0112873088785319
9.44747144828744,0.0106507189235803
9.44969039034713,0.00900836889374146
9.4519246877314,0.00756337672156906
9.45414734176154,0.00631410842699306
9.45641614577174,0.00521104305432251
9.45875361388237,0.00423381548418971
9.46118025832956,0.00336668092829089
9.46371730344487,0.00259638158978831
9.46625735547634,0.00194216536212405
9.46864333708357,0.00141647277990622
9.47089024389678,0.000987044429005319
9.47301858774769,0.000629524258472112
9.47504855583923,0.000326184947331273
9.47700188686648,6.36989560840221e-05
9.47890296051299,-0.00016824712667563
9.48078321382277,-0.000378262129043445
9.48269235943101,-0.000574785372108807
9.4847369330597,-0.000769563973626125
9.48734873060791,-0.000999134545977875
9.48892357254189,-0.00112903098650578
9.49049841447587,-0.00125367839446305
9.49193004272879,-0.00136313278375395
9.49328267509007,-0.00146369086664515
9.49464259458217,-0.0015624248613302
9.49609449298212,-0.0016656483669331
9.49778000925647,-0.00178317877610239
9.50017267988887,-0.00194680783114524
9.50333680124254,-0.00215937689643518
9.50605637911113,-0.00234010679398436
9.50868951956308,-0.00251421262828442
9.51172704680947,-0.00271441104007787
9.51576344362588,-0.00297911105742664
9.52108142886171,-0.00332176628234629
9.52635597397995,-0.00364206018907371
9.53071275401463,-0.00387478323607351
9.53450659178084,-0.00403901473244825
9.53809222845797,-0.00414961413469271
9.54170006632422,-0.00420786883118918
9.54561730512609,-0.0042036911993298
9.54971351695305,-0.00412073070402521
9.55369691924803,-0.0039636861627785
9.55767244328337,-0.00373487199572401
9.5610940976938,-0.00348215469273773
9.5642991735979,-0.00319868247746299
9.56741819739992,-0.00287705823468656
9.57051747064694,-0.00250736731190865
9.57363978066754,-0.00207468891997606
9.57674792863025,-0.00156828476155398
9.57954546900509,-0.00102850363556864
9.5821075779602,-0.000443511864686413
9.58450220273149,0.000202634153620431
9.58681000308789,0.000936641865812786
9.58916405971572,0.0018161692912964
9.59177851678633,0.00295858811884623
9.59401817626842,0.00406675888740572
9.59625783575051,0.00526745624128137
9.5983371121363,0.00643709000131142
9.6007609502179,0.00784543648477653
9.60274151426103,0.00903693061522534
9.60472207830415,0.0102893941911752
9.60651180118779,0.0115074010086779
9.60820310135135,0.0127718464881775
9.60981859495989,0.0141227056168713
9.61137940584491,0.0156032520025295
9.6129009367588,0.0172585310715958
9.61437009390947,0.0191056037626907
9.61579320606079,0.0211827326225385
9.61716698891259,0.0235169750956527
9.61848617909643,0.0261291419285813
9.61975605572849,0.0290597226091775
9.62097817950649,0.0323458978271798
9.62215492636138,0.0360305361504074
9.62328846351097,0.0401607332265691
9.62438290179766,0.0447976102111067
9.62544165201783,0.05000996880255
9.62646821243088,0.0558788843269541
9.6274661988708,0.0625007445236715
9.62843932921072,0.0699907334202441
9.62939167028563,0.0784894726081529
9.63032756579761,0.0881692330276008
9.63125186095781,0.0992449827651745
9.63217013903997,0.111990084297144
9.63308911289667,0.126760808614692
9.634017238803,0.144035813695746
9.6349658745205,0.164486178141269
9.63592907112897,0.188507567510222
9.63689822124965,0.216345717472462
9.63788439859981,0.248749617739221
9.63890454882871,0.286756015290663
9.63999140823837,0.332068262025589
9.64079017623348,0.368007693596213
9.64158894422859,0.405267545148414
9.64229811662467,0.438333575513634
9.64294460593124,0.467254900835339
9.64356096180953,0.492524001104388
9.64417120415871,0.51410866695847
9.64479851830144,0.531525903040535
9.64547355017887,0.543681284673433
9.6462538256884,0.548101851585752
9.64704916054645,0.541396041257517
9.64787723294413,0.522433738942338
9.64875405721715,0.489552981311127
9.64969069029509,0.440659217208863
9.65064179284837,0.377454175015795
9.65122334929937,0.332827246333347
9.65180490575036,0.284586140638364
9.65229874330471,0.241749895769966
9.65271900774203,0.204814529720045
9.65309353454913,0.172236787659269
9.65343953979852,0.142995702082603
9.6537680842954,0.11645384766434
9.65408759048519,0.0921564677148787
9.65440608683542,0.0697128903596585
9.6547340049419,0.0486768652526503
9.65509259435056,0.0282244601784739
9.6554391025609,0.0110225954664889
9.65564597624753,0.00192567813289151
9.65585284993415,-0.00633046221258682
9.65603440164219,-0.0129138351954382
9.65621790813738,-0.0189711340462377
9.65642269011677,-0.0250634082198766
9.65664522374543,-0.0309410947266222
9.65688337890941,-0.0364452637373279
9.65713641265176,-0.0414879367712401
9.65740450335951,-0.0460178281902802
9.65769302110229,-0.0500639890210678
9.65799207451,-0.0534732641039211
9.65831001282127,-0.0563517917586883
9.65864930211595,-0.0587116254058686
9.6590128828232,-0.0605665129138526
9.65940438192756,-0.061931192606931
9.65982828809409,-0.0628197660975442
9.66029020963452,-0.063244138450856
9.66079726224438,-0.0632123045881066
9.66135867421684,-0.0627261724623395
9.66198828565213,-0.061775736551504
9.66270415412895,-0.0603353061893907
9.66353372568834,-0.0583521047375238
9.66452473875684,-0.0557154221062907
9.66578699018139,-0.0521380994177506
9.66719033875105,-0.0480477916463852
9.66854836792527,-0.0440855405265046
9.66986594477143,-0.0403022184213507
9.67114532972865,-0.0367229410646853
9.67238732149779,-0.0333607219035736
9.67359198187647,-0.0302215106220681
9.67475902091966,-0.0273064443091443
9.67588799985184,-0.0246130579990057
9.67697843579617,-0.0221360775469577
9.67802985130461,-0.0198680340364161
9.6790417910483,-0.0177997896713673
9.68001381768929,-0.0159210063474661
9.68094549356366,-0.0142205664891447
9.68185955328006,-0.0126482276622294
9.68279692412929,-0.0111344385652461
9.68375901414631,-0.00968393728593027
9.68474787214801,-0.00830069456902913
9.68576589719083,-0.00698849850570264
9.68681592754473,-0.00575090083442522
9.68790135376025,-0.00459116576615913
9.68902627035474,-0.00351221688389243
9.69019568389266,-0.00251658165437495
9.69141580604263,-0.00160633381967309
9.69269447938841,-0.000783032083134982
9.69404181977793,-4.76540664250719e-05
9.69547123097892,0.000599478827462483
9.69700110315901,0.00115879238717467
9.69862408321327,0.00162316441327123
9.70029092566555,0.00198508204529994
9.70201992824955,0.00226123557332714
9.70383147975917,0.00246633977780251
9.70575263525128,0.00261417532742555
9.70782136194298,0.00271798911577588
9.71009528198266,0.00279108578518964
9.71267243205892,0.00284791678721657
9.71575537001164,0.00290695674766048
9.71948835191659,0.00299117747109154
9.72341487284429,0.00310798955293036
9.72793244882415,0.00327923238114287
9.73209001053009,0.00346539527093996
9.7359964209342,0.00365890191230697
9.73980254690307,0.00386051184289316
9.7435896467524,0.00407170637712181
9.74741079261713,0.00429483041568521
9.75130639437687,0.0045331057417265
9.75531083447303,0.00479063328914345
9.75945573521354,0.00507246380355728
9.76377226897728,0.00538484299083973
9.76829256134258,0.00573564898467351
9.77286493673948,0.006118940067967
9.77733879190366,0.00652568835845808
9.78177209097765,0.00696378544575442
9.78615528662494,0.00743581006656669
9.79049780504452,0.00794664237201331
9.79480259432414,0.00850114537166729
9.79907263408294,0.00910490439794815
9.80330840608373,0.00976398528908994
9.80750891672341,0.0104850989359698
9.8117402434742,0.0112892434719883
9.81602967690991,0.0121957835862086
9.82039687144874,0.0132271096812247
9.82489609369588,0.0144197802532994
9.82965625915874,0.0158421215017712
9.83507257570539,0.0176734978099534
9.84072486791928,0.0198077147294377
9.84430109503903,0.021235711488211
9.84787732215877,0.0226647165133002
9.85109995958225,0.0238884589412222
9.85410036428305,0.0249056453480361
9.85702982243804,0.0257186742553857
9.8598883399476,0.0262810814417352
9.86270983815356,0.0265662233271604
9.8656401154546,0.0265486269419294
9.86895585625348,0.026136619272293
9.87291070207247,0.0251441320579212
9.87621886074371,0.0239686139084065
9.87899962605093,0.0227989309862887
9.88148349559759,0.0216563075239242
9.88382891653397,0.020523227529939
9.88610378116119,0.0193975727250682
9.88834437165448,0.0182820621019067
9.89057397911937,0.0171805407780306
9.89280937707747,0.0160969894102542
9.89506361030367,0.0150352449776603
9.89734748014536,0.0139988858886583
9.89967036630453,0.0129912044243939
9.90204077531082,0.012015184094847
9.90446669706878,0.0110734956235183
9.90695586072458,0.0101684965635901
9.90951597150222,0.00930221879666105
9.91215484053424,0.00847638419679574
9.91488060489106,0.00769238554658933
9.91770183106554,0.00695130647050855
9.92062769911469,0.00625391870321339
9.92366820793125,0.0056006838141507
9.92683429587498,0.00499178122543305
9.93016720120137,0.00442243731492041
9.93374912648954,0.00388436951372998
9.93760939012335,0.00338066478500955
9.94178308975566,0.0029140499716366
9.94631076005578,0.00248702641779917
9.95123881631196,0.00210182838376936
9.95662012004703,0.00176034640339531
9.96251350724487,0.00146409503185703
9.96898292646062,0.00121415117837293
9.97609907965356,0.00101103984190717
9.98395663883106,0.000854580749808667
9.99273016693092,0.000751459476885029
10.000151252247,0.000720669636071434
10.0085765851913,0.0007217436760166
10.0180080857576,0.000757212791584327
10.0274462881459,0.000827163632571676
10.0361873672423,0.000924680150694631
10.0442690187687,0.00104717958339223
10.0517513082709,0.00119424717396153
10.0586911694813,0.00136695795525472
10.0651423044065,0.00156759085022525
10.0711560020552,0.00179945172549457
10.0767820873788,0.00206683142235041
10.0820701451001,0.00237511484554135
10.0870713617141,0.00273107063559309
10.0918416679869,0.00314342506244039
10.0964478231313,0.00362401714201521
10.1009811792897,0.00419041968631486
10.1055966914857,0.00487332354412074
10.1106168048438,0.0057363921926676
10.1136946454308,0.00631340215311561
10.1167724860179,0.0069030113483096
10.1194935175258,0.00740723043895032
10.1219173057796,0.00781477928863291
10.1241798731095,0.00813327561023018
10.1263711720619,0.00835970717136696
10.1285677840777,0.00848213159506954
10.1308615925877,0.0084765189937513
10.1334158948777,0.00829121779088545
10.1363846070277,0.00783086817515665
10.1391825214641,0.00717038828127621
10.1418146571051,0.00637986339318414
10.1441682704211,0.00556696851951463
10.1453026040273,0.00514892109332737
10.1464369376335,0.0047353534998468
10.1482647324613,0.0041185102489423
10.1505004241872,0.00343891866761596
10.1527164534979,0.00283568227291511
10.1549833132652,0.00228049660745089
10.1574792502552,0.00173048588631041
10.1598133081901,0.00126512458401917
10.1616468106397,0.000927730649697345
10.1634803130893,0.000611641731268749
10.1651299228295,0.000343200537759486
10.1667004850073,9.99956633950449e-05
10.1682930257672,-0.000135658328182391
10.1700131313332,-0.00037914689155224
10.1720554092502,-0.000655015647418655
10.1752454554017,-0.00106082412228508
10.17866934412,-0.00146605033499669
10.181614512239,-0.00179084065595957
10.1846242561181,-0.00209943013074905
10.1881827581078,-0.00243085121664683
10.1919619128485,-0.00273729092844649
10.1956040411359,-0.00298129381064862
10.1992192385506,-0.00316733261124552
10.2030047397,-0.00329740997767977
10.2072656865928,-0.00336270533646933
10.2113254124498,-0.00334772837109202
10.2153986241922,-0.00326344825670363
10.219068880076,-0.0031347427629723
10.2224139816861,-0.0029790043795633
10.225624432707,-0.00279859858215675
10.2287889731754,-0.00259328536543446
10.231959634803,-0.00236104112793357
10.2351733107716,-0.00209782799788189
10.2384596254353,-0.0017969296331713
10.2418445069303,-0.00144768936289257
10.2453522427917,-0.00103327105286951
10.2487382606129,-0.000566935148062773
10.2518148357055,-6.82836664922785e-05
10.2546586650008,0.00047554195842446
10.2573465823234,0.00108216539205618
10.2599827894498,0.00178277974738714
10.2627527149109,0.00264638482522536
10.2656993504579,0.00371015498655134
10.2682464121074,0.00473281853106241
10.270793473757,0.00582160909753578
10.2733846075734,0.0069714304038998
10.2756242975753,0.00799588163193445
10.2778639875772,0.00906471549516767
10.2799098043515,0.0101085857124149
10.2817690356551,0.0111457967320733
10.2835512062837,0.0122536784911853
10.2852620104519,0.0134580029413313
10.286925584161,0.0148000690984493
10.2885380234402,0.0163037136831637
10.2900999174263,0.0179963793651694
10.2916031314222,0.0198950993238736
10.2930510637118,0.0220291122487207
10.2944415590497,0.0244208392855205
10.2957779250746,0.0271022498046025
10.2970626327435,0.0301072351390665
10.2982983838786,0.0334740083473271
10.2994890526495,0.0372493454976044
10.3006382019706,0.0414866281320565
10.3017494698735,0.0462483620261732
10.3028267639605,0.0516092323319977
10.3038739983751,0.0576577750662576
10.3048952358688,0.0645003125213854
10.3058949272168,0.0722671464095003
10.3068779393289,0.081119458534752
10.3078498467392,0.0912610262566816
10.3088173107262,0.10295599906273
10.3097887692422,0.116558955295716
10.3107756047098,0.132567596187987
10.311793716951,0.151710056853717
10.3128144124079,0.173890102139782
10.3138493446009,0.199709274646417
10.3149153381167,0.229992204820583
10.3160396867987,0.265979051336366
10.3171929120545,0.306791169985083
10.3182115043355,0.345256720592757
10.3190621766606,0.378061495575888
10.3198190617089,0.406679907587679
10.3205235854909,0.431743671230209
10.3212016166551,0.453328934035395
10.3218739599126,0.471167975322941
10.3225615237921,0.484633047232485
10.3232904363713,0.49254349654846
10.3241019811102,0.492595464741526
10.3249415589587,0.482198682436792
10.3258035900033,0.460136034682939
10.3266996456358,0.425004547975263
10.3276392391982,0.375226278471779
10.3282867720865,0.333771507323514
10.3289343049749,0.28734071350805
10.3294774532554,0.245535556232594
10.3299316984793,0.209467710750529
10.3303314215952,0.177629405623187
10.3306971230793,0.149012023478523
10.3310413245012,0.123005700531881
10.3313729560621,0.099192128239474
10.3316997117017,0.0772341777154145
10.3320300939186,0.0567934388181495
10.3323774430582,0.0373874432349863
10.3327779734286,0.0177661647526809
10.3329657659753,0.00958093772657809
10.3331535585221,0.00202642981974503
10.3333623423237,-0.00565590767760131
10.3335554406108,-0.012117180204991
10.3337481565951,-0.0179795869342719
10.3339628240393,-0.0238605006182581
10.3341958169299,-0.0295225989329676
10.3344449209578,-0.0348096693939024
10.3347192288207,-0.0397946573832399
10.3349973076063,-0.0440508675120521
10.3352914797713,-0.0477873693630691
10.3356033960527,-0.0510044843666694
10.3359349827731,-0.0537074611365937
10.3362886787931,-0.0559066125155368
10.3366675045211,-0.0576149093668629
10.3370751753427,-0.058846133894106
10.3375162741471,-0.0596133352491135
10.3379965064742,-0.0599273603339221
10.3385230824486,-0.0597952429457611
10.3391056110768,-0.0592177762555628
10.3397578708241,-0.0581843177967607
10.3404979375099,-0.0566696274429115
10.3413531157538,-0.0546229589262819
10.342370412884,-0.0519395389056489
10.3436556787388,-0.0483533150629679
10.345037754089,-0.0444088281470375
10.3463731279803,-0.0406096725167052
10.3476663506856,-0.0369997563174818
10.3489198882855,-0.033599556772217
10.3501347394232,-0.0304187992398511
10.3513111506601,-0.0274607587011528
10.3524489985363,-0.0247242898613326
10.3535479901973,-0.0222049855709138
10.3546077659952,-0.0198959656428288
10.3556279466797,-0.0177884925230848
10.3566081474837,-0.0158724911267877
10.357547971136,-0.0141370009235548
10.3584581094761,-0.0125517732027251
10.3593913314392,-0.01102397108457
10.3603488909074,-0.00955856411879649
10.361332783659,-0.00815954856365472
10.3623453401261,-0.00683074387941263
10.3633893113361,-0.00557573741613647
10.3644679762269,-0.00439783360015282
10.3655852850107,-0.00329996633632572
10.3667460548998,-0.00228464622145175
10.3679562442571,-0.00135399203918579
10.3692233483819,-0.000509612548678018
10.3705569919645,0.000247468229760679
10.3719698560401,0.00091689120057803
10.3734792109235,0.00149906089569355
10.3750962759932,0.00199171317449814
10.3767538257949,0.00237907269628185
10.3784702785503,0.00267852512653847
10.3802650825124,0.00290517012905943
10.3821638349565,0.003073176911254
10.3842020231425,0.00319619923797364
10.3864326218309,0.00328799998869965
10.3889435171199,0.0033635815949185
10.3919081083936,0.00344202483537263
10.3956472587138,0.00355275899382206
10.3995057737754,0.00369642450739645
10.4037952853901,0.00389458220717995
10.4082845978483,0.00413918707506082
10.4130092657122,0.00442851146931265
10.4177722255159,0.00474651411228143
10.4224417988268,0.00508106219510009
10.4270739863237,0.00543529779860545
10.4316634946313,0.0058103606706939
10.4362239673231,0.00620985832347273
10.4407561041197,0.00663692201248694
10.4452519195474,0.00709419761731412
10.4497050139687,0.00758475076441088
10.4541130179305,0.0081124923938652
10.4584699673528,0.0086818942413993
10.4627710965229,0.00929776891756066
10.4670152610143,0.00996597730080014
10.4712067154181,0.0106942213697903
10.4754483462352,0.011511299987983
10.4797410805238,0.0124332958384334
10.4841230581769,0.0134881183371244
10.4886643290089,0.0147191311138791
10.4935341925803,0.0162118141004588
10.4993295818942,0.0182289612509595
10.50359704606,0.0198626920458209
10.5078645102259,0.0215674144045253
10.5114153687197,0.0229712106207419
10.5145537648306,0.0241300332466498
10.5175158508424,0.0250853726536696
10.5204471986927,0.0258326423399941
10.5232805259113,0.0263115171950677
10.5261148994324,0.0265094419483652
10.5291176081551,0.026388472007368
10.5326740787113,0.0258096599523679
10.5364401594233,0.0247375680067366
10.5396444670681,0.0235281002201404
10.5423129270892,0.0223686094281456
10.5447433744725,0.0212305772322648
10.5470611227386,0.0201005914331917
10.5493212069419,0.0189786082284611
10.5515548774129,0.0178678485163392
10.5537830052146,0.0167722272778583
10.5560210174583,0.0156956728391688
10.5582811583948,0.0146419236524796
10.560573732181,0.0136144444125709
10.5629078153564,0.0126164055580887
10.565291746789,0.0116506639002151
10.5677334416679,0.0107197642414504
10.5702406524886,0.00982593133218313
10.5728211652183,0.00897107084227181
10.5754829728065,0.008156770186185
10.5782344565009,0.0073842956876225
10.5810845323176,0.00665460275029506
10.5840428469052,0.00596833676547393
10.5871199682074,0.00532584414191667
10.5903275899577,0.00472718787961327
10.5937313739135,0.00416398534680584
10.5973924503698,0.00363254778954576
10.601341964835,0.00313574989741521
10.6056166989604,0.00267614203540488
10.6102590030396,0.0022560114209672
10.6153174620488,0.00187730091637472
10.6208469839063,0.00154154642409147
10.6269080955688,0.00124980457514501
10.6335657383252,0.00100254493419626
10.6408927182542,0.000799425742077932
10.6489946626065,0.000649044414924792
10.6562949670893,0.000575138069765301
10.664119069076,0.000530273539029911
10.6732722282217,0.000506463484247847
10.6832722282217,0.00050926449064267
10.6932722282217,0.000538457007854878
10.7030377997377,0.000591173747116189
10.7120325753262,0.000662105005801186
10.720302938616,0.000749162150453091
10.7279121179425,0.000852065347293208
10.7349183783079,0.000971673299210658
10.7413749766187,0.00110958783913357
10.7473308157706,0.00126795882318753
10.7528309926913,0.00144941749773316
10.7579172442487,0.00165707816368608
10.7626283478773,0.00189457974577553
10.7670005099158,0.0021661593515679
10.7710677625324,0.002476760405483
10.7748623859287,0.00283218655791184
10.7784154121329,0.00323932195445116
10.7817572969986,0.00370646208715973
10.7849188969723,0.00424383260095839
10.7879330353428,0.00486446038016473
10.7908373458852,0.00558577649035712
10.7936596530091,0.00642627042044491
10.7964794882756,0.00742553860711664
10.7994929215841,0.0086858529566835
10.801657294663,0.00971080939476934
10.8038216677419,0.0108158029456757
10.805694811591,0.0118059897011536
10.8073281925235,0.0126608797276627
10.8088398088659,0.0134107070645146
10.8102937044322,0.0140603610826981
10.8117349198661,0.0146011436585042
10.8132078163951,0.0150141777589678
10.8147723770112,0.0152663707152494
10.8165443381668,0.0152920462729731
10.8189404052091,0.0148759254496769
10.8207958449131,0.0142232673697587
10.8226512846172,0.0133340390199393
10.8242942574481,0.0123968321268615
10.8258676354342,0.0114091732752092
10.8274351241305,0.010373201731119
10.8290325527462,0.00929561171099762
10.8303700103603,0.00842684953642695
10.8325653159185,0.00713752006683499
10.8348250901043,0.00597355311848119
10.8371430288649,0.0049334530116918
10.8395392208288,0.00400215724621395
10.8420274293521,0.00316894896859778
10.844628310387,0.00242194187694179
10.8473898829584,0.0017445805208358
10.8496835540464,0.00125747610664356
10.8519772251343,0.000827297691783148
10.8539123872346,0.000501792641409186
10.8556803095385,0.000229951281323754
10.8574245031393,-1.76310663027929e-05
10.8592541477796,-0.000258361697843751
10.8613244654703,-0.000510766924700099
10.8640531051124,-0.000816643066258543
10.8684772782437,-0.00126325977845899
10.8723192151257,-0.00161512464938541
10.8758041214377,-0.00191401768724481
10.8796990362309,-0.00223110242428272
10.8847661416033,-0.00262103265112301
10.8900147957236,-0.00299373443362998
10.8946468392555,-0.00328301669248994
10.8985834116916,-0.00348517381615884
10.902209467173,-0.00362356105126501
10.9057692568015,-0.00370479830271328
10.9094990663645,-0.00372372239178253
10.9137046888558,-0.0036577399832412
10.9177023038321,-0.00350731337088941
10.9217083517694,-0.00327184292174856
10.925264894548,-0.00299247616326351
10.9285177392245,-0.00267825674722555
10.9316434615707,-0.00232048150247303
10.9347251091939,-0.0019084562807191
10.9378118842516,-0.0014274007149371
10.9409387212876,-0.000856219367202773
10.9438568778841,-0.000229648594002203
10.9466260111983,0.000466751166260568
10.9493348146589,0.0012617891057172
10.9521176164287,0.00221155915587286
10.9551895774407,0.00342614252085993
10.9584524018301,0.00490132867675253
10.9619614263353,0.0066826509671691
10.9641998828827,0.00792772454887052
10.9664383394301,0.009278835905873
10.9684410389496,0.0106093020050747
10.9703136557651,0.0119938846156634
10.9720264749994,0.0134185180794658
10.9736770568538,0.0149762366381455
10.9752514924782,0.016676217540984
10.9767718578328,0.0185654272749577
10.9782332842338,0.0206645419160119
10.9796413991294,0.0230087752210391
10.980997744427,0.0256304315270251
10.9823016635391,0.0285588875147618
10.9835583758608,0.0318390448006575
10.9847705695282,0.0355159933357132
10.9859413569381,0.0396420911547065
10.9870735977687,0.0442762961880324
10.9881717161741,0.0494938575727119
10.989239624419,0.0553816458754571
10.9902815074144,0.0620444603689427
10.9913019239209,0.0696105008249641
10.9923059724144,0.0782392383582554
10.9932997501035,0.0881352400474249
10.9942906228327,0.0995662953718402
10.9952881679186,0.112897993847873
10.9963058205828,0.128657398398264
10.9973488096227,0.147366164096834
10.9983980882981,0.169081663086907
10.999467947529,0.194440403771413
11.0005800648409,0.224354569837011
11.0017727409696,0.260314613645572
11.0029435000841,0.298919344032823
11.0039194576828,0.332705640298349
11.0047680298232,0.36227942005623
11.0055423811243,0.388421876139566
11.0062722376455,0.411302585842936
11.0069787653517,0.430786987834253
11.0076803784658,0.446493103951827
11.008395975898,0.457725107897367
11.0091484025924,0.463287500588565
11.0099704784145,0.461041789232391
11.0108282553725,0.448642399481922
11.0117033529321,0.424952326921329
11.0126064111655,0.388716475766076
11.0135493851246,0.338530947723529
11.0141395476599,0.30131358220975
11.0147297101951,0.260452933199708
11.0152363404712,0.223335941502339
11.0156723679281,0.190670594827261
11.0160636577224,0.161438913808041
11.0164264152072,0.13493871492557
11.0167712578128,0.110716037895469
11.0171063161857,0.0884364709560007
11.0174391831601,0.0678072699725058
11.0177791473668,0.0484993750942779
11.0181429067714,0.0299607363397025
11.0185890070092,0.0102920613113047
11.018826206286,0.00118721852549329
11.0190634055628,-0.00701866052640383
11.0192636512013,-0.0132783410774305
11.0194666870772,-0.0190342034723948
11.0196912608685,-0.0247490531122139
11.0199339995013,-0.0302104018320498
11.0202338507693,-0.0360070260257475
11.0205087143233,-0.0404914483374865
11.0207986429109,-0.044463676119167
11.0211055901419,-0.0479271609448473
11.0214311721218,-0.0508817526251515
11.0217774913893,-0.0533342189638668
11.0221471841659,-0.0552954276643547
11.0225434981881,-0.0567781905074061
11.0229704200495,-0.0577955946138457
11.023432865895,-0.0583595584085096
11.0239369627898,-0.0584794052683782
11.0244904720549,-0.0581602408071429
11.0251044139626,-0.0573993783427172
11.0257933246418,-0.0561826100126495
11.0265772209304,-0.0544797779301395
11.0274870520242,-0.052231388522934
11.028578568569,-0.0493117013858783
11.0299885007919,-0.0453780235139987
11.0313414352991,-0.0415597853116422
11.0326478931258,-0.037914700012863
11.03391222873,-0.0344717193717946
11.0351364583475,-0.0312446702569932
11.0363214004868,-0.028239054165894
11.0374672627572,-0.0254550602049513
11.0385739492603,-0.0228891400947369
11.0396412209339,-0.0205349903942532
11.0406687752369,-0.0183842645712115
11.0416562792741,-0.0164271452475989
11.042603374438,-0.0146528287809762
11.0435100114698,-0.0130493425123212
11.0444395338985,-0.0115021601752907
11.0453930567309,-0.0100164691616581
11.0463725298702,-0.00859628650403646
11.0473802242906,-0.00724545736357947
11.0484188154882,-0.00596759864521516
11.0494914859221,-0.00476604785666105
11.050602061355,-0.00364380918896647
11.0517551962011,-0.00260349680527176
11.0529566318899,-0.00164727429670215
11.0542135677622,-0.00077678993670701
11.0555352125327,6.89568291290573e-06
11.0569336399846,0.000703393603957586
11.0584251893058,0.00131309145815275
11.0600329190782,0.00183729921667902
11.0616826032366,0.00225470217634308
11.0633882161787,0.00258172752425201
11.0651685433044,0.0028338646062613
11.0670479637655,0.00302561657721098
11.0690599251093,0.00317095540522953
11.0712536563346,0.00328395435639333
11.0737091290436,0.00337990799148185
11.0765784019229,0.00347801890342804
11.0802578532591,0.00361170832864086
11.0840657063427,0.00377727977540808
11.0883485850166,0.00400234567419202
11.0932876774756,0.00430657002888993
11.0979513868898,0.00462917677872185
11.1026439849108,0.00498098266690258
11.1072776886205,0.00535223981381274
11.1118924982408,0.00574554713887583
11.1164816701812,0.00616207093068472
11.121046078493,0.00660474488053588
11.1255739709342,0.00707600044679486
11.1300474301525,0.00757801053677312
11.1344557971422,0.00811404800915738
11.138801384745,0.00868944117542084
11.1430873752056,0.00931041292967182
11.1473174109323,0.00998411168055853
11.1515101831691,0.010721386736705
11.1557551143647,0.0115497592319948
11.1600574419725,0.0124868185778955
11.1644572357231,0.0135619144826513
11.1690319148394,0.0148218330853107
11.1739756567125,0.0163626279001153
11.1799820641225,0.0184894086908493
11.1840397944363,0.0200610819771541
11.1880975247501,0.0216864240284126
11.1915662014457,0.0230515517934199
11.194671706901,0.0241850831364156
11.1976221204974,0.0251169233387448
11.2005551472377,0.0258376407391969
11.2033816032419,0.0262835102477135
11.2062255147649,0.0264459778535441
11.2092660904175,0.0262808317804007
11.2129581985172,0.0256200371119506
11.2166065289958,0.0245308758061488
11.2197578152249,0.0233147785658437
11.2223860891338,0.022159111425156
11.2247971104095,0.0210228070451446
11.2271046116938,0.0198941489015848
11.2293592770181,0.018773761837639
11.2315905616719,0.0176650292085334
11.2338184336428,0.0165718882769717
11.2360578009045,0.0154982472507104
11.2383205872295,0.0144478077521208
11.2406168865662,0.0134239917912582
11.2429556354479,0.0124299231450547
11.2453450767443,0.011468410350706
11.2477930608915,0.010541948180491
11.2503072994223,0.00965270942560896
11.2528955507954,0.00880254762554515
11.2555657984082,0.00799299512089376
11.2583264190865,0.00722526362205178
11.261186336806,0.00650025143456213
11.2641552121385,0.00581854585969576
11.2672436245131,0.00518043524414141
11.2704632853138,0.0045859215135933
11.2738950738392,0.00402431037798024
11.2775870515324,0.00349452393171259
11.2815709987933,0.00299930412023041
11.2858840550071,0.00254108891736039
11.290568833225,0.00212201979900205
11.2956739821945,0.00174384725279618
11.3012540029463,0.00140785559126544
11.3073681673789,0.0011147657000806
11.3140790257608,0.000864583065660496
11.3214564389048,0.000656296875757862
11.3296046171785,0.000493899902201467
11.3361458574661,0.000414437140610851
11.3444797605048,0.000346025105617986
11.3536540907576,0.000296741775676893
11.3636540907576,0.000264778522674992
11.3736540907576,0.000249665715905569
11.3836540907576,0.00024704557953945
11.3936540907576,0.000253856707141561
11.4036540907576,0.000268116638533775
11.4136540907576,0.000288831076620031
11.4236540907576,0.00031586043040225
11.4336540907576,0.000349809064111137
11.4436540907576,0.000392013552035911
11.4534205146505,0.000443335617539848
11.4624433612276,0.000502384758940733
11.4707623174844,0.000569917028126091
11.4784338370686,0.000647029199163795
11.4855104548329,0.00073503901264053
11.4920405197585,0.000835468780539675
11.4980686300387,0.000950055827395324
11.5036360099987,0.00108077599558427
11.5087808214215,0.00122987435680247
11.5135384335606,0.00139990168941491
11.5179416689822,0.00159375770240325
11.5220210322309,0.00181474318573866
11.5258049224299,0.00206662350032766
11.5293198391437,0.00235370695412874
11.5325905942182,0.00268094489355109
11.5356405374089,0.00305406139857841
11.5384918052585,0.00347972676896733
11.5411656178072,0.0039657977781362
11.5436826599408,0.00452166332760376
11.5460636098006,0.00515876610633382
11.5483106898666,0.00588461791662595
11.5504015048416,0.0066943077864663
11.5523775921354,0.00760378953899681
11.5542872301826,0.00864008879024505
11.556199995951,0.00985579741776986
11.558272075395,0.011392375158168
11.5601047751916,0.0129425467573826
11.5619374749882,0.014645034569178
11.5634251825922,0.0160940528442095
11.5647037455046,0.0173387866437668
11.5658884722143,0.0184443121251913
11.5670343189586,0.0194228683869927
11.568179825757,0.0202652285455665
11.5693648391468,0.0209476342650573
11.5706473664662,0.021426082406847
11.5721526249834,0.021606576715534
11.5743894062402,0.0211213090318739
11.5758744873764,0.0203573990852177
11.5773595685126,0.0193226895487454
11.5787418053856,0.018182985426474
11.5801165394261,0.0169400091016561
11.58152870097,0.0156021361547544
11.5830119852761,0.0141780233850223
11.5838911423899,0.0133406162202179
11.5847702995038,0.0125255901768582
11.5858908673432,0.0115427353039585
11.5881980003402,0.00971315733666378
11.5904810612612,0.00814259706960193
11.5926834367303,0.00683178804671523
11.5949210961602,0.00568236871702184
11.5972194470536,0.00466939896823184
11.5995989813986,0.00377518634152336
11.6020803125317,0.00298527649635642
11.6046856084935,0.00228731525742847
11.6073581218438,0.00168711896439129
11.6098750621347,0.00121001128780264
11.6122584721681,0.00082302191197191
11.6145394448741,0.000501502981847121
11.616751006482,0.000227671841327778
11.6189299141746,-1.17193737769392e-05
11.6211238576484,-0.000227402849882533
11.6234186280206,-0.000430493400353319
11.6260711369985,-0.000641993407125692
11.6280944276854,-0.000789751242815951
11.6301177183724,-0.00092803144751931
11.6318693574361,-0.00104143640257994
11.6334536978563,-0.00113983380333599
11.6350009266202,-0.00123273386692039
11.63660545253,-0.00132631200480036
11.6383885466651,-0.00142763202737501
11.6406321515857,-0.00155205439768401
11.6447505871451,-0.0017747824261094
11.6485333382332,-0.00197645493177351
11.6518208625811,-0.00215170621457917
11.6553736069052,-0.00234259273775402
11.6599780956833,-0.00259373856034356
11.6655709487797,-0.00290346783613091
11.6709127040526,-0.00319494906664642
11.6760840568426,-0.0034540003080812
11.6802806711825,-0.00362790623158935
11.6840130088539,-0.00373920832143471
11.6875774269896,-0.0037946170438611
11.6911926589112,-0.00378932795254385
11.6951637938088,-0.00370257758279766
11.6992255062309,-0.00351913973599468
11.7031981747705,-0.0032423813977989
11.7070596820147,-0.00287618317470374
11.71043318832,-0.00247079358992713
11.7136096632155,-0.00200624640868678
11.7167078452527,-0.00146138978004046
11.7195638588891,-0.000861012010408859
11.7222094404925,-0.00020133404609976
11.7247024158353,0.000531599265204652
11.7271042815442,0.00135991756778082
11.7294992875672,0.00232416748768157
11.7320529457552,0.00352058874922097
11.7349740117955,0.00511007267731443
11.7380788776036,0.007050830316736
11.7404367806405,0.00869689809642082
11.7427946836775,0.0105139260659013
11.7447379450571,0.0121783939275437
11.7465171403876,0.0138785089006615
11.7481242485154,0.0156051216914914
11.7496681410124,0.0174834129789508
11.7511370169099,0.0195229417198298
11.7525536887497,0.0217809386101739
11.7539172574437,0.0242873184953776
11.755231714826,0.0270821778900464
11.7565000181774,0.0302078872843147
11.7577220614695,0.0337025508825852
11.758902592644,0.0376217554280225
11.7600443428551,0.0420229335136274
11.7611504124749,0.046973065527951
11.7622237446342,0.052548597691654
11.7632687953444,0.0588473285592377
11.7642897003956,0.0659842572931238
11.7652910411675,0.0741006591717094
11.7662780413036,0.0833734737339119
11.7672567720888,0.0940284167948677
11.7682349497581,0.106365802343167
11.7692226165074,0.120798016195294
11.7702340273206,0.137925618196628
11.7712626464851,0.15808816581649
11.7722999758956,0.1815100722961
11.7733607038714,0.208890917518778
11.7744673225394,0.241239119991649
11.775636636617,0.279405132443248
11.7767778792583,0.319886598174227
11.777704195739,0.354097517158106
11.7785104666284,0.383802910152034
11.7792495260476,0.409914162836382
11.779950771294,0.43263100494091
11.7806356970773,0.451802836119312
11.7813238387172,0.46697707260181
11.7820367781971,0.477298588252095
11.7828036295138,0.481212421192258
11.7836454940765,0.475980351745578
11.7845001607166,0.459864783708399
11.7853804626796,0.431658010930516
11.7862963793892,0.389938371527709
11.7870314781629,0.347749568387673
11.7877665769366,0.298655884385392
11.7883609827031,0.254968353913623
11.7888439259681,0.217817924954646
11.7892616886989,0.185267984189466
11.7896397189153,0.156111864038482
11.7899925558139,0.129665730429029
11.7903299740161,0.10548431868517
11.7906598337312,0.0832278871701495
11.7909900170532,0.0625824272259872
11.7913312491478,0.0431594725062551
11.79170634932,0.0241832969795387
11.7920530648277,0.00887724125898771
11.7922629247447,0.00063178998718119
11.7924727846617,-0.00687563522482994
11.7926678047695,-0.0132190384168403
11.792864985056,-0.0190439981030685
11.7930838691953,-0.0248577618900896
11.7933209433827,-0.0304347357837966
11.7935799861824,-0.0357359913222044
11.7938462836211,-0.0404006102527066
11.7941280000232,-0.0445650061863049
11.7944262473386,-0.0482163383965389
11.7947424985981,-0.0513519782571716
11.7950787228071,-0.0539774881890567
11.795437409645,-0.0561032581446215
11.7958216375027,-0.0577421344881738
11.7962351898606,-0.0589076261973362
11.7966827316103,-0.0596123927514298
11.7971700695253,-0.0598667926765491
11.7977045423833,-0.0596772783561153
11.798296104029,-0.059043699977322
11.7989586833383,-0.0579544376724029
11.7997107687249,-0.0563830856904345
11.8005804057016,-0.0542770306762227
11.8016162821371,-0.0515274495226797
11.8029302336228,-0.0478533761198376
11.8043036232891,-0.043937939402975
11.8056303865126,-0.0401763192512535
11.806914846497,-0.0366085313364566
11.8081593806849,-0.0332530117619705
11.8093649652122,-0.0301181682689662
11.8105318556773,-0.0272062949079837
11.8116599513323,-0.024515466325695
11.81274898613,-0.0220406463110942
11.8137986258493,-0.0197744563162768
11.814808511861,-0.0177077809101275
11.8157782728393,-0.0158302787382025
11.8167075159273,-0.0141308248413026
11.8176238246086,-0.0125510169128145
11.8185634912435,-0.0110298957036655
11.8195279935397,-0.00957211248998525
11.8205194112791,-0.00818161367486558
11.8215401799778,-0.00686215119167893
11.8225931815109,-0.00561722836355767
11.8236818599072,-0.00445004773013749
11.824810376873,-0.00336345605938998
11.8259838254851,-0.00235988623243418
11.8272085317807,-0.00144129574488264
11.8284924941058,-0.000609099593325101
11.8298460480206,0.00013590486992912
11.8312829208368,0.000793627723202741
11.8328220060577,0.00136480238181577
11.8344483449355,0.00184035306074453
11.8361199469027,0.00221538505419284
11.8378551327102,0.00250665342801418
11.8396747361156,0.00272910036469204
11.8416065003969,0.0028968600301133
11.8436895656072,0.00302373902670205
11.8459837760683,0.00312397157048875
11.8485921361361,0.0032137151098222
11.8517321957911,0.00331528415695758
11.8554675689343,0.00345186502948925
11.8593427673445,0.00362380055773945
11.8633205778597,0.00383316531979477
11.8674322198309,0.00407921406580191
11.8717084321147,0.00436027851915808
11.876180605449,0.00467630347131062
11.8808819225418,0.00503028782507928
11.885476261464,0.00539863160225885
11.8900318798569,0.00578805852179565
11.894538387189,0.00620055049624527
11.8990075353076,0.00664050105297049
11.9034365809668,0.00711137171610719
11.9078264738336,0.00761729904279727
11.9121817526333,0.00816329791617565
11.9165011936956,0.00875430269069157
11.9207794947224,0.00939532283028468
11.9250113444678,0.0100920240216295
11.9292242790411,0.010857005294837
11.9334870314178,0.0117148690148981
11.9378079437053,0.01268397397526
11.9422310783758,0.0137953240123007
11.9468464824034,0.0151006556137856
11.9518888582833,0.0167125894178532
11.9577886190021,0.0188439245021697
11.961686292117,0.0203694132230809
11.9655839652318,0.0219323532887952
11.9689805151644,0.0232590116425136
11.9720560593214,0.0243631069411354
11.9749984247276,0.0252656619631358
11.9779094976144,0.0259466092005359
11.9807310564471,0.0263527041655248
11.9835906961491,0.0264717646702134
11.9866838094068,0.0262508045430728
11.9905782530744,0.0254749298005295
11.9941087691352,0.024357419628826
11.9971271845204,0.0231598042452897
11.9997085458804,0.022008396963289
12.0020994601086,0.020872244776311
12.0043969557198,0.0197434304130781
12.0066470008212,0.0186233476743764
12.0088771568986,0.0175155435755402
12.0111064233322,0.0164239837180701
12.0133491500459,0.0153525629642189
12.0156169065595,0.0143049588760843
12.0179195556972,0.0132845623629709
12.0202658650414,0.0122944679169677
12.0226639586876,0.0113374505575641
12.0251215814775,0.0104159752966829
12.0276463621007,0.00953217992174073
12.0302459643163,0.00868788646713725
12.0329282762268,0.00788459147342537
12.0357015603747,0.00712346961527186
12.0385745888548,0.0064053824217839
12.0415568426899,0.00573087461776068
12.0446586536882,0.00510019230980727
12.0478914042828,0.00451329297137252
12.0513581138763,0.00395622054763982
12.0550886464923,0.00343151668922593
12.0591156222268,0.00294184450277148
12.0634767001687,0.00248961244272686
12.0682149458797,0.0020769240801891
12.0733793745055,0.00170547494744251
12.0790246089429,0.00137647780624735
12.0852097660489,0.00109055568126422
12.0919975269348,0.000847571046280249
12.0994607251847,0.000646303450618455
12.1077150605821,0.000484054911340629
12.1169891092968,0.000364592607015276
12.1263711031574,0.000297876876113157
12.1350166155524,0.000262087759691732
12.1450166155524,0.000238068444914537
12.1550166155524,0.000228169599599301
12.1650166155524,0.000229021089138691
12.1750166155524,0.000238438083871947
12.1850166155524,0.000255019197318649
12.1950166155524,0.000278125413016023
12.2050166155524,0.000307868496156017
12.2150166155524,0.000345091788882146
12.2250166155524,0.000391418138907626
12.2347244454844,0.000447576555473597
12.2436787724315,0.00051227800094096
12.2519238398098,0.000586427324263696
12.2595184598743,0.00067127565626689
12.2665170678506,0.000768306372773178
12.2729695947933,0.000879227192807278
12.2789219666259,0.00100598662574299
12.2844165322129,0.00115080234730259
12.2894924180915,0.001316197380673
12.2941858374667,0.00150504350521478
12.2985303718864,0.00172061376133876
12.3025572349163,0.00196664694812485
12.3062955218362,0.00224742822609069
12.3097724597916,0.0025678914657006
12.3130136756134,0.0029337542818312
12.3160434971145,0.00335170018556634
12.3188853134441,0.00382963364806945
12.321562047222,0.00437705370325971
12.3240968301441,0.00500562946597351
12.326503884094,0.00572680071915597
12.3287530932871,0.00653547417214034
12.3308943163128,0.00745111859684227
12.3329914488238,0.00850929030527321
12.335155823114,0.00978996258640554
12.3377373191868,0.0115804401958645
12.3393577194807,0.012838498983662
12.3409781197745,0.014170027781621
12.342424040263,0.0153811992459204
12.3437297385006,0.0164507018624806
12.3449660102372,0.017398868126894
12.3461784850184,0.0182246026184936
12.3474060012509,0.018912491025176
12.3486949496621,0.019432661464005
12.3501233966854,0.0197289850522093
12.3519029549203,0.0196595346505947
12.3537313086671,0.0191015135899706
12.3555596624139,0.0181252049815768
12.3570695093181,0.01707841447433
12.3584950945049,0.0159527058933316
12.3599229758872,0.0147427776273775
12.3613933807066,0.0134561620006866
12.3629393835256,0.0121001355846656
12.3646005882721,0.0107158050474657
12.3668801418825,0.0090204670786686
12.3691596954929,0.0075456052163424
12.3713826655918,0.00629898677215827
12.3736506521447,0.00520008068507117
12.3759876902373,0.00422745656684152
12.3784143066651,0.00336528075204927
12.38095172443,0.00260026065369233
12.3835515438932,0.00193750643573595
12.385994589487,0.00140746684236163
12.3882955190875,0.000976464456794421
12.390476548699,0.000618924538221014
12.3925604868063,0.00031623704809096
12.3945711458048,5.46011458962121e-05
12.3965357742614,-0.000176668023421386
12.3984906083133,-0.0003865786326929
12.4004964854385,-0.000584342749502926
12.4026999728354,-0.000784488512599066
12.4047863785285,-0.000960434690555121
12.4064451208543,-0.00109256662322727
12.4081038631801,-0.00121900137931444
12.4095842023473,-0.00132779352961907
12.4109847389246,-0.00142777056198632
12.4123960315089,-0.00152607900414929
12.4139070877472,-0.00162909082057323
12.415670459351,-0.00174694909421995
12.4182233962437,-0.00191426881090951
12.4214098266292,-0.00211964426195699
12.4241394427221,-0.00229401703853101
12.4268210898208,-0.00246481231251308
12.4299244007591,-0.0026623481817622
12.4340127090049,-0.00292235263884214
12.4393614212641,-0.00325878880046277
12.4446284406016,-0.00357379434522605
12.44908351015,-0.00381020436681813
12.4529276178847,-0.0039764924523655
12.4565263618277,-0.00408814381774489
12.4601122927987,-0.00414722882456742
12.4639474888242,-0.0041449829740667
12.4680827157824,-0.00406205522606648
12.4720693000588,-0.00390250904812859
12.4761184278606,-0.00366254424071482
12.479588937782,-0.00339553313427478
12.4828123153871,-0.00309617706113631
12.4859356165773,-0.00275574981091218
12.489030810492,-0.00236301971723954
12.4921429648804,-0.00190146579428119
12.4951606267093,-0.00137359262455133
12.497899002757,-0.000806517501021409
12.5004314817268,-0.000186820591068732
12.5028251622006,0.000503742750079358
12.5051685352105,0.00129815065043629
12.5076173661469,0.00227014678338684
12.5103624507128,0.00353747616968175
12.5126762401164,0.00473647875100528
12.5149900295199,0.00602665233642415
12.5173644789258,0.00742031468507449
12.5194407550468,0.00869398595088531
12.5215170311678,0.010039114741093
12.5234443746537,0.011386246409743
12.5251580642532,0.0127029606035753
12.5267844282177,0.014096912335253
12.528359406584,0.0156239595097307
12.5298775946268,0.0173074444439564
12.531352001362,0.0191917807652605
12.5327719554942,0.0212942497050782
12.5341437448985,0.0236542642644291
12.5354657897736,0.0263013773158944
12.5367360603919,0.0292630827526597
12.5379594323495,0.0325840336528949
12.539138245973,0.0363084307439742
12.5402753455136,0.0404875186154424
12.5413734113087,0.0451789934443384
12.5424364207464,0.0504554092902077
12.5434679740021,0.0564005497763746
12.5444717860072,0.0631141617206342
12.5454517812408,0.0707164792758041
12.5464121330382,0.0793537559280213
12.5473575477234,0.0892080194987717
12.548293330719,0.100508414484511
12.5492257554172,0.113550509535311
12.550162595235,0.128726782149797
12.5511140516189,0.146578784902478
12.5520936949336,0.167874989946627
12.5530751990234,0.192527688965916
12.5540685269799,0.221173433827935
12.555087815855,0.254662205675677
12.5561562163549,0.294243243012513
12.5572867831625,0.340647536160354
12.5582314921692,0.381960134760661
12.5590025766809,0.416175146177056
12.5596882904127,0.445765690690786
12.5603319243788,0.471633423380102
12.5609596390563,0.493893591034146
12.5615936616746,0.512215687290611
12.5622594620917,0.52578185250018
12.5629964327017,0.532886642189244
12.5637971552346,0.530323636846242
12.5646198618419,0.51622181734549
12.5654810264733,0.489198346561419
12.5663926474329,0.447442332802743
12.5673630684175,0.38894586847047
12.5679917879887,0.343998929798146
12.5686205075598,0.29442639098212
12.569147132536,0.250354687207229
12.5695877778042,0.212614033892644
12.5699758010698,0.179476885503427
12.5703312107763,0.149806358928632
12.5706662947209,0.122916919206968
12.5709899208988,0.0983388821415094
12.571309939789,0.0756910011566469
12.5716354947058,0.0545789465864317
12.5719823087891,0.03439457323673
12.5724024286877,0.0132154962709251
12.5726427631751,0.00268705551937377
12.5728282478448,-0.00468053866903946
12.5730137325144,-0.0114160652516835
12.5731931372614,-0.0173576169285848
12.5733952879772,-0.0234146186472834
12.5736161859935,-0.0293114422658464
12.5738532102322,-0.0348667314714046
12.5741053143695,-0.0399793500182614
12.5743980665286,-0.0449856984133036
12.5746804580118,-0.0489794927203789
12.5749793693955,-0.0524348729058151
12.5752970543558,-0.0553630209209509
12.575635807978,-0.0577739052153
12.5759984789225,-0.0596806972450941
12.5763885810754,-0.0610978376569033
12.5768104550275,-0.0620393810453476
12.5772695077154,-0.0625174596469551
12.5777725707298,-0.0625406398723939
12.5783284542678,-0.062111889331582
12.5789501484607,-0.0612234867984192
12.5796547066917,-0.0598530472214501
12.5804673647643,-0.0579543873578112
12.5814305790065,-0.0554325102632302
12.5826349750015,-0.052056499183232
12.5840430009908,-0.0479803260056508
12.5854033330773,-0.0440253788517922
12.5867221012978,-0.0402460311551865
12.5880020165982,-0.0366692633351618
12.5892441271926,-0.0333088944967542
12.5904486396079,-0.0301712338482467
12.5916153512369,-0.0272575770990845
12.5927438780669,-0.0245655221547945
12.5938337727618,-0.0220898128098443
12.5948845815911,-0.0198229777296074
12.5958958653372,-0.0177558687655433
12.5968671976277,-0.0158781368629929
12.5977981480807,-0.0141786558930188
12.5987127606284,-0.0126049899584844
12.5996507006126,-0.0110899444848809
12.6006133942279,-0.00963823422498536
12.601602897886,-0.00825382475746699
12.6026216197861,-0.00694049660793131
12.6036724093017,-0.00570179133125371
12.6047586707525,-0.00454096036178934
12.6058845160903,-0.00346091130122668
12.6070549744472,-0.00246415218994674
12.6082762874293,-0.00155273287697609
12.6095563384781,-0.000728182954311889
12.6109053011336,8.5563527689788e-06
12.6123366641343,0.000657209973726249
12.6138689497523,0.00121826470314965
12.6154927600704,0.00168408871670337
12.6171608074859,0.00204791097106505
12.6188913908528,0.00232642046120109
12.6207050140516,0.00253437267122979
12.6226289103448,0.00268561684606815
12.6247013506128,0.0027935137514044
12.6269805309914,0.00287156243110796
12.6295657644525,0.00293457644687719
12.6326634150689,0.0030018474419694
12.6363967056872,0.00309659926396007
12.640331967772,0.00322573408256755
12.644233143525,0.00338447583445099
12.6480395700966,0.00356426311670317
12.6518276157592,0.00376211869535177
12.6556500380295,0.0039768466516483
12.6595470433954,0.00420866721955013
12.6635528250815,0.00445930375034231
12.6676989708816,0.0047321673654827
12.6720165377254,0.00503233116190852
12.6765375224353,0.00536664383877121
12.6811862416472,0.00573516630542339
12.6857048113652,0.00612143045445769
12.6901838002119,0.00653556352709307
12.6946094664051,0.00697998891305885
12.6989957306363,0.00745961234571862
12.7033448988104,0.0079786950190964
12.7076599952226,0.00854217341424563
12.7119406976291,0.00915527810194613
12.716184519137,0.00982369540259923
12.7203881454518,0.0105537922262172
12.7246319605855,0.0113696260877989
12.7289283619625,0.012288345330092
12.7333047821993,0.013334470864585
12.7378223128317,0.0145473053241098
12.7426271594301,0.0160022822281766
12.748192585848,0.0179109091757695
12.7537713256661,0.0200394282231012
12.7572656571824,0.0214383123471096
12.7607599886987,0.0228272487834978
12.7639328668453,0.024015051123678
12.7669121874097,0.0249994938241129
12.7698419428509,0.0257777676065988
12.7726861073578,0.0262956068007814
12.7755131147468,0.0265343560262868
12.7784790764718,0.0264623271985391
12.78191042763,0.0259658075568075
12.7858247334928,0.0249097991179422
12.7890732426066,0.0237123791010835
12.7917865472501,0.0225480538223731
12.794238765496,0.0214072924347303
12.7965679806738,0.0202750836837803
12.7988342461298,0.0191506020272187
12.8010708315659,0.0180368795304344
12.8032995896537,0.0169378120427386
12.8055364968018,0.0158573558682659
12.8077941163339,0.0147992982601266
12.8100829450023,0.0137671577489652
12.8124121626486,0.0127641635139993
12.8147901494924,0.0117932321886628
12.8172248129889,0.0108569681264738
12.8197238431472,0.00995765844075818
12.8222949280925,0.00909726600359549
12.8249458942299,0.00827743976747723
12.8276849128781,0.00749949996511524
12.8305206072429,0.00676445641412221
12.8334622421266,0.00607300481498473
12.8365199167549,0.00542553192555336
12.8397047007376,0.00482213982262993
12.8430759779393,0.00425520575946169
12.8467004911547,0.00371972915834151
12.850608498169,0.00321864302715956
12.8548358202198,0.00275454332764227
12.8594237258008,0.00232976319230667
12.8644193616721,0.00194631218351369
12.8698761049709,0.00160578832942872
12.8758528441647,0.00130931603183088
12.882412940202,0.00105743577366916
12.8896267154563,0.000849901147406274
12.8975924464868,0.000685377899202332
12.9064969289072,0.000569494065111768
12.914651163111,0.000519306054615669
12.9230667734618,0.000498142200490466
12.9327684166563,0.000499565943583376
12.9427684166563,0.000526076080811326
12.9527684166563,0.000576595305842513
12.9622313762275,0.00064763003316405
12.9709423343909,0.000735953015332839
12.9789582635389,0.000841026260651994
12.9863408683977,0.000963600397644574
12.9931469594363,0.0011052818035664
12.9994288067937,0.00126830402801866
13.0052347510621,0.00145543659541267
13.0106097314713,0.00166998122682927
13.0155957601278,0.00191582128677357
13.0202324021991,0.00219751419486544
13.0245573088189,0.0025204326639528
13.0286068631327,0.00289097431940071
13.0324170419751,0.00331688174652308
13.0360247127679,0.00380775539047363
13.0394698147006,0.0043759417945128
13.0427994904503,0.00503822939043148
13.0460771859824,0.00581956351755549
13.0494074842783,0.00676307764841735
13.0530339904784,0.00796917800844498
13.0552646511976,0.00879288851229722
13.0574953119169,0.00965630897509825
13.0594700282369,0.0104258354378961
13.0612224049377,0.0110833598420822
13.0628750771967,0.011652466403997
13.0644845579491,0.0121301697068595
13.0660963887487,0.0125041533319599
13.0677616238612,0.0127527921351905
13.0695584095451,0.0128379966897549
13.0716649472021,0.0126750094553961
13.0746667626816,0.0119603494379402
13.0765170018326,0.0112690734222458
13.0783672409837,0.0104289483166778
13.0800800428766,0.0095531953336478
13.0817433276065,0.00864338943304851
13.0828335504016,0.00802824774056153
13.0836011120969,0.00759217344277843
13.0843686737921,0.00717113543851381
13.0865972150098,0.00604639782897715
13.0889220050611,0.00501515370234974
13.0913246886011,0.00408397747835283
13.0936841669229,0.00328562072795992
13.095946727259,0.00261339485359679
13.0981411783268,0.00203650917502702
13.1003088076941,0.00152896479219896
13.1025175014383,0.0010661647438261
13.1049240041277,0.00061465024773675
13.1072524587531,0.000221567393385299
13.109080704754,-6.17279381208172e-05
13.1109089507548,-0.000326122484106581
13.1125389257513,-0.000548090876754028
13.1140802153107,-0.000747635816744529
13.1156345155719,-0.000939967536704265
13.1173020494569,-0.00113763791957552
13.119257118391,-0.00135950472229033
13.1221427413301,-0.00167057624109871
13.1255891911731,-0.00202085839748936
13.1285525704596,-0.00230596212301561
13.1315029485586,-0.00257561609433473
13.1349416292794,-0.00287061267439111
13.1393540336663,-0.00321261891811993
13.1433568848965,-0.00347757318736902
13.1470543933644,-0.00367396005097877
13.1506593727491,-0.00381228168845005
13.154408615822,-0.00389405573277301
13.1586395624373,-0.00390677856088425
13.1626532420146,-0.00384235874464748
13.1666688102273,-0.00370877599680593
13.170262694567,-0.00353631280524139
13.1735418694985,-0.00333968997081172
13.1766898246281,-0.0031184532478792
13.1797924325591,-0.00287056820971305
13.182900308314,-0.00259232522322216
13.1860493998489,-0.00227766456251478
13.1892685060362,-0.00191713649953521
13.192582747643,-0.00149609733806289
13.1959705538529,-0.000998791181918662
13.1990265819818,-0.000473670475722239
13.2018401650266,9.37663499093048e-05
13.2044818825071,0.000719812200783624
13.2070427546409,0.00143215991255846
13.2096676763599,0.00228684836329692
13.2125207446938,0.00336695203891275
13.2156746880104,0.00472687511574262
13.2183191795853,0.00596765108196924
13.220970316168,0.00727484523461162
13.2231133120179,0.00837695027275312
13.2252563078679,0.00953902167456631
13.2272508076471,0.0107054383258185
13.2290442711373,0.0118590885015445
13.2307661552495,0.0130970745917338
13.2324213533639,0.0144465788854642
13.2340218016694,0.0159420860039974
13.2355735216003,0.0176166389830318
13.2370717064627,0.0194931185991834
13.2385148009184,0.0215966070302515
13.2399050482663,0.0239578664890495
13.2412415292701,0.0266037580923136
13.2425260007927,0.0295669751994005
13.2437622081006,0.0328883172250847
13.2449530726499,0.0366121026215446
13.2461018924073,0.0407901093357164
13.2472124341681,0.0454841876204201
13.2482883546571,0.0507664526235467
13.2493333948392,0.056722320758635
13.2503515895509,0.0634549748269305
13.251347163776,0.0710892826622805
13.2523247177039,0.0797788702716991
13.2532894830292,0.0897167199030667
13.2542475872252,0.101150270185857
13.2552065754223,0.114406299226321
13.2561762965884,0.129933328399215
13.2571706643995,0.148382110123135
13.2581781629813,0.170008016231166
13.2591946828164,0.195122998468191
13.26023407499,0.224463263788816
13.2613174385074,0.259077718180281
13.2624652887438,0.30001324943549
13.2633467566765,0.333918831419921
13.2642282246092,0.369136903071648
13.2650129229965,0.400574706879342
13.2657268738011,0.428142716750875
13.2664018798997,0.452175791767081
13.2670613980994,0.472619017341741
13.2677264183139,0.48905915988359
13.268420733717,0.500630126519239
13.2691788679764,0.505648441512246
13.2700035622793,0.501178767143182
13.2708458829827,0.485466835255806
13.2717199908354,0.45720468632927
13.2726361383449,0.414794758346791
13.2736044377088,0.356494986776178
13.2741821941508,0.315823437683262
13.2747599505928,0.27163883705086
13.2752548669298,0.231904560798893
13.2756797968117,0.19722439888119
13.2760605169371,0.166384579301236
13.2764132709057,0.13855433901778
13.2767487079207,0.113199951301161
13.2770750316655,0.0899314260020394
13.2774000568714,0.0684079514375212
13.2777337603582,0.0482390686146846
13.2780955781244,0.0287251866964309
13.2785706888374,0.00687232271224809
13.2787679130309,-0.000972586596444689
13.2789651372245,-0.00813323706445712
13.2791515081378,-0.0142988382462052
13.2793497765294,-0.0202504343808527
13.2795684691209,-0.0261332445866954
13.2798044139864,-0.0317370280692246
13.2800559692803,-0.0369305748134108
13.2803305098432,-0.0417627613559092
13.2806109204391,-0.0459000928268598
13.2809077465134,-0.0495126079311651
13.2812227436295,-0.0526029979319967
13.2815579870044,-0.0551785527559314
13.281916080053,-0.0572508322050942
13.2823002378896,-0.0588334552483357
13.2827144187453,-0.0599403552525763
13.2831635208753,-0.0605842611267678
13.2836536742434,-0.0607751839061034
13.2841926819148,-0.0605186750180976
13.284791431088,-0.0598124703139732
13.2854648112215,-0.0586417301169905
13.2862333364887,-0.0569742134371376
13.2871291502601,-0.0547452826217178
13.2882115446334,-0.0518151677814905
13.2896368231844,-0.0477754749636501
13.2910060425453,-0.0438380601104027
13.2923306804199,-0.0400646861924718
13.2936147343189,-0.0364883897140331
13.2948599503584,-0.0331257041186376
13.2960669303913,-0.029984272572873
13.2972357033473,-0.0270661008149017
13.2983660252968,-0.0243691907239321
13.2994575362912,-0.0218885274475538
13.3005098387728,-0.0196167891530301
13.3015225308031,-0.0175449219666628
13.3024952117025,-0.0156626352362199
13.3034274696741,-0.0139588373250565
13.3043416838332,-0.0123838634034168
13.3052791836099,-0.0108673267478743
13.3062413756829,-0.00941397470770826
13.3072303109639,-0.00802777520808883
13.3082483897729,-0.0067125100717043
13.3092984508634,-0.0054717211007195
13.3103838844446,-0.00430865844106909
13.311508783753,-0.00322622687568314
13.3126781529206,-0.00222692925807592
13.3138981996675,-0.00131280711518454
13.3151767604954,-0.000485377333660138
13.316523941971,0.000254511553813952
13.3179531334549,0.000906690124457473
13.3194827018621,0.00147169532216757
13.3211058368935,0.00194257696274677
13.3227727458715,0.00231146467219103
13.3245017459057,0.0025951843595588
13.3263132153964,0.00280860698141036
13.3282341892929,0.00296572719010051
13.3303025961989,0.00308010057759281
13.3325759806885,0.00316551008064886
13.3351522006552,0.00323723028203597
13.3382332678638,0.00331543335281336
13.3419669149369,0.00342503860688454
13.3458928179158,0.00357116982862204
13.3499987275951,0.00375914796775308
13.3542687224062,0.00398672401472741
13.358734929211,0.00425180299425854
13.3634314682406,0.00455395139521005
13.3681780991905,0.004880906944859
13.3728271971319,0.0052224441581726
13.3774407185804,0.00558417367247454
13.3820114638804,0.00596802228957915
13.3865498261379,0.00637774068140055
13.391050168181,0.00681603688670173
13.3955125320904,0.00728638247283138
13.3999379122931,0.00779275796073758
13.4043207931268,0.00833892719019639
13.4086540064971,0.00892919159175037
13.4129325649227,0.00956880126582533
13.4171554538782,0.0102639472381288
13.4213694233502,0.011030797458281
13.4256314622498,0.011892527423812
13.4299576859996,0.0128696738093917
13.4343963228172,0.0139952772485801
13.4390476559411,0.0153256078093711
13.4441831206915,0.0169887525203889
13.4500111591256,0.0191176573356383
13.4537996405447,0.0206082044637916
13.4575881219638,0.0221263874596391
13.4609320179685,0.0234241263985278
13.4639845255314,0.0245058009005084
13.466920094745,0.0253864072088948
13.4698157699118,0.0260388505185243
13.4726343323055,0.0264166013108336
13.4755063220146,0.0265047094495378
13.4786407804332,0.0262431717851339
13.4827042043285,0.0253753922282075
13.4861619232693,0.0242366525784007
13.4890936105144,0.0230507761643939
13.4916409119618,0.021903441994791
13.494016220642,0.0207690175024974
13.4963057426585,0.0196418506462021
13.4985520624719,0.0185238268078547
13.5007813114987,0.0174185929346928
13.503011760422,0.0163301138299382
13.5052573450585,0.015262256030819
13.5075294014725,0.0142186549204392
13.509837659454,0.0132026585496405
13.5121908347874,0.0122173140093619
13.5145970497276,0.0112653520157793
13.5170641039975,0.0103491909094622
13.519599722907,0.00947092537922978
13.5222117211442,0.00863233451946987
13.5249081936398,0.0078348746783361
13.5276976693709,0.0070796854313514
13.5305892740385,0.00636759522410684
13.5335929299576,0.00569912375085038
13.5367195302112,0.00507449871379794
13.5399817267369,0.00449357390776747
13.5434849602414,0.00394250454230492
13.5472568620891,0.00342442058088813
13.5513310868515,0.00294199757731669
13.5557464760333,0.0024976797463539
13.5605476410793,0.00209361559483731
13.5657854993476,0.00173157455518397
13.571517000807,0.00141288457179961
13.5778040394614,0.00113834611644373
13.5847129832434,0.000908081169500281
13.5923237915348,0.000721244659385917
13.6007701544509,0.000590420491574183
13.6082101112594,0.000529409253607812
13.6164872778793,0.000492135695253718
13.6257007542883,0.00047650686624066
13.6357007542883,0.000485114826497364
13.6457007542883,0.00051752544254894
13.6555093875092,0.000571700820161158
13.6645453613145,0.000642727601085083
13.6728534477201,0.000728961032436866
13.6804969984026,0.000830389878242541
13.6875344498419,0.000948012716426641
13.6940192095289,0.00108349073112198
13.7000003052037,0.00123898579702241
13.7055229317929,0.00141711164413339
13.7106288981132,0.00162094346528936
13.715357023757,0.00185406190664788
13.7197435197414,0.00212062559913499
13.7238223736048,0.00242547531196942
13.7276257557313,0.00277428025911705
13.7311844950914,0.00317374540228301
13.7345287009332,0.00363191904118608
13.7376886487345,0.00415866883938151
13.7406961702735,0.00476646876644452
13.7435871130477,0.00547181661030269
13.7463870420283,0.00629193325730094
13.749152789252,0.00725704771800646
13.7520803082319,0.00846502824345082
13.7544604592769,0.00958929969629826
13.756840610322,0.0108200673658217
13.7587514172772,0.0118516399670251
13.7603862295735,0.0127290934163043
13.7618917416676,0.0134981089475006
13.7633360799961,0.0141662101037411
13.7647648084417,0.0147255689464272
13.7662216464815,0.0151580173721199
13.7677643252926,0.0154316259629392
13.7695009885055,0.0154840897004697
13.7717943112737,0.0151241674815829
13.7736825940939,0.0144845933926551
13.7755708769141,0.0135880792080504
13.7772168087695,0.0126469300050897
13.7787848715479,0.0116552161742961
13.7803445680741,0.0106134354245566
13.7819329396506,0.00952817228399459
13.7835804609377,0.00844330784992531
13.7852006301051,0.00746980529260175
13.7874280572045,0.00627416298585604
13.789725316736,0.00519791975294939
13.7920953040397,0.00423501291429732
13.7945439726219,0.00337667135215096
13.7969339324079,0.00265364340786906
13.7993182232432,0.00202821741252064
13.8017998748217,0.00146288191528981
13.8046844770907,0.000896402257648168
13.8068457925626,0.000524748027342694
13.8090071080345,0.000190379818217291
13.8108752626957,-7.32382823717021e-05
13.8125793421753,-0.000296210495432858
13.8142555716912,-0.000501523992799026
13.816008034574,-0.000703378599489259
13.8179803639917,-0.000917235678142006
13.8205418334072,-0.00117757433948776
13.8249797477568,-0.00159338370545573
13.8289676233594,-0.00193945233914851
13.832526908551,-0.00223255888492194
13.8364703727373,-0.00254315528340343
13.8417202564858,-0.0029328602626424
13.8468394566071,-0.00327592469363841
13.8510142574772,-0.00351382227934728
13.8547319542115,-0.00368083069645764
13.8582972898207,-0.00379074348490901
13.8619370902481,-0.00384375938330456
13.8659882960637,-0.00382596286950183
13.8700309902364,-0.00372518551644222
13.8740088208403,-0.00354654998336274
13.8777847317256,-0.00330685042719095
13.8811281080353,-0.00303914183311919
13.8842933623628,-0.00273746505861131
13.887389057153,-0.00239464827514141
13.8904739295936,-0.00200097221999334
13.893587246151,-0.00154230450480839
13.8967592364347,-0.000997870082964149
13.8997200941662,-0.000401926122848175
13.9024910179938,0.000251432685826232
13.9051507827828,0.000984324596798993
13.9078120330795,0.00183867574331181
13.9106840181992,0.00291008346156873
13.913794261028,0.00424601789932026
13.9172031835737,0.00589852161207367
13.9199924640508,0.0073824604063091
13.9221022063832,0.00859135274774377
13.9242119487156,0.00989964821893659
13.9261740040536,0.0112383972647629
13.9279462579702,0.0125860002984199
13.9296342713175,0.0140315848274989
13.9312532828968,0.0156092615030552
13.9328068266608,0.0173455593747469
13.9343072418788,0.019279847333413
13.9357492247649,0.0214325320954957
13.9371394773512,0.0238413504588178
13.9384767090433,0.0265340006818933
13.9397638516164,0.029547506187917
13.94100435874,0.032924584431623
13.9422009785901,0.0367116640287006
13.9433565872952,0.0409617434464662
13.9444747126652,0.0457382194825622
13.9455594590376,0.0511180074140086
13.9466147397567,0.0571913041992904
13.9476447405949,0.0640670915552952
13.9486539569175,0.0718783399860882
13.9496476164005,0.0807922769542723
13.9506317362397,0.0910217205821691
13.9516136775249,0.102846174868349
13.9526029949794,0.116647176619176
13.9536131174639,0.13297522561198
13.9546463255147,0.152316458015049
13.9556861958624,0.174766636416977
13.9567467352089,0.200980723137685
13.9578490593884,0.23189188834438
13.9590304553431,0.269016793168854
13.9601954098474,0.309046148593786
13.9611560537826,0.343670264858748
13.9619869124393,0.373763956494924
13.9627439292518,0.400262497454091
13.9634580929711,0.423404099141919
13.9641513254442,0.443077098610707
13.9648428250444,0.458889076737651
13.9655528178439,0.470093080881885
13.966306968343,0.475360198833946
13.9671450976173,0.472183691183596
13.9679988471749,0.458459670886603
13.9688742365401,0.433050746899723
13.9697816451726,0.394609631359278
13.9707327637949,0.341637981560191
13.9713132312484,0.303585313935579
13.9718936987019,0.262040840934803
13.9723927272431,0.224405192345468
13.9728230076322,0.19132009886992
13.9732096180559,0.161743508331431
13.9735684025342,0.13495460738527
13.9739098236395,0.110484738162376
13.9742419705312,0.0879870268557532
13.9745725148387,0.0671553922546945
13.9749110856097,0.0476394002053977
13.9752757477927,0.0288272712673534
13.9757369621486,0.00837670574814895
13.9759495960667,0.000180393615010646
13.9761622299847,-0.00727341592850336
13.9763576862992,-0.0134989150995108
13.9765588480881,-0.0193122339088267
13.9767813017604,-0.0250815954025969
13.9770216876928,-0.0305932249302738
13.977314959001,-0.0363774214836479
13.9775869972661,-0.0409114268060749
13.9778740623689,-0.0449304520561607
13.9781780207712,-0.0484366935315241
13.978500481828,-0.0514300662933436
13.9788435411854,-0.0539175037728996
13.9792098276356,-0.0559100901363645
13.9796025820393,-0.0574208792641782
13.9800257861203,-0.0584632041597242
13.9804843553545,-0.0590492105985431
13.9809844239241,-0.0591884038774784
13.981533774248,-0.05888598852867
13.9821434022261,-0.0581393504155213
13.982827967222,-0.0569340141537903
13.9836076674884,-0.0552390851447994
13.9845138710936,-0.0529933343131015
13.9856035304486,-0.0500664125597191
13.9870179160054,-0.0460998100476297
13.9883756520915,-0.0422450450568198
13.9896874871623,-0.0385609850947035
13.9909576640415,-0.0350777301365743
13.9921881147204,-0.0318098819280609
13.9933795908398,-0.0287635582581682
13.994532245474,-0.0259394692691845
13.9956459380618,-0.0233345086083294
13.9967203935327,-0.0209427365670581
13.9977552814967,-0.0187560920894205
13.9987502493144,-0.0167649668461281
13.9997049269786,-0.0149586930991448
14.0006189135161,-0.0133259664156137
14.0015438895065,-0.0117701236658746
14.0024926440787,-0.0102748854906506
14.0034669691486,-0.00884447363511666
14.0044690681774,-0.00748277074723929
14.0055015321848,-0.00619344341062529
14.0065674378526,-0.00497989044621219
14.0076704764898,-0.00384518975813887
14.0088151286321,-0.00279204220851333
14.0100069062252,-0.00182271272958041
14.0112526982571,-0.000938966836167082
14.0125612810323,-0.000142001435885505
14.0139441030965,0.000567634684965427
14.015416555736,0.00119013813542321
14.0170001677716,0.00172658092932446
14.0186413052005,0.0021595701534592
14.0203346810139,0.0024987929247764
14.0220988135585,0.00276008836484192
14.0239567764629,0.00295805231465721
14.0259398854346,0.00310663619682383
14.0280935362057,0.0032197110512024
14.0304898546753,0.00331201679276681
14.033260916913,0.00340128114385161
14.0367230739554,0.00351543434552495
14.040492730361,0.00366325914656453
14.04464515247,0.00386258579184767
14.049453980889,0.00413705302573686
14.0542179333999,0.00444607997361133
14.0589199241494,0.00477940414976785
14.0635773918113,0.00513335309191215
14.0681973563808,0.00550732323337907
14.0727891541085,0.00590327369499773
14.0773572853828,0.00632410768315472
14.0818990657531,0.00677279893569712
14.0864001439953,0.00725160552718076
14.0908459204899,0.00776302573700844
14.0952336183438,0.00831127347260652
14.0995623953379,0.00890144176457303
14.1038326471896,0.00953952779179555
14.1080473828796,0.0102327674722544
14.1122577301275,0.0109985212049249
14.1165185254572,0.0118600033150445
14.1208467897462,0.0128382894814265
14.1252909914392,0.0139668711218125
14.1299533369687,0.0153030575033686
14.1351144493402,0.0169788731417929
14.1409277415877,0.0191075479932688
14.144692763636,0.0205910029782296
14.1484577856843,0.0221002830336697
14.1517899739197,0.023392472444167
14.1548371226625,0.0244700620879256
14.1577708526488,0.0253467625414802
14.1606630451774,0.0259940396838315
14.1634807271633,0.026366649220875
14.1663550536378,0.0264490655172231
14.1694980546382,0.026179788102458
14.1735534692546,0.0253055058093796
14.1770008293773,0.0241655181465559
14.179922490463,0.0229814328771416
14.182465560517,0.0218349431895976
14.1848386671564,0.0207010584034049
14.1871268249511,0.0195743783995851
14.1893722272326,0.0184568445705586
14.1916008292721,0.017352114983593
14.1938308062614,0.0162641516437667
14.1960760320156,0.0151968145991905
14.1983478020311,0.0141537290734244
14.2006558133159,0.0131382328022119
14.2030087583987,0.0121533600031083
14.2054147366112,0.0112018290384675
14.2078815308377,0.0102860434292565
14.2104168469988,0.00940808359459049
14.2130284841661,0.0085697122241268
14.2157245198114,0.00777236890355614
14.2185134631057,0.0070171757604397
14.221404421754,0.00630494164063932
14.2244072921306,0.00563616654175752
14.2275329379281,0.00501105634421793
14.2307968416879,0.00442895890697293
14.2343018193349,0.0038765243017592
14.2380755082915,0.00335682843915159
14.2421514956471,0.00287248730181306
14.2465684699507,0.00242587096500393
14.2513707941651,0.00201902835321472
14.2566089286637,0.00165359810786975
14.2623390251279,0.00133073182430298
14.2686215996511,0.0010509888382167
14.2755207256114,0.000814153169644905
14.2831125559678,0.000618885661697313
14.2915237157299,0.000474366906554401
14.3000711640508,0.000389532661931864
14.3080440004482,0.000339942418378129
14.3175869812974,0.000302257123865063
14.3275869812974,0.000282328982729292
14.3375869812974,0.000277655548406786
14.3475869812974,0.000284844075930099
14.3575869812974,0.000301657163627273
14.3675869812974,0.000326955607890815
14.3775869812974,0.000360668515927206
14.3875869812974,0.000403756038172831
14.3973904083128,0.000457100317309083
14.4064406464416,0.000518922957877637
14.4147777720031,0.000589887439261059
14.4224601844491,0.000671084761936269
14.4295420843223,0.00076387220413925
14.4360732096743,0.000869841222732628
14.4420993314502,0.000990821293034627
14.4476626778279,0.00112890133106361
14.4528022814622,0.00128646086114243
14.4575542784446,0.00146620876380091
14.461952179478,0.00167123034594175
14.4660271220109,0.00190504527072573
14.4698081055343,0.00217167917602265
14.4733222219816,0.00247575359854286
14.4765948974444,0.00282260289875579
14.4796501568644,0.00321842899037654
14.4825109275514,0.00367051344136001
14.4851994191436,0.00418751986420626
14.4877376406384,0.00477994463122629
14.4901481659532,0.00546082737081754
14.4924039944871,0.00622781034501078
14.4945260437869,0.00708913979069048
14.4965649465593,0.00806884884925968
14.4985904966485,0.00921269760100032
14.5007464728057,0.0106366480035378
14.5027984237722,0.0121932711365632
14.5043686165745,0.0135017251500427
14.5059388093768,0.0148791038312486
14.5073197979029,0.0161060322041108
14.5085782835414,0.0171922755520743
14.5097787233993,0.0181554876639002
14.5109636393698,0.018991815310219
14.5121716618869,0.0196832302341462
14.5134520685716,0.0201957502013978
14.5148944426899,0.0204634082639005
14.5167817273216,0.0202967411611948
14.5184888629476,0.0196726699760714
14.5201959985736,0.0186773674239345
14.5216552163461,0.0176052514668456
14.5230578347701,0.0164443246145998
14.5244742024025,0.0151944343202923
14.5259415596954,0.0138639839831855
14.5274936597897,0.012459679537464
14.5288564772513,0.0112860768495689
14.5311734525402,0.00949261741425423
14.5334448351886,0.00796459519934869
14.5356555305126,0.00667537018237793
14.5379051405317,0.00554172300937112
14.5402181878794,0.00454043407025015
14.5426151789171,0.0036546021452227
14.5451169422368,0.00287026236120058
14.5477460231094,0.00217535368489026
14.5502980515436,0.0016059841003549
14.5527139391662,0.00114583421596349
14.5550199048704,0.000765885035871616
14.5572480185289,0.000444520500015248
14.5594381195102,0.00016519467192313
14.5616476106014,-8.60055137235988e-05
14.5639863594785,-0.000324202686569034
14.5668244614955,-0.000582352669518648
14.5687306835242,-0.000740326499662744
14.570636905553,-0.00088826120977323
14.5723465743627,-0.00101380581335336
14.5739295099708,-0.00112500416351798
14.5754973188143,-0.00123112485507016
14.5771453738386,-0.00133908228705032
14.579013391636,-0.00145781674182833
14.5814836358205,-0.00161026738492833
14.5856028492984,-0.00185689765999298
14.5891660341626,-0.00206620207173207
14.592363691568,-0.00225302753198057
14.5959365944793,-0.00246207330250882
14.6006221159709,-0.00273757717172829
14.6060424234175,-0.00305499429563093
14.6113036771612,-0.00334919376689202
14.61589430092,-0.00357619715797955
14.6198142574319,-0.00373116875915896
14.6234363842856,-0.00382882003137004
14.6269981995556,-0.00387107040433461
14.630736093093,-0.00384876626065278
14.6349365682338,-0.00373459899945603
14.6389336942476,-0.00353445557812441
14.6429434472158,-0.00324223745907465
14.6464937929776,-0.00290452115388644
14.6497455806926,-0.00252561185070492
14.6528727771142,-0.0020909318542905
14.6559575445694,-0.00158288033404844
14.6589327987939,-0.00100183340100355
14.6616678572793,-0.000369669730132564
14.6642296274204,0.000327725173279878
14.6666860615735,0.00111209622043439
14.6691345560483,0.00202563013240014
14.6717150775765,0.00314705829468715
14.6746483075511,0.00462730031607019
14.6777897857975,0.00644496337292996
14.6810868642861,0.00860013313411939
14.6830146022409,0.0099935718452825
14.6849423401956,0.0115168028992077
14.6867517547479,0.0131022501295151
14.6884043415902,0.0147248419897954
14.6899795102217,0.0164728883882876
14.6914858818199,0.0183783908119063
14.6929351610123,0.0204818804935183
14.6943315202847,0.0228187814835529
14.6956764537577,0.0254228951868675
14.69697370781,0.0283350846731905
14.6982227683429,0.0315899325868156
14.6994282501443,0.0352381440631263
14.7005928081755,0.0393319377937784
14.701719417271,0.0439316786161929
14.7028108520594,0.0491056176813563
14.7038714668201,0.0549410921973509
14.7049051910035,0.0615396834321914
14.7059163030787,0.0690249007124641
14.7069095750229,0.0775494582843717
14.707890382239,0.0873048349397411
14.7088653795499,0.0985408244497494
14.7098428043561,0.11159005006941
14.7108337065562,0.126917107484943
14.7118542526455,0.145214007325109
14.7128816195493,0.16651386272009
14.7139217086475,0.19129626754283
14.7149909837818,0.220342591839534
14.7161157084232,0.254816286753705
14.7172753701714,0.294222828522827
14.7183321195551,0.332740707557027
14.7192118023022,0.365683350641638
14.7199908169558,0.394458807841884
14.7207125177034,0.419714955814808
14.7214033659571,0.441547168194674
14.7220840440482,0.459725063050128
14.7227744993119,0.473693194058337
14.7234982487032,0.482422779622434
14.7242895153142,0.483995317715048
14.7251317745654,0.475678593736747
14.7259916800963,0.456093759813869
14.7268812184581,0.423938694847951
14.7278100951602,0.377727507937254
14.7284838481909,0.33662856350075
14.7291576012215,0.289992520465123
14.7297194237843,0.247864102999901
14.7301851259364,0.21162700334824
14.7305925367431,0.179695588976866
14.7309637953646,0.151014882028461
14.7313121233373,0.124959476837664
14.7316467400425,0.101108138214197
14.7319753650341,0.0791284379840401
14.7323061785096,0.0586979334026678
14.7326512296604,0.0393844942783449
14.7330397072799,0.0201951530723575
14.7334153129636,0.00421273268297315
14.7336144058659,-0.00326692520689453
14.7338134987681,-0.0100915180491037
14.7340023838989,-0.0159883002567668
14.7342099764151,-0.0218551839130553
14.7344374113482,-0.0275919816574344
14.7346817730229,-0.0330108407222503
14.7349766829613,-0.0386061065524168
14.7352521169709,-0.042998194440961
14.7355428779134,-0.0468679866154631
14.7358509483855,-0.0502207553570304
14.7361781086832,-0.0530594686300553
14.7365266325056,-0.0553929638537546
14.7368993492588,-0.057233403925131
14.7372997407049,-0.0585942908667598
14.7377320915897,-0.0594888647459927
14.7382017130461,-0.0599286469707614
14.7387152743572,-0.0599219178360439
14.7392813104027,-0.0594718806491417
14.7399124673079,-0.0585717138319444
14.740624887415,-0.0572017128992638
14.7414420775993,-0.0553216227363309
14.7424023572574,-0.052850673930279
14.7435823508258,-0.0496036045485399
14.7449792668639,-0.0456357474583446
14.746325698583,-0.0417968082896662
14.7476283051023,-0.0381390185491656
14.7488903523534,-0.0346872123259134
14.750113260918,-0.0314533774640147
14.751297505109,-0.0284421399620468
14.7524430853516,-0.0256532535825932
14.7535497762312,-0.023082948825328
14.7546172549722,-0.0207248090285313
14.755645163391,-0.0185704293996834
14.7566331308192,-0.0166099615401493
14.7575807727011,-0.0148325833110721
14.7584876728532,-0.0132269074556481
14.7594164457449,-0.0116793440802888
14.7603692048376,-0.0101932473718414
14.7613478814257,-0.00877265122589271
14.7623547355289,-0.00742140623811
14.7633924299559,-0.00614313842194281
14.7644641320881,-0.00494119805844782
14.7655736492272,-0.00381860601351928
14.7667256125299,-0.00277799742581944
14.7679257332725,-0.00182156191361824
14.7691811704909,-0.000950979831283558
14.7705010771439,-0.00016735163227543
14.7718974466934,0.000528883224062203
14.7733864966611,0.00113804698029325
14.7749910889216,0.00166136054053982
14.7766394548189,0.00207803549740321
14.7783432968957,0.00240369134899911
14.7801213492005,0.00265379710876344
14.7819978145871,0.00284278735263638
14.7840058539454,0.00298451908500244
14.7861941799848,0.00309287024164378
14.7886416977704,0.00318278348860599
14.7914976915261,0.00327272891675579
14.7951468042136,0.00339396954514212
14.7989484448706,0.00354590906189182
14.8029825324836,0.00374132025632333
14.8071649127529,0.00397724440359997
14.8115264537409,0.00425205442161546
14.8160994972543,0.00456492129599743
14.8208460859846,0.00491255300352034
14.8254521212194,0.00527204506193942
14.8300326826606,0.00565284072178525
14.8345629134813,0.00605550723327778
14.8390606992293,0.00648470958760232
14.8435224949433,0.00694366754003389
14.8479457487821,0.0074359544783019
14.8523322266009,0.0079660037013401
14.8566799647551,0.00853836832310192
14.8609827437166,0.00915764405059034
14.8652351013811,0.00982915945213667
14.8694352158295,0.0105595730179337
14.8736771671262,0.0113757096195796
14.8779675259393,0.012294127169585
14.8823407340682,0.0133413379496407
14.8868627814548,0.0145587016500277
14.8916893522873,0.0160258315970683
14.8973390335146,0.0179731439326046
14.9017623549228,0.0196546610368399
14.9061856763309,0.0214190919621154
14.9097891766921,0.022847658887319
14.9129468655988,0.0240211088435512
14.9159161215829,0.0249894836432669
14.9188461925403,0.0257506928293936
14.9216836019466,0.0262470016424271
14.9245139421856,0.0264632909111741
14.9274992284134,0.0263644902349903
14.9309964892958,0.0258237022375879
14.9348290181053,0.0247583248306937
14.9380525845872,0.0235543072977325
14.9407403086223,0.0223928387159211
14.9431798980699,0.0212536945885034
14.9455021911769,0.0201227777383616
14.9477644009482,0.0189997092468755
14.9499986514446,0.0178876293899586
14.9522262316312,0.0167904444044198
14.9544627910203,0.0157120942952993
14.9567206912307,0.0146563370068061
14.9590102914062,0.013626658635305
14.9613406776821,0.0126262520061409
14.9637201625271,0.0116579960714069
14.9661566031102,0.0107244565450693
14.9686576576551,0.00982787896104794
14.9712309860125,0.00897018633015857
14.9738844065034,0.00815298320887284
14.9766260813098,0.0073775479896276
14.9794646403366,0.00664484583259409
14.9824093667333,0.00595552692021207
14.985470375201,0.00530993490139501
14.9886587743192,0.00470812494072346
14.9920432984049,0.00414098582946263
14.9956823390542,0.00360517720122954
14.9996064726715,0.0031035289751657
15.0038516709757,0.0026385408872059
15.0084592204344,0.00221242908413902
15.0134762580645,0.0018270377901035
15.0189557503394,0.00148375946988258
15.0249556712253,0.00118343932543986
15.0315375689872,0.00092623865361292
15.0387690604256,0.000711370037001183
15.0467450651863,0.000536691512010241
15.0556468909939,0.000405816101042571
15.0639051231873,0.000336718386685924
15.0724782351536,0.000292289169929998
15.0823874046878,0.000261589620506744
15.0923874046878,0.000247285025734443
15.1023874046878,0.000245588315679268
15.1123874046878,0.0002538033607571
15.1223874046878,0.00027018672609636
15.1323874046878,0.00029388634061737
15.1423874046878,0.000324918874733773
15.1523874046878,0.00036414376815612
15.1623874046878,0.000413313644649231
15.1718749713825,0.000471797810902487
15.1806189495293,0.000539128341464188
15.1886711103878,0.000616288113056521
15.1960890626412,0.000704577803357295
15.2029258775088,0.000805533845079162
15.2092302699829,0.000920924557767658
15.2150470822832,0.00105276876129097
15.2204176899626,0.00120336549625504
15.2253803405459,0.00137533179253141
15.2299704536568,0.00157164793794932
15.234220896937,0.00179571320675262
15.2381622449545,0.00205141412551194
15.2418230267356,0.00234321081977041
15.2452299791727,0.00267624738187038
15.2484083227988,0.00305649850438747
15.2513820763408,0.00349096975228102
15.2541744426227,0.00398798081706195
15.2568083277097,0.0045575862854933
15.2593071031249,0.00521223546441928
15.2616646518027,0.00595708032734314
15.26387799753,0.00679401858988792
15.265999656282,0.00774592483185649
15.2681014358509,0.00885634711608951
15.2703276396301,0.0102341022714111
15.2724763124398,0.0117649544011031
15.2740914698233,0.0130311331367528
15.2757066272067,0.0143647488487297
15.2771270336692,0.0155531750593193
15.2784191062256,0.0166037755468863
15.279649568862,0.0175340301992805
15.2808620454169,0.0183403982298347
15.2820955893119,0.0190055490808927
15.2833991966973,0.0194968893118566
15.284860082616,0.019751836508502
15.2867416326955,0.0195971984210539
15.2885248639141,0.0189769649553563
15.2903080951327,0.0179737160725988
15.2917983626421,0.016914102616472
15.2932211760319,0.0157751054033451
15.2946535986417,0.0145530187129621
15.2961336638556,0.0132556255301395
15.2972008545624,0.0123191478788482
15.2982680452691,0.0114050109323192
15.299188801961,0.0106572068593161
15.3014168303926,0.00900660617753979
15.3036483601687,0.00756419792727513
15.3058693708916,0.00631787539999917
15.3081369434677,0.00521837894116788
15.3104734908575,0.00424525097807892
15.312899488004,0.00338267298264438
15.3154361475625,0.00261734753779904
15.3180503398263,0.00195081107921597
15.3205089946618,0.00141785650942665
15.3228272580873,0.00098447017880934
15.3250284573532,0.000624759770886743
15.3271369258613,0.000319857994254203
15.3291792639797,5.56457176912256e-05
15.3311874206383,-0.000178976262529297
15.3332073327345,-0.000393787609029199
15.3353259829853,-0.000600019869806793
15.3378119282477,-0.000821603121744561
15.3396388881383,-0.000972961932929537
15.3414658480288,-0.00111638551163467
15.3430674069919,-0.00123667465386831
15.3445285586023,-0.00134271313411392
15.3459624548058,-0.00144388736972482
15.3474556597618,-0.00154671110691124
15.3491238883515,-0.00165909201917649
15.3512470837726,-0.00179917453091573
15.3550036783653,-0.00204169453536672
15.3584640457097,-0.00226191429574711
15.3615347867675,-0.00245643498812364
15.3648930729771,-0.00266898866887957
15.3693283843681,-0.00294926181154146
15.3746561409498,-0.00328082294269383
15.3799220511685,-0.00358892417504171
15.3842425010801,-0.00380937836664416
15.3880239064701,-0.00396320769566479
15.391604021623,-0.00406324522285994
15.3952087584423,-0.00410961994806856
15.3991242452464,-0.0040906022474278
15.4032155630264,-0.00398941651749428
15.4071950674836,-0.00381110940732276
15.4111596175783,-0.00355694872572531
15.4145742805001,-0.00327740568152746
15.4177731834428,-0.00296329368212253
15.4208860579423,-0.00260513525762146
15.4239788327963,-0.00219051987077512
15.4270940181955,-0.00170119933047683
15.4300402564186,-0.00115484974857715
15.4327333698326,-0.000564520503134622
15.4352428579299,8.43342994402934e-05
15.4376402196105,0.000813564504311095
15.4400298932425,0.00166582304233444
15.4426018494299,0.00273801169929875
15.445462781879,0.00411870791143366
15.4483761467509,0.00569751003948386
15.4508342896415,0.00713275060015313
15.4530417142814,0.00849329439495879
15.4552491389212,0.00994061667449212
15.4572677923906,0.0113758086600442
15.4589996426195,0.0127328791036821
15.460650581735,0.0141765142599857
15.4622238804007,0.0157322785274072
15.4637443852801,0.0174498420126004
15.465214152293,0.0193611726224406
15.4666353415375,0.0215000331117575
15.4680030930012,0.0238898296861091
15.4693221139467,0.0265697848803938
15.4705927329446,0.029574175857056
15.471814719316,0.0329369080726285
15.4729927739225,0.0367085152513273
15.4741297812312,0.040941717005452
15.4752289299736,0.0456980456977823
15.4762934491766,0.0510489705494012
15.4773270814877,0.0570808920178943
15.4783337540691,0.0638974537455223
15.4793175210896,0.0716233889847655
15.4802827902795,0.0804116721208795
15.4812344774735,0.090452897502027
15.4821782814364,0.101989617950831
15.4831211149874,0.115338901565273
15.4840717463762,0.130928534354538
15.4850420992287,0.149363215489854
15.4860322558598,0.171139470096407
15.4870279098471,0.196386659157839
15.4880407702249,0.225797144357671
15.4890880410238,0.260323182772114
15.4901999985354,0.301456464566397
15.4910914689956,0.337336096724695
15.4919829394557,0.374975258502994
15.4927628729937,0.408289997876404
15.4934629600006,0.437348250865489
15.4941204042481,0.462744379408754
15.4947606876528,0.484548724704923
15.4954056393884,0.502423285840256
15.4960797730162,0.515565865050435
15.4968194613816,0.522349843169605
15.4976289552528,0.519713168138602
15.4984577744811,0.505712816555953
15.4993216988678,0.479017911266662
15.5002321696623,0.437916717612081
15.5011978439604,0.380521407064871
15.5018172244644,0.336902276826951
15.5024366049684,0.288867623180425
15.5029580887957,0.245986844590752
15.5033968795617,0.209076769398459
15.5037846648238,0.176558213239351
15.5041406476374,0.147380184444001
15.5044767765531,0.120900021509699
15.5048017742277,0.0966716330745624
15.5051234437199,0.074328214546188
15.5054509684066,0.0534847411910431
15.5058003147536,0.0335372768156681
15.5062252720553,0.0125339044550761
15.5064621658238,0.00235525526775831
15.5066494647672,-0.00494870352875824
15.5068367637107,-0.0116239489252868
15.5070190173338,-0.0175442802668393
15.5072239093235,-0.0235605985129555
15.5074474973725,-0.0294049602928763
15.5076872284541,-0.0349021336755436
15.5079421076337,-0.0399508660681173
15.5082260158271,-0.0447028133922564
15.5085104936692,-0.0486534534347004
15.5088118082965,-0.0520717254713236
15.5091320262473,-0.0549656419444033
15.5094734535018,-0.0573450609037652
15.5098389542466,-0.0592230174594483
15.5102320594396,-0.0606137731609729
15.5106571281259,-0.061531178827965
15.5111195867357,-0.0619871547202193
15.5116262866165,-0.06199006467387
15.5121860563622,-0.0615427058890918
15.5128119788866,-0.0606371004180386
15.5135210761697,-0.059250873680695
15.5143385769622,-0.0573380720411304
15.5153068594873,-0.054804466434744
15.5165161094713,-0.0514217791288568
15.5179201812593,-0.0473698537433413
15.5192763907114,-0.0434426831740897
15.5205907056673,-0.0396933898921586
15.521865877981,-0.0361480036252684
15.5231029947513,-0.0328196963083889
15.5243022980912,-0.0297142584336319
15.5254636174481,-0.0268325423086256
15.5265865970548,-0.0241717655709588
15.5276708137005,-0.0217263528186859
15.528715833272,-0.0194885759786381
15.5297212312016,-0.0174490923710263
15.5306865902843,-0.0155974177229401
15.5316114832482,-0.0139223462448169
15.5325296289337,-0.0123557318978451
15.5334712628898,-0.0108484961150361
15.5344379386625,-0.00940517800214442
15.5354317618682,-0.00802971729931171
15.5364552022635,-0.00672585900820691
15.5375111859785,-0.00549710055476202
15.5386032143557,-0.00434663981468315
15.539735523928,-0.00327732112630287
15.5409133067928,-0.00229157854872732
15.5421430225258,-0.00139137649809934
15.5434328540982,-0.000578145832466785
15.5447934006502,0.000147286331067905
15.5462387817356,0.000784778830068576
15.5477885073502,0.00133497940465524
15.5494179512838,0.00178671479675018
15.5510943940394,0.00213923536378254
15.5528361445099,0.00240887138994555
15.5546645478797,0.00261026996781531
15.5566081579689,0.00275724309191892
15.5587075209773,0.00286322094195993
15.5610251915168,0.0029419527657392
15.5636703717669,0.00300904283628651
15.5668801025639,0.00308612932907392
15.5706185997192,0.00319336240158536
15.5744440007178,0.00333275654686614
15.5782318883842,0.00350015131971145
15.5820382332584,0.00369285193418495
15.5859064403928,0.00390814691899532
15.5898722581345,0.00414469385152882
15.5939678370976,0.00440308175823956
15.5982241847945,0.00468602379940343
15.6026728081973,0.00499843094589562
15.6073470427483,0.00534753225114933
15.6119344007236,0.00571456242903999
15.616472440198,0.0061050661552426
15.620950690945,0.00652123540052299
15.6253832609831,0.00696764250462692
15.6297777751296,0.00744873545022938
15.6341383563734,0.00796909124411127
15.6384654848587,0.00853343517389597
15.6427566616575,0.00914674999669614
15.6470074083502,0.00981446039681987
15.65121371745,0.0105432098426229
15.6554577974697,0.0113572926874144
15.6597518083224,0.0122736929046534
15.664124848181,0.0133172045647477
15.6686391026276,0.0145273814627276
15.6734412091264,0.015979796854364
15.6790038942987,0.01788576122994
15.68458311823,0.0200131969913366
15.6880776565869,0.0214116825805772
15.6915721949439,0.0228004948589452
15.6947451086014,0.023988383338566
15.6977242184664,0.0249730674909187
15.700653475721,0.0257517589980672
15.7034974901096,0.026270314723848
15.706323971785,0.0265099211849763
15.7092887272271,0.0264390262865939
15.7127168304988,0.0259444897903269
15.716631704652,0.0248899714268568
15.7198814268841,0.0236930706394891
15.7225959125417,0.0225287512947349
15.7250485198349,0.0213880821141885
15.7273777613536,0.0202559882858143
15.7296438521123,0.0191316113989996
15.7318801192273,0.0180179731403276
15.7341084417627,0.0169189632253636
15.7363448061533,0.0158385343803096
15.7386017806129,0.0147804695493799
15.740889860771,0.0137482836912645
15.7432182241692,0.0127452014226824
15.7455952458325,0.0117741349263994
15.7480288267467,0.010837683667347
15.7505266502902,0.00993812916485969
15.7530963947238,0.00907742917321037
15.7557458791448,0.0082572260448309
15.7584832634348,0.00747883417584699
15.7613171610974,0.0067432564336156
15.7642568275399,0.00605118100108829
15.7673123477103,0.00540298757557149
15.7704947809897,0.00479876938495706
15.7738638720481,0.0042308153944629
15.7774858856211,0.00369417632520044
15.7813910254899,0.00319176066156042
15.7856150323353,0.00272613452635019
15.7901990465265,0.0022995941066089
15.7951900534181,0.0019140979283822
15.8006411773993,0.00157117646842621
15.8066109228596,0.00127186114810481
15.8131620213887,0.00101656306832292
15.8203636622639,0.000804850238888283
15.8283117910315,0.000635100932677416
15.8371881100622,0.000512102985088087
15.8452709071013,0.000454272674597772
15.8537376464174,0.000423060394159128
15.8634760333296,0.000410966579251617
15.8734760333296,0.000420141852852583
15.8834760333296,0.000448402072219044
15.8934760333296,0.000494931485553725
15.9032117619444,0.00055885399870156
15.9121784689521,0.000636733911459609
15.9204234720313,0.000728372683127201
15.9280097466181,0.000834646707510073
15.9349953821644,0.00095707693214797
15.9414335492162,0.00109765138337849
15.9473731238175,0.00125876758978261
15.9528592184768,0.00144323751199402
15.9579336263403,0.0016543254911185
15.9626352235543,0.00189581028607015
15.9670003621132,0.0021720728513219
15.971063277968,0.00248821756048069
15.974856540519,0.00285024123639502
15.9784116027431,0.00326527528886348
15.9817595495787,0.00374195149995578
15.9849322161903,0.00429098426632385
15.987964042353,0.00492616981874885
15.9908955548653,0.00566627852686159
15.99376361724,0.00653344020683522
15.9966838532899,0.00758298328469642
15.9998493019087,0.00892218553906735
16.0018578477411,0.00987235745506113
16.0038663935735,0.0108784597128079
16.0056669739732,0.0117982304010416
16.0072773549536,0.0126021120243568
16.0087869944486,0.0133062020203575
16.0102516833424,0.0139101275999527
16.0117151203325,0.0144023669983924
16.0132243270762,0.0147610457691501
16.0148488097217,0.0149474940818721
16.0167399854379,0.0148785928974633
16.0194620237537,0.0142428537687504
16.0212174242729,0.0135323399514905
16.0229728247921,0.0126374471934108
16.0245911329683,0.0116918234976306
16.0261684579381,0.0106968453634951
16.0277528148324,0.00965777415419975
16.0285645591985,0.00911922682603651
16.0293763035647,0.00859095956605661
16.0306666648037,0.0077988146401921
16.0328754366799,0.00657236820142436
16.0351580281023,0.00546218625984572
16.0375076312423,0.00446771643482525
16.0399441888424,0.00357519770831462
16.0423708935098,0.00280716915135518
16.0446818134487,0.00217144651440504
16.0468994557966,0.00163598300247515
16.0490547831892,0.00117507883704172
16.051190677872,0.000767465073896894
16.0533797096282,0.000392613276159421
16.0557999931473,2.03817597520775e-05
16.0579767134537,-0.000282949686412328
16.0601534337601,-0.000561741174002546
16.0619307042152,-0.00077416480924282
16.0634974972138,-0.000951842002045094
16.065011694765,-0.0011162078868878
16.0665689065374,-0.00127873241382215
16.0682802691252,-0.00145080414232976
16.0703810457521,-0.00165413244307557
16.0744403567232,-0.00202764067459582
16.0785818856341,-0.00238818658212512
16.0823862156184,-0.00270356873281823
16.086526490672,-0.00302797501988722
16.0913652286131,-0.00337398228684169
16.0955540359983,-0.00363230391866199
16.0993112162815,-0.00381942356593953
16.1029079686568,-0.00394916626982454
16.1065789665159,-0.00402408642719806
16.1106844910679,-0.00403375056855456
16.1147256311932,-0.00396625261760194
16.1187130858227,-0.00382842929895524
16.1224604594577,-0.00363961666458173
16.1257987603094,-0.00342706640556834
16.1289679850649,-0.00318906959875888
16.1320725493329,-0.00292255595393085
16.1351699421338,-0.00262282321500857
16.1382991057866,-0.00228255290090317
16.1414903420775,-0.00189049063636344
16.1447694965555,-0.00142931043811518
16.1479575791994,-0.000907973139424108
16.1508576662508,-0.000351979263943243
16.1535455511262,0.000253102448612335
16.1560942365923,0.000926671566656625
16.158606355031,0.00170443295765923
16.1612680460702,0.00266699670763808
16.1641791872538,0.00388466555264132
16.1667422159438,0.00508064076895298
16.1693052446339,0.00636294346458307
16.1721750489308,0.00787846836276962
16.1743043720281,0.00906710174058966
16.1764336951255,0.0103379717096797
16.1782536319668,0.0115240281649547
16.1800149092233,0.012796635712694
16.181661870453,0.0141366261606872
16.1832676669761,0.0156245405987884
16.1848164350972,0.0172745121771746
16.1863145942076,0.0191208198989449
16.1877632108199,0.0211942051404357
16.1891546209028,0.0235119325322846
16.1904947912873,0.0261119340124914
16.1917847235394,0.0290271671322554
16.1930259889765,0.0322940670993249
16.1942211031761,0.0359550606561118
16.1953740257833,0.0400629956258569
16.1964881721039,0.0446774676380759
16.1975669947089,0.0498680230968237
16.1986143535195,0.0557184520039112
16.1996341444658,0.0623284366556296
16.2006304898967,0.0698185329387901
16.2016078721107,0.0783366724342511
16.2025713385018,0.0880677597388646
16.2035267322569,0.0992473671360109
16.2044811477951,0.112183969461939
16.2054437134903,0.127296524878298
16.2064270007056,0.145182389836917
16.2074299428843,0.166301836153792
16.2084391612271,0.190800574694241
16.2094671699232,0.219366880606172
16.2105324686041,0.252957995663971
16.2116676029581,0.293091079587813
16.2125795583553,0.328145564384586
16.2134915137525,0.364899824159946
16.2142921206588,0.397542572402577
16.2150121756356,0.426084429589944
16.2156877127239,0.451025986051885
16.2163437671497,0.472407731279763
16.2170016163469,0.48989585134184
16.2176843796049,0.502728545126221
16.2184243699751,0.509415522174051
16.2192441594345,0.507086795301766
16.2200793971822,0.493657540387541
16.2209452027009,0.467874213084637
16.2218526469254,0.428148842976815
16.2228108965858,0.372729313078735
16.2234261383152,0.330503959547973
16.2240413800447,0.283970157704713
16.22456129942,0.242250114103603
16.2250005178493,0.206173142622152
16.2253896756337,0.174288054931203
16.2257474590581,0.145619827211832
16.2260855972693,0.119565964748785
16.2264127116443,0.0957041041489163
16.2267365468711,0.073683867444438
16.2270662248211,0.0531348572699403
16.2274175401354,0.0334749241208459
16.2278428673931,0.0128458320033233
16.2280870022478,0.0025512136634177
16.2282771576047,-0.00471717569819517
16.2284673129616,-0.0113569578398741
16.2286520648847,-0.0172344030857142
16.2288595697564,-0.0231993566944416
16.2290858779399,-0.028988385174532
16.2293284326102,-0.0344293741782193
16.2296031699604,-0.039718082821158
16.2298750248709,-0.0441316545872057
16.2301624708678,-0.0480199129969314
16.2304671930705,-0.0513836646259133
16.2307910176641,-0.0542270158431289
16.2311362721381,-0.0565597504825675
16.2315058492833,-0.0583947661816897
16.2319033124162,-0.0597461114847324
16.2323330573511,-0.0606273762364475
16.2328005525029,-0.0610501945973788
16.2333126973785,-0.0610226408957137
16.2338783761701,-0.0605472441511455
16.2345108671093,-0.0596155602597464
16.2352272149695,-0.0582050941141473
16.2360527914371,-0.0562698906539143
16.237030220698,-0.0537159608718606
16.2382502854598,-0.0503156294428331
16.2396483640625,-0.046303231375171
16.2409985166033,-0.0424206975243731
16.242306406718,-0.0387191316435244
16.2435748049625,-0.0352231136097093
16.2448048322103,-0.0319448534876697
16.2459967686576,-0.0288893922518575
16.2471504815735,-0.0260569567962292
16.2482656501872,-0.0234442372367075
16.2493418818599,-0.0210452232791525
16.2503787674507,-0.0188518427939312
16.2513759007659,-0.0168544973082013
16.252332875451,-0.0150425308130226
16.2532492666249,-0.0134046426571342
16.2541723549981,-0.011851293706189
16.2551191641629,-0.0103583920541328
16.256091425015,-0.00893023771250235
16.2570913138241,-0.00757073379420515
16.25812138884,-0.00628357591976339
16.2591846867941,-0.00507220026277523
16.2602848492048,-0.00393973128402533
16.2614262931621,-0.0028889268467852
16.2626144478339,-0.00192212077610902
16.2638560913171,-0.00104116234484832
16.2651598467185,-0.000247350448048337
16.2665369429117,0.00045865564938956
16.2680024411618,0.00107701882654803
16.2695773434778,0.00160862749878274
16.2712152315717,0.00203781850984301
16.2729040472962,0.00237183695832893
16.2746622229064,0.00262652524709034
16.2765123733062,0.00281636261516173
16.2784850776853,0.00295509768291029
16.2806244292925,0.00305625337372521
16.2829999488825,0.00313394513453743
16.285737332497,0.00320463114619021
16.2891295885052,0.00329277577533871
16.2928882528334,0.0034120230898156
16.2968231712726,0.00356931258172835
16.3008798205723,0.00376417449650652
16.3050893161297,0.00399475475258342
16.3094832872223,0.00425911897302127
16.3140948221491,0.00455745008365941
16.3188735983449,0.00488721126228122
16.3235120881951,0.00522846317059787
16.3281260880573,0.00559081291866221
16.3326904137275,0.00597499747385179
16.3372193881752,0.00638511113178818
16.3417069100209,0.00682383351971009
16.3461581844142,0.00729514444299709
16.3505747086983,0.00780310705949588
16.3549514169749,0.00835154967555349
16.3592811388566,0.00894456243211562
16.3635581723953,0.00958725006560496
16.3677805204158,0.0102860751228989
16.3719980219614,0.0110578454035105
16.3762632006141,0.0119250806314224
16.3805934144433,0.0129086535263622
16.3850381046043,0.0140421243914316
16.3897011947367,0.015383244493221
16.3948675026871,0.0170656236636883
16.4006714856294,0.0191949336812102
16.4044270013571,0.0206755310570234
16.4081825170848,0.0221802848013729
16.411509858878,0.0234685689893592
16.414555202687,0.0245424570398785
16.4174892134714,0.0254151221270961
16.4203797174019,0.0260569648344439
16.4231977267232,0.0264239788216686
16.4260751351499,0.0265001188287595
16.4292269252802,0.0262224285091744
16.4332759532443,0.0253404679229665
16.4367145143959,0.0241978865228222
16.4396278156975,0.0230141531253016
16.4421677567279,0.0218673568463257
16.4445396233075,0.0207330091450801
16.4468273748685,0.0196059147694729
16.4490728676493,0.0184880604194227
16.4513019146129,0.0173831153707888
16.4535326187343,0.0162950457761369
16.4557788153527,0.0152277138722437
16.4580517774569,0.0141847479385476
16.4603611914239,0.0131694886119549
16.4627157430552,0.0121849748021893
16.4651235317419,0.0112339290927416
16.467592339014,0.0103187614413442
16.470129875126,0.00944155767262359
16.4727439389708,0.00860408822488177
16.4754426109316,0.00780779978373291
16.4782344007443,0.00705382259556751
16.4811284116949,0.00634297501789172
16.4841345387477,0.00567576591344751
16.4872636359364,0.00505241225891851
16.4905321602801,0.00447211180722398
16.4940423728836,0.00392174136849707
16.4978220501686,0.00340441059886006
16.5019049373302,0.00292278295916015
16.5063299627915,0.00247928608825013
16.5111418004206,0.00207604666611482
16.5163913823086,0.0017148047453253
16.5221355737764,0.00139684909161797
16.5284360454336,0.00112292610646149
16.5353588923758,0.00089307971346586
16.5429842414442,0.000706350323995465
16.5514472616118,0.000572251022258948
16.5603240670995,0.00049876299504826
16.5681405146666,0.000465695923575483
16.5776508705169,0.00044956077138103
16.5876508705169,0.00045683527735562
16.5976508705169,0.000485983590871085
16.6076508705169,0.000536068925840259
16.6169587026087,0.000602747068454148
16.625518577373,0.000683936797979513
16.6333919208752,0.000779509427236878
16.640638882435,0.000890365897257235
16.6473144707014,0.00101806205445295
16.6534691017823,0.00116463554683635
16.6591491784087,0.00133255078710222
16.6643975641539,0.00152470441316103
16.6692539874064,0.00174446329823522
16.6737554195013,0.00199572811235083
16.6779364475326,0.00228302445202167
16.6818296581221,0.00261162834725997
16.685466062532,0.00298774203514279
16.6888756259616,0.00341874726051387
16.6920879878489,0.00391358688327985
16.6951335327048,0.00448337427995328
16.6980451704544,0.00514243841236044
16.7008616814499,0.00591030226742338
16.7035870532117,0.00679892895557575
16.7063569029077,0.00787026723103833
16.7093934015744,0.00925243911676336
16.7113526880334,0.0102520338706753
16.7133119744924,0.011313925115039
16.7150700556307,0.0122889570386976
16.7166370920512,0.0131412510239066
16.7181036556222,0.0138896290862996
16.7195255497778,0.0145348305999614
16.7209458823049,0.0150655539128433
16.7224106666668,0.015459725936614
16.7239875573352,0.015678173070323
16.7258230796621,0.0156370476744388
16.7284732114146,0.015020129251332
16.7301955179652,0.014303045931053
16.7319178245158,0.0133912525124673
16.7335058700669,0.012423336050856
16.7350566901616,0.0114007177591761
16.7366182286418,0.0103290492500065
16.7374205511776,0.00977186187832784
16.7382228737134,0.00921935214490389
16.7389164498566,0.00875958916137962
16.7410831430583,0.00743564387063655
16.7433282595441,0.00623095755169708
16.7456264252721,0.00515600365373762
16.7479972707737,0.00419494760698211
16.7504615622306,0.00333405668729647
16.7528477568195,0.00261529863243638
16.7551734756141,0.00200710604470345
16.757490879112,0.00147778339780688
16.7598956692495,0.000996502337352317
16.7626609177225,0.000513782143709897
16.7647853300607,0.000185377112929495
16.766909742399,-0.000112620889788268
16.7687501348324,-0.000350047400811996
16.7704170366728,-0.000550973911509132
16.7720483960161,-0.000736451841677106
16.7737453531015,-0.000919307788452472
16.7756408795775,-0.00111321407710258
16.7780564151855,-0.00134721742430378
16.7823870488096,-0.0017388597203701
16.7863699506412,-0.00207609292797793
16.7898889805038,-0.00236063614400527
16.7937369024937,-0.00265934077749191
16.7988313447533,-0.00303255972480411
16.8037950626035,-0.00336057909999039
16.8079098880962,-0.00359128178437756
16.8116062429473,-0.00375385642236449
16.8151727904955,-0.0038604015177142
16.8188408687327,-0.003910327027711
16.8229828249461,-0.00388797278369189
16.8270107232531,-0.00378464950344494
16.8309972021069,-0.0036055255731954
16.834693359296,-0.00337444123220999
16.8380071190086,-0.00311610844280443
16.8411615353673,-0.00282551555910411
16.8442556346284,-0.00249633091272564
16.8473448048039,-0.00211971968796175
16.8504669063545,-0.00168265654436355
16.853651506629,-0.0011657491896509
16.8566731794301,-0.000591863875217273
16.8594754887774,3.20259038242719e-05
16.8621346538288,0.000725033468892637
16.8647465177537,0.00152002831788929
16.867459308068,0.00248162082345563
16.8704523848881,0.00371027456220493
16.8737070479499,0.00523121360794216
16.8769635269969,0.00691607931661206
16.8791835200521,0.00815500460586146
16.8814035131072,0.00948676696115143
16.8834429148474,0.0108236356221485
16.8852621853551,0.0121446936243944
16.8869736255709,0.0135373544069361
16.8886148002052,0.0150509027200977
16.8901861052218,0.0167083825907456
16.8917053255979,0.0185536198960424
16.8931658559916,0.0206059739056188
16.8945749797542,0.0229033100653986
16.8959298380718,0.0254703382206699
16.8972343043923,0.028344607181834
16.8984910412442,0.0315655285811775
16.899702527297,0.0351764999701486
16.9008710512596,0.0392254091977709
16.9020007931806,0.0437737824028477
16.9030954418933,0.0488919351892692
16.9041587701937,0.0546629638970133
16.9051947491215,0.0611864262518438
16.9062076760525,0.0685834088204193
16.9072023943417,0.0770042283073664
16.908184343592,0.0866375742586641
16.9091599855414,0.0977268606442869
16.9101374044383,0.110596375355395
16.9111274212752,0.125697900335485
16.9121457404843,0.143700652066152
16.9131733768737,0.164713182995222
16.9142128072301,0.189151536740581
16.9152800768888,0.217776818933712
16.9164005004644,0.251712946467833
16.9175620426991,0.290783079033782
16.9186379297798,0.329720842059445
16.9195289768784,0.362959842393255
16.9203149668671,0.391963649960508
16.9210412064271,0.417433101278002
16.9217348039439,0.439487914829765
16.9224166100695,0.457918557065738
16.9231064223289,0.472197736416734
16.9238271739349,0.481345653543498
16.9246115453197,0.483549842663378
16.9254536184271,0.476052968777272
16.9263120429532,0.457395942865715
16.9271990285439,0.426301775310991
16.928124313686,0.381302117382925
16.9288113886196,0.340061029125105
16.9294984635531,0.292979789042561
16.9300694461064,0.250416205394711
16.9305403464524,0.213896415937192
16.9309509360889,0.18176766524708
16.9313242799879,0.152933771165523
16.9316739905893,0.126751920009794
16.932009453055,0.102793528995527
16.9323384234841,0.0807240339094644
16.9326689739637,0.06022404281169
16.9330126899201,0.0408766884245203
16.9333964438023,0.0217680157116806
16.9337207098151,0.00767954063723553
16.9339259474903,-0.000289299265958352
16.9341311851654,-0.00755288442675822
16.9343238299388,-0.0137571844007058
16.9345241341706,-0.0196106130782948
16.9347454845193,-0.0254133617421527
16.9349845694814,-0.0309525812139018
16.935265437289,-0.0365668616743747
16.9355351600575,-0.0411389179516836
16.9358200412575,-0.0451976156924702
16.9361217131464,-0.0487409678889059
16.9364417691035,-0.0517687295049798
16.9367822915729,-0.0542878519029561
16.9371458948716,-0.0563095150748002
16.9375358040114,-0.0578469180510479
16.937955983534,-0.0589135679607333
16.9384113306006,-0.0595217968804307
16.9389079604429,-0.0596812921856266
16.9394536369466,-0.059397416846144
16.940059267413,-0.0586677861834873
16.9407395343972,-0.0574779686907179
16.941514625928,-0.0557969410600336
16.9424159286714,-0.0535630249938001
16.9435005264254,-0.0506446002263957
16.9449151604297,-0.046665349553536
16.9462768527806,-0.0427838971567018
16.9475929745521,-0.0390706277374821
16.9488677066857,-0.0355568842641381
16.9501029497431,-0.0322579755104274
16.9512994238075,-0.0291805449497595
16.9524572520063,-0.0263257320790705
16.9535762668542,-0.0236907878488776
16.9546561702328,-0.0212700651185876
16.9556966131943,-0.0190557333579506
16.9566972295679,-0.0170383542189031
16.9576576413637,-0.0152073731551295
16.9585774457385,-0.0135515470852161
16.9594990106896,-0.0119888654958775
16.9604441931127,-0.0104860943748972
16.9614146631987,-0.00904761800495532
16.9624125749778,-0.00767734588498953
16.9634404575937,-0.00637898073379647
16.9645013103586,-0.00515596608165755
16.9655987264336,-0.00401143340949037
16.9667370597597,-0.00294814697980446
16.9679216557581,-0.00196844533191655
16.9691591791472,-0.00107417930377964
16.9704580953933,-0.000266644414837335
16.9718294065769,0.000453495871363691
16.9732878329595,0.00108630186470666
16.974853833006,0.00163267922369769
16.9764889270821,0.00207835160323689
16.9781735330533,0.00242766572045523
16.9799260407714,0.00269675817760662
16.981768611921,0.00290031358530949
16.9837310946369,0.00305229529258157
16.9858562897943,0.00316646622409432
16.9882111510775,0.00325723601373496
16.9909151892994,0.00334145664088201
16.9942396704097,0.0034440681037423
16.9979901042375,0.00358057246045373
17.0020601186933,0.00376339732730208
17.0066319861098,0.00400962663937254
17.0114507060066,0.00430684957478588
17.0161784381323,0.00462785200114839
17.0208603154302,0.00496960903934366
17.0254934658861,0.00533017083740884
17.030091628555,0.00571139905550814
17.0346617525388,0.00611613494293207
17.0392073233858,0.00654768884209417
17.0437199679745,0.00700871386186105
17.0481860321133,0.00750160356007708
17.0526008555681,0.0080300453119247
17.0569610275491,0.0085984244063853
17.0612635141779,0.00921181816400806
17.0655085279431,0.00987650331764336
17.0696996688389,0.0106001999557081
17.0739370028088,0.0114110167783407
17.078225529913,0.0123256379252158
17.0826011252664,0.0133712550844137
17.087130713097,0.0145899339660914
17.0919740126995,0.0160631896100402
17.0976748544667,0.0180324466874084
17.1020435729905,0.0196966316755618
17.1064122915143,0.0214403888309176
17.1099984408268,0.0228614409103617
17.1131498536557,0.0240311016109983
17.1161163680208,0.0249964459232666
17.1190458386277,0.0257546555808466
17.1218818630616,0.0262474138402399
17.1247125988087,0.026460095225391
17.1277010197017,0.0263570672275301
17.1312095254917,0.0258091760516699
17.135027735715,0.0247432207722773
17.1382471188718,0.0235388001412197
17.1409308796835,0.0223782708351512
17.143368521648,0.0212398595592228
17.1456897621155,0.0201096223823631
17.1479513828534,0.0189872468121973
17.1501853351087,0.0178758869699734
17.1524128299287,0.0167794456985111
17.1546494768969,0.0157018559258548
17.1569076234461,0.0146468650822869
17.159197627821,0.0136179489396035
17.1615285905598,0.0126182884375289
17.1639088494227,0.011650751178774
17.1663463009162,0.0107178913022353
17.1688486590746,0.00982194274265342
17.171423654867,0.0089648186772665
17.1740792057651,0.00814811300590189
17.1768235945661,0.0073730969730761
17.1796656132618,0.00664072851006178
17.1826147505326,0.0059516533060313
17.1856813764996,0.00530621466711139
17.1888769361668,0.00470446851465913
17.1922662120511,0.00413802178579892
17.1959108143168,0.00360293886397622
17.1998414663105,0.00310205798038635
17.2040944169798,0.00263787850486665
17.2087113190579,0.00221261958045136
17.2137398150634,0.00182813170317088
17.2192335427249,0.00148582059637608
17.2252512987949,0.0011865569505033
17.2318555329303,0.000930544554344106
17.2391147850761,0.000717057864695616
17.2444451437287,0.000595861764407852
17.2497755023813,0.000506384229058302
17.2586539805651,0.000412012691609854
17.2662437851848,0.000363192159962442
17.2759239828195,0.000323972362511317
17.2859239828196,0.000304652146804
17.2959239828196,0.000301763137824145
17.3059239828196,0.000311934267911758
17.3159239828196,0.000333050646678615
17.3259239828196,0.000364195312573829
17.3359239828196,0.00040568265288539
17.3458803724185,0.000458856451498638
17.3550714990795,0.000521155932071726
17.3635333101823,0.000593026036494721
17.3713262397038,0.000675472428879636
17.3785064206022,0.000769826557857547
17.3851252472454,0.000877685211386137
17.3912299245139,0.00100090214456245
17.3968639394669,0.00114160471544117
17.4020674447181,0.00130222337329354
17.4068775831606,0.00148553066621511
17.4113287811465,0.00169468950994128
17.4154530209428,0.00193331400072038
17.4192800963889,0.00220554505100029
17.4228378631421,0.00251614689043569
17.4261525038068,0.00287063341888968
17.4292488241043,0.00327543773298657
17.4321506006372,0.00373814828780776
17.4348810279933,0.00426785095419167
17.4374633482362,0.00487565020313062
17.4399218201285,0.00557551352810214
17.4422211635269,0.00636243896495417
17.4444005310405,0.00725135271088482
17.446520706027,0.0082735484389201
17.4486796677822,0.00949571620739357
17.4511601527924,0.0111413594254779
17.4528389422521,0.0123949513732533
17.4545177317118,0.0137362874856107
17.4560335357749,0.0149854332543687
17.4573784884385,0.016081666033617
17.4586366584712,0.017053835320333
17.4598592606375,0.0179061954722257
17.4610856926676,0.0186270042291568
17.4623587749492,0.0191911050323691
17.4637435888738,0.0195524316896274
17.4653892667074,0.0196085004234168
17.467839276355,0.0189586699196248
17.4693644110372,0.0181666015005377
17.4708895457195,0.0171502186344898
17.4723240402862,0.0160472487125399
17.4737524144818,0.01485913585989
17.4752166306255,0.0135940279534388
17.4767495799168,0.0122598384796456
17.4779988390344,0.0112037850521956
17.4792480981519,0.0102172263413141
17.4814718152841,0.00863233456473528
17.4836734712668,0.00726361410548592
17.4859044583833,0.00605977079379474
17.4881889922673,0.00499606099376077
17.4905479526388,0.00405404505034608
17.4930018621498,0.00321875582190412
17.4955723654744,0.0024774495436978
17.4981203664689,0.00185535720383103
17.5005367823684,0.00135146613740692
17.5028459305859,0.000934991183122406
17.5050797478356,0.000582542892815309
17.5072799380459,0.000275900346596436
17.509510930075,-8.17278397797588e-07
17.5119082272076,-0.000266422315153745
17.5150481825174,-0.000574507487137827
17.516853043184,-0.000735128055243837
17.5186579038507,-0.000886040283755624
17.5203074919224,-0.00101680388234293
17.5218792356997,-0.00113602171641639
17.5234711438892,-0.00125225555047707
17.5251867010956,-0.0013732716049247
17.5272136834213,-0.00151165009149758
17.53030912024,-0.00171576631839449
17.5337268432324,-0.00193439288641283
17.5366436135191,-0.00211770339080777
17.5395922327127,-0.00230143888570878
17.5430291281802,-0.0025147055107916
17.5475051835849,-0.00279148510696516
17.5528530750077,-0.00311683767491095
17.5581046760435,-0.00341691439492242
17.5624966597124,-0.00363500418678386
17.5663167562443,-0.00378451065827469
17.5699048335893,-0.00387823941554732
17.5734869149466,-0.00391645108725836
17.5773263690007,-0.00388753593310618
17.5814478746085,-0.0037703043522753
17.5854264201915,-0.00357048239906751
17.5894725911604,-0.00327987443768944
17.5929232810021,-0.00296118754401294
17.5961322766236,-0.00260320629533687
17.599243319738,-0.00219353097494335
17.6023268180983,-0.00171686478157097
17.6054236014963,-0.00115222317815148
17.6082483611232,-0.000543426844033164
17.6108779378042,0.000123651573727029
17.6133812701517,0.000868661967283525
17.6158413583903,0.0017244067949909
17.6183929901481,0.00275814917889825
17.621309524081,0.00413173197290529
17.6244353603365,0.00582219906651005
17.6278014253243,0.0078737178255662
17.6298729356797,0.00926244837298226
17.631944446035,0.0107738601967771
17.633792336118,0.0122616856467782
17.635519887863,0.0138129006253405
17.6371307660666,0.0154429555562769
17.6386771658546,0.0172217993273997
17.6401621328688,0.0191785931786347
17.6415931780701,0.0213508295621496
17.6429716492923,0.0237705939706398
17.6443010085067,0.0264759295920269
17.6455800805866,0.0294979003330541
17.6468137568234,0.0328838651491304
17.6480043337566,0.0366807466209813
17.649154241189,0.0409413735306566
17.6502668452314,0.0457294124653362
17.6513460989385,0.0511217725694798
17.6523957509192,0.0572081832442104
17.6534198413971,0.0640968068230411
17.6544226917878,0.0719190610690553
17.6554093256106,0.0808396291224554
17.6563855353997,0.0910675534913231
17.6573582746111,0.102874979778376
17.6583364355856,0.116629674935083
17.6593322108059,0.132853533481837
17.6603555009065,0.152170321222351
17.6613830902803,0.174568985562983
17.66242753651,0.200675027149293
17.6635072765803,0.231358528627918
17.6646532942965,0.267968689658686
17.6658103064628,0.308647292592196
17.6667991012656,0.345467292861189
17.6676379583059,0.37713985060361
17.668392413354,0.404895967337178
17.6690989824087,0.429185145815928
17.6697817709621,0.449999937466429
17.6704609424018,0.467017029773658
17.6711572700065,0.479552506409348
17.6718970757046,0.486347802489959
17.6727221009083,0.484964963753302
17.6735673481496,0.47302944447925
17.674435262836,0.449372406802025
17.6753367793491,0.412599705998921
17.6762819645288,0.36116259690883
17.6768991210845,0.321058629946403
17.6775162776402,0.27666037570704
17.6780394833963,0.236591357428516
17.678482892607,0.20174080204655
17.6788765915974,0.170810153680778
17.6792389562875,0.142919437352159
17.6795815795989,0.1175204089269
17.6799130042943,0.0942253481020793
17.6802408771779,0.0727105741975564
17.6805740879415,0.0526342458884785
17.6809276061922,0.0334689303022601
17.6813477580683,0.0136377972296373
17.6816252346964,0.00227406865622431
17.6818208243108,-0.00493966633451635
17.6820164139252,-0.0115240061605818
17.6822052794443,-0.0173128435110971
17.6824172089775,-0.0231801498232993
17.6826482093907,-0.028868715969776
17.6828956813778,-0.0342064908383173
17.6831762260808,-0.0393906660980505
17.6834533145365,-0.0437041632024941
17.6837462259311,-0.0474987503565244
17.6840566824189,-0.0507755405740613
17.6843865377477,-0.0535386522857603
17.6847381500049,-0.0557976650367071
17.6851144455174,-0.0575651298817414
17.6855190236936,-0.0588546606299764
17.6859563182296,-0.0596793671555732
17.6864318356841,-0.0600503979394137
17.6869525109973,-0.0599753798082625
17.6875273553881,-0.0594563692415786
17.688169664005,-0.0584845324195968
17.688896446249,-0.0570375160161556
17.6897329840753,-0.055070135532253
17.6907215497739,-0.0524906968815042
17.6919513501246,-0.0490792012362592
17.6933399738809,-0.0451224533347928
17.6946801729185,-0.0413033872887991
17.6959773443194,-0.0376701338059615
17.6972343515925,-0.0342451309729144
17.6984524076066,-0.0310391028242156
17.6996318773468,-0.0280559036582966
17.70077270403,-0.0252947609472823
17.7018746329265,-0.0227515234613062
17.7029373266372,-0.0204194912807186
17.7039604195087,-0.0182900529339971
17.7049435360231,-0.0163532168217422
17.7058862865028,-0.014598071289952
17.706794879945,-0.013001878763612
17.7077264796494,-0.0114626251418637
17.7086822807791,-0.00998536680234146
17.7096642586398,-0.0085741049826907
17.710674717609,-0.00723266643020807
17.711716375967,-0.00596464732460427
17.7127924711089,-0.00477336226621188
17.7139068998907,-0.00366179018794524
17.7150644099043,-0.00263251777462931
17.7162708668571,-0.00168767951891374
17.7175336396754,-0.000828893386678221
17.7188621753331,-5.71897243544254e-05
17.720268895088,0.00062707121938257
17.7217706700592,0.00122430212729646
17.7233855524743,0.00173419910418367
17.7250396662185,0.00213737849870046
17.7267514950768,0.00245153709083792
17.7285401484992,0.00269193552577808
17.7304307060037,0.00287289629035913
17.7324577839791,0.00300821885824523
17.7346727507343,0.0031118090717419
17.7371600707113,0.00319880735544218
17.7400837738881,0.00328836981579616
17.7438279509951,0.00341259789663257
17.7476630688314,0.00356749715493994
17.7517742910885,0.00376881295149081
17.7560507765617,0.00401207954207189
17.7605242394194,0.0042956003225311
17.7652283541909,0.00461891645926606
17.7699183122076,0.00496388647112006
17.7745351135328,0.00532550541835256
17.7791100070353,0.00570744135549948
17.7836451625016,0.00611247455830854
17.78814874154,0.00654448777189287
17.7926171501377,0.00700667184970995
17.7970466537015,0.00750247485864477
17.8014379349222,0.00803622928087308
17.8057866951321,0.00861223974777029
17.8100864542973,0.0092351055688877
17.8143329116297,0.0099103892779189
17.8185286677174,0.0106456244298035
17.8227740579433,0.0114693392266744
17.8270694170941,0.0123974657486939
17.8314531954545,0.0134579987174743
17.8359965358502,0.0146946588592647
17.8408715266357,0.0161940024333549
17.8466894081397,0.0182246751416054
17.8509318900122,0.0198517828337719
17.8551743718846,0.0215477434324845
17.8587158050081,0.0229475075364246
17.8618505982484,0.0241036336941756
17.8648116325832,0.025056253615581
17.8677440068595,0.025800267585276
17.870576410865,0.0262746154955805
17.8734121126713,0.0264675430334693
17.8764200766535,0.0263402415175346
17.8799947731646,0.0257499073144519
17.8837428139578,0.0246751196439952
17.8869417649915,0.023463271026005
17.8896041449224,0.0223038682026225
17.8920314778547,0.0211656702563756
17.8943474720995,0.0200354440920163
17.8966064920287,0.0189132487622756
17.8988395044868,0.0178023331816019
17.9010672275387,0.0167066204084146
17.9033049921715,0.0156300390462981
17.9055649685315,0.014576326520477
17.9078573992722,0.0135489441370836
17.910191298792,0.0125510592489096
17.9125749424675,0.0115855236085479
17.9150161707341,0.0106548769669301
17.9175226497582,0.00976133691500168
17.9201020593376,0.00890680071308994
17.9227622605267,0.00809284548959509
17.9255114729752,0.00732072386405379
17.9283584045902,0.00659137569410684
17.931312442738,0.00590542613883683
17.9343838263003,0.00526319685829646
17.9375838248223,0.00466472154459037
17.9409875651122,0.00409999438460461
17.9446480717101,0.003566839288652
17.948596406971,0.00306805266535126
17.9528689949526,0.00260611499262396
17.9575076125392,0.00218322093037425
17.9625599594489,0.00180118579069267
17.9680795678778,0.00146136909933279
17.9741249000874,0.00116457860844328
17.9807579467739,0.000910928262577357
17.9880474174156,0.000699561918588046
17.9960924314347,0.000528245042339402
18.0050847322155,0.000405197661313631
18.0128647457765,0.00034472874998928
18.0217800157856,0.00030096670430734
18.031507336472,0.000273420403964134
18.041507336472,0.000261448306276893
18.051507336472,0.00026227333309058
18.061507336472,0.000273326679229011
18.071507336472,0.00029301453928719
18.081507336472,0.000320700166113865
18.091507336472,0.000356700940469726
18.101507336472,0.000402298698048938
18.1112506257867,0.000458241738222701
18.120238169251,0.000522972535127402
18.1285131706289,0.000597288374421991
18.1361348167309,0.000682387671551352
18.1431578957097,0.000779727371694239
18.1496326356262,0.000891002118448226
18.1556052185692,0.00101815457852858
18.1611182199467,0.00116340099559551
18.1662109702845,0.0013292660356105
18.1709198689976,0.0015186256308802
18.1752786699541,0.00173475930324288
18.1793187486405,0.00198141487887224
18.1830693548677,0.00226288955347777
18.1865578658591,0.0025841330832088
18.1898100579353,0.00295088422299573
18.1928504132916,0.00336985510894558
18.1957024880495,0.00384899008952326
18.1983893967571,0.0043978458691025
18.2009345095491,0.005028179050454
18.203351509451,0.00575129227743027
18.2056118675103,0.00656264453391392
18.2077665290018,0.00748235375437312
18.2098817870097,0.00854756301694991
18.2120768654004,0.00984384116062821
18.214707170897,0.0116639060204729
18.216313916794,0.0129048996845714
18.2179206626909,0.014212745247369
18.219356123044,0.015398716587007
18.2206597805105,0.0164475663527585
18.2218986897989,0.017376446624871
18.2231172475818,0.0181825750614133
18.2243545105094,0.0188493723606746
18.2256585597351,0.0193454184904805
18.2271130898219,0.0196109631896779
18.228959797762,0.0194867671762061
18.2307752422392,0.0188865848028046
18.2325906867165,0.0178894476974106
18.2340939253136,0.0168366382555247
18.2355220109592,0.0157067222766551
18.2369565310403,0.0144946317378584
18.2384363580113,0.0132079405287605
18.2395819389999,0.0122100089347691
18.2407275199884,0.0112390422812238
18.2417295174112,0.010437816572936
18.2439486743469,0.00882322930314577
18.2461658731032,0.00741533396606604
18.2483915025636,0.0061882747205252
18.2506669270722,0.00510475030408573
18.2530138114567,0.00414529607632668
18.2554526438412,0.00329450689406011
18.2580048275471,0.00253934909142598
18.2605937255241,0.00189135431446229
18.2630318178928,0.00137131070230861
18.2653363252239,0.00094651633576524
18.2675315421138,0.000592213419637491
18.2696438339036,0.000290169849347313
18.2717033747498,2.65313294928716e-05
18.2737500809824,-0.000210079212704262
18.2758494762418,-0.000430756672949028
18.2781560520056,-0.000651932358968032
18.2803375577971,-0.000844324425615901
18.2820757247461,-0.000988029055205692
18.2838138916951,-0.0011246919767345
18.2853642682304,-0.00124160228221289
18.2868307819239,-0.00134855438019877
18.2883085565249,-0.00145332587721552
18.2898911466944,-0.00156275665012336
18.2917393673977,-0.00168763661258464
18.2944255273181,-0.001864976638537
18.297730954209,-0.002078850285332
18.3005494706633,-0.00225916666357132
18.3033256396925,-0.00243595868111406
18.3065334913005,-0.00263984302741855
18.3107188128322,-0.00290513063092973
18.3160452781147,-0.00323760031109673
18.3213071111572,-0.00354693232673512
18.3256697133798,-0.00377134036641197
18.329471398872,-0.00392784662895726
18.3330564713927,-0.0040299905002576
18.3366522987159,-0.00407844562324211
18.3405353986126,-0.00406230045896936
18.3446402057428,-0.00396348213341916
18.3486200446075,-0.00378701615358156
18.352637244486,-0.00353011545723888
18.3560681243412,-0.00324864840503342
18.3592726164719,-0.0029328680975134
18.3623864644756,-0.00257323652187883
18.365477415663,-0.00215753513403122
18.3685887001366,-0.00166793006307214
18.3715595460225,-0.00111672880048834
18.3742756360029,-0.000521544221629509
18.3768060657988,0.000131881506971597
18.3792237534579,0.000865551011895951
18.3816262681732,0.00171930583504939
18.3842113888182,0.00279189112968723
18.3870947286276,0.00417722680401106
18.3902110883844,0.00586804360034939
18.3928364044182,0.00741593353202851
18.3949553659114,0.00874345029647522
18.3970743274045,0.0101610492440479
18.3989924052404,0.0115562901828765
18.400718849783,0.0129423304281543
18.4023624545323,0.0144182924565081
18.403930771482,0.0160131854295398
18.4054462958589,0.0177752483594977
18.4069097425885,0.019734779222917
18.4083233041199,0.0219251696517366
18.4096840326857,0.0243725439625578
18.4109959753744,0.0271156047777431
18.412259527108,0.030189076210482
18.41347550084,0.0336302137252618
18.4146482433312,0.0374902645170716
18.4157807015734,0.0418238519349016
18.4168761231129,0.0466948819205455
18.4179376710808,0.0521770771556658
18.4189693757019,0.0583616624010056
18.4199751758997,0.0653567550017781
18.4209592627124,0.0732935516748624
18.4219262464414,0.0823339076426831
18.4228813224573,0.0926807800337784
18.4238306713334,0.104595579743146
18.4247818979635,0.118423923488231
18.4257449366208,0.134640829822276
18.4267338056097,0.153935829542699
18.4277323096253,0.176468762497301
18.428740563308,0.202640217939477
18.429772354661,0.233217404840864
18.4308489660506,0.269297547624909
18.4319884070028,0.311848019879615
18.4330461728618,0.35451489991994
18.4338941410106,0.389792533035325
18.4346322131165,0.42010841659767
18.4353134587924,0.446618598968153
18.4359672457987,0.469581847154848
18.436615807678,0.488809953218147
18.4372813005179,0.50371491386341
18.4379923488955,0.51311318156017
18.4387980955341,0.51453512849975
18.4396222194883,0.505176101467071
18.4404735277978,0.483845408483674
18.4413648400551,0.449017238852217
18.4423053049929,0.398926065497711
18.4429928976009,0.354208956964119
18.443680490209,0.303543561865687
18.444247419579,0.258350741160278
18.4447125747148,0.219935086125989
18.4451167389052,0.186366166412506
18.4454835451066,0.156378241269657
18.4458268449498,0.129235931555464
18.4461561394248,0.104454790821672
18.4464792971072,0.0816604001545025
18.4468046219544,0.0604962202108474
18.4471444165929,0.0404892534261232
18.4475291975037,0.0205387105883011
18.4477155039908,0.0119140612058369
18.447901810478,0.00394984771983886
18.4481288059388,-0.00488910029171525
18.4483202045989,-0.0116342472042032
18.4485040547712,-0.0175342933458064
18.4487105011342,-0.023521239149682
18.4489356867582,-0.0293329465707559
18.4491770668817,-0.0347964244650643
18.4494336562037,-0.039808786420608
18.449704758437,-0.0443012398752795
18.4499899478061,-0.0482423385600461
18.4502922320628,-0.051656892686328
18.4506134256389,-0.0545489121114266
18.4509558175848,-0.056927958697189
18.4513222563983,-0.0588068716569259
18.4517162527011,-0.0601997652025872
18.4521421375202,-0.0611203940874731
18.4526052971609,-0.0615806454786663
18.4531125236091,-0.0615889361038659
18.4536725544641,-0.061148243887894
18.4542983099957,-0.0602510239655751
18.4550065704111,-0.0588756697725759
18.4558220630286,-0.0569778084811235
18.4567859858732,-0.0544669333300977
18.4579844980318,-0.0511270835104349
18.4593881145362,-0.0470894801814202
18.4607431826131,-0.0431764451351783
18.4620559385234,-0.0394413675137745
18.4633292643596,-0.0359103329603444
18.4645643261567,-0.0325964409009905
18.4657614173706,-0.0295053558308711
18.466920402916,-0.0266377873839541
18.4680409526833,-0.0239908139961227
18.4691226625075,-0.0215587359365423
18.4701651123996,-0.0193337218833257
18.4711678878631,-0.0173063498536932
18.4721305781181,-0.0154660807149419
18.4730527588027,-0.0138016772319889
18.4739725211934,-0.0122379750534769
18.4749158444231,-0.0107339793370796
18.4758843396385,-0.00929415109187169
18.4768801353153,-0.007922417557914
18.4779057297254,-0.00662250656789953
18.4789640845221,-0.00539789406941903
18.4800587459496,-0.00425175184742277
18.4811940082403,-0.0031868931892261
18.4823751390788,-0.0022057157005966
18.4836086993598,-0.0013101412577562
18.4849030116932,-0.000501551140586297
18.4862688743993,0.000219285784667907
18.48772070376,0.000852297843337
18.489278477575,0.00139821831105202
18.4909106014799,0.00184434062481963
18.4925909842264,0.00219269880972471
18.4943379619264,0.00245952281436756
18.4961732786816,0.00265942576907902
18.4981261202662,0.00280622984327687
18.5002381318643,0.00291344177220834
18.5025740036681,0.00299500223523153
18.5052479030785,0.00306681493670063
18.5085130667771,0.00315134576439259
18.5122564590026,0.00326664396379372
18.5160430100297,0.003412658664635
18.5198580213618,0.00358912846790092
18.5237421770924,0.00379389490772577
18.5277302516992,0.00402456463658055
18.531854060465,0.004280165559209
18.5361445710154,0.00456192043966545
18.5406335189815,0.00487359722669168
18.545354766393,0.00522170995742239
18.5499425917339,0.00558325516422188
18.5545016634249,0.00596859173517097
18.5590015132559,0.00637834674082716
18.5634544478096,0.00681682962110554
18.5678680420416,0.00728836436342713
18.5722484862699,0.0077976038868178
18.5765956770006,0.00834904094626461
18.5809062342778,0.00894733948416711
18.585174753706,0.00959752968920634
18.5893965289791,0.0103054582366789
18.5936226401126,0.0110885392215508
18.5978976670098,0.0119682607454572
18.6022387816494,0.012966063679257
18.6066967267719,0.0141161141219141
18.6113815429388,0.0154784835654202
18.6166022106602,0.0171965959915106
18.6223655436421,0.0193281231740401
18.6260682777276,0.0207935741738258
18.6297710118131,0.0222770715252986
18.6330713249907,0.023549628669301
18.6361051790178,0.0246100449022459
18.639037460865,0.0254685831992204
18.6419194107375,0.0260912870380239
18.6447372496616,0.0264386701043976
18.6476256662723,0.0264926142489102
18.6508117066154,0.026184306050655
18.6548356647321,0.0252757580917858
18.6582404521329,0.0241253657971845
18.6611206282986,0.0229449438617978
18.6636470866869,0.0217987125709268
18.6660126685678,0.0206641255684596
18.6682972818281,0.0195367941015869
18.6705414390264,0.018418889202672
18.6727703566449,0.017314124116254
18.6750018218526,0.0162264702699436
18.6772494781979,0.015159785455589
18.6795244762309,0.0141176883194894
18.6818364152512,0.0131035094120544
18.684193916178,0.0121202765309941
18.6866050252587,0.011170700635592
18.6890774733798,0.010257180358621
18.6916189236261,0.00938178796818494
18.6942371161547,0.0085462815138397
18.6969400689065,0.0077520918819299
18.6997362076168,0.00700033384226154
18.7026345295613,0.00629180820235986
18.7056447998672,0.0056270026633306
18.708777692654,0.00500611279688927
18.7120583103388,0.0044268392042922
18.7155817864253,0.00387763543302307
18.7193761578416,0.00336156609892636
18.7234752817159,0.00288126791898119
18.7279181831884,0.00243912884449028
18.7327495227875,0.00203722533960253
18.7380200889866,0.00167722665766873
18.7437863502433,0.00136032553975672
18.7501092868676,0.00108713354622338
18.7570542776792,0.000857499973371165
18.7647018056834,0.000670182990937655
18.7704946914738,0.000563801080694843
18.7762875772643,0.000489054935794688
18.7850766697929,0.000421736914536538
18.7933484283784,0.000387963513960072
18.8032234633701,0.000370209278079642
18.8132234633701,0.000372441471085736
18.8232234633701,0.000391690026997996
18.8332234633701,0.000426464165359291
18.8432234633701,0.000476816566757439
18.8528190610105,0.00054153438718633
18.861653418042,0.000618425113015081
18.8697779127616,0.000707875309351748
18.8772540763405,0.000811036955019269
18.8841385097021,0.000929529638708366
18.8904830200047,0.00106534382486887
18.8963352128892,0.00122082343664818
18.9017389895994,0.00139868603315829
18.9067349609941,0.00160206401243039
18.9113608202818,0.00183456324522731
18.9156516985145,0.00210034234104704
18.9196405199533,0.00240421786361217
18.9233583744612,0.0027518072176542
18.9268349493608,0.00314972653187542
18.930099079165,0.0036058786484017
18.9331795063748,0.00412989120904093
18.9361060439991,0.00473382507000876
18.9389115660762,0.00543341687719392
18.9416038942821,0.00624002922708537
18.9442293142361,0.00717752689923273
18.9469428490925,0.00832381675701388
18.9499987400673,0.00983944012998561
18.9518455564299,0.0108583221715209
18.9536923727926,0.0119283701210972
18.9553427508884,0.0128952519299382
18.9568393748423,0.0137451394074275
18.9582569765444,0.0144905948322243
18.9596446899537,0.0151282716183785
18.961044538621,0.0156435640716738
18.9625060548124,0.0160097618743732
18.9641104946886,0.0161778214677277
18.9660672598636,0.0160280268376005
18.9680958786321,0.0154727109238631
18.9701244974006,0.014565677647766
18.9717964701477,0.0136126305891837
18.9733497265816,0.0126105705000544
18.9748824085799,0.0115523027408987
18.9764377552988,0.0104434700162768
18.9772425213246,0.00986587333641659
18.9780472873504,0.00930056552463319
18.9794908870167,0.00834840919024097
18.9816849577431,0.00704632372419289
18.983940233597,0.00587516935381762
18.9862537672173,0.00483088804182048
18.9886456644623,0.00389786956966516
18.9911368073118,0.00306274620211658
18.9935695753855,0.0023616935552161
18.9958817763879,0.00178400953367842
18.9980962932178,0.00129911676351577
19.0002424714074,0.000883177906176823
19.0023596636499,0.000516893323273069
19.0045114390504,0.000182411510096133
19.0068389518293,-0.000143577264734735
19.0092255990363,-0.000445983184497206
19.0110238917979,-0.000656200439367987
19.0128221845595,-0.000853777476293678
19.0144253419016,-0.00102084648418878
19.0159361966043,-0.00117161278877198
19.0174551129081,-0.00131757125242023
19.0190783238667,-0.00146823538522249
19.0209678348297,-0.00163779895147319
19.0236815630821,-0.00187250610972547
19.027131504287,-0.00215940112270886
19.0300739159489,-0.00239619938595687
19.0329489703382,-0.0026215132717552
19.0362644303263,-0.00287364098845153
19.0405988266496,-0.00318765361460349
19.045426751795,-0.00350653823823943
19.0495471420396,-0.0037393219110905
19.0532561446401,-0.00390535437731507
19.0568355242941,-0.0040164769255296
19.0605247451991,-0.00407275808440649
19.0647156342483,-0.00405951967024428
19.0687421929699,-0.00396895705095415
19.0727372816536,-0.00380722950670976
19.0764072882708,-0.00360005722579326
19.0797142255334,-0.00336853905754922
19.0828697852705,-0.00310955100509302
19.0859694201172,-0.00281874642280586
19.089067345058,-0.00248976479431807
19.0922010515996,-0.00211293763888312
19.0954000851994,-0.00167350183165492
19.0986651787825,-0.00115298926448081
19.101614663193,-0.000601448631792882
19.1043340280282,-4.34886578826875e-06
19.1068919292467,0.000655203716108901
19.1093775437007,0.0014065584213539
19.1119371478333,0.0023110750615677
19.1147704066356,0.00347550504125394
19.117896467621,0.00494161980698259
19.1205251208549,0.00628847636166081
19.1233270723523,0.00781181667681781
19.1253659892417,0.00898262384060748
19.1274049061311,0.0102305033644525
19.129316126744,0.0115041385375769
19.1310499605655,0.0127845348084285
19.1327030049809,0.0141557149855619
19.1343024438507,0.015664520943028
19.1358435389459,0.0173334134215002
19.1373374973243,0.0192026527900272
19.1387756580777,0.0212904683029443
19.1401628458078,0.0236322863386147
19.1414990228997,0.0262584528661428
19.1427832936813,0.0291978991431676
19.144019614255,0.0324922947723308
19.1452109899952,0.0361866302284783
19.1463604945361,0.0403323062181568
19.1474711730066,0.0449881595476268
19.1485469385594,0.0502264164044411
19.1495915187932,0.056131463832162
19.150608797345,0.0628042428972788
19.1516028684386,0.0703666925736249
19.1525782836806,0.0789692740044961
19.1535400965043,0.0887995955537929
19.154494187398,0.100097067504435
19.1554477180907,0.113175687608573
19.1564099246419,0.128462644131857
19.1573935607423,0.146568370889912
19.1583953910233,0.167913103297393
19.1594039826723,0.192677280843748
19.1604320027445,0.221560430900387
19.1614982732725,0.255538527401241
19.1626363311192,0.296172754731539
19.163536185067,0.331046912589224
19.1644360390148,0.367531870234258
19.1652293569981,0.400006137168785
19.1659446467453,0.428414956419893
19.1666170090097,0.45322966500237
19.1672711763531,0.474473332413557
19.1679284487765,0.491793700614181
19.1686123209337,0.504399378256449
19.169356240159,0.510735855229723
19.1701754173908,0.507880235708113
19.1710111863446,0.493849042733063
19.1718785587867,0.467363076127044
19.172788453727,0.42681133726952
19.1737500775176,0.370424014798429
19.1743573732012,0.328316720935461
19.1749646688847,0.282069093600006
19.1754791459048,0.240605016250322
19.1759150761665,0.204699847142734
19.1763021200419,0.172938333923187
19.1766584768488,0.144367267363223
19.1769956613529,0.118393655455111
19.1773222118477,0.0945988092177868
19.1776458862466,0.072632204328478
19.1779759729193,0.0521176694373205
19.178328953627,0.0324483848678073
19.1787624888653,0.0115750194718991
19.1789913558597,0.00199163090718895
19.1792202228542,-0.00664326331156326
19.1794094221787,-0.0130982732492803
19.1796013215952,-0.0190470925822872
19.1798144665318,-0.024990050194776
19.1800454405719,-0.030696252231309
19.180292228369,-0.0360192338697024
19.1805841633315,-0.0413744618888525
19.1808613218682,-0.0456200857546187
19.1811542265867,-0.0493332114120866
19.1814649576234,-0.0525219233456181
19.1817955134696,-0.0551927132289791
19.1821484049959,-0.0573567000524118
19.1825267386065,-0.0590273908297521
19.182934339438,-0.0602188683903552
19.1833759370305,-0.060944242749437
19.1838574402588,-0.0612141406475561
19.1843863515489,-0.0610350042904313
19.1849728630475,-0.0604062687243462
19.1856313517196,-0.059315140407643
19.1863811498487,-0.0577325834274326
19.1872520637016,-0.0556001940053488
19.1882973738992,-0.0527942555519137
19.1896481183216,-0.0489748041350704
19.1910279041536,-0.0449974169690008
19.1923627386738,-0.0411717092374558
19.1936566396823,-0.0375377263878762
19.1949116329357,-0.0341147324748441
19.1961284585289,-0.0309120086478515
19.1973072051535,-0.0279327090753449
19.1984476483359,-0.0251757083306255
19.1995494279092,-0.0226366740038631
19.2006121380556,-0.0203088137162813
19.2016353675142,-0.0181834690926838
19.2026187097136,-0.0162506249232531
19.2035617535427,-0.0144993575072388
19.2044697987914,-0.0129084741834488
19.2054008512151,-0.0113746036213422
19.2063560914905,-0.00990281753888786
19.2073374875511,-0.00849712532714975
19.2083473356195,-0.00716136604598352
19.2093883446861,-0.00589915264741667
19.2104637411888,-0.00471382112030138
19.2115774086378,-0.00360837740723634
19.2127340778649,-0.00258544154998778
19.2139395928797,-0.00164718947555995
19.2152012936021,-0.000795290671775518
19.216528586819,-3.08394920598941e-05
19.217933835724,0.000645836124660089
19.219433823075,0.00123508291689708
19.2210479845315,0.00173689891211155
19.2227011166797,0.00213169691055742
19.2244117032084,0.00243709356425496
19.2261987709428,0.00266824443253295
19.2280872768376,0.00283933267566658
19.2301116353289,0.00296396183030209
19.2323228475481,0.00305573979546142
19.2348046066132,0.00312930349456393
19.2377188705277,0.00320279624832171
19.24146387,0.0033064655652494
19.2452932314056,0.00343974834763058
19.249228617278,0.00360942093466236
19.2532854170452,0.00381475395562652
19.2574949252778,0.00405346944323936
19.2618886942484,0.0043241454596141
19.2664996683159,0.00462785446935194
19.2712601194676,0.00496165422139511
19.2758875576559,0.00530757395700894
19.280489049034,0.00567509004691192
19.2850412425286,0.00606519701930684
19.2895549729156,0.00648179949672519
19.2940267071189,0.00692786389438138
19.298463828398,0.007407695850817
19.3028665036988,0.00792534768502715
19.3072294397412,0.0084847454625361
19.311545611831,0.00909013730941798
19.3158095902962,0.00974662289251755
19.3200197531585,0.0104609477864434
19.3242506107186,0.011255569364955
19.3285291696988,0.0121496526355758
19.3328821046947,0.0131670038928727
19.3373671644374,0.014345104486486
19.3421137325264,0.0157524535409536
19.3475120010018,0.0175663618057066
19.3531719930998,0.0196941239020433
19.3567543902397,0.0211208534256903
19.3603367873797,0.0225506770397442
19.3635629161891,0.0237762397612477
19.366563847602,0.0247958906629565
19.3694912135092,0.0256123939277411
19.3723503907566,0.026180464569403
19.3751696384681,0.0264720205860557
19.3780930154393,0.0264624630040333
19.3813898968342,0.0260632955893967
19.3853512358573,0.0250810573991683
19.3886698904034,0.0239088400132191
19.3914612054093,0.0227384524067139
19.3939491253604,0.0215959514885269
19.3962958698375,0.0204632448373731
19.3985706899183,0.0193379356619205
19.4008103446176,0.0182226622254867
19.403038344578,0.0171212322232327
19.4052715676698,0.016037606748581
19.4075231208098,0.0149756027106045
19.4098038334802,0.0139387822359266
19.4121231035882,0.0129304181553461
19.4144894449195,0.0119534746277425
19.416910849709,0.0110106021956505
19.4193950552217,0.0101041347579614
19.4219497660859,0.00923608366985731
19.4245828146881,0.00840814384075789
19.427302353186,0.00762168536913925
19.430116987152,0.00687776502745988
19.433035958399,0.00617712610077072
19.4360693327105,0.00552020508787271
19.4392281691715,0.00490714956704779
19.4425514064004,0.00433349969190474
19.4461224861198,0.00379051488534247
19.4499705138474,0.00328119409058125
19.4541303697587,0.00280814376703702
19.4586422326273,0.0023737184893416
19.4635521465234,0.00197994821212177
19.4689123757149,0.00162845561868537
19.4747808580482,0.00132038649185185
19.4812199451125,0.00105630490007033
19.4882970932739,0.000835998753365428
19.4960996143085,0.000658143536673882
19.5047855050722,0.000534387818524371
19.5120879410814,0.000478902688053488
19.5207149474992,0.000441858302485883
19.5300442308329,0.000425971052186905
19.5400442308329,0.000431475397279572
19.5500442308329,0.000457392391282815
19.5600442308329,0.000502526817259838
19.569630002974,0.000564667535937896
19.5784546059849,0.000640732453014815
19.5865699639244,0.000730412715147604
19.5940377396174,0.000834489850730486
19.6009146163733,0.000954401721313969
19.6072524655113,0.00109205427172204
19.6130989517742,0.00124975838751387
19.6184980380971,0.00143022985930818
19.6234904039158,0.00163662170204005
19.6281138239499,0.00187257921327861
19.6324035317136,0.00214231894211864
19.6363925853226,0.0024507362664722
19.6401122534652,0.00280355374992854
19.6435924699724,0.00320752896092319
19.6468624224625,0.00367076026164995
19.6499513812894,0.00420315748575176
19.6528899908517,0.00481721339765786
19.655712530439,0.00552938105209315
19.658427635622,0.00635164610001388
19.6610967526519,0.00731411453981855
19.6639109861171,0.00851411354139194
19.6663980603117,0.00973622701329258
19.668291356005,0.010755723501232
19.6701846516984,0.0118262369569982
19.6718472896896,0.0127754770534298
19.6733554266024,0.013608527863141
19.6747853435369,0.0143383072278759
19.6761860944872,0.0149610574796093
19.6775999425768,0.0154619682243243
19.679077092094,0.015814162252039
19.6807005688206,0.0159681825027327
19.6826872688095,0.0158019203255335
19.6847185481499,0.0152403883029953
19.6867498274902,0.0143375320210067
19.6884292776608,0.0133908117388523
19.6899910126445,0.0123963886725601
19.6915317037145,0.0113475233786178
19.6930943006662,0.0102498397445304
19.6939180699636,0.00966744910052143
19.694741839261,0.00910075776324018
19.6969059337859,0.00773290075827208
19.6991407641002,0.00649168130044809
19.7014233071749,0.00538584927188891
19.7037735714745,0.0043984439468879
19.7062122730686,0.00351500546848669
19.7086453973235,0.00275645527947617
19.7109851830989,0.00212538229747127
19.7132645858987,0.0015890845353134
19.7155339582927,0.00112010954349203
19.7178840525831,0.00069179304574442
19.7205669147054,0.000261738822595944
19.7226816856738,-4.07006154660482e-05
19.7247964566421,-0.000316607744661046
19.7266140640822,-0.00053591508973697
19.7282529908538,-0.000721680413806582
19.7298530088935,-0.000893632294776629
19.73151335438,-0.00106363043721489
19.7333613480674,-0.00124424911417515
19.7356958929944,-0.00146171536779598
19.7399494582341,-0.0018346562696273
19.7439132548226,-0.00216253792278934
19.7474026955185,-0.00243953191324944
19.751193477622,-0.00272937867168663
19.7562047154422,-0.0030918719353903
19.7611273663209,-0.00341356237363345
19.7652297758896,-0.00364105276594096
19.7689224576415,-0.00380149716829705
19.77249106203,-0.00390646592803037
19.7761694694002,-0.00395513236069958
19.7803429750326,-0.00393131003880031
19.7843676041347,-0.0038275659945514
19.788358021844,-0.00364907904053351
19.7920314124524,-0.00342174251899229
19.7953368269111,-0.00316776955509094
19.7984886299193,-0.00288248823936757
19.8015830674076,-0.00255992662072079
19.8046745360402,-0.00219166697150951
19.8078004921824,-0.00176522713706908
19.8109903316977,-0.00126191030840361
19.814043415876,-0.000698853129054649
19.8168577591006,-9.02257886921605e-05
19.8195101535224,0.00058173563301543
19.8220865766774,0.0013448796422678
19.8247167106485,0.00225308725967829
19.8276444277587,0.00342777693213943
19.83080122514,0.00487783817162628
19.8339409271804,0.00647849171864063
19.8363639705396,0.00780945226281984
19.8387870138989,0.00923864913710393
19.8408918014245,0.010592005253249
19.8427482150794,0.0119094061741033
19.8444721321879,0.0132759256174761
19.8461251135514,0.0147567952080924
19.8477047566574,0.0163723235034551
19.8492332249513,0.0181699368869629
19.8507030025375,0.0201683953298095
19.8521218430594,0.0224059648927548
19.8534858889178,0.0249058035685194
19.8547995025028,0.0277057610671403
19.8560648680914,0.0308435662108859
19.8572842745727,0.0343610272473547
19.8584597237236,0.0383036042710792
19.8595956032759,0.04273131244156
19.8606954463375,0.0477112953578223
19.8617629493252,0.0533229859756689
19.8628019345408,0.0596608859639232
19.8638166663093,0.0668404350782674
19.8648117544414,0.0750032067445515
19.8657923509165,0.0843259062718071
19.8667644674557,0.095034228561966
19.867735503969,0.107425395633299
19.8687150765256,0.121905776117857
19.8697166616983,0.139061629704053
19.870737796334,0.159310271160027
19.8717662992933,0.182816110853797
19.8728159307545,0.210262891961748
19.8739073800549,0.242620449125337
19.8750727142997,0.281297678763891
19.8762326721184,0.323336422883303
19.8771647004572,0.358660952515231
19.8779673718787,0.389099952611045
19.8786995515794,0.415797864327378
19.8793927906176,0.439048235737127
19.8800694522629,0.458742021731174
19.8807496103147,0.474448218893225
19.8814555137966,0.485319722852533
19.8822177481693,0.48978143216948
19.8830538317507,0.485042194721205
19.8839039984012,0.469319483454265
19.8847815714074,0.441378277888294
19.8856965856193,0.399743615810009
19.8864515243617,0.356217560359061
19.887206463104,0.305264020526263
19.8878105926382,0.260233255965967
19.8882976010534,0.222180296599465
19.8887168450333,0.188973528091348
19.8890951019172,0.159299949287732
19.889447447297,0.13242585547715
19.8897838863189,0.10787998294843
19.8901123675295,0.0853075297102323
19.8904407555063,0.0643857178813673
19.8907795825969,0.0447233984422365
19.891150783734,0.0255606299181912
19.8915047628533,0.00962980663476534
19.8917155655835,0.00120515501478954
19.8919263683137,-0.00645807206117875
19.8921196362842,-0.0128437230273764
19.8923148210109,-0.0187027459838393
19.8925316683276,-0.0245577383126658
19.8927666567855,-0.0301794894167699
19.8930176968205,-0.0354170917377901
19.8932859607683,-0.0402140329360402
19.8935654212153,-0.044428842817641
19.893861212242,-0.0481270303546244
19.8941748659776,-0.0513069699750216
19.8945083319113,-0.0539741379507349
19.8948640768348,-0.0561389533697784
19.895245153347,-0.0578143828691608
19.8956553153696,-0.059014119603509
19.8960991934245,-0.0597510524717727
19.8965825537422,-0.0600358010133982
19.8971126864298,-0.0598750992315848
19.8976993968845,-0.0592692233636232
19.8983565787415,-0.0582069240646106
19.899102589543,-0.0566621385308449
19.8999652572531,-0.0545826792582287
19.9009928118254,-0.0518604997559932
19.9022955629071,-0.0482175504998698
19.90367374754,-0.0442821415951136
19.9050054378714,-0.0404961917222274
19.9062950197052,-0.0369016543636374
19.9075448821979,-0.0335180303880377
19.9087559915526,-0.0303544468169513
19.9099285842148,-0.0274137528203373
19.9110625374814,-0.0246944748836251
19.9121575640234,-0.0221919459489806
19.9132133110576,-0.0198990825404721
19.9142294054693,-0.0178069938824391
19.9152054665416,-0.0159054970786303
19.9161410979876,-0.0141835652044855
19.917053662977,-0.0125997459299333
19.9179894192653,-0.0110738301946406
19.9189497092491,-0.00961065957213791
19.9199365613566,-0.00821420961791256
19.9209523469038,-0.00688827199379255
19.921999867822,-0.00563639976265021
19.9230824672421,-0.00446185570273293
19.9242041775382,-0.00336755828756042
19.9253699229516,-0.00235602455541686
19.9265858042478,-0.00142931009480941
19.9278595111251,-0.0005889441658307
19.9292009421992,0.000164142180617704
19.9306231801815,0.000829699750833782
19.9321441154773,0.00140826734890113
19.933764712176,0.00189483997192129
19.9354276711564,0.00227798977068453
19.9371513475717,0.00257485401912897
19.9389557192655,0.00280047688153494
19.9408671977428,0.00296901992794562
19.9429226471013,0.00309420292451814
19.945177605575,0.00318997801353543
19.9477255070446,0.00327179500429725
19.9507554202029,0.00335993077520452
19.9544903285879,0.00348194159251086
19.9583866849413,0.00363938440545549
19.9627397327476,0.00385398655971557
19.9673033722175,0.0041160586971337
19.9721140394693,0.00442400224952539
19.9768232160515,0.00475090458576851
19.98148996246,0.00509707949153689
19.9861071197499,0.00546190363494625
19.9906899189436,0.00584826855628771
19.9952443656487,0.00625937411079026
20,0.00672132097108462
