ecg,time
0,0
0.000363268400034206,0.000465853881791727
0.00124246963461694,0.00172403546760887
0.00203028659184177,0.00306155847447469
0.002710545163225,0.00445100075564603
0.00328386043599046,0.00587233687079993
0.00376707020152346,0.00733157383223554
0.00417725170551429,0.00883581283006235
0.0045320923701553,0.0103939692452688
0.00485015171812164,0.0120166727550737
0.00515140437594755,0.0137160008690165
0.0054579902913555,0.0155046039035919
0.00579496013723997,0.0173933346369908
0.00604736676075877,0.0186966673184954
0.00632401864179979,0.02
0.00683297984932333,0.0220852179435728
0.00746079679657471,0.0242185270764974
0.00820875201386014,0.0263123215958529
0.00906803633937221,0.0283035442794526
0.0100263044338316,0.0301602017055009
0.0110744579164367,0.0318770765835751
0.0122464026861981,0.0335125026710114
0.013555445059086,0.035074831360768
0.0150144371794242,0.0365681682487669
0.0166386851140014,0.0379967738894565
0.0179351551660488,0.0389983869447282
0.01938312980609,0.04
0.0214809049114201,0.0412744790001381
0.0238336144304917,0.0425077004975365
0.0264537170061321,0.0436923757650221
0.0293723056742613,0.0448309959531335
0.0326252680812964,0.0459262173315038
0.0362533695819617,0.0469805809214931
0.0403029851138027,0.0479965296486581
0.0448269997347792,0.0489764291919863
0.0503337952305104,0.05
0.0560667299954117,0.0509145185261092
0.0624773995465935,0.0517975789419347
0.0696723583868669,0.0526536823392963
0.0777601666142427,0.0534850683215547
0.0868664896407465,0.0542938930135876
0.0971378210158998,0.0550822969088417
0.108745422368312,0.0558524072072847
0.121890016673461,0.0566063382237004
0.136807513953663,0.0573461979727833
0.153776434711648,0.0580741174093527
0.17312881620845,0.0587923407584544
0.191720882196701,0.0593961703792272
0.212740654521945,0.06
0.240869342949485,0.0607070700775086
0.273816101844386,0.0614243846385656
0.313241494784608,0.0621677103393266
0.358818901535023,0.0629156738010605
0.412140856933568,0.0636881601304716
0.454405368559165,0.0642504948024976
0.49848523783086,0.0648128294745236
0.537956646147225,0.0653142874930689
0.573040681447006,0.0657769104327006
0.604505114023437,0.066227274952647
0.632415957634763,0.066686616884168
0.656314046597431,0.0671807317283973
0.674934020942025,0.0677600712174295
0.683147454595812,0.0683975717968667
0.678579133495833,0.0690721815627434
0.668398471427267,0.0695360907813717
0.65320007390237,0.07
0.624404650439168,0.0706526751009339
0.585210755867844,0.0713516645123961
0.53158385071413,0.0721433974064164
0.457411280471914,0.073069655951272
0.396690500754912,0.0737395351370329
0.330973774141418,0.0744094143227939
0.275929572337372,0.0749460968902384
0.231437478775716,0.0753755930690351
0.193564668935822,0.0757463598389684
0.160220876856346,0.0760834778472456
0.130313150285582,0.0764007600214493
0.103150270713581,0.076707766040925
0.078188473069687,0.0770131306709777
0.0548458617144805,0.0773278649721101
0.032066254423183,0.077674967079014
0.0143386131584456,0.0779855342907274
0.00433288752241568,0.0781830798023936
-0.00472750960612781,0.0783806253140597
-0.0115669635423284,0.0785447037483126
-0.0178542868595412,0.0787098403520259
-0.0242572135980829,0.0788957357913391
-0.0304931326877179,0.0790988992624166
-0.0363772501563931,0.0793171325875032
-0.0418040158244772,0.0795495669040777
-0.0467164756557349,0.079796231504513
-0.0510875058491616,0.0800578044928617
-0.0549085491228025,0.0803354894380425
-0.0581826536088007,0.0806309716414114
-0.0609199787332534,0.0809464300494838
-0.0631347253923717,0.0812845954963259
-0.0648428780603275,0.0816488562250547
-0.0660603729914784,0.0820434210015181
-0.0668014151619923,0.0824735619963814
-0.0670766937708275,0.0829459789939909
-0.0668911895777481,0.0834693638445484
-0.0662403106382219,0.0840558602764053
-0.065103177011851,0.0847228335557596
-0.063431285505484,0.0854954395658793
-0.0607960412725901,0.0865350420240692
-0.0574398704108976,0.0877390765971723
-0.0541479304321682,0.0888695382985862
-0.0508127364093024,0.09
-0.0467922495549393,0.0913686823700344
-0.0429266737432331,0.092705698346094
-0.0392562094821158,0.0940072823891163
-0.0357957837811353,0.0952734618715085
-0.0325533624704665,0.096503856629844
-0.02953220025863,0.097697863574423
-0.0267457441181254,0.0988489317872115
-0.024090610934337,0.1
-0.0217209932812373,0.10108141458288
-0.0195580832601917,0.102122467912074
-0.017589390447439,0.103124021660898
-0.0158043153002352,0.104085666518883
-0.0141917209876123,0.105006935079335
-0.0126779590802146,0.105926290400689
-0.0112242039462203,0.106869249949537
-0.00983492584256419,0.107837422958144
-0.00851409375701599,0.108832932518659
-0.00778967714224314,0.109416466259329
-0.0071014996259506,0.11
-0.00593660265901738,0.111065402406965
-0.00485400834696637,0.112165203457078
-0.00385373609199856,0.113306307743556
-0.0029382801977984,0.114494126331596
-0.00210967380905561,0.115735432842972
-0.001369450556021,0.117038845447394
-0.000718590990669948,0.118415587312932
-0.00011724325385036,0.12
0.000347652366054779,0.121584959553643
0.000707897406220047,0.12322552165458
0.000974190557625206,0.124918551761268
0.00116166466203319,0.126682503638605
0.00128414691690671,0.128540474449536
0.00135463285459579,0.130523830339563
0.00138542952463737,0.132640355300748
0.0013905907410681,0.134634181299674
0.00138616768552599,0.13650649917783
0.00138091666361039,0.138253249588915
0.00137909117548399,0.14
0.00138278165546577,0.141563549514335
0.00139220993143126,0.143041234806066
0.00140719249919887,0.144445023882676
0.00142730729884527,0.14578471053205
0.00145211725379774,0.147070793753016
0.00148131349343505,0.148315303494162
0.00150397816349058,0.149157651747081
0.00152898692602055,0.15
0.00156945053540417,0.151222510026269
0.0016168070414886,0.152494692726665
0.00167770690848533,0.153952454100205
0.00173412928712904,0.155170647108503
0.00179573144689685,0.156388840116801
0.00185105941492323,0.157402102851876
0.001904229398595,0.158315154379409
0.00195619604850553,0.159157577189705
0.00201108799066798,0.16
0.00208032500098997,0.161000984145157
0.0021694235946043,0.162200319432651
0.00233210495442252,0.16417272766224
0.00253060220901667,0.166269822085861
0.00273365049628482,0.16813491104293
0.0029669750472567,0.17
0.0032983358696237,0.172250059290281
0.00367368417882262,0.174369984044139
0.00409777575065175,0.176361304952495
0.00457998022923735,0.178245390347144
0.00513088560793634,0.180039020966378
0.00575936718823223,0.181746799493711
0.00647182620966125,0.183365385200453
0.0072703090812205,0.184885621782638
0.00813555666602584,0.186273817792786
0.00907434058531432,0.187552704221934
0.0100953857750405,0.188741796779056
0.0107031215504581,0.189370898389528
0.0113636131000224,0.19
0.0126289682362571,0.191074961972783
0.0140995760698971,0.19215599501454
0.0158419697663622,0.193263362666547
0.0179956035884594,0.194444874766026
0.0209856292172438,0.195852605343415
0.0234825740481581,0.196893097183208
0.0261767736797767,0.197933589023001
0.0286679126227951,0.198858981857143
0.0308938747602981,0.199687136260853
0.0329262094417975,0.200474097421628
0.0347826434655148,0.20125469430471
0.0364516286882139,0.2020596209289
0.0378988758346289,0.202929280966197
0.0390524932412807,0.203942495460901
0.039689180219265,0.205397356971805
0.0393737021209578,0.206646652170815
0.0384391832480928,0.207895947369825
0.0373024007209063,0.208947973684913
0.0359484178447118,0.21
0.0342101992561529,0.211217966193796
0.0321687272480833,0.212569475066632
0.0298150409351645,0.214100671239801
0.0271018247546965,0.215895170881463
0.0239033701911259,0.218122218941561
0.0212892101520927,0.220097667700499
0.0171651872224474,0.223636349086299
0.0143373530209034,0.226477244289951
0.013463861426003,0.227446918195025
0.0126451051361659,0.228416592100099
0.0115461768913838,0.229822839265688
0.0105651680817758,0.231166677496833
0.00935317810949349,0.232977786998837
0.00798128409722985,0.235350778506421
0.00680766038052905,0.237776565270801
0.00581070604751769,0.240260153375604
0.00496202862271496,0.24282310718854
0.00423902560432072,0.245487191212403
0.00362426020736635,0.248275266195059
0.00310416005770716,0.251212566791464
0.00266788093632032,0.254328054315583
0.00230647394465013,0.257656048813952
0.00201233208419787,0.261238394558312
0.00177885157709191,0.265127531538168
0.00160024374429083,0.269391096380649
0.00147145813979547,0.27411919366336
0.00138820971587493,0.279436608751063
0.00134718479728408,0.285524953790704
0.00134659488605405,0.292667266005731
0.00138232371378428,0.300462511007116
0.00144006878020504,0.30811864232835
0.00151155252314446,0.315774982623233
0.00158968260344348,0.323196229333679
0.00167452334781259,0.330606072421891
0.00175592449507902,0.337118328952423
0.00184398261935012,0.343755605802738
0.00193390881842863,0.35018177508948
0.00202744334549916,0.356557370903623
0.00212271685415384,0.362754126074809
0.00222068803690285,0.368847519806597
0.00232089230318896,0.374811869509564
0.00242362582656775,0.380672391451248
0.00252877985219905,0.386428943437202
0.00263639543520151,0.392091713156844
0.0027464111085592,0.397666163745015
0.00285875278736757,0.403158813996799
0.00297328030616763,0.408574555589847
0.00308982265651905,0.41391827612191
0.00320819511412744,0.419194870320421
0.00332823915206872,0.424409041056654
0.00344990303977468,0.429564648449503
0.00357344079835754,0.434665275246658
0.00369975918209186,0.439714252313532
0.00383101854261785,0.444714674292216
0.00397160904199129,0.449669934744826
0.00412950935205089,0.454582696276592
0.00431794253429864,0.45945524786219
0.00455668478355942,0.464289656425543
0.00482719062442582,0.468484673332431
0.00513684191835367,0.472237028522158
0.00550643996082372,0.475817989881727
0.00596687040342749,0.479446430501964
0.00658239085180196,0.483428699261166
0.00733807655919797,0.487500936648
0.00820233814507908,0.491481647662982
0.00916278673822968,0.495361639132689
0.0100946144625632,0.498751336880953
0.0110485482150954,0.501945213267537
0.012047025468751,0.505063111432228
0.013102150406933,0.508168236252882
0.0142206869523381,0.5113024385509
0.0154040624758616,0.51449794854365
0.0166459904175367,0.517782298956992
0.0179281527211046,0.521180954705357
0.0192140266337049,0.524719106840938
0.0203813144471962,0.528228649790468
0.0213446027342205,0.531624415650282
0.0220835451853507,0.535028101735637
0.0225362669496337,0.538363966715323
0.0226860125720551,0.541798096099624
0.0224616273754228,0.545624304175305
0.0218431758754303,0.549468972978697
0.0208862336009498,0.553313641782088
0.0197662584634044,0.556866545624799
0.0186222938009743,0.560056783330299
0.0174618386400516,0.563074617111027
0.0162827663131838,0.566035350007195
0.015089276139849,0.569003260198351
0.013887775008769,0.572024197875636
0.012682505043216,0.57513661446183
0.0114778510507266,0.578377080040182
0.0102785596530585,0.581783516476051
0.00908976756624889,0.585397843336171
0.00791704634991764,0.58926876315372
0.00732657231337995,0.591361973550431
0.00712636235160382,0.592097317675272
0.00693969056953901,0.592832661800112
0.00656025430086463,0.594570432595265
0.00622591770274298,0.596452965887636
0.00592113550617464,0.598540301811337
0.00562837899048655,0.6009317475795
0.00532059685331,0.603849620781342
0.00499150270793124,0.607352209417361
0.00467460232685956,0.611038402087105
0.00435558936363897,0.615087203004258
0.00407672437685885,0.619041416765469
0.00381894222407406,0.623276575479289
0.00358945520879708,0.627906183435765
0.00339983620616772,0.633006266621519
0.00326554220713226,0.638453289739552
0.0031935068167901,0.643979127326072
0.00317793881698314,0.649451840401615
0.00321073080227834,0.654864513038804
0.00328630086617808,0.660229832265832
0.00340195287137023,0.665571557383605
0.0035567306883645,0.670884338319224
0.00375176129460214,0.676176456039252
0.00398885431171463,0.681430554271706
0.00427140733355717,0.686637908099683
0.00460307678972467,0.69177193645021
0.00498816485752779,0.696804767792364
0.00543227383072564,0.701717004061637
0.00594079098489619,0.706481098285078
0.0065190653368715,0.711071068738451
0.00717326067217448,0.715471475667555
0.00791023242843225,0.719674396604831
0.00873439163766331,0.723663932988808
0.00964742674895319,0.727424164945851
0.0106560180674898,0.730969257098747
0.0117705869076765,0.734323753687027
0.0129948811286386,0.737490396908007
0.0143662799435283,0.74054708651676
0.0159362422782393,0.743562929227906
0.0177436976753238,0.746552410052232
0.0198585792242629,0.749560484054418
0.0223833699284439,0.752642647515964
0.0254736859542815,0.755873709591764
0.0289308254555604,0.75899315940704
0.0327264949081277,0.762008976603164
0.0360010402198108,0.764383251626491
0.0394611601852557,0.766757526649818
0.0425505577790263,0.768835704196079
0.0452602406474341,0.770696652530344
0.0476131569148808,0.772421634976395
0.0495922051567326,0.77406135433561
0.0511524640534253,0.775653098885029
0.0522235913232065,0.777231437280683
0.0526977097311418,0.778822300268029
0.0524642850531091,0.780376065229084
0.0514541173999852,0.781936728979605
0.0495376679170063,0.783557491984367
0.0464631931557664,0.785322028384625
0.0427965522816891,0.786951553564087
0.0392026982847397,0.788322887810964
0.0356716378907893,0.789556226831491
0.0321844478151261,0.790713557016375
0.0287481784443906,0.791825413428459
0.0253762660072578,0.79291038375929
0.0220808526429489,0.793982176090328
0.0188696151546778,0.795052850189084
0.0156715019485419,0.79616061422924
0.0121792660999633,0.797438621385179
0.0101153050798726,0.798238318610014
0.00815566937427515,0.799038015834849
0.00654713018086922,0.799734957862379
0.0048688829004077,0.800509330446397
0.00401984284906824,0.800922328832732
0.00348500173453197,0.801190686345535
0.00297802518734725,0.801459043858339
0.00190656868440475,0.802109239963221
0.00101781997738732,0.802775697149189
0.000299297326269679,0.803460380643214
-0.000262048669873744,0.804167271210196
-0.00067698823314073,0.804900488832407
-0.000954608843117142,0.805664460950567
-0.00110272703773114,0.806464111894095
-0.00112816672778807,0.807305094196484
-0.00103693410744959,0.808194101784327
-0.000834292875946175,0.8091393297149
-0.000524713285899523,0.810151198920055
-0.000111616762525164,0.811243585990285
0.000403280204243897,0.812436100400134
0.0010215549299849,0.813758818750326
0.0017452501724785,0.815249436939736
0.00247482062522123,0.816747600558934
0.00320239700189063,0.818277170971378
0.00392164838695436,0.819854849853081
0.00462976210562443,0.821498178056956
0.00532731387247268,0.823227545190841
0.0060187493098192,0.825068851945633
0.00671364275641575,0.827057771562623
0.00742949545071606,0.829247948175845
0.00813231413551057,0.831512494849537
0.00884807974201735,0.833888126305878
0.00961249440699176,0.836438036524381
0.0104732002696256,0.839251565601397
0.0115070425424803,0.84248235218406
0.0128762297906918,0.846475975155476
0.0146952475642639,0.851350835218325
0.0161853348095423,0.85509942642102
0.0177120762246833,0.858848017623715
0.0190487014729625,0.862190504082623
0.020198592471988,0.865268398712202
0.0211750727952536,0.868242891390839
0.0219400639499549,0.871134451906714
0.022463158876336,0.873951622713364
0.022735474463285,0.876820490190556
0.022714180926423,0.879936616517733
0.0222549968776482,0.883716217556082
0.0214363817124916,0.887279208162477
0.0205021619833692,0.890310441183841
0.0195804977329566,0.892880447061177
0.0186557123370542,0.895247458605217
0.0177243046295714,0.897513257072309
0.0167892953605216,0.899724736159206
0.0158548501021681,0.901909526556878
0.0149250653401328,0.904086533413372
0.0140037202985064,0.906269995473329
0.0130942220699783,0.908471487149753
0.0121995938293884,0.910701084206631
0.0113224830739557,0.912968113961444
0.0104651413229111,0.915281797059417
0.00965639989879753,0.917573253206962
0.00897392302098749,0.919605980754873
0.00835205585501207,0.921551469973132
0.00774917860242118,0.923536639813702
0.00712807996681991,0.92570090252606
0.00642462042389422,0.928325113964206
0.00571639377756576,0.931191502199087
0.00503281596400602,0.934221591808927
0.00440053869428691,0.937311419606497
0.00380941257122458,0.940512954198127
0.00322018261150085,0.944084104038017
0.00282755534882846,0.947023254019165
0.00253709945788874,0.949962404000312
0.00229675866691031,0.953232800676121
0.00207471814024472,0.957539792072157
0.00193231323969169,0.961875271289429
0.00186493407520906,0.965828871534206
0.00185821814173325,0.969542290542855
0.00190704931893193,0.972960613629341
0.00200821961453267,0.976169378738228
0.00216289641685791,0.979254667550656
0.00237645694601528,0.982309024903717
0.00266180161911535,0.985479730445289
0.00305458381977025,0.989122987206926
0.00339150799256853,0.992026227663566
0.00371374509671544,0.994929468120205
0.00397213555053436,0.997645210994387
0.00418726599326537,1.00065880943188
0.00433850294793943,1.00419566377898
0.00440983105324415,1.00836071720191
0.00442579247965579,1.01177591124326
0.00444334418762203,1.01508500212318
0.00449578882500083,1.01872139893239
0.00462460404916678,1.02289411313005
0.00488173700494198,1.02767980803715
0.00525743423174292,1.03235002144095
0.00570429804203811,1.03648785560392
0.00621746296006693,1.0402558222791
0.00679452519680022,1.04371724351026
0.00743697107644348,1.04691616185821
0.00814717726086081,1.04988039155636
0.00892763300788089,1.05263004535243
0.00978071947700541,1.05518200484572
0.0107087004323358,1.05755185487724
0.0117341307465691,1.05979585863178
0.01288082880504,1.06194896131616
0.0141632468359821,1.0640157651927
0.0155981016123373,1.06600143602118
0.0172048183817586,1.0679115327813
0.0190058725895922,1.06975168385787
0.0210274004673204,1.07152758412557
0.0233004649007853,1.07324536451317
0.0258622197570606,1.07491151017381
0.0287577238190931,1.07653300843192
0.0320429649251722,1.0781177726319
0.0357895880793901,1.07967521813919
0.0400925025191805,1.08121709604623
0.0450858611692907,1.08275976495838
0.050975756188013,1.08432842391862
0.0580701068420111,1.08595683164627
0.0663548297933404,1.08760313786203
0.0761897514180582,1.08931400077878
0.0853548991088917,1.09075200759837
0.0951423671960799,1.09219001441796
0.103720670208566,1.09341883885169
0.111134535962818,1.09450130075882
0.117529641616499,1.09549772380559
0.122884043900039,1.09644028066428
0.127088580413488,1.09734972683887
0.12997365884696,1.09824280009823
0.131302864998492,1.0991364193463
0.130730324532828,1.10005269563962
0.127648279358512,1.10103255227352
0.121151287234787,1.10210127462538
0.11101363613858,1.10320520774894
0.101933167674624,1.10398573574069
0.0915452913720282,1.10476626373244
0.081377422906869,1.10546760603894
0.0716259877290023,1.10611026504194
0.0622708034481513,1.10671642117105
0.0533115039353891,1.10729994519455
0.0447537294780118,1.10787080983427
0.0365974869659295,1.10843755884757
0.0288291954699906,1.10900904168865
0.02140842240489,1.10959677186944
0.0142282148331794,1.11022089221894
0.00692072238127168,1.11093744684455
0.00176974882340259,1.11151421388518
-0.00274761606196632,1.11209098092581
-0.00636114408443209,1.11262002843445
-0.00928119976462956,1.11310959038632
-0.0117366241673647,1.11358134719653
-0.0139559359130545,1.11407436422815
-0.0159473916685746,1.11459474503133
-0.0176921995799447,1.115142414895
-0.0191811708077327,1.1157182737737
-0.0204114157310751,1.11632398319593
-0.021331477467383,1.11696179686895
-0.0218510630234185,1.11758941838818
-0.022052194436202,1.1182170399074
-0.0219891149752376,1.11885824212407
-0.0216826994323153,1.11953888235719
-0.0211404565070771,1.1202654176625
-0.0203708364327589,1.12104296965635
-0.0193833552493186,1.12187756134788
-0.0181885101729268,1.12277640899806
-0.0167975833487928,1.12374842732314
-0.015222075466349,1.12480519052537
-0.0134721488010288,1.12596294567489
-0.011853051966609,1.12704374500638
-0.0103592307049074,1.12806568098849
-0.00890031697633913,1.12910033609102
-0.00748574449687558,1.13015127045248
-0.00612223422748472,1.13122276326436
-0.00481563635724013,1.13231898799298
-0.00357099807066747,1.13344427776253
-0.00239261078814785,1.13460335427902
-0.00128402337252707,1.13580157228676
-0.00024802687273472,1.1370452135835
0.000713387736651884,1.13834187412971
0.00159910259717594,1.13970101078657
0.00240898722782788,1.14113476198117
0.00314407749274128,1.1426592571226
0.00380687021438477,1.14429685663708
0.0043893713700279,1.14603896198079
0.00487972603567114,1.14782920238343
0.00529779108268753,1.14969247512954
0.00566117154118121,1.15165614393007
0.00598734788623508,1.15375697366169
0.0062950958553161,1.15604854991155
0.00660716250613524,1.15861791008935
0.00695716021427082,1.16163205707415
0.00741825137247845,1.16553885576864
0.00792631570703134,1.16958263980957
0.00855555568300389,1.17419335839968
0.00923936563130113,1.17879368355948
0.0099747106795016,1.1833570097703
0.0107649398097385,1.18788432168093
0.0116174207666405,1.192377159952
0.0125641488834434,1.19693396451779
0.0136230049318347,1.20154471994163
0.014824484767682,1.20623363790159
0.0162143795497759,1.21105231535277
0.0178767020208168,1.21613083720346
0.0200339112059601,1.22188836994856
0.0226218359398888,1.22796154813841
0.0243176270286459,1.23165231589522
0.026051222067679,1.23534308365202
0.0275846766312362,1.23867329086754
0.0289160500202693,1.24176698366944
0.0300603579726282,1.24477972902138
0.0309510323277914,1.24763730102269
0.0316006267724823,1.2504504871536
0.0320090985677018,1.25335903527913
0.0321445835044889,1.2566076653194
0.0318799058468497,1.26069727419948
0.0314752661804714,1.26349226962905
0.0309437903400975,1.26628726505861
0.0303983797591498,1.26879933683577
0.029862759505763,1.27113732220428
0.0293434153615109,1.27338088542136
0.028843113337684,1.27557243600557
0.0283600013261558,1.27773780077521
0.027886264302762,1.27989478645086
0.0274068925569604,1.28205679300724
0.0269315752513808,1.28409927562095
0.0264409095595827,1.28603143231721
0.0258970093503204,1.28793382200022
0.0252595062249627,1.28987004750289
0.0244741877868001,1.29191189886828
0.0234397695353925,1.29419509351761
0.0221659331056591,1.29659687219411
0.0206698410498212,1.29906549772805
0.0190380915152112,1.30150172025187
0.0175367018954609,1.30360655567319
0.0160563612491846,1.30561270765071
0.0156484598557895,1.3061589294501
0.0152436446126411,1.30670515124949
0.0144303840181465,1.30783801026831
0.0126863774141931,1.31044813897255
0.011042905556659,1.31317436935163
0.00950985445725535,1.31600330684378
0.00807395235434977,1.31895928886236
0.00672300945886291,1.32206994778243
0.00548404116226622,1.32526205791708
0.00443767212004539,1.328258142704
0.00354370318022548,1.33107033044958
0.00276950896079524,1.33371855514262
0.00209063680404706,1.33622156622845
0.00148843742393197,1.33859759238058
0.000948199704415883,1.34086582735505
0.000458605379319111,1.34304838008531
1.77445049959943e-05,1.34517335287301
-0.000387257860158454,1.34728129892578
-0.000772963320386111,1.34944315224571
-0.00116754660179737,1.35183471443008
-0.0014944943733545,1.35398322138502
-0.00179561750709991,1.35613172833997
-0.00202172778769169,1.35788342218193
-0.00220624319974358,1.35942739358418
-0.00237103718975272,1.36091898081526
-0.00252633318103315,1.36245201048954
-0.00268011204486196,1.36413517177728
-0.00284436117557814,1.36619739228457
-0.00307922666508937,1.37003562294096
-0.00322055181388329,1.37372089167481
-0.00328067288137734,1.37689247945033
-0.0032885717976131,1.38024330066259
-0.00324704140014998,1.38355750417983
-0.00317225527462214,1.38658117661018
-0.00307161123906748,1.38949202803566
-0.00294671289291018,1.39239435205288
-0.00279660923704135,1.39535239295717
-0.00261993571896915,1.3983879076663
-0.00241292927920978,1.40152818723612
-0.0021698912515338,1.40478811437743
-0.00189569956854669,1.40802326245916
-0.00160264783100916,1.41104833009508
-0.00128760660797563,1.41388087014766
-0.000944758815003307,1.41655210948228
-0.000566230424403205,1.41909753670328
-0.000141148161737124,1.42156154626283
0.00034711622929763,1.42400930385044
0.000927216966725533,1.42655095780693
0.00166922383793836,1.42946082633882
0.00236292822832752,1.43204772977273
0.00290539448080989,1.43411821707795
0.00339646789986915,1.43614264206825
0.00387590705264178,1.43839507503131
0.00439502916544932,1.44139903325056
0.00473762914616113,1.44390557813598
0.0050285520324548,1.4464121230214
0.00528021875934941,1.44870945264511
0.00554584158100353,1.45101165436143
0.00586814263629763,1.45345177627138
0.00627821343964016,1.45602128285219
0.0068049974152034,1.45868787667658
0.00746581587905818,1.46137793617781
0.00825174531568455,1.46397349115508
0.00914151950364126,1.46639704096156
0.0101265819668412,1.46864440004582
0.0112279122103376,1.47077069340482
0.0124536037343359,1.47278502024037
0.0138158147992636,1.47469817963495
0.0153299275483884,1.47652016406871
0.0170134891868408,1.47825888993533
0.0188876312152921,1.47992196465343
0.0209760240876425,1.48151551325288
0.0233064016773137,1.4830454416393
0.0259105033969035,1.48451703519752
0.0288253543728412,1.48593542701849
0.0320942188103195,1.48730559929411
0.0357682216460357,1.48863255489052
0.0399085410867865,1.4899214696985
0.0445894025305867,1.49117784421414
0.0499027887631701,1.49240779826946
0.0559654832596535,1.49361843312616
0.0629312000509896,1.49481854025618
0.0710121672139055,1.49601982072151
0.0805234839362382,1.49723952283312
0.0919890775654509,1.49850685379209
0.105322342871345,1.49978140621677
0.120983950344334,1.50108783580836
0.139768245360813,1.50247277236017
0.156047642305656,1.50356998502567
0.173190994475335,1.50466719769117
0.188813722587653,1.50565028884428
0.20280794576187,1.50654988996064
0.215200607570053,1.50739806237377
0.225827280605124,1.50821343440529
0.234406957106918,1.50900849739379
0.240571448118129,1.50979319874265
0.243863497400328,1.51057708713381
0.243701613642075,1.51137161830893
0.239263262507905,1.51219485251802
0.228986243684293,1.51309044934159
0.212131426235946,1.51401553895237
0.193613087273341,1.51477761558168
0.171390309161832,1.51553969221099
0.150824210154185,1.51616909446658
0.132012730847202,1.5167116890195
0.114503015695552,1.51720422538066
0.0981003662015913,1.51766529633782
0.0827083135169592,1.51810624286015
0.0682577306444131,1.51853545800047
0.0546801540507772,1.51896034585595
0.0418878643288374,1.51938889427797
0.0297369118649955,1.5198322831026
0.0179008596520931,1.52031302662965
0.0049639642847732,1.52092142171237
-0.00109177246227986,1.52125000114984
-0.00652381047347335,1.52157858058732
-0.0110695775419627,1.52188602949361
-0.0150491629622848,1.5221872551774
-0.0188607895953473,1.5225130999267
-0.022408664754687,1.52286104257325
-0.0256320399807776,1.52322969872949
-0.0284988999330491,1.52361904724704
-0.0309941320069995,1.5240299846835
-0.0331127562028596,1.52446409127758
-0.0348559706446669,1.52492352678786
-0.0362372836264308,1.52543252680229
-0.0371191580195894,1.52594152681672
-0.0376032299438701,1.52646902707181
-0.037730350675099,1.52703417123475
-0.0375085472199047,1.52764227520145
-0.0369435273513752,1.52830067098081
-0.0360375143300588,1.52901828023697
-0.0347904329622776,1.52980530800766
-0.0331986856992722,1.53067490506845
-0.0312530659612903,1.53164478467248
-0.0289341587621912,1.53274055958922
-0.0261996799497768,1.53400409326929
-0.0235914100683848,1.53521386799517
-0.0211677103894742,1.53636332164254
-0.0189341165297303,1.53745894598506
-0.0168881661140394,1.53850487567159
-0.0150234740857089,1.53950363237213
-0.013331379750887,1.54045675654264
-0.0117597656144711,1.54139093245543
-0.0102427775062082,1.54234710800299
-0.00878580912292971,1.54332698803762
-0.0073932879957463,1.54433291445525
-0.0060693346646045,1.54536755251892
-0.00481772688679455,1.54643399312088
-0.00364186201511218,1.54753587819738
-0.00254471253620328,1.54867756583247
-0.00152877495379478,1.54986435459633
-0.000596011399831078,1.55110279840398
0.000252218108389693,1.55240116427711
0.00101523718653656,1.55377012538574
0.00169315721590278,1.5552238625969
0.0022870222346727,1.5567819250378
0.00278764631031519,1.55843007812841
0.00318888671509159,1.56012407602327
0.00350804156505252,1.56188339700231
0.00376048811500593,1.56373004645547
0.00396086448508956,1.56569335780307
0.00412367664319361,1.56781494899686
0.00426428367510586,1.57015914078037
0.00440096553299561,1.57283874886416
0.00456124065452079,1.57610127136945
0.00476276354098511,1.57988482690757
0.00499100138855515,1.58365660198963
0.0052492928437422,1.58745640765161
0.00553753135567728,1.59132533293151
0.0058551252598594,1.59529803289786
0.00620279228869135,1.59940628196771
0.00658346738160481,1.60368108454488
0.00700280314332123,1.60815425934543
0.00746953773855415,1.61285979517521
0.0079851850864592,1.61773513889972
0.00852974128116451,1.62252898334385
0.0091145824835851,1.62729580643673
0.00974213817076166,1.63200204244934
0.0104188363064179,1.63664308664321
0.0111594736153954,1.64125896832023
0.0119854226756616,1.64590283894203
0.0129139964070227,1.65057712823287
0.0139706630369185,1.65530524852553
0.0151925887438808,1.6601332292809
0.0166445454974194,1.66516902478562
0.0184802558079669,1.67072602872009
0.0209045952497914,1.67714157582685
0.022469997772205,1.68095969693947
0.0240696424267513,1.68477781805208
0.0254639734919192,1.68819645940117
0.0266395982032898,1.69133093089413
0.0276091574324851,1.6943518471886
0.028322599315053,1.69723482050511
0.0287697327381048,1.70004651429801
0.0289382534079021,1.70291774811907
0.0287729674239201,1.70605281616838
0.0280384216822984,1.71010974616604
0.0271925300634158,1.71302197222862
0.026132070703907,1.71593419829121
0.025058962203529,1.71850399260235
0.0239889636917931,1.72086914469245
0.022918186995712,1.72312625030552
0.0218481576092773,1.72532372024985
0.0207823221968647,1.72748985408156
0.0197244547587367,1.72964364485542
0.0186782012522946,1.73179908958592
0.0176469626442457,1.73396721738498
0.0166338587695584,1.73615721812372
0.0156417388126045,1.73837709241407
0.014673183998293,1.74063410341025
0.0137305241902881,1.74293507164618
0.012815851248345,1.74528659832171
0.0119310204841712,1.7476952729067
0.0110776713783598,1.75016780588589
0.0102572341662032,1.75271118362713
0.00947093661167868,1.75533282526146
0.00871125600379793,1.75807289988603
0.00796699787743287,1.76099856657416
0.00724227495317422,1.76413140282755
0.00654128068739568,1.76749716109726
0.00586849012519783,1.77112572719542
0.00522864471782331,1.77505195613264
0.0046267055592976,1.77931688401864
0.00406777654191564,1.78396959368589
0.00355699531454588,1.78907040804962
0.00309939801631795,1.79469701467857
0.00269996115727104,1.80095454174449
0.00236988097924302,1.80784640242217
0.00216540082215083,1.81365022763608
0.00202667879150885,1.81945405284999
0.00192242742390892,1.82761687014938
0.00189069203927485,1.83520159965837
0.00190773086838352,1.84409724324625
0.00196017127755259,1.85232736092683
0.00202360786295081,1.85987116323926
0.00207924903224284,1.86679281052383
0.00211239995070463,1.87315161616231
0.00211226989345619,1.87899984894484
0.00207207184959011,1.88438403982875
0.00198896384667067,1.88934650039434
0.00186368849770287,1.89392546839093
0.00169988761134879,1.89815622800191
0.00150322618845726,1.90207121701059
0.00128046064879337,1.90570064707513
0.00106373265509064,1.90907258245624
0.000895497499102877,1.91201457950879
0.000742649268961191,1.91495623863425
0.000608923391854093,1.91772102193553
0.00048906421579198,1.92032657465388
0.000379319295131734,1.92279707650878
0.000277007044809716,1.92515863268203
0.000179997345935246,1.92744158349514
8.62485092827319e-05,1.92968578187521
-6.8450491998976e-06,1.93195390329315
-0.000104270570411626,1.9343787558302
-0.000226150093892145,1.93751235935648
-0.000294648109471233,1.93934244168006
-0.000360750228819596,1.94117252400364
-0.000418649972461716,1.94284265293258
-0.000471275879981723,1.94443106488436
-0.000521841291735612,1.94603903211189
-0.000572970701228326,1.94777242831343
-0.000628467116180741,1.94982356602838
-0.000702120487581599,1.95298285561441
-0.000763903176359952,1.95641663686748
-0.000800021395374787,1.95934975355701
-0.000819921394057493,1.96232825474402
-0.000820879987530695,1.96580990748699
-0.000785239959081849,1.97036151158959
-0.000694660495272183,1.97545991740924
-0.000559652738831031,1.98018474188591
-0.000386788609165807,1.9845230507402
-0.000178477849275486,1.98850807116529
6.5672001836707e-05,1.99217355372457
0.000348672247985176,1.99555841860196
0.000675576731628159,1.99870114674762
0.00105417883114657,2.00164760544646
0.00149544378474949,2.00444995131646
0.00201539103660376,2.00717431856236
0.00264115550159535,2.00992399168396
0.00341989941242628,2.01286692853152
0.00410711194263241,2.01522608485785
0.0048210959757173,2.01758524118418
0.0054989045653993,2.01983310532033
0.00622574121944873,2.02232769424151
0.00696150836181935,2.02497006950269
0.00768259032458978,2.02761244476387
0.00831430447828661,2.02985740818877
0.00893694232744779,2.03190769314743
0.00959918668578206,2.03386292435383
0.0103384008884151,2.03577447669652
0.0111961047957372,2.03768470683315
0.0121789139066938,2.03955026941566
0.0133147273780752,2.04137952511041
0.014607989244275,2.04314432349782
0.0160743894266452,2.04484181655133
0.0177298140327731,2.0464705802479
0.0195879449532654,2.04802798195656
0.0216706825270462,2.04951838817457
0.0240027278826477,2.05094590612102
0.0266118673617344,2.05231432775699
0.0295316180550713,2.05362815149115
0.0328010150584776,2.05489176100034
0.036465180216825,2.05610928007019
0.040576857473117,2.05728475626121
0.0451984674771191,2.05842230542191
0.0504037169766046,2.05952599654868
0.0562806267774486,2.06059998715026
0.0629361488718964,2.06164873016814
0.0705016612760332,2.0626770438863
0.0791418676230489,2.06369037283494
0.0890686370689695,2.06469517124103
0.100563558072958,2.06569950592142
0.114017947299227,2.06671415204988
0.130011795666082,2.0677548231524
0.148828806056469,2.06881263282573
0.170712969453523,2.06988106874487
0.196357513695428,2.07097718380418
0.226802183544286,2.07212816588129
0.262080806234978,2.07332748078044
0.297579700040722,2.07444636845983
0.328567272594708,2.07538985263394
0.356079248439626,2.07623143658943
0.38048890647317,2.07701083050175
0.401760612745778,2.07775187778135
0.419646595233502,2.07847303650944
0.433686512407393,2.07919119156467
0.443121789608347,2.07992403162104
0.446711066306157,2.08069275238807
0.442333848179869,2.08152664383578
0.427853118729767,2.08239461285493
0.402237807483007,2.08327825380105
0.364303444784687,2.08418834080368
0.325999198674565,2.08491382929833
0.281337618528442,2.08563931779297
0.241492886802147,2.08622695819483
0.20719856593802,2.08670980827016
0.1768375768135,2.08713140420611
0.149447806063866,2.08751523410632
0.124479703594262,2.08787493905989
0.101566309105218,2.0882198927349
0.0804191097382959,2.08855778132406
0.060762554475763,2.08889643555753
0.0422448888266617,2.0892466159391
0.0241505010548029,2.0896312198156
0.00933807671658231,2.0899919347971
0.00134113900805409,2.09021094613414
-0.0059326183111249,2.09042995747117
-0.0120974837970491,2.09063437586099
-0.017729280052702,2.09084029006898
-0.0233268866865866,2.09106821999916
-0.0286808062590986,2.09131469726128
-0.0336595125868575,2.09157768540064
-0.0381917126384485,2.09185657307995
-0.0422336875234788,2.09215168750448
-0.0457696643567135,2.09246482146573
-0.0487519293335334,2.09279241544118
-0.0512369210780848,2.09314054236752
-0.0532353366177102,2.09351181886058
-0.0547594995056456,2.09390939942933
-0.0558222553265515,2.09433714961569
-0.0564355516060431,2.09479982252643
-0.0566090693021892,2.09530331768412
-0.0563487133846024,2.09585506747697
-0.055653545674188,2.09646545143435
-0.0545119703725736,2.09714830897162
-0.0528984704640229,2.09792221896255
-0.0507627729097308,2.09881524242502
-0.0480017315751534,2.0998757965041
-0.044351770235999,2.1012137684664
-0.0406024181468423,2.10256765825825
-0.037017573764373,2.10387368305267
-0.033630872944545,2.10513623649254
-0.0304572216126378,2.10635778646792
-0.0275025346065249,2.10753943166021
-0.0247671384433177,2.10868155651918
-0.022247502544539,2.10978418165843
-0.0199372967415473,2.11084714732553
-0.0178281422176652,2.11187020580886
-0.0159102032137601,2.11285306173164
-0.0141726799874026,2.11379538078136
-0.0125900026723307,2.11470520579805
-0.0110644064059282,2.11563802645457
-0.00960095551149417,2.11659506859309
-0.00820369199401765,2.11757832416796
-0.00687648259573646,2.11859011560777
-0.00562296472883923,2.11963318143149
-0.00444649704697431,2.12071078260229
-0.00335010766451033,2.12182684440181
-0.00233644019107844,2.12298614986132
-0.00140769743353393,2.12419461033594
-0.000565582121132714,2.12545965556416
0.000188766804639006,2.12679081659001
0.00085484526493076,2.12820063600049
0.00143286826053324,2.12970616949598
0.00192150674244682,2.13132266981078
0.00230343017755032,2.13297893257783
0.00259599059893407,2.13469345159976
0.00281413521605118,2.13648551245534
0.00297179094216947,2.13838045520715
0.0030822299004902,2.14041332488456
0.00315859512303652,2.14263626973928
0.00321479887497283,2.14513539786166
0.00326767167413303,2.14807918724895
0.00334297416466695,2.15182219254461
0.00344489210266651,2.15564804482822
0.00357418248287221,2.15944718745516
0.00372863039003269,2.16327361290079
0.00390468206063243,2.16716988392751
0.00409952525545581,2.17117179446067
0.00431192715684912,2.17531217244307
0.00454242790839011,2.1796232220153
0.00479326286755089,2.18413826408585
0.0050682450731378,2.18889325676694
0.00537278019522311,2.19392837344795
0.00571415579830556,2.19928918676685
0.00606512067547895,2.20448772312979
0.00643705539492735,2.20966438319418
0.00682837995583845,2.2147520862548
0.00724353075670079,2.2197656933374
0.00768635117740542,2.22470491654855
0.00816186330230172,2.22957723949805
0.00867548624495046,2.23438731819639
0.00923317134075611,2.23913800863704
0.00984143173254933,2.24383008616827
0.010507459272977,2.2484628211976
0.0112518106158721,2.25310915348348
0.0120914801696759,2.25778566244111
0.0130460559668897,2.26250174604855
0.0141432453530443,2.26728361031479
0.0154262966931195,2.27219112796557
0.0169782486647899,2.27737591137236
0.0190384109050543,2.28335403169138
0.0208332121172838,2.28800631535062
0.022746105759934,2.29265859900986
0.0243252548796548,2.2964588583727
0.0256326308711928,2.29975579534132
0.0267280442312003,2.30283143816537
0.027610325866237,2.30582520416467
0.0282226963416515,2.30867113573566
0.0285673708611023,2.31148929796298
0.0286206252381138,2.31442584978638
0.0282949757200455,2.31775824352895
0.0272957454636138,2.32211708996914
0.0264003600816195,2.32481955011805
0.0253409530891134,2.32752201026696
0.0242671767703895,2.32998521735776
0.0231923720008652,2.33229850201577
0.0221167800601397,2.33452890221057
0.0210431007243897,2.33671388044145
0.0199749426333813,2.338877027319
0.0189159771945912,2.34103495295644
0.0178696794290217,2.34320033848981
0.0168392579327635,2.34538348850438
0.0158276422260245,2.34759322154992
0.0148374882791266,2.34983742982293
0.0138711906759338,2.35212345650472
0.0129308933472043,2.35445837653806
0.0120184999657447,2.35684921947911
0.0111356872263244,2.35930315122287
0.0102839098178625,2.36182766249792
0.00946441677235242,2.36443072425526
0.00867825586816771,2.36712098710342
0.00791481151843039,2.36995234875213
0.00716718755279159,2.37298007808648
0.00643927574256356,2.37622769468422
0.00573503246351916,2.37972306477568
0.00505859526845503,2.38349863699999
0.00441422214064073,2.38759246865241
0.00380619186526715,2.39204970655424
0.00323863702931312,2.39692508339027
0.00271532020626882,2.40228728048581
0.00223933170791137,2.40822746469026
0.001812988756335,2.41487251125286
0.00154404391558301,2.42048975159567
0.00131264245635679,2.42698724022424
0.00111735628948306,2.43431893258019
0.000961498931125484,2.44234530510264
0.000843468816914971,2.45129748379901
0.000770335104775736,2.46057574200286
0.00073815969647344,2.46906850701405
0.000731997132842416,2.47680991246505
0.000742409469445906,2.48387543662901
0.00076364959534309,2.49033476327257
0.000792162524643007,2.49625079064429
0.000825679596325296,2.50168044853501
0.000862708580470436,2.50667546957233
0.000902248596811908,2.51128315914241
0.000943631411959289,2.5155470559066
0.000986423539310327,2.51950766938032
0.00103038059445236,2.52320327975125
0.00107541300114291,2.52667095077832
0.00112159856030355,2.52994794286057
0.0011692101763341,2.53307399950418
0.00121880216380158,2.5360955893499
0.00127145059884163,2.5390753207676
0.00132941191758049,2.54211829676914
0.00139894658749535,2.54548316345915
0.00146398160875147,2.54838208915897
0.00153429190259412,2.55128101485878
0.00159729981718691,2.553694217098
0.0016566958971569,2.55582624668144
0.00171778324293536,2.55788842914269
0.00178484898953917,2.56001428322151
0.00186428790927425,2.56236407958846
0.00197224633496343,2.565300085212
0.00221740350202983,2.57108481960384
0.00245285862498542,2.57573521522871
0.00267738853817896,2.57958608575671
0.00295450288009626,2.58377565390281
0.0033465301200015,2.58893239397072
0.00379010989072895,2.59394786884006
0.00426069899582052,2.59854100858564
0.0047595743431391,2.60276997744482
0.00528649169164797,2.60666988701289
0.00584440350869676,2.61029581964216
0.00644076697236719,2.61372056752198
0.00708930406689506,2.61703613279895
0.00781748922933256,2.62038384571964
0.0086375461253657,2.62383604141268
0.009576605839606,2.62758105598575
0.0105149048793902,2.63132824683744
0.0113943611173856,2.63506103485957
0.0120002646520678,2.63783810028946
0.0125793555144591,2.64061516571936
0.0131097078192951,2.64314614586943
0.0135911717571198,2.64529475277101
0.0141030290039114,2.64732966547607
0.0146731433942225,2.64927383024269
0.0148892412550048,2.64992968821868
0.0151240139497371,2.65058554619467
0.0158936617088974,2.65239416092235
0.0168527761053985,2.65417753926969
0.0180003161103354,2.65589632821346
0.0193464333170633,2.65754482921818
0.0209093873006511,2.65912752635305
0.0227069637042397,2.66064549942671
0.0247592043136973,2.66210036320483
0.0270943002809363,2.66349735447598
0.0297432340421132,2.6648402298372
0.0327419510987037,2.66613267461344
0.0361341641855335,2.66737901998376
0.0399709434367935,2.66858336906304
0.0443126799805397,2.66974982314691
0.0492312227560127,2.67088253796963
0.0548139088594751,2.67198602035918
0.0611671815056541,2.67306503828835
0.0684234787582504,2.67412490737345
0.0767514398121943,2.6751718176645
0.0863727988259535,2.67621340087489
0.0975911383338658,2.67725964262545
0.11084801608817,2.67832478775109
0.126709647272026,2.67942280074584
0.145150454836322,2.68052680993842
0.166737886275059,2.68165343218748
0.192324665668442,2.68282939082803
0.223416326920289,2.68410540957769
0.254572249909103,2.68528192184489
0.281860962171343,2.6862712668708
0.306458213038159,2.68716132931932
0.328620415909084,2.68799159005698
0.348178429097853,2.68878244677694
0.36480243797526,2.68954846438517
0.378041024024812,2.69030240115837
0.387283250901294,2.69105682499535
0.39167657764165,2.69182520260515
0.389989342724683,2.69262327462625
0.380330596012062,2.6934733611903
0.360909451657463,2.69435979317862
0.331047900776985,2.69525978620281
0.289679684210291,2.69619006722873
0.259072973791254,2.69676924703291
0.225474337968064,2.6973484268371
0.194489916430366,2.69785321671097
0.166662531300781,2.69829623205065
0.141372253524491,2.69869953833088
0.118188705413554,2.69907719499254
0.0968217091304775,2.69943880851074
0.077043532297193,2.69979207063002
0.0586386497706571,2.70014447913993
0.0413430887288606,2.70050556138194
0.0246792733255738,2.70089294340322
0.0069173259484997,2.70136990233853
-0.00116696563306422,2.70161891049591
-0.00847018797391429,2.7018679186533
-0.0143633764756295,2.70209035492332
-0.0196976149538792,2.70231299467553
-0.0249560686579903,2.70255805715409
-0.029956668515518,2.70282221858338
-0.0345854384826117,2.70310355260805
-0.0387813156203309,2.70340156130994
-0.0425080472549299,2.70371668703674
-0.04594943391919,2.70407433826271
-0.0486179726488032,2.70442432952072
-0.0508101733529977,2.70479587581718
-0.0525389587237744,2.70519207782806
-0.0538157471737629,2.70561628261009
-0.0546521149953412,2.70607256730577
-0.0550585533514053,2.70656592363108
-0.0550432337157617,2.70710252165099
-0.0546106360720214,2.70769010228962
-0.0537571952014621,2.7083402673246
-0.0524704948006096,2.70906684561552
-0.0507248016528401,2.7098891491116
-0.0484705647030769,2.7108363867363
-0.0456065018662935,2.71195925437326
-0.041985587146823,2.71333082283544
-0.0384978526437885,2.71464458808278
-0.0351923340474281,2.71590863083139
-0.0320899264670819,2.71712771789319
-0.0291992909497753,2.71830428230895
-0.0265220830565382,2.71943952156282
-0.0240554419677468,2.72053397461878
-0.0217934018543785,2.72158782430417
-0.0197278196766809,2.72260105462749
-0.017849057903968,2.72357352778148
-0.0161465236620464,2.72450501418711
-0.0145623399087692,2.72542310775274
-0.0130351281165235,2.72636443542299
-0.0115695938725311,2.7273304966835
-0.0101697096313356,2.72832339582045
-0.00883923706118751,2.72934559042155
-0.00758167325339382,2.73039998297428
-0.00640019780698495,2.73149003753856
-0.00529761611114942,2.73261993621118
-0.00427629838292712,2.73379479393154
-0.00333811326401909,2.73502096152628
-0.00248435356088723,2.73630646714116
-0.00171564951766312,2.73766168439383
-0.00103186078035623,2.73910039239941
-0.000431929302481756,2.74064156033254
7.46869767240007e-05,2.74227013216824
0.000482158300621737,2.74394405471485
0.00080743977002605,2.74568176249771
0.00106569054540078,2.74750421363844
0.00127134754273985,2.74943932148665
0.00143865611852232,2.75152649204105
0.00158253020365127,2.75382604911918
0.00172030900798234,2.75644203903649
0.00187686855745166,2.75959512082384
0.00207291782603593,2.76333514523932
0.00230456534086054,2.76730673069278
0.00260183701572336,2.77190621524229
0.00295001899522826,2.77691810578346
0.00333552945211969,2.78225550785739
0.00375016786371432,2.78788983957929
0.00415323510250149,2.79328733731878
0.00455931249332759,2.79862562957183
0.00496875724713475,2.80386017591691
0.00538766924863758,2.80901748755552
0.00582044544712898,2.81410146726139
0.00627181475730171,2.81912065046177
0.00674627624117101,2.8240795372136
0.00724848333729748,2.82898130709201
0.00778335422920141,2.83382736128889
0.00835625272888703,2.83861785652232
0.0089731131215783,2.84335183436486
0.00964057340992474,2.84802755928272
0.0103670700786086,2.85264877819308
0.011178991017782,2.85730993069822
0.0120906166351102,2.86200058415019
0.0131251015311285,2.86673980568644
0.0143152058128486,2.87156377461711
0.0157161327420011,2.87655917480613
0.0174483813994098,2.88196346613923
0.0198780719344848,2.88855894257835
0.021495890761941,2.89255886051362
0.0231688834875845,2.89655877844889
0.0246248803979621,2.90008969375036
0.0258509513823112,2.90327703336734
0.026870838594276,2.90631414364312
0.0276514189373298,2.90923854350462
0.028164895010582,2.91206241110734
0.0284051559789173,2.91491005679864
0.0283317764440419,2.91795590218193
0.0277926049833055,2.92164044727868
0.0269796716863558,2.92478513759996
0.0258981062917725,2.92792982792123
0.0248137097763145,2.93060474623724
0.0237392318800242,2.93302101676718
0.0226645419316649,2.93530909670724
0.0215895187653463,2.93752783145602
0.0205172327915477,2.93970963352309
0.0194513694737314,2.94187561798471
0.0183955640917568,2.94404107888876
0.0173532241209073,2.94621795320522
0.0163274836256878,2.94841612545532
0.0153212005699691,2.95064419430546
0.0143369660618297,2.95290996627086
0.0133771151159801,2.95522080226037
0.0124437427237114,2.95758386504839
0.0115387100121736,2.96000633885326
0.0106636575535827,2.96249560325713
0.00982001820621486,2.96505939275517
0.00900902330436824,2.96770597366533
0.00823171620305647,2.97044430805132
0.00747455421955266,2.97334179247479
0.00673448747906564,2.97644256408158
0.00601541522540459,2.97977110072647
0.00532133716976325,2.98335606553675
0.00465641310362075,2.9872306254141
0.00402488220299013,2.99143339568564
0.00343093753585873,2.99600981114383
0.00287853640931666,3.0010144078321
0.00237111444932542,3.00651527707178
0.0019113587321589,3.01260103005455
0.00150116796349561,3.01939007710715
0.0011545690266503,3.02673251345063
0.000876166135472144,3.0346994492246
0.000660267030213146,3.04352163769551
0.000512859332041823,3.05186754590425
0.000387350213191057,3.06158988635439
0.000296574564287053,3.07158988635439
0.000233734891794612,3.08158988635439
0.000190774304257618,3.09158988635439
0.000161783987031183,3.10158988635439
0.000142535946202879,3.11158988635439
0.000130104417775741,3.12158988635439
0.000122510833153754,3.13158988635439
0.000118430048042556,3.14158988635439
0.000116977898328721,3.15158988635439
0.000117570227508624,3.16158988635439
0.000119832328657023,3.17158988635439
0.000123540373341492,3.18158988635439
0.000128582965139274,3.19158988635439
0.000134936226130972,3.20158988635439
0.000142648859674724,3.21158988635439
0.000151835190039036,3.22158988635439
0.000162675107414926,3.23158988635439
0.000175420632593804,3.24158988635439
0.000190409675695824,3.25158988635439
0.000208088635750058,3.26158988635439
0.000229046969623754,3.27158988635439
0.000254069105675112,3.28158988635439
0.000284212740423376,3.29158988635439
0.000320928855808827,3.30158988635438
0.000365238679265168,3.3113864891179
0.000416114020963451,3.32047224996794
0.000474314131957742,3.32887910145621
0.00054082079858186,3.3366564291003
0.000616769014469714,3.34385108565504
0.000703450977933666,3.35050683463232
0.000802331193113591,3.35666452704437
0.000915066994795202,3.36236228812508
0.0010435325693546,3.36763568958573
0.0011898465094385,3.37251791002931
0.00135640304381786,3.37703988901288
0.00154590884424338,3.38123047715077
0.00176142589445916,3.3851165808996
0.00200642284745455,3.38872330333559
0.0022848370294832,3.39207408420298
0.0026011506295258,3.39519084253751
0.00296048643534052,3.39809412305165
0.00336872997738878,3.40080325073773
0.00383268995347555,3.4033365016907
0.00436031474228859,3.40571130004785
0.00496099408488004,3.40794445852838
0.00564599674553842,3.41005249423943
0.00640628398176951,3.41199868795214
0.00724451894394128,3.41379770216328
0.00817162522743793,3.41547941782613
0.0092035171370105,3.41707317330233
0.010365054827425,3.41861093373228
0.0117124451279222,3.42014786029515
0.0134100074259881,3.42181698521728
0.0159570438400194,3.4239560809451
0.0177096621432247,3.42526946563615
0.0195633953984396,3.4265828503272
0.0212578071564744,3.42776046559793
0.0227740967187356,3.42883646557888
0.0241398613457396,3.42986793169453
0.0253543576751539,3.43089417385964
0.0263977310917243,3.43195265254173
0.0272292364499519,3.43309470350675
0.0277643216500161,3.43442393299141
0.0277004620352608,3.43636939185984
0.0270578943088713,3.43782903174404
0.0260168886339124,3.43928867162823
0.0248002584433058,3.44063268858127
0.0234141906178592,3.44198107482204
0.0218666750764289,3.443386365565
0.0201655862374751,3.44488710805443
0.0183123892869696,3.44652695687372
0.0167794584891424,3.44794561656901
0.0140742951427227,3.45070951754649
0.0114386474099525,3.45384417727582
0.00942585828266112,3.45666823873026
0.00785393339425905,3.45924949531535
0.00655806348740249,3.46172601229424
0.00542715714629156,3.46424395984967
0.00443481370969053,3.46683217347012
0.00356262242519101,3.46951364093811
0.00279573469260514,3.47231158135146
0.00218000071462503,3.47497449930137
0.0016796603020627,3.47751445051271
0.00125732833226522,3.480011627552
0.000888891232034107,3.48253939185159
0.00056631866174363,3.48510103608096
0.000295245303613872,3.48757627579764
7.44171412767729e-05,3.48986457173429
-0.000107530080776543,3.49197150675202
-0.000261615708086203,3.49393875357593
-0.000395291322671696,3.49579980125502
-0.000513615072449944,3.49757975825086
-0.00062037404673287,3.4993016994384
-0.000718743584540212,3.50099191006223
-0.00081195397575333,3.50268923842462
-0.000904310624912471,3.50446534145243
-0.00100627836560177,3.50653601764881
-0.00108010168763147,3.50810591104598
-0.00115136782036199,3.50967580444315
-0.00121154387464241,3.51104099661282
-0.00126504318275268,3.51228337611472
-0.00131644977027343,3.51350089661585
-0.00136894200236456,3.5147663288289
-0.0014263961757753,3.51617478091357
-0.0014975164971785,3.51794823162144
-0.00162071182051514,3.52108482075374
-0.00173709177244677,3.52410515196484
-0.00184119228444436,3.52684237581803
-0.00195403108086514,3.52984142190832
-0.00210728056559761,3.53396480171165
-0.00233487995720923,3.54020098158166
-0.00252429167474331,3.54571561396866
-0.00266286420213319,3.55049085883049
-0.00274662663258714,3.55478539804806
-0.00276726114592567,3.55875218738609
-0.00271308089141217,3.56240660515302
-0.00257957084742761,3.56563696881521
-0.00236671175534332,3.56849585685228
-0.00207330295669217,3.57105839750507
-0.00169487328383178,3.57339771589545
-0.00121989667301204,3.57559072959363
-0.000620948186914924,3.57773458471251
0.000177261234272168,3.58000725282235
0.00126996370613726,3.58254875430429
0.00215720894256844,3.58435717557119
0.00310765501517167,3.58616559683808
0.00408573852127504,3.58795712455263
0.00524431477657777,3.59003461314387
0.00634844332801943,3.59197387841344
0.00749393437234801,3.59391314368301
0.00863053012005537,3.59571897435528
0.00975871173683365,3.59736112469054
0.0109845980929738,3.59896380626917
0.0123350863201691,3.6005223992282
0.0138474619594746,3.60204409919453
0.0155503549848597,3.60352509822397
0.017476319357274,3.60496536778061
0.0196364347326781,3.60635069757549
0.0220657630658947,3.6076857709569
0.0247942166512912,3.60897064767197
0.0278537074466828,3.61020591555004
0.0312814911331474,3.61139347736684
0.0351164345818572,3.61253464713356
0.0394135549963804,3.61363397048696
0.0442326295716988,3.61469471420843
0.0496434874977728,3.61572017614404
0.0557282356678431,3.61671369431685
0.0625839156407596,3.61767864442038
0.0703261695566473,3.61861848865454
0.0790937850377233,3.61953680490267
0.0890550212896968,3.62043736457456
0.100416179399923,3.62132422610045
0.113433436629839,3.62220185531878
0.128430017732632,3.62307531495583
0.14582115363196,3.62395051750072
0.166153929198868,3.62483469315613
0.19017828096633,3.62573735563823
0.218288958227483,3.62665121757574
0.250813031260046,3.62757022875638
0.288604594996352,3.62850507640991
0.33292549932782,3.62947501288045
0.373462433014181,3.63028243432438
0.416419480687357,3.63108985576831
0.453576685580804,3.63177548774944
0.485732933529576,3.63238345450954
0.514026279570068,3.63295587852973
0.538694893507333,3.63351909115374
0.559435878750316,3.63409638219645
0.575368977317805,3.6347178418265
0.584388002700444,3.63544173227325
0.582313472273948,3.63619510720341
0.567871615140845,3.6369840691967
0.539395561814916,3.63782948470091
0.498157498768084,3.63868236730388
0.442061901844186,3.63958230699509
0.374177015799321,3.64048163854687
0.328068411571947,3.64102658566124
0.279140488398557,3.64157153277561
0.236007197130097,3.64203761559219
0.19882605129778,3.64243833368512
0.166029049536507,3.6427984183673
0.136596053157807,3.64313338765858
0.109879528316545,3.64345355276219
0.0854027179817943,3.64376720083289
0.0627299753508183,3.64408295997006
0.0412961889384775,3.64441373000916
0.0197506879019956,3.64479308488873
0.0104852501907457,3.64497671444413
0.00195903243711044,3.64516034399954
-0.00680440344526877,3.64536755680679
-0.013585642606939,3.64554415331897
-0.0196853974854266,3.6457183234373
-0.0258851112749286,3.64591413843808
-0.0319116897714633,3.64612791551516
-0.0375863011156404,3.64635729446892
-0.0428083209049065,3.64660135378562
-0.0475243249894899,3.64686012797191
-0.0517094405362666,3.64713433117308
-0.0553563504277566,3.64742522160407
-0.0584685890192072,3.64773455252757
-0.061053345997879,3.64806458210586
-0.0632123895753655,3.64843859926963
-0.0647215997617109,3.64881737101127
-0.0657447489688918,3.64922703961287
-0.0662960817168072,3.64967325088589
-0.0663848558253303,3.65016283004428
-0.0660144677646152,3.65070461603036
-0.065177616991868,3.65131145522649
-0.0638510685742777,3.65200075991088
-0.0619860398871013,3.65279833928483
-0.0594804406431855,3.65374826076599
-0.0560785949451576,3.65494756072743
-0.0518981064132111,3.65636980372512
-0.04782540250489,3.65774575308411
-0.0439190353269149,3.65908182716976
-0.0402093967272862,3.6603804260461
-0.0367127729377683,3.66164236584217
-0.0334375638434656,3.66286766808271
-0.0303869248325815,3.66405597645683
-0.0275600993424381,3.66520677720252
-0.0249532463786109,3.66631951403036
-0.022560063286313,3.66739364427801
-0.0203723172060712,3.6684286604291
-0.0183803246504343,3.66942408985607
-0.016573389204604,3.67037947988121
-0.0149401968778897,3.67129437209494
-0.0133887003681019,3.67221762997391
-0.0118977923306056,3.67316466385898
-0.0104717489069733,3.67413721997276
-0.00911424577116817,3.67513747751189
-0.00782892103291647,3.67616800026597
-0.00661923421296815,3.67723183343072
-0.00548833719387574,3.67833263061457
-0.00443902024584581,3.67947482571069
-0.00347365600733522,3.68066387109412
-0.00259414097937354,3.68190657715476
-0.00180183343548994,3.6832116127748
-0.00109748550821091,3.68459027363274
-0.000481165053622334,3.68605772259262
4.78415909059247e-05,3.68763512524267
0.000473207592072222,3.68927351691881
0.000802904464266438,3.69096327296284
0.00105249999454524,3.69272282215427
0.00123615846393775,3.69457490406918
0.00136720146393372,3.6965503046747
0.00145852929926371,3.69869348957857
0.00152326430257489,3.70107473045806
0.00157606436572578,3.7038215652663
0.0016372967012234,3.70723368583056
0.00171919158046861,3.71099428810038
0.00183399717686538,3.7151154215333
0.00199916710832999,3.72000881000813
0.00219318867249671,3.72514873927634
0.00243925231243191,3.73137811602051
0.00267874806220571,3.73736077280468
0.0029182264752154,3.74335488144127
0.00312115239831844,3.74841015914093
0.00330350208176006,3.75291548674805
0.00347980747689242,3.75721059321886
0.00366174525131496,3.7615556958997
0.00386593085061537,3.76630405158303
0.00408528154132466,3.7712262021249
0.00431269291452792,3.77611407607555
0.00454370235258615,3.78084489420597
0.00475494129122039,3.78495858604555
0.00496355312822318,3.78883053001021
0.00517744918979585,3.79260987615114
0.00540172222745592,3.7963742165119
0.00564070856826721,3.80017488442474
0.00589872587145072,3.80405152493715
0.00618044514991618,3.80803776202329
0.00649122289533278,3.8121647769646
0.00683743897324562,3.81646343172098
0.00722691227999599,3.82096562570901
0.00766951969921306,3.82570562432622
0.00816762825502432,3.83062075089677
0.00869952603110765,3.83543858838475
0.00927621158291681,3.84022222098438
0.00989937598191209,3.84493753625778
0.0105752548515742,3.84958260363184
0.0113230946356127,3.85422569928404
0.0121600346493801,3.85888914827131
0.0131052658074478,3.86358397922778
0.0141857598515612,3.86833675358296
0.0154423426470949,3.8732024681388
0.01694974260439,3.87831292656228
0.0189042975671684,3.88408202122252
0.020794234412156,3.88904037072501
0.022380195167883,3.89292422268964
0.0240035001031561,3.89680807465428
0.0253982674838218,3.90023381493984
0.0265728006269882,3.90336946525848
0.0275415592691665,3.906390142103
0.0282552427134482,3.90927426806219
0.0287028293480834,3.91208600075835
0.0288721853080559,3.91495580947493
0.0287086844107212,3.91808654893655
0.027981041930946,3.92212453990538
0.0271352291892124,3.92504511422706
0.0260730408781839,3.92796568854874
0.0249987542861352,3.93053934713866
0.0239279833093444,3.93290626551406
0.0228565674456161,3.93516426360919
0.0217859403147293,3.93736215680727
0.0207195109420765,3.93952841068254
0.0196610337576,3.94168209711197
0.0186141399052661,3.94383725684797
0.0175822168173498,3.94600494498372
0.016568374443915,3.94819435920988
0.015575447177059,3.95041351020613
0.0146060071849137,3.95266965105511
0.0136623682592192,3.95496960069113
0.0127466068575451,3.95731994998824
0.0118605656088355,3.95972726168507
0.0110058646853435,3.96219822579973
0.0101839134702296,3.96473980029293
0.00939591805657215,3.96735936203883
0.00863438777089884,3.97009669458083
0.0078879138427137,3.97301927313207
0.00716053988571042,3.97614860352565
0.00645637074266062,3.97951035966704
0.00577977559648236,3.98313430688706
0.00513536059778557,3.98705515345075
0.0045279174386831,3.99131372248544
0.00396233383622212,3.99595877753965
0.00344346596188792,4.0010501374043
0.00297597511577558,4.0066646211062
0.00256432109821475,4.01290580077842
0.00221852220358526,4.01979279632627
0.00194878457960639,4.02721038844337
0.0017649779216517,4.0355141887347
0.00168928676252372,4.04216574166229
0.00165118950792841,4.05083637043946
0.00166659434246517,4.05947320091278
0.00172292248113214,4.06817683039207
0.00179981926820589,4.07617812689105
0.00188017889673706,4.08351267423671
0.00195053250274532,4.09024385137724
0.00200028335962145,4.09642836726766
0.00202157471878598,4.1021167435266
0.00200931927950158,4.10735417925635
0.0019611753036975,4.11218198797835
0.00187734415389937,4.11663755420914
0.00176014804678287,4.12075560269102
0.0016134753517899,4.12456789426808
0.00144214188854164,4.12810423454854
0.0012513338304944,4.13139221431308
0.00106322961253918,4.13445805566598
0.000925571758042344,4.13694694151905
0.000789062163595935,4.13965406277841
0.000669150842489025,4.14221957990724
0.000561406920393489,4.14465772960412
0.000462249117127584,4.14699547621983
0.000368840375171713,4.1492654435626
0.000278511703760902,4.15151258970673
0.000187855377263747,4.15381325968236
8.97410350362237e-05,4.15635354899232
3.40353289893811e-06,4.15863816079563
-8.08251569830197e-05,4.16092277259894
-0.000147628486620734,4.16278595519956
-0.000204822287054718,4.16442785717986
-0.000258368597142072,4.16601496665885
-0.000311421601104778,4.16764822528105
-0.000367067605208711,4.16944582214987
-0.000431130121034361,4.17166195899683
-0.000537278508564096,4.17590634897552
-0.000613874929222785,4.1799526484062
-0.000657339398796976,4.18343686098688
-0.000678421460504684,4.18713812654987
-0.000665015360711244,4.19193271200316
-0.000597090473779917,4.19703665247951
-0.000480239142892014,4.2017563386549
-0.000320680287048524,4.20608542954325
-0.000121107985914411,4.21005907277534
0.000118568833009327,4.21371355208733
0.00040100830479054,4.2170880721339
0.000731130135272779,4.22022253859356
0.00111666746919437,4.22316328171538
0.00156901419284169,4.22596514390479
0.00210527684583465,4.2286985030532
0.0027531529977792,4.23146633203547
0.00356796979951584,4.23446563386713
0.00426209917636415,4.23679823271614
0.00497964280690463,4.23913083156515
0.00567683254586428,4.24141002285917
0.00645923222194141,4.24405154014326
0.00716536926295836,4.24651590148361
0.00786832700637695,4.24898026282397
0.00851363258941086,4.25114965828873
0.00915784842217152,4.25314561846372
0.00985364837432726,4.2550735892022
0.0106320510707648,4.25696012387764
0.0115341711161929,4.2588426605175
0.0125648422580732,4.26067672330773
0.0137527312057928,4.26247187294035
0.0151069468085344,4.2642074592917
0.0166364983196789,4.2658717056508
0.0183616591670814,4.26746851176232
0.0202993160098407,4.2689973476104
0.0224694526038121,4.27045996485639
0.024899379694017,4.27186148154624
0.0276190213963278,4.27320591646849
0.0306627122037622,4.27449717343392
0.0340719420825003,4.2757397461879
0.0378943759292328,4.27693771522914
0.0421855941211315,4.27809503640393
0.0470115640312363,4.27921577894926
0.0524504287400954,4.28030400395288
0.0585958667305661,4.28136390010775
0.0655616315860529,4.28239991147664
0.0734884228355754,4.28341695307391
0.0825533947513255,4.28442061090994
0.09298558047253,4.28541755125646
0.10509176597311,4.28641621455897
0.119302480576985,4.28742802570712
0.136264845463137,4.2884699392065
0.156062857463369,4.28952131448813
0.179112011206004,4.29058605951191
0.206165873641004,4.29168223104728
0.238373522438846,4.29283917867336
0.274856040917768,4.2940228187956
0.310325172748845,4.29509736449763
0.341316555699047,4.29601094692995
0.368766532363983,4.2968295475359
0.393014001585697,4.29759022801354
0.414021974986798,4.29831650787302
0.431525344256295,4.29902713613882
0.445013594549341,4.29973974193
0.453622417963129,4.30047354940522
0.455889845537816,4.30125294455777
0.44922032078069,4.30211174363511
0.432032488221983,4.30297928814461
0.403214149886051,4.30386724470276
0.361497011115769,4.30478619825833
0.323404519793005,4.30546373530906
0.279872718623411,4.30614127235979
0.240219248706718,4.30670817538637
0.205852931514185,4.30717997246193
0.17538185110823,4.30759413528164
0.14788984187571,4.30797237181946
0.122833028949788,4.30832768660869
0.099841315808075,4.30866919455744
0.0786190802306813,4.30900453416536
0.0588771910087817,4.30934173693542
0.0402302698349115,4.30969237837004
0.0218272616885032,4.31008314816261
0.00850863550890551,4.31040640008039
0.000600555209081679,4.3106208423256
-0.00659703499193306,4.3108352845708
-0.0127141870251462,4.3110358553881
-0.0184029238452066,4.31124157486776
-0.0240394646866214,4.31146882353083
-0.0294183391914942,4.31171425192996
-0.0344126351623851,4.31197597816618
-0.0389537486136808,4.31225348271082
-0.0429990613012037,4.31254714932744
-0.0464989960688987,4.31285531844126
-0.0494844851358165,4.31318134007875
-0.0519703702697229,4.31352795955286
-0.0539672121477362,4.31389777164693
-0.0554875984365722,4.31429396256682
-0.0565445578147384,4.31472044030984
-0.0571501244018117,4.31518201646764
-0.0573139438375394,4.31568467395974
-0.0570417171697087,4.31623596803132
-0.0563319807968301,4.31684650084063
-0.0551722467355874,4.31753038763011
-0.0535353196698605,4.31830675630144
-0.0513675135981366,4.31920476839167
-0.0485573305017908,4.32027559657013
-0.0448097938382833,4.32163996157003
-0.0410357859559334,4.32299472636512
-0.0374279722840435,4.32430231377552
-0.0340187484958151,4.32556705339439
-0.0308229134568536,4.32679122287092
-0.0278464548436593,4.32797579926227
-0.0250898350690468,4.32912108695965
-0.0225496735085731,4.33022705152114
-0.0202197790395762,4.33129349427402
-0.0180918880976296,4.33232013988458
-0.0161562505448004,4.33330667398024
-0.0144021211183037,4.33425275042283
-0.01281442231491,4.33516019197967
-0.0112833046499423,4.33609053944726
-0.0098139481845584,4.33704493421601
-0.00841040674163894,4.33802533678805
-0.00707656554021697,4.33903403079257
-0.00581608635049557,4.34007370696637
-0.0046323582535711,4.34114756652016
-0.0035284460473871,4.34225945877338
-0.00250703653631619,4.34341406837987
-0.00157038259122726,4.34461717651358
-0.000720244423596533,4.345876036176
4.21732375521875e-05,4.34719993087363
0.000716290711780777,4.34860104277454
0.00130223489141925,4.35009587607148
0.00180094341411589,4.35170775739891
0.00219153313987316,4.35335902361672
0.00249116644427122,4.3550668389784
0.00271490143681506,4.35685004949364
0.00287673104562361,4.35873326701484
0.00298994381240832,4.36075032132545
0.00306762355092587,4.36295113516547
0.00312347697821437,4.36541712429769
0.00317373241897987,4.36830414549366
0.00324442727556147,4.3720250317582
0.00334143157987442,4.37584108994132
0.00346659990098506,4.37964119616646
0.0036170155551942,4.38345676820468
0.00378885071923643,4.38733256277018
0.00397897859118683,4.39130552063283
0.00418583161984757,4.39540886458684
0.00440959794197621,4.3996746751269
0.00465213525203883,4.40413574800633
0.00491682531093719,4.40882708777001
0.00520853596522319,4.4137874843038
0.00553382935174104,4.41906091405034
0.00587727532554,4.42433119367619
0.00623724265927902,4.42953315035253
0.00661627778269615,4.43466309574624
0.00701700920400063,4.43971251909932
0.00744346657898353,4.4446862995542
0.00790029347871781,4.44959047591076
0.00839271002341829,4.4544309420225
0.00892679792710774,4.45921128056418
0.00950883109371503,4.46393304351734
0.0101454631553999,4.46859599178356
0.0108480755196583,4.4732234106565
0.0116395873698324,4.4778870414513
0.012535447111159,4.48258182020849
0.0135592585800113,4.48732724303616
0.0147450465733937,4.49216259193606
0.0161512264171027,4.49718253147367
0.0179102195649763,4.50265364679409
0.0203215499875246,4.50917486383774
0.021904074373745,4.51308604056219
0.0235340103335902,4.51699721728663
0.0249590880387291,4.5204806274794
0.0261607439682271,4.52364517382063
0.0271573585324671,4.52667341711196
0.0279092620413808,4.52958018375533
0.0283950522356052,4.53239689506726
0.0286063155579251,4.5352495874867
0.0284977088533325,4.53832151486606
0.0278934402632205,4.54211255473895
0.0270662178311475,4.54517198349684
0.0259901273154547,4.54823141225473
0.0249075524006357,4.55086875611465
0.0238325839032974,4.55326636444508
0.0227573016369108,4.55554233517584
0.0216821142192282,4.55775192796863
0.0206101828566418,4.55992618427989
0.0195451921696624,4.56208551536901
0.0184907545780641,4.5642447803209
0.0174502485699152,4.56641561092486
0.0164267770492747,4.56860765543534
0.0154231652812521,4.57082931472101
0.0144419698157177,4.57308821934357
0.0134854888738897,4.57539156617099
0.0125557760803411,4.57774636503631
0.0116546490647275,4.58015964904371
0.0107836987470438,4.58263865827449
0.00994430422803061,4.58519099689194
0.00913763676510607,4.58782482317466
0.00836467562436278,4.59054901805641
0.00760668214227977,4.59345146571757
0.00686602155274852,4.59655832264448
0.00614654385519172,4.59989485351714
0.00545228194698632,4.60349045570462
0.00478743545575458,4.60737938911739
0.00415629442685744,4.61160191850458
0.0035631188031451,4.61620602513367
0.0030119554435958,4.62125029736887
0.00250636280261667,4.62680953234536
0.00204919324730147,4.63298412796883
0.00177644402985373,4.63743974194441
0.00155459632165988,4.64189535591999
0.0013349095418665,4.64762517247763
0.00111823420371973,4.65513947606205
0.000949656142688063,4.66320209629122
0.000825078720630656,4.67180365159848
0.00073619097846432,4.68180365159848
0.000694416974301726,4.69180365159848
0.000688980977148685,4.70118222472146
0.000707468115822884,4.70972659759754
0.000741392849005723,4.71751156378538
0.00078582282681958,4.72461546553905
0.000837818488367473,4.7311090725113
0.000895533787406583,4.73705614200396
0.000957754020956974,4.74251445713855
0.00102365685979348,4.74753645299226
0.00109269069811536,4.75217013051826
0.00116450395593238,4.75645970282747
0.00123891498496014,4.76044638945204
0.00131591255927095,4.76416928176151
0.00139566603360252,4.76766645890429
0.00147859538350086,4.77097658927388
0.00156548030671515,4.77414160793945
0.00165770913133346,4.77721185147644
0.00175789547095989,4.78025802981658
0.00187170713044099,4.7834072554062
0.00201689173303269,4.78702075731394
0.00213811910873099,4.78974421499916
0.00227083447110381,4.79246767268438
0.00239698304687536,4.79484082459765
0.00252064408979547,4.79699045199435
0.00265127973495257,4.79909524498932
0.00279851896757578,4.80128874829253
0.00297876908144888,4.80375110111979
0.00323929042538373,4.80694677153975
0.00360759191458559,4.81088017419421
0.00403753709179735,4.81481357684866
0.00448282443428781,4.81833463969104
0.00503258803061204,4.8221185907779
0.00577962227303879,4.82655798620901
0.00681389354406275,4.83183393977421
0.00754381408721954,4.83517456042107
0.00831278688848936,4.83851518106793
0.00899760707412425,4.84145075492018
0.0095867071372087,4.84404984182609
0.0100962866377836,4.84646378172378
0.0105316259420406,4.84878994670696
0.0108913905510931,4.85110867629149
0.0111684851360608,4.85351003751992
0.0113472268218687,4.85614344953301
0.0113833496642248,4.85943256806693
0.0112242494683051,4.86286142225077
0.0109726181008863,4.86573894636406
0.0108061416747921,4.8672862821181
0.0107064523225549,4.86815001592349
0.0106147943883057,4.86901374972889
0.0104274966377479,4.87173762509234
0.0103773754848917,4.87460828630049
0.0104698865829419,4.87761104795373
0.010657163684449,4.88005011233934
0.0109613089191976,4.88248917672494
0.0113527655031135,4.88465991137432
0.0118463212126619,4.88668798330308
0.0124567128523865,4.88861534232596
0.0132085028787188,4.89048153365729
0.0141135750678492,4.89227687222635
0.0151921676016151,4.89400958686213
0.0164566795054153,4.89567261298017
0.0179281107110649,4.89727138172567
0.0196236571466862,4.89880476413844
0.0215657828923754,4.90027581338457
0.0237810690037806,4.90168841886088
0.0262990003147121,4.90304584311476
0.0291531381984528,4.90435131279557
0.032385068141711,4.90560924551703
0.0360423816795468,4.90682354071899
0.0401812703051154,4.90799818672917
0.0448686397189426,4.90913730585358
0.0501843740182211,4.9102451039634
0.0562254934582906,4.91132608385571
0.063111383750996,4.91238515674996
0.0709917610372195,4.91342787395977
0.0800595617910554,4.91446084896854
0.0905717065586055,4.91549237171966
0.102887038054796,4.91653362035302
0.117542422278275,4.91760113172165
0.13484253814642,4.91868835946107
0.154993683167252,4.91978692786465
0.17866092740848,4.92091579051068
0.2068781127923,4.92210640593824
0.239411568978307,4.92334334973316
0.270452891552198,4.92444378444616
0.298007729403063,4.92539275712108
0.322849938394902,4.92625547995001
0.345078242358604,4.92706369018899
0.364491349332966,4.92783630609862
0.380744912481707,4.92858816891397
0.393350400498416,4.92933295862802
0.401611350714461,4.93008464787083
0.404507508844926,4.9308588233569
0.400491477252902,4.93167468840077
0.387173940122868,4.93255475428911
0.36367637695886,4.93344269681567
0.329005526322469,4.93435049781934
0.295078369034722,4.93505294158974
0.255690734930462,4.93575538536013
0.220112601377239,4.93633292103663
0.189021524570516,4.93681503711953
0.161182549280747,4.93724072565805
0.135872153884773,4.93763116502515
0.112671044530872,4.93799896705171
0.0912905551201692,4.93835303770006
0.0714946123850516,4.93870087417645
0.0530468620295246,4.93905031150856
0.0356300318654328,4.93941236640663
0.0185699520817586,4.93981095587842
0.00483248242775395,4.94017823519139
-0.00288135139629724,4.94041005387799
-0.00988394720454259,4.94064187256459
-0.0158002972426608,4.94085800436503
-0.0212158502797795,4.94107666130169
-0.0265571674888367,4.94131747171688
-0.0316372291362252,4.94157710373461
-0.0363399710240424,4.94185366567572
-0.040603138964378,4.94214667025895
-0.0443872810091732,4.94245655650661
-0.0477008391560934,4.94278793007423
-0.0504437467210841,4.94313115594001
-0.0527049344840309,4.94349581506403
-0.0544950721371332,4.94388468964505
-0.0558257129066991,4.94430106963406
-0.0567086525101516,4.94474897204049
-0.0571546162422597,4.94523332131363
-0.0571719769413221,4.94576021200735
-0.0567653296755964,4.94633730005497
-0.0559314801312198,4.94697582165838
-0.0546576776781283,4.94768963033767
-0.0529175258333833,4.94849784006095
-0.0506601766802145,4.9494293515991
-0.0477819235980288,4.95053424952233
-0.0440414233927623,4.95191789572061
-0.0404313711498471,4.95324305774759
-0.0370034484361514,4.95451886740103
-0.0337807746308331,4.95575016975418
-0.0307733462491412,4.95693938971499
-0.0279837346419073,4.9580876852731
-0.0254097451094052,4.95919554650647
-0.0230458910378144,4.96026310911593
-0.0208843491148661,4.96129031777901
-0.0189156590708895,4.96227700675467
-0.0171292779128499,4.96322293240507
-0.015506294090331,4.96413224270091
-0.0139388502610301,4.96506442295281
-0.0124321036153037,4.96602065684181
-0.0109900780266622,4.96700293023236
-0.00961660917824345,4.9680135533729
-0.00831528808413004,4.96905524604048
-0.0070894090819978,4.97013124248584
-0.00594191414128163,4.97124543112986
-0.0048753332079759,4.97240254464953
-0.0038917196624829,4.9736084253494
-0.00299257895523221,4.97487040691171
-0.00217878670139808,4.97619788352226
-0.00145048915894592,4.97760319599367
-0.000806972172692005,4.97910308827017
-0.000247254539269851,4.98071872539848
0.000205371296606771,4.98237305894102
0.000569069725663199,4.98408469966998
0.000859439050757499,4.98587269480698
0.00109119611309925,4.98776200982227
0.00127863007437074,4.9897870484294
0.00143631107578334,4.99199876697684
0.00158039480992215,4.99448073143039
0.00173189974247763,4.99739449338864
0.00192831362596607,5.00114388016076
0.0021468791302763,5.00497557719991
0.00242034969885035,5.00931752013136
0.00275694110037895,5.01426262805237
0.00314305754812863,5.01968705086856
0.0035504705386569,5.02529897130843
0.00394989011212141,5.03074460110473
0.00434980478365811,5.03613215153003
0.00475091667765047,5.0414256491537
0.00515851810683068,5.04664183406021
0.0055769046623552,5.0517830872636
0.00601060954819029,5.05685612861512
0.00646396809896063,5.06186509815908
0.00694143039630142,5.0668134749048
0.00744767820862393,5.07170355538744
0.00798778246778161,5.0765366461176
0.00856731268494695,5.08131295719667
0.00919245156477146,5.08603171437975
0.00987010036280479,5.09069131640742
0.010613494267686,5.09532240838118
0.0114455936329352,5.09998921357512
0.0123828065889408,5.10468916432519
0.0134500860278831,5.10944384821342
0.0146841599630013,5.11429810215885
0.0161500696043634,5.11936110604762
0.0180047501913592,5.12495478671753
0.0204362625747533,5.13137299793
0.0220001469436764,5.13518331523139
0.0235965143289104,5.13899363253277
0.0249874714050183,5.14240691361279
0.0261605717696214,5.14553930455343
0.0271279795768175,5.14855972888523
0.0278400257789164,5.15144534655972
0.0282855663868309,5.15426017290301
0.0284521583924139,5.15713500866391
0.0282843537531502,5.16027457981537
0.0275456231413289,5.16433941270863
0.0266968942137853,5.16725543906989
0.0256335535757756,5.17017146543115
0.0245575794684415,5.17274520087751
0.0234844933440268,5.17511468750448
0.0224103312375836,5.1773765251759
0.0213365609861189,5.17957918268864
0.0202665747364105,5.18175104784359
0.0192040905945586,5.18391122644478
0.0181527007515876,5.18607384294377
0.0171157480748691,5.18825008312665
0.0160962972134207,5.19044931095817
0.0150971358971074,5.19267974244644
0.0141207868729163,5.19494888304856
0.013169517277513,5.19726384492301
0.0122453531142736,5.19963157644843
0.0113500889770505,5.20205905694078
0.0104852948975751,5.20455347495085
0.00965233403438532,5.20712236479351
0.00885236406773974,5.20977378870838
0.00808357747957828,5.21252683535838
0.00732884872352895,5.21546676079711
0.00659209674555132,5.21861486222372
0.00587717120865238,5.22199680414918
0.00518811431062234,5.22564223120728
0.00452911493687681,5.22958549761004
0.00390441879817608,5.23386669667196
0.00331818807996771,5.23853321528349
0.00277429787211664,5.24364234894906
0.00227603671383382,5.24926643407265
0.00182591215462095,5.25550048958555
0.0014279053681339,5.26242800473726
0.00109419008494617,5.26989683711635
0.000829347285826642,5.27801720515401
0.000652943800096205,5.28562344902639
0.000498678626909892,5.29462681477685
0.000380480680792221,5.3042147279498
0.000293815602929818,5.3142147279498
0.000234144592767548,5.3242147279498
0.000193674597970797,5.3342147279498
0.000166696352682626,5.3442147279498
0.000149135926056253,5.3542147279498
0.00013818138293669,5.3642147279498
0.000131935217594434,5.3742147279498
0.000129130245778681,5.3842147279498
0.000128925931598772,5.3942147279498
0.000130773960667516,5.4042147279498
0.000134332194452396,5.4142147279498
0.000139409350083151,5.4242147279498
0.000145929250671091,5.4342147279498
0.000153908558593039,5.4442147279498
0.000163444816072427,5.4542147279498
0.000174713175849529,5.4642147279498
0.000187971243860527,5.4742147279498
0.000203572464001703,5.4842147279498
0.000221989715488267,5.4942147279498
0.000243852513434087,5.5042147279498
0.000270003811268226,5.5142147279498
0.000301586660656736,5.5242147279498
0.000340178345891822,5.5342147279498
0.000385729178153727,5.54378130063664
0.000437932945394765,5.55264873008242
0.000497607113831908,5.56085634718699
0.000565759834727952,5.56845205652334
0.000643549619593094,5.57548108062352
0.000732292801807451,5.58198571549725
0.000833480279888235,5.58800549558856
0.000948798722968195,5.59357736007332
0.00108015517843965,5.59873580754739
0.00122970493113455,5.6035130429247
0.00139988353859083,5.60793912082663
0.00159344414564188,5.61204208624716
0.00181350151177837,5.61584811084353
0.00206358423913314,5.61938162662961
0.00234769843704488,5.62266546072326
0.00267040578036073,5.62572097297893
0.00303692171451995,5.62856819787555
0.00345324125215313,5.63122599570392
0.00392630427266995,5.63371222076413
0.0044642192417316,5.63604391631632
0.0050765758884844,5.63823755466727
0.00577490012414157,5.64030935477165
0.00654617621077015,5.64221446523693
0.00739626293109528,5.64397718710658
0.00833645142060547,5.64562684599845
0.00938309404141734,5.64719215043344
0.0105618570734253,5.6487046806431
0.0119395741535559,5.65022841544945
0.0136831001022402,5.65189027329063
0.0163323103884952,5.65404573449704
0.0180967266410126,5.65532890550238
0.0199563832148742,5.65661207650773
0.0216546172118407,5.65776540766194
0.0231776354166859,5.65882484429454
0.02454992411968,5.65984427941089
0.0257689333882214,5.66086197013116
0.0268132157480551,5.66191567596156
0.0276394074011351,5.66305892472293
0.0281555070632707,5.66440463489226
0.027996297365879,5.66646171699185
0.0272922148756836,5.66788426381204
0.0262177178561258,5.66930681063224
0.0249686139283036,5.6706388642209
0.0235478242547629,5.67198688425175
0.0219634873384673,5.67339936891603
0.0202225340163657,5.67491499802083
0.0188933826675945,5.67607628090988
0.0176020245341894,5.67723756379894
0.0160958247477659,5.67867310224487
0.0132875173368007,5.68165544018416
0.0108458552560689,5.68469696238732
0.00897758617362895,5.68743774935508
0.00750117983128326,5.68996787316774
0.00625657924021927,5.6924502972576
0.00516854861068899,5.6949831986768
0.00421366192670035,5.6975928009693
0.003374692991709,5.70030192928875
0.00264724382368037,5.70309354134847
0.00206997648704793,5.70571741590718
0.00159702500190504,5.70823731018202
0.00119410108342144,5.71073748375626
0.000841486748394459,5.7132784253612
0.000536621300400385,5.71582193918785
0.000284957911162021,5.71823173935262
7.99552176976847e-05,5.72045280507195
-9.03963398087618e-05,5.72251075914255
-0.000235864357722457,5.7244462784131
-0.000362967126996721,5.72629029733486
-0.000476330680080592,5.72806875624008
-0.000579622199983938,5.72980891530897
-0.00067627874020573,5.73154796090893
-0.000770577771736,5.73335310128779
-0.000871344822946191,5.73540461023289
-0.000950002418461008,5.7370951662831
-0.00102527815263235,5.73878572233331
-0.00108665157499014,5.74021540561664
-0.00114014575374808,5.74149782159555
-0.0011909408428531,5.74274544579766
-0.00124225561109954,5.74403388894905
-0.00129769658744931,5.74545562458599
-0.00136472395458532,5.74721231945751
-0.00148517457289976,5.75046001214816
-0.00160268686276303,5.75372150670242
-0.00170782116083783,5.75670412527185
-0.00182019090070085,5.75995311741348
-0.00197693869001343,5.76458635176654
-0.00216942824440182,5.77046117028741
-0.00233224013642833,5.77585880722062
-0.00244619802991233,5.78052620158019
-0.00250821277184203,5.78473619107117
-0.00251002480821929,5.78865956984764
-0.00244098024884518,5.79223297469356
-0.00229713378642584,5.79540492242469
-0.00207710274346353,5.79822317445323
-0.00177800397713992,5.80075993164052
-0.00139285791904666,5.80309085962264
-0.00090689039020314,5.80529527916853
-0.000286385297249159,5.80747943122936
0.000561745949201947,5.80985154772311
0.00172373080730767,5.81250878464212
0.00283710122435023,5.81473410154761
0.00383429056465856,5.81659675302624
0.00495160154234179,5.81860663191323
0.00617004908336212,5.82072663943862
0.00744666656456826,5.822846646964
0.00862312734523567,5.82466721769877
0.00980712587371385,5.8263408724008
0.0110754747101193,5.82794830245647
0.012458909544848,5.82949603489154
0.0140142145584498,5.83101401461806
0.0157531439314183,5.83248212177205
0.017716114723247,5.83390856556395
0.019929783041632,5.83528906296291
0.0224128425651551,5.83661648712193
0.0251966975887969,5.83789232216052
0.0283188413653145,5.83911960778827
0.0318180965398911,5.84030026493569
0.0357396097357686,5.84143689460668
0.0401337645045353,5.84253193173851
0.0450642877327626,5.84358919424158
0.0506038004072478,5.84461201381207
0.056837738720149,5.84560375110283
0.0638674252991218,5.84656783688897
0.0718137833318756,5.8475077878537
0.0808229447863534,5.84842731789382
0.091072910298164,5.84933036893466
0.102783336024748,5.85022123503464
0.11622929413104,5.85110471950159
0.131761228810827,5.85198635554856
0.149835679263281,5.852872771883
0.171065573815025,5.85377232911814
0.196290100595025,5.85469565965219
0.225441129731855,5.85561998522119
0.259230156639227,5.85655376062906
0.298617172442059,5.8575101334342
0.345122027425566,5.85851458888475
0.383138053534864,5.8592708826301
0.422803384959331,5.86002717637546
0.457945273817274,5.86069375266356
0.488662654900144,5.86129792438782
0.515660034897659,5.86187395316513
0.538993542056492,5.86244630519406
0.558220244891216,5.86303892501616
0.572242268954212,5.86368553838186
0.578327491414842,5.86443402756419
0.572883695002372,5.86520071680377
0.554787329757456,5.86600730496897
0.522202683109737,5.86687317364006
0.476209770984518,5.86775302704415
0.415160067934902,5.86867428952166
0.364781288880107,5.86932517694278
0.309355391516158,5.86997606436389
0.261083569916113,5.87051138006918
0.220541464134087,5.87095183221477
0.185366131502901,5.87133603634123
0.154093564829914,5.87168621736044
0.12588236195219,5.87201550229833
0.100176344379406,5.87233313241326
0.0765357381531776,5.87264720087819
0.0545126603608237,5.87296717668642
0.0334110047940859,5.87330976561574
0.0108653911889352,5.87373492000423
0.00102221812742618,5.87394874879781
-0.00786532239948616,5.87416257759139
-0.0145202446949828,5.87433924450043
-0.0206399733127269,5.87451759371733
-0.0268113786295496,5.87471699479169
-0.0327778533736949,5.8749339681561
-0.0383746647664426,5.87516638598763
-0.0435097590722352,5.87541348170088
-0.0481348817482786,5.87567539855793
-0.0522283121255101,5.87595293577745
-0.0557846593838992,5.87624742678809
-0.0588086090473139,5.87656069928919
-0.0613355357671902,5.87690034262175
-0.0632818378720685,5.87725577226205
-0.0647303950633812,5.87763841571388
-0.0656964934348242,5.87805276929724
-0.0661926857157619,5.87850433868921
-0.0662276520581525,5.87900011548583
-0.0658039918600247,5.87954917617898
-0.0649128853728016,5.88016490281264
-0.0635292653811784,5.88086519913067
-0.0616010315758913,5.88167701237625
-0.0590185093670698,5.88264706864117
-0.0554987859510161,5.88388196904811
-0.0513331813594842,5.88529736329258
-0.0472835072352969,5.8866675791425
-0.0434051620813919,5.88799806564487
-0.0397263661650726,5.88929105348026
-0.0362622010025259,5.89054728220611
-0.0330202525101321,5.89176674367322
-0.030003050302711,5.8929490760823
-0.0272093278647511,5.89409377215876
-0.0246348240730917,5.89520028729222
-0.0222728962228794,5.89626809166312
-0.02011504666741,5.89729668916795
-0.0181513981367604,5.89828561534746
-0.0163711262746676,5.89923442106537
-0.0147628487561813,5.9001426456586
-0.013218135191837,5.90106968946554
-0.0117347912955331,5.90202069912977
-0.0103169143271661,5.90299755680886
-0.00896838360546203,5.90400249757784
-0.00769286519633897,5.90503815548855
-0.00649376136913927,5.9061076639391
-0.00537415833774891,5.90721478880829
-0.00433677202338823,5.90836410925545
-0.00338370357652744,5.90956126934182
-0.00251655105220457,5.91081333848511
-0.00173656603316427,5.91212934595964
-0.00104438061323744,5.91352110746738
-0.000439921405039146,5.91500457196789
7.76961478573565e-05,5.91660216850069
0.00048887563936923,5.91824756297566
0.000807294227948467,5.91994742989066
0.00104817610381911,5.92172039109481
0.00122555315021501,5.92359025972248
0.00135268831347525,5.9255895660605
0.0014425315353921,5.92776589275097
0.00150844680277351,5.93019582686204
0.00156580024062859,5.93302269627898
0.00163755926728948,5.9366066822622
0.00173008741822791,5.94039521241568
0.00185914003455391,5.94461923994715
0.00203748727095581,5.94955910329384
0.00224621311036856,5.9548262500839
0.00250841009907801,5.96122545497276
0.00273681537244575,5.9667425200121
0.00293183038463424,5.97146446378484
0.00311197678391537,5.97582668122884
0.00329003068459203,5.98011230466101
0.00347895482496918,5.98460050062292
0.0036956757306016,5.989638216918
0.00391261995554256,5.99451667077706
0.00414265705585133,5.99949073605538
0.00435160835271754,6.00380813226461
0.00455151095685675,6.00776159570974
0.00475277569251728,6.01156814831956
0.00496112397775323,6.01532847691143
0.00518085445281438,6.01910308411388
0.00541593385230088,6.02293579442006
0.00567045929249177,6.02686232730337
0.00594895481005794,6.03091438831761
0.00625666745991609,6.0351225379063
0.00659987619292896,6.03951769754116
0.00698631095444499,6.04413242462585
0.00742581753831799,6.04900227538325
0.00790697272449638,6.05392502724256
0.00842245239500812,6.05878023407098
0.00897831319657617,6.06358519513191
0.00957781820576509,6.06832104394596
0.0102270042088245,6.07298562453399
0.0109385001400923,6.07761126103907
0.0117344193703205,6.08226366507884
0.0126309187666278,6.08694274578
0.0136519822972384,6.09166998771396
0.0148317486277207,6.09648533977181
0.0162277449039536,6.1014809886968
0.0179674951581719,6.10691114634241
0.0203773171803207,6.1134485841843
0.021969838908709,6.11738988073119
0.0236127953839828,6.12133117727808
0.0250464824877863,6.12482945798215
0.0262543831321332,6.128000255475
0.0272566241423591,6.13103024557866
0.0280148748548316,6.13393876505283
0.0285068665137447,6.13675435467478
0.0287247956084541,6.13960259603241
0.0286246085658205,6.14266418171879
0.0280370137143572,6.14642203114367
0.0272135376570322,6.14949814278004
0.0261365434149944,6.15257425441642
0.0250540840682434,6.15521704904219
0.0239800811349665,6.15761516348743
0.0229060665103899,6.15988960511312
0.021832327717982,6.16209643708296
0.0207620242286598,6.16426693327745
0.0196988672623121,6.16642154865274
0.0186465036340449,6.16857509597598
0.0176083514423234,6.17073909571538
0.0165875526420494,6.17292303729939
0.0155869762830889,6.17513510258548
0.0146092193632641,6.17738265419786
0.0136566244302587,6.17967254636966
0.0127312885227332,6.18201136827033
0.0118350687952283,6.18440564470563
0.0109695987119864,6.1868619792324
0.0101362933615047,6.18938720817918
0.00933635748776253,6.19198854454562
0.00856620379539259,6.19469048031964
0.00780961225156586,6.19757358311241
0.00707051220168346,6.20065847366447
0.00635280409537593,6.20396998306354
0.00566061669324493,6.20753684567251
0.00499827586405615,6.21139245484437
0.0043702397905626,6.21557591001049
0.00378099429012921,6.22013357401371
0.00323489345517744,6.22512169541787
0.00273594196379881,6.23061127484595
0.00228763667259872,6.23669627936317
0.00189400242468341,6.2434871790476
0.00157155406389666,6.25079124778669
0.00136274762778743,6.25704992927771
0.0012182029035281,6.26330861076873
0.00109142414609546,6.27175046091646
0.00101826557829792,6.2807017072271
0.000994561025422067,6.29017169741481
0.00102092415632863,6.30017169741481
0.00109567645477274,6.31012788986088
0.00120952528578272,6.31943013472493
0.00135772984973176,6.32812591981138
0.00153910262928383,6.33628213764427
0.00175494145611127,6.34396671119353
0.00200852948094052,6.35125115974817
0.00229882878562865,6.35808089768689
0.00261867664963238,6.36435301431024
0.00296390104285507,6.37011438015964
0.00332830874902835,6.37541188546903
0.00370334351540437,6.38028963717032
0.00407800688410957,6.38478710546703
0.00443938367010662,6.38894020538835
0.00477362796581536,6.3927824153567
0.00506709544386937,6.39634408813086
0.00530773749682112,6.39965391335101
0.00548610952860277,6.40273838618109
0.00559607138639551,6.40562289867608
0.00563483999585002,6.40833181264443
0.00560254154426816,6.41088931670196
0.00550131361607165,6.41332043859922
0.00533407218809091,6.4156525629151
0.00510288266285855,6.41791879740048
0.00480645096497456,6.42016503922669
0.0044344717614992,6.4224702569652
0.00394575945140645,6.42503214179796
0.00376750967290635,6.42588192495472
0.00358347971980929,6.42673170811147
0.00341499106777347,6.42753187829071
0.00300339023804641,6.42960917198333
0.00266963285684915,6.43143023198625
0.00238884186159473,6.43306327444146
0.00213067566309654,6.43464990888934
0.00187728751258454,6.43628928009995
0.00161083246065987,6.43810345297567
0.00129638965243028,6.44036671981804
0.000783289265525367,6.44435492126754
0.000356949238554422,6.44797680440273
1.46771460400809e-05,6.45112369391629
-0.000324632342885733,6.45451296105744
-0.000688341461225599,6.45857899214319
-0.000985068418859404,6.4624661078588
-0.00121321653122868,6.46617472575281
-0.00137466409184793,6.46978843875254
-0.00146677065757233,6.47342788432338
-0.00147609569501732,6.4772753966367
-0.00138282419763396,6.48110797735703
-0.0011925952554684,6.48464516651113
-0.000913636060809675,6.48791543671854
-0.000553476303680152,6.49093100875721
-0.000110634148677644,6.49375771967084
0.000430940473036808,6.49649929176256
0.00110050952870332,6.49926606221046
0.00193639632067451,6.50217191583525
0.00274358822439134,6.50466047094173
0.00360458356948872,6.50714902604821
0.00442907266334557,6.50947600415628
0.00536285765557371,6.51211438037668
0.00621818247568986,6.51453413912315
0.00709172998505097,6.51695389786961
0.00788123567642062,6.51902181302435
0.00867701223081099,6.52093765551317
0.00953935620862702,6.52280057340307
0.0104918310907262,6.52461201096884
0.0115751621568903,6.52640097850883
0.0127972815624155,6.52813741348703
0.0141865276407927,6.52982780561527
0.0157516087613873,6.53145509771409
0.0175141553609268,6.53302080348876
0.0194922279457117,6.53452296769265
0.0217070777274732,6.53596245784588
0.0241854862472032,6.53734272656355
0.0269567058203741,6.53866675914227
0.0300565330100142,6.53993869919693
0.0335258381601665,6.54116239149139
0.0374119984089294,6.54234161801511
0.0417710905595315,6.5434803398597
0.0466686486443355,6.54458239078029
0.0521820261788051,6.54565160232225
0.0584040105374912,6.54669198992565
0.0654463901095333,6.54770772049176
0.0734459250903529,6.54870328189491
0.0825729776821112,6.54968369050592
0.093044392175035,6.55065477326068
0.105143661556009,6.55162359944938
0.119255181973067,6.55259925388146
0.135927266474288,6.553594295205
0.155699887997009,6.55461334991729
0.178632974597838,6.55563786539694
0.205374097343536,6.55668065612358
0.236826735922809,6.55776059444637
0.274407267039638,6.55890990628755
0.315953644772875,6.56006695222301
0.352604210800497,6.56103439662853
0.384083857388408,6.56185746672544
0.411652264991939,6.56260046873816
0.435735062210618,6.56329870408748
0.45630343464556,6.56397591737178
0.473002371990852,6.56465242605232
0.485090482670071,6.56534978473651
0.491187036380107,6.56609638216016
0.488612946891296,6.56693065937135
0.475244397529446,6.56777629534149
0.44990404259686,6.56864740616582
0.411141635551508,6.56955460588741
0.357355694961221,6.57050816671655
0.317327218534943,6.57110782985843
0.273373201915193,6.5717074930003
0.233735071531945,6.57221853040518
0.199167818028188,6.57265451389595
0.168438353328422,6.5730433860911
0.140705543710256,6.57340247216727
0.115436859975997,6.57374290826253
0.0922494195714118,6.57407307063328
0.0708166537951342,6.57440066396764
0.0507811974349179,6.57473500648953
0.0315564851670176,6.57509274791198
0.0111401811706099,6.57553237087078
0.00177730012339664,6.57576413875006
-0.00666102504346611,6.57599590662934
-0.0130305060623842,6.57618941134185
-0.018875582023248,6.57638495901522
-0.0247071839306504,6.57660196511168
-0.0303012151466492,6.57683701273682
-0.0355162592757104,6.57708808005065
-0.0402749731114328,6.57735452916202
-0.0445365961709579,6.57763663986738
-0.0486009056495201,6.57796473480385
-0.0517338435010705,6.57828079900105
-0.0543499041786151,6.57861646895743
-0.0564650227165052,6.57897472849558
-0.0580924558476269,6.57935871173131
-0.0592459513439948,6.57977226581206
-0.0599382871450823,6.58022014055421
-0.0601798006160884,6.58070826035997
-0.0599767379887559,6.58124413290946
-0.0593283439402634,6.58183804943999
-0.0582220319624254,6.58250428463743
-0.0566295535194368,6.58326205232157
-0.0544944144382309,6.5841408428969
-0.0516978337944091,6.5851929705559
-0.0479186573220753,6.58654484110259
-0.0440134052959731,6.58791693787104
-0.0402635891226003,6.58924330736143
-0.0367071521073199,6.59052806056217
-0.033362062529793,6.5917733282646
-0.0302366342827001,6.59297994029479
-0.0273332161285769,6.59414806261592
-0.0246499958163718,6.59527753703072
-0.0221820665033576,6.59636805922749
-0.0199221752877413,6.59741926881795
-0.0178613183776796,6.59843078913478
-0.0159892471996167,6.59940223667911
-0.0142949094978468,6.60033321099013
-0.0127250508866863,6.60124837723262
-0.0112137446860803,6.60218685849928
-0.00976571494159202,6.60315009305898
-0.00838494442643893,6.60414014490592
-0.00707522955594388,6.60515943016626
-0.00584012732274548,6.60621080683752
-0.00468290464832292,6.60729768903636
-0.0036064855573369,6.60842420031081
-0.00261339624609467,6.60959538406647
-0.00170570776877983,6.6108175001592
-0.000884975512268912,6.612098456283
-0.000152173687228829,6.61344845957341
0.000492378666050538,6.61488104756952
0.0010491071014581,6.61641481764862
0.00151012672364105,6.61803938795783
0.0018691282029322,6.6197083865376
0.00214268608867908,6.62144013181791
0.00234543511855398,6.6232552025906
0.00249106590483085,6.62518094442461
0.00259271701116817,6.6272558156459
0.00266354878198309,6.62953836292285
0.00271779589911969,6.63212867481224
0.00277356318830502,6.63523542913041
0.00285233387983765,6.6389696374897
0.00296142828430651,6.64289722744466
0.00309358869480988,6.64670951301022
0.00324518212364553,6.65048724938998
0.00341250706274883,6.65428770657078
0.00359303476088345,6.65815326171098
0.0037857571340843,6.66211909536235
0.00399112383623849,6.66621715670835
0.0042108529679136,6.6704785108038
0.00444773739735051,6.67493496972006
0.00470552422080291,6.67962047625172
0.00498896322706422,6.6845726015187
0.00530411626724923,6.68983387248597
0.00564179562985996,6.69518389260581
0.00599254516497964,6.70042815941598
0.00636142028236708,6.70560612910279
0.00674999449562428,6.71069591697669
0.00716246683298388,6.71570793882313
0.0076031905018502,6.72064805454733
0.00807712891034176,6.72552317951293
0.00858960725292266,6.73033749650431
0.0091464385186346,6.73509319022622
0.0097539920868773,6.73979046042287
0.0104193265844406,6.74442816043544
0.0111622217418095,6.74907519646509
0.0120002085181936,6.75375243249065
0.0129531067492494,6.75846824961704
0.0140483262202594,6.76324854736047
0.0153284440834342,6.76815210301721
0.0168749762016053,6.77332721331084
0.0189199693860446,6.77927272691499
0.0207290828445965,6.78396768242717
0.0226601157123697,6.78866263793936
0.0242468542369851,6.79247600312764
0.0255587636316915,6.79577710818632
0.0266581773249342,6.79885388593446
0.0275454122273966,6.80184994230469
0.028162484345792,6.80469632887782
0.0285119593012884,6.80751302568985
0.0285707098439422,6.81044536827314
0.0282530490171198,6.81376656748588
0.0272611906446626,6.81812902859676
0.0263679382230747,6.82083613145892
0.0253092562373359,6.82354323432108
0.0242361378244196,6.82600841964638
0.0231620824259757,6.82832202639384
0.0220872544977433,6.83055182427077
0.0210143350646873,6.83273555100723
0.019946937723538,6.8348968961035
0.0188887452962779,6.83705249264245
0.0178432459973377,6.8392150020356
0.0168136619185893,6.84139467881469
0.0158029362580315,6.84360026439638
0.0148137382278911,6.84583954760303
0.0138484758504091,6.84811973768556
0.0129093056225163,6.85044774254176
0.011998143458559,6.85283038323394
0.0111166776174535,6.85527456697242
0.0102663728216034,6.85778746544825
0.00944848676793314,6.86037665375923
0.00866407343777002,6.86305029224612
0.0078998294626422,6.86587180541616
0.00715128180800131,6.86888806108999
0.00642228804538051,6.87212232779266
0.0057168098051995,6.87560195125464
0.00503899553223174,6.8793586461574
0.00439312266999018,6.88342939882348
0.00378350069450396,6.88785774348117
0.00321430979009947,6.89269587416222
0.00268938676218717,6.8980082525079
0.00221193440845516,6.90387862378617
0.0017844405019986,6.91041995171668
0.00141981637783502,6.91754284904295
0.00119808551731294,6.92343751606241
0.000984907805839884,6.93118955929916
0.000827253182142867,6.93917447381591
0.000704746466905726,6.94804798115921
0.000618165775388773,6.95804798115921
0.000574195102169788,6.96804798115921
0.000563785351338351,6.97804798115921
0.000581307632153321,6.98804798115921
0.000624242944888708,6.99804798115921
0.000687529722418397,7.00733997824979
0.000768131986616738,7.01588743779244
0.000865228261108439,7.02375134129671
0.000979225525622423,7.03099076112035
0.00111130970815062,7.03765969946655
0.00126324041775784,7.04380764368803
0.00143726748612832,7.04948012520924
0.00163610960825384,7.05471916291372
0.00186297082185041,7.0595636313068
0.00212158272438789,7.06404960839511
0.00241627761716996,7.06821071124885
0.00275208953541966,7.07207841919828
0.00313489605149825,7.07568240136101
0.00357161940987951,7.07905090308526
0.00407051594732292,7.0822112307524
0.00464161601026509,7.08519039384773
0.00529742161260546,7.08801606196742
0.00604426793302821,7.09068605746617
0.00688502018440813,7.09319869700296
0.00784545876474455,7.09561889827175
0.00897754265496508,7.09804210308097
0.0104291980715211,7.10069266252509
0.0117330364098534,7.10278791199886
0.0131509106343703,7.10488316147262
0.0143971844987292,7.10665057112583
0.0154715326730966,7.10818140504892
0.0164207830717723,7.10959962638556
0.0172537476611768,7.11096891146115
0.0179612557399189,7.11233427643037
0.0185212434985883,7.11374171556597
0.0188933901289489,7.11525701297638
0.0189926212039823,7.11701873896266
0.0184910794732012,7.11959560757935
0.0177673423229137,7.12132466548452
0.0167992461062279,7.12305372338969
0.0157425058946417,7.1246530653954
0.014601231925602,7.12622740169985
0.0133832794513026,7.12782695084105
0.0127161594733583,7.12868835876835
0.0120575155841683,7.12954976669565
0.011277755619861,7.1306149445643
0.00953843031146984,7.13321184085345
0.00801885352315759,7.13580402979328
0.00672318822599121,7.13834127473447
0.00557918032705774,7.14092309395452
0.00456455678896165,7.14357767866807
0.00372243349739194,7.14613353766118
0.00311435522364074,7.14824187573742
0.00261343721402529,7.15019007009093
0.00216570402740983,7.15213178307212
0.00174023878650693,7.15419224683218
0.00130477789999373,7.15656964543695
0.000778779768238608,7.15990302664404
0.00028405774459245,7.16364700919623
-9.36315312376159e-05,7.16703464850543
-0.000419379520999539,7.17043438376209
-0.000736492474591268,7.17428681649339
-0.00106680051290679,7.17905256101142
-0.00136704850059853,7.18440577636959
-0.0015678427043407,7.18914004156584
-0.00168629137905375,7.1934852458603
-0.00171969698895031,7.19744867621144
-0.00166400383310167,7.20108384736337
-0.00151365156092997,7.20444472354566
-0.00126140491341102,7.20759272864536
-0.000895061830562263,7.21060622058337
-0.000390754317800891,7.21358895488878
0.000306026619970457,7.21671434671837
0.00123936648950003,7.22002749925641
0.00244807537321871,7.22356992496528
0.00395143422259298,7.22732966517304
0.00497958222730022,7.22960942967184
0.00611613204429104,7.23188919417063
0.00725580962356398,7.23393509600299
0.00845506917558522,7.23584740697983
0.00972843330356589,7.23763665462959
0.0111227146609458,7.23935140858991
0.0126600973765568,7.2409963556853
0.0143680176660909,7.24257933934198
0.0162683859198385,7.24410056572522
0.018389735488649,7.24556452574662
0.0207530859021439,7.24696922588746
0.0233933557379048,7.24832034253739
0.0263438748488741,7.24962018290424
0.0296414874286411,7.25087105189896
0.0333310336157904,7.25207648369017
0.0374658911770706,7.25324044932478
0.0421069859347321,7.25436651508615
0.0473262661319806,7.2554583911974
0.0532084325739383,7.25651977748024
0.0598577550661249,7.25755499633197
0.067400320258488,7.25856848953566
0.0759925852173692,7.25956520163001
0.0858327080220389,7.26055083269703
0.097178925511,7.2615322971605
0.11038007386604,7.26251845511192
0.125930640049928,7.26352144394546
0.144481683092969,7.26455425521291
0.165985424437728,7.26559088380018
0.191042866947853,7.26664401831482
0.220492797566379,7.26773234294875
0.255633975226309,7.26888698372931
0.294714860148499,7.27005244306013
0.330946882624347,7.27106974602767
0.36235205398712,7.27193589757482
0.389980038420361,7.2727143320517
0.414221822078284,7.2734411972488
0.435060606155491,7.27414034267201
0.452199079692193,7.27483139679176
0.465024077912315,7.27553383136077
0.472441187432498,7.27627083940122
0.472449051645482,7.27707592148274
0.462461954892226,7.2779259904151
0.441218452897933,7.27879341020647
0.407437107563734,7.2796894521474
0.359680235396174,7.28062440342743
0.320346212624183,7.28126162174999
0.276343979118884,7.28189884007254
0.236486841558188,7.28243696976969
0.201843557027743,7.28289043676434
0.171100119165692,7.2832915535534
0.143370370572284,7.28365975562656
0.11810992394097,7.28400710197973
0.0949385733338287,7.284342324031
0.0735439400202269,7.28467304967071
0.0536056433431627,7.28500781877943
0.0346565973642032,7.28536018689758
0.0154616712113885,7.28576739364408
0.00753563053193492,7.28595637973028
0.000216127915550801,7.28614536581649
-0.0073038480585392,7.28635759804675
-0.0136616471847117,7.28655501510454
-0.0194144747338301,7.28675165342973
-0.0251740882131626,7.28697041105015
-0.0307115161475596,7.28720768108699
-0.0358807238965876,7.287461261291
-0.0406017509499228,7.28773041141052
-0.044830124724445,7.28801535199673
-0.0487558383011334,7.28833682764068
-0.051878866746224,7.28865498424523
-0.0544904340570508,7.28899284616368
-0.0566042966551425,7.28935322049974
-0.0582331871555425,7.28973918725097
-0.0593904758915395,7.29015452498928
-0.0600887053762804,7.29060388938247
-0.0603381537737839,7.29109307081943
-0.0601452517031661,7.29162937970714
-0.0595098963670612,7.29222274075321
-0.0584206912232756,7.29288699215849
-0.0568517609690567,7.29364046347402
-0.0547516654889069,7.29451086677137
-0.0520145294523432,7.29554603141771
-0.0483702488253939,7.29685439515459
-0.0444758705955817,7.29822567492237
-0.0407355676878016,7.29954994473453
-0.0371891649564186,7.30083158514416
-0.0338548658128003,7.30207304801731
-0.0307408781029289,7.30327536237886
-0.0278493155925415,7.3044388231391
-0.0251780927573632,7.30556335982913
-0.0227220372702407,7.30664873001805
-0.0204736628402416,7.30769461765168
-0.018423776443384,7.3087006773886
-0.0165619892235437,7.30966654651006
-0.0148771577019416,7.31059183604787
-0.0133004817722733,7.31151050364004
-0.0117829189611848,7.31245263362726
-0.010329018181568,7.3134197880531
-0.0089427229663171,7.31441407965657
-0.00762777736175549,7.31543798506077
-0.00638767292349842,7.31649443730835
-0.00522559661796205,7.31758694503816
-0.00414437610270376,7.3187197528767
-0.00314642222556348,7.31989806235893
-0.00223366807092394,7.32112834462469
-0.00140750305660406,7.32241879753176
-0.000668699127000336,7.32378004038299
-1.73233009879222e-05,7.32522622159389
0.000547374959785447,7.32677689522557
0.00101378893279652,7.32840703147671
0.00138093096704108,7.33008425813741
0.00166520477829148,7.33182691297928
0.00188132149523751,7.33365639356623
0.00204316169928227,7.33560133035068
0.00216423335777567,7.33770239586995
0.0022583824649396,7.34002238190042
0.00234120939696688,7.34267102686676
0.00243420654140414,7.34588706561623
0.00255515600373239,7.34962703168034
0.00271068591859916,7.35363284325071
0.00290049147429822,7.35781525865703
0.00312026983249359,7.36217587998966
0.00336522469699238,7.36674734185461
0.00363179074125356,7.37156488113444
0.00391902323272368,7.37666798454717
0.00422913548325578,7.38210188863619
0.00455854813977975,7.38776080215625
0.00488762920610085,7.39324373642645
0.00522568107910738,7.3986533991096
0.00557363824269464,7.40394787916672
0.00593621209569843,7.40915007821003
0.00631717057262037,7.41426775719584
0.00672064086825015,7.41931197728162
0.00715073385335498,7.42428974372983
0.00761178574598532,7.42920596386924
0.00810845529781675,7.43406344071331
0.00864586453618431,7.43886339863557
0.00922970540733435,7.44360564403447
0.00986635626365064,7.44828888514953
0.0105630168504498,7.45291124443143
0.0113458530294705,7.45757275581633
0.0122286784795756,7.46226190557572
0.0132339026646804,7.46699679271155
0.0143929383772795,7.47181107547446
0.0157579483981812,7.47678506767387
0.017439584228087,7.48213441287762
0.01985102699605,7.48878061531726
0.02148342608622,7.49285390995273
0.0231802287461654,7.49692720458819
0.0246515334311853,7.50049338508235
0.0258890767631109,7.50369467310766
0.0269205231664722,7.50673424662994
0.0277175655479711,7.50966624490032
0.0282476626734614,7.51248920711058
0.0285062542059888,7.51532589045516
0.0284564712392895,7.51834352452705
0.0279625218194804,7.52193956111592
0.0271579217038045,7.52514946493596
0.0260679137783762,7.528359368756
0.0249799503348221,7.53105690250019
0.0239049053109981,7.53347931274737
0.022830256497396,7.53576774804818
0.0217553444282938,7.53798385495572
0.0206831352064498,7.54016096073226
0.0196172995872187,7.54232054967784
0.0185614795594231,7.544478062051
0.0175190940328071,7.54664546351629
0.0164932877645328,7.54883259327817
0.015486926611406,7.55104795031326
0.014502605534156,7.55329919665543
0.0135426585890046,7.55559350793174
0.0126091748744467,7.55793782058411
0.0117040031149197,7.56033905283208
0.0108287650217044,7.56280427513368
0.00998486731457967,7.56534086778996
0.00917350708085538,7.56795669583948
0.00839568514158439,7.5706602696381
0.00763413526554906,7.57353204148658
0.0068891489994959,7.5766042652672
0.00616454762914391,7.57990131773366
0.00546430727175547,7.58345157630253
0.00479257214410599,7.58728794663949
0.0041535820812059,7.59144882035414
0.00355155680974741,7.59597945274133
0.00299051629195441,7.6009342330317
0.00247400990129242,7.60638099742638
0.00200486531939137,7.61240819019097
0.00158511192167465,7.61913498497522
0.00123615668915581,7.6264040255899
0.00103160498710475,7.63223558925508
0.000817199180889307,7.64028031684642
0.00065002603147298,7.64880858539128
0.000517058326082201,7.65826762315844
0.000421319947172857,7.66826762315844
0.000359235363190049,7.67826762315844
0.000321347792636515,7.68826762315844
0.000300867267878416,7.69826762315844
0.000293127704030794,7.70826762315844
0.000295089813167282,7.71826762315844
0.000304907868911304,7.72826762315844
0.000321612091648409,7.73826762315844
0.000344916556858158,7.74826762315844
0.000375136385136619,7.75826762315844
0.000413199558617136,7.76826762315844
0.000460756741355361,7.77826762315844
0.000515982737961746,7.7875831547804
0.000579154649678399,7.79619552521443
0.000651114476734554,7.80415545289449
0.000732958115633746,7.81151259939274
0.000825985897417871,7.81831316431209
0.000931695561096244,7.82460010240407
0.00105179530284953,7.83041338788435
0.00118822593964368,7.83579024025157
0.00134318883924157,7.84076532056326
0.00151917814417869,7.84537091376325
0.00171902008075904,7.84963710128058
0.00194591879553663,7.85359192470029
0.00220351254637847,7.85726154143022
0.00249594177948372,7.86067037983784
0.00282793423242137,7.86384129885436
0.00320491331357428,7.86679575352015
0.00363313829570803,7.86955397274173
0.0041198922484882,7.87213516164762
0.00467374107384321,7.87455774363007
0.00530490385454353,7.87683966871393
0.00602090955195213,7.87898545266106
0.00681119607369426,7.88096075428647
0.00768523047053396,7.88279821323251
0.00865729893220406,7.88453051273368
0.00974932249519343,7.88619195772776
0.0109991895203947,7.88782562150207
0.0125250581425254,7.88954421648
0.014676724747832,7.89162216449731
0.016349241520125,7.89305689252524
0.0181410460165047,7.89449162055318
0.0198103773546334,7.89578572812474
0.0212892871118719,7.89694213286955
0.0226174488084037,7.89803328719717
0.0238017439292555,7.89910457245653
0.0248283167607136,7.90019358993156
0.0256653522544809,7.90134546477382
0.026250628443798,7.90263797597182
0.0264213731414714,7.90429397634288
0.0259592060776294,7.9059873453696
0.0249620446452492,7.90768071439633
0.0238156659925201,7.90910160551243
0.0225230579635071,7.91047658218401
0.0210827558601641,7.91188562072826
0.0195031864438079,7.91337008692803
0.0177900078541274,7.91496899301192
0.0159738398132171,7.91673407922029
0.0142124873440415,7.91859640228452
0.0117147142233187,7.92158392718212
0.00970064927645261,7.92440657179326
0.00811583437681442,7.92700195509212
0.00681109634809036,7.92948685293217
0.00567242199339436,7.93201173013188
0.00467314407407427,7.93460596386351
0.00379477715945698,7.93729274032774
0.00302244429259123,7.94009538445271
0.00234362180593809,7.94303899634374
0.00180110075644676,7.94584635703905
0.00135752519908673,7.94855800246645
0.000982859504577907,7.95124345815924
0.000661447498165274,7.95392977786328
0.000387380227247658,7.95658336290806
0.000153613924692152,7.95918226525945
-5.19349939502842e-05,7.96178361914091
-0.000245689094253143,7.96456362950697
-0.000418130556447008,7.96735405442254
-0.000536405894405248,7.96946399028482
-0.00064594153645042,7.9715739261471
-0.000737053714791715,7.97345024816666
-0.000818100770087317,7.97521562806053
-0.000895522056654752,7.97698879193559
-0.000974392132548734,7.97888340085055
-0.00106197277306653,7.98109198179336
-0.00118216329620044,7.98430142974336
-0.00131700270820502,7.98814854977697
-0.00142260833080089,7.99135380846624
-0.00152116404822158,7.99451827459125
-0.00162638716939055,7.99813232588434
-0.00174480862156838,8.00266367455624
-0.00185412761947047,8.00794884224136
-0.00190495667412427,8.01254523524204
-0.00189121538925682,8.01667187451592
-0.00180347797395595,8.02040059235122
-0.00163147294684543,8.02383484532317
-0.00136513104213344,8.02702899261788
-0.000998708710163022,8.0299951391793
-0.000528685722452733,8.03275369317099
5.15611003709261e-05,8.03534611322149
0.000756002578425233,8.03782708234726
0.0016133830585777,8.04026856890785
0.00267024410267235,8.04274731672926
0.00399661742479485,8.04534397409058
0.00562376465041636,8.04803228143061
0.00739928323831691,8.05054199357381
0.00915766967127342,8.0527011057062
0.0108984875521337,8.05457753076644
0.0127075136910398,8.05629410550241
0.0146135062123171,8.05788330631145
0.0166861568843739,8.05939687457895
0.0189406558406437,8.06083315759327
0.0214309972416948,8.06221279423943
0.0241881786023052,8.0635372521775
0.0272570894519612,8.06481290714211
0.0306817904287193,8.06604288146609
0.0345090040414917,8.06722941191851
0.0387982237114279,8.06837671183418
0.0436138799625011,8.06948778436407
0.0490305832908576,8.07056573101537
0.0551412992733154,8.07161473088895
0.0620551511661571,8.07263872048278
0.069905451921411,8.07364205293387
0.0788563769071687,8.07462948698876
0.0891201979627354,8.07560699122117
0.100972293612151,8.07658159564568
0.114785837724978,8.07756235434828
0.131092785672789,8.07856178516695
0.15045495307578,8.07958639027851
0.172910642645128,8.08061614188447
0.199093949085387,8.08166391174261
0.229891204048912,8.08274870866081
0.26669120568779,8.08390286268722
0.307331877712133,8.08506288431112
0.343672603884332,8.08604460765249
0.37501077754159,8.08688139902031
0.402505604797086,8.08763636108837
0.426555212921607,8.08834464393471
0.447128374653471,8.08902986265059
0.463886010050184,8.08971200433534
0.476128444691787,8.09041179663728
0.482576108284962,8.09115557395787
0.480758648815052,8.09198504541398
0.46837370816309,8.09283269385006
0.444262093600169,8.09370299704855
0.407035734944952,8.09460674150878
0.355154639146648,8.09555431347336
0.315531916864141,8.09616257481433
0.271822452752609,8.0967708361553
0.232341257591614,8.09728828250159
0.197911443961425,8.09772870046502
0.167300387590524,8.09812089559002
0.139668524147601,8.09848260982864
0.114487306068079,8.0988251628301
0.0913788425655761,8.09915699520044
0.0700234765461613,8.09948577161846
0.0500769896832311,8.09982057606601
0.0309919565374423,8.1001771245263
0.0110344607627597,8.10060672979058
0.000730134919200316,8.1008618992852
-0.00642952461502449,8.10105784177075
-0.0129634053569154,8.10125378425629
-0.0187135042428155,8.10144321822133
-0.0245371720746431,8.10165568620222
-0.0301807535947952,8.10188723270025
-0.0354782103476784,8.10213528552636
-0.0403377219711263,8.10239886192728
-0.0447113997072959,8.10267801367948
-0.0488737192770132,8.10299982404207
-0.052128650696642,8.10331196891268
-0.0548659103920607,8.10364318247561
-0.057100090047285,8.10399626397249
-0.0588437860943595,8.1043741670792
-0.0601105415959816,8.10478051699586
-0.0609133419180128,8.10521977892251
-0.0612631608273565,8.10569749915503
-0.0611673966780877,8.10622066439893
-0.0606277353249373,8.10679841480871
-0.0596348839258324,8.10744411469381
-0.0581659028517781,8.10817494645234
-0.0561746371603759,8.10901650250902
-0.0535673794991406,8.11001174132436
-0.0501177914628464,8.11125210765711
-0.0461632751505234,8.11263793037044
-0.0423488896913657,8.11397555804182
-0.0387216283765741,8.11527018148702
-0.0353032963054713,8.1165246099443
-0.0321042626820369,8.11774003457577
-0.0291281473433234,8.11891681427091
-0.0263740053185237,8.12005489365273
-0.0238375526147331,8.12115402261614
-0.0215119880249787,8.12221386921835
-0.0193886259890079,8.12323407266487
-0.0174574258195666,8.12421426076645
-0.0157074498317604,8.12515404497129
-0.0141078841930656,8.12606436323964
-0.0125655297973217,8.12699776273875
-0.0110853644814033,8.12795550163292
-0.00967138740164974,8.12893957814227
-0.00832741927798527,8.12995232531283
-0.00705704702245505,8.13099649707245
-0.005863572477412,8.13207537570777
-0.004749958520586,8.13319291544396
-0.00371877249677451,8.13435393847341
-0.00277212650807641,8.1355644095546
-0.00191161340219556,8.13683183249377
-0.00113823611129151,8.13816584373803
-0.00045232578990411,8.13957914130302
0.000146560239826019,8.14108902138775
0.000655961949141253,8.14270632501927
0.00105939139535406,8.14436418551525
0.00137427623114803,8.14608102401808
0.00161570968279871,8.14787631382917
0.00179782383657514,8.14977568933159
0.00193418822764053,8.15181469894302
0.00203840334050025,8.15404642924267
0.00212516248631608,8.15655900414846
0.00221290799709291,8.15952647855663
0.00232904024522901,8.1632655817336
0.0024703889991211,8.16711895472633
0.00263336947744348,8.17090502507669
0.00281600091139913,8.17468806788621
0.00301502575406024,8.17851606588511
0.00322784347276204,8.18242680315816
0.00345323138232549,8.18645312589908
0.00369145932289798,8.19062585883347
0.00394416911962941,8.19497573698057
0.00421419710703579,8.19953479037867
0.0045054713775307,8.20433772514644
0.00482309329763725,8.209423265089
0.00517372746553157,8.2148353771631
0.00553212080646283,8.22012477519407
0.00590565706122607,8.2253651455528
0.00629447178463188,8.23051305129996
0.00670279655200308,8.23558000050924
0.00713471550995573,8.24056995764089
0.00759509788564136,8.24549133902363
0.00808907687597613,8.25034959250713
0.00862220445829569,8.25514827277415
0.00920049807345776,8.25988874115479
0.00983055787545829,8.26457061808295
0.0105197094410966,8.26919243793984
0.0112932235323311,8.27385008474671
0.0121652471866115,8.27853539311098
0.0131575772441764,8.28326477099949
0.0143005815132035,8.28806950763934
0.0156438480084357,8.29302385608108
0.0172895928574504,8.29832371115161
0.0195900842153094,8.30474801998256
0.0212625847649036,8.30896162415503
0.0230130086096608,8.31317522832749
0.0245159660127099,8.3168059976295
0.0257761094713848,8.32003496145578
0.0268289711490637,8.32308402806771
0.0276542501577543,8.32603362439156
0.0282119213763842,8.32886159125182
0.0284997438941043,8.33168924721205
0.0284856268404767,8.33467542719673
0.0280531540699507,8.33816861351545
0.0272621938943902,8.3414804537976
0.0261604239205543,8.34479229407976
0.0250680947446488,8.34752632205585
0.0239929159515209,8.34996175443462
0.0229188587094291,8.35225576445508
0.0218445124308184,8.35447396175183
0.0207727152840479,8.35665096084366
0.0197071305295449,8.35880880488324
0.0186514219740524,8.36096320385118
0.0176090382526195,8.36312624577947
0.0165831558544557,8.36530780166262
0.0155766729649671,8.36751633606111
0.0145922151315734,8.36975942516005
0.0136321473456659,8.37204410546801
0.0126985865371115,8.37437712719895
0.011793408166382,8.37676516516474
0.0109182602500344,8.37921497786738
0.0100745695390846,8.38173356873528
0.00926355259224338,8.38432832875705
0.00848622303968431,8.38700719412993
0.00772323419921584,8.38985733665238
0.00697648216251864,8.39290514325092
0.00624975103919016,8.3961746134132
0.00554700832682192,8.39969355206879
0.00487239436503067,8.4034941625327
0.00423015439224403,8.40761394898633
0.00362452696569641,8.41209701112242
0.00305956983392277,8.41699616055815
0.00253890227098572,8.42237685369136
0.00206544274547389,8.42832391364548
0.00164131418951418,8.43495102289867
0.00127934241767141,8.44215466143459
0.000981813216646057,8.44995448299078
0.000809928920498454,8.45621507194236
0.000630210834494066,8.46499666038038
0.000497785664511251,8.47404205557822
0.00039543854239061,8.48404205557822
0.00032713911498774,8.49404205557822
0.000283466608784355,8.50404205557822
0.000257598932458593,8.51404205557822
0.000244670776788758,8.52404205557822
0.000241370197655437,8.53404205557822
0.000245573982177407,8.54404205557822
0.000256036968564776,8.55404205557821
0.000272169326214622,8.56404205557821
0.000293906765694963,8.57404205557821
0.000321661998470063,8.58404205557821
0.000356348364743779,8.59404205557821
0.000399480460709866,8.60404205557821
0.000451832618680609,8.61377996064093
0.000512154295326026,8.62278687210071
0.000581216785250155,8.63110100951371
0.000660107949445525,8.63877615425921
0.000750126633721966,8.64586264678814
0.000852770815474351,8.65240705848626
0.000969748396607333,8.65845252675691
0.00110299888283021,8.66403905723273
0.00125472151988909,8.66920378070638
0.00142740853884605,8.67398118061639
0.00162388438583248,8.67840330338536
0.00184735276021877,8.68249995633462
0.00210145343397402,8.68629889317909
0.00239033143364844,8.68982599295937
0.0027187242459861,8.69310544122101
0.0030920723816873,8.69615991843941
0.00351666431198242,8.69901080054308
0.0039998310966372,8.70167838572274
0.00455021670297961,8.70418216798602
0.00517816878716847,8.70654118858791
0.00589136858477145,8.70876045099164
0.00668002522432245,8.71080605164461
0.00755442484826254,8.71271279545091
0.00853033792866959,8.7145161445432
0.00963278676576847,8.71625483584242
0.0109074059593907,8.71798113900736
0.0125007001721462,8.71983874112716
0.0149167105582518,8.72224553691508
0.0164829710002599,8.72364473908795
0.0181268070446592,8.72504394126082
0.0196229209883086,8.72630292718279
0.0209605188520096,8.72746148842738
0.0221580555472852,8.72857610270959
0.0232108445945714,8.72968722985414
0.02409724963791,8.73083477656599
0.0247750108367823,8.73207480276918
0.0251553879638271,8.73352370688289
0.0248938805754696,8.73569598921847
0.0241831892257235,8.73721129579636
0.0231362645912766,8.73872660237424
0.0219437945836365,8.74013394632208
0.0206094188682096,8.74154309591592
0.0191419387358186,8.74300367285739
0.0175500829925905,8.74455277637997
0.016515103786951,8.74556259800878
0.0155150218595463,8.7465724196376
0.0131235136931094,8.74920446704836
0.0107796639926664,8.75218156347457
0.00893687378809939,8.75491928674474
0.00746906253684678,8.75745659709494
0.00622137974132962,8.7599597293744
0.00512751412285599,8.76251501798766
0.00416472941328891,8.76514853889635
0.0033160183370159,8.76788342990171
0.00259067251819409,8.77064676567441
0.00201217834526717,8.77323724059401
0.00154137049018832,8.77568576453843
0.00114918064240972,8.77803003834102
0.000815876452434286,8.78029975483634
0.000528607009280785,8.78251094323053
0.000278746628845601,8.7846683891751
5.89475222737294e-05,8.78678147659103
-0.000138927531636028,8.78888539647046
-0.000324732100505076,8.79106057987886
-0.000517242252653235,8.79354466184378
-0.00065561116675733,8.79548964241381
-0.000784810037197191,8.79743462298384
-0.000889440873933989,8.7991045814856
-0.000979475219916431,8.80061075328044
-0.00106384538582296,8.8020803541088
-0.0011480804370345,8.80360312532578
-0.00123826026628819,8.80529333396615
-0.0013471447330843,8.80741321757213
-0.00153694058219777,8.81129752324409
-0.0017060273908764,8.81493741643112
-0.00184892178927563,8.81812966708997
-0.00199843884561179,8.82157660741056
-0.00218731087306166,8.82609610558107
-0.00241467116019046,8.83191474292328
-0.00258639885042614,8.83708211056474
-0.00269152991664169,8.8416837739431
-0.00271850879199707,8.84576746971312
-0.00265998368087706,8.84941774495916
-0.00251056321161847,8.85272681395208
-0.0022661404440896,8.85575742979923
-0.00192426092187626,8.85855199715747
-0.00148173593903054,8.86115434221974
-0.00092766360591973,8.86363055169425
-0.000230154865878397,8.86608837463096
0.000697633576583499,8.86872986540403
0.00192815398724356,8.87163447215003
0.0033899095710323,8.87462235703017
0.00474297043389879,8.87714426024685
0.00604610552331601,8.87941858276598
0.00744570891239109,8.88169290528511
0.00880870572480512,8.88372041839772
0.0101090483322679,8.88546750174888
0.0114978390043823,8.88713437850518
0.0129958570813882,8.88872110646908
0.0146534515928481,8.8902563410244
0.0164967574508194,8.89173851337368
0.0185602244441766,8.89317214330968
0.0208628630488325,8.89455046775828
0.0234425157967625,8.89587898512931
0.026330937953527,8.89715791671598
0.0295594535870009,8.89838696017091
0.0331749708245443,8.89957070719531
0.0372265250550518,8.90071203805412
0.04177090013214,8.90181403436476
0.0468747061574402,8.90287999241773
0.0526148351594394,8.90391306298508
0.0590860430894055,8.90491713576895
0.0664001692868972,8.90589594649805
0.0746925396712452,8.90685344809666
0.0841291252015301,8.90779392870052
0.0949163815474844,8.90872214356688
0.107316958693325,8.90964361772692
0.121671994777013,8.91056494169557
0.138438445907983,8.91149438623902
0.158254288616186,8.9124429960607
0.181601799796299,8.91340896820163
0.208648122736979,8.91437997045759
0.24011176474939,8.91536668898422
0.276973803595147,8.91638505224451
0.320787947271174,8.91746438537491
0.357324286340364,8.91829409306366
0.395468580101194,8.91912380075242
0.429258081243955,8.91985401087121
0.458735577893797,8.92051326674092
0.484517683755838,8.9211371189081
0.506652972682879,8.92175053813277
0.524740149106373,8.92237626490566
0.537826110342321,8.92304253164957
0.543828317558733,8.92379818447487
0.539308053543813,8.92459213669617
0.522835095282009,8.92541457181368
0.492867206873563,8.92628213135182
0.447403883122418,8.92720670457103
0.385592923517873,8.92817757757969
0.34023156831736,8.92878605658047
0.290694728174192,8.92939453558125
0.246757809111461,8.9299067414399
0.209081406800325,8.93033804155375
0.175970701029041,8.93071958118756
0.146313150358949,8.93107024664843
0.119430262562994,8.9314018329269
0.0948504895547114,8.93172303631431
0.0721826760572401,8.93204180166131
0.051005324347113,8.93236784444522
0.0306154456120671,8.93271920027438
0.00833283239990317,8.93316737260293
-0.000325918690075211,8.93336819212099
-0.00820260201143977,8.93356901163905
-0.0146521921164599,8.93374973999806
-0.0206929846630648,8.93393582883349
-0.0267393392451801,8.93414281866353
-0.0325525857647589,8.93436731742046
-0.0379830846212237,8.93460735770254
-0.0429482087032283,8.93486230014644
-0.0474054502088527,8.93513239304453
-0.0513365345713746,8.93541853029719
-0.0547324846238604,8.93572213826252
-0.057638476613536,8.93605139222962
-0.059941854327401,8.93639371610796
-0.0617415232054053,8.93676057536459
-0.0630529873583719,8.93715577981789
-0.0638901352574037,8.93758391590731
-0.0642644964722447,8.93805071814562
-0.0641835106370041,8.93856347324011
-0.0636481265947391,8.93913178096455
-0.0626469751954147,8.93976979246543
-0.0611524278918739,8.94049619949236
-0.0591080968721992,8.94133968240372
-0.0563946923392367,8.94235097183511
-0.0526919062813691,8.94365150646007
-0.0486130916926037,8.94504868023792
-0.0446693226134275,8.94640130931303
-0.0409081360655074,8.947713709079
-0.0373529029423367,8.94898795912387
-0.0340156718206996,8.95022477243989
-0.0309017565426553,8.95142417366211
-0.0280118228077622,8.9525858607535
-0.0253430358925364,8.95370939540722
-0.022889829276942,8.95479430082654
-0.0206445083080709,8.95584010714962
-0.0185977698731329,8.9568463655354
-0.0167391663348078,8.95781264224977
-0.0150575209924798,8.95873849900674
-0.0134874753643303,8.95965587628646
-0.0119766045653374,8.96059672016632
-0.0105294849210928,8.96156255937867
-0.00915006812361228,8.96255548880359
-0.00784211484729927,8.96357796532241
-0.00660914180481147,8.96463289945365
-0.00545437031481975,8.96572377318639
-0.00438067273112472,8.96685479853068
-0.0033905167330303,8.96803113578537
-0.00248590710565561,8.96925920222862
-0.00166832402134393,8.97054712288601
-0.000938655783375258,8.97190541466232
-0.000297122022493553,8.97334807517806
0.000256820649801076,8.97489442313768
0.000712493512689122,8.97652265681543
0.00106792238855195,8.97819737320362
0.00133939582218074,8.97993686684899
0.00154143176754013,8.98176231602255
0.00168763343261278,8.9837020128226
0.00179109060706075,8.98579605195827
0.00186497371297363,8.98810611834799
0.00192365869612492,8.99073941766967
0.00198587128924467,8.99392663757827
0.00207010324293076,8.99766328374893
0.00218448360966098,9.0016510666544
0.00234780605735154,9.00628410598547
0.00254445203905281,9.01115798465796
0.00275077547887787,9.01591721219824
0.00293594728294583,9.02004236710914
0.00311309184918182,9.02391988130219
0.00328832571350942,9.02770194427424
0.00346554174337388,9.03146712458994
0.00364792842733843,9.03526701208273
0.00383845147253958,9.03914126594752
0.00404004709924012,9.04312346353289
0.004255773169484,9.04724463441346
0.00448894038175652,9.05153542377044
0.00474325326824876,9.05602749049181
0.00502302699508403,9.06075486793496
0.00533355319306719,9.06575539916947
0.00568170244044461,9.07107193528132
0.00604349882792833,9.07628172941495
0.00642506592979867,9.08144413436005
0.00682668185197178,9.08652151020126
0.00725240569238305,9.09152213660954
0.00770646805658543,9.09644889872306
0.0081940030241901,9.10130843764287
0.00872063741160669,9.10610549358211
0.00929251846753158,9.11084270404653
0.00991636886192702,9.11552063570151
0.0105996186460332,9.12013848253643
0.0113680217706311,9.12479543799624
0.0122352567200821,9.1294797437861
0.0132232789765802,9.13420856583222
0.014362520396555,9.13901322541845
0.0157032362444243,9.14396827653416
0.0173480413980552,9.14927066834652
0.0196521118859488,9.15570686576909
0.0213209719526204,9.15991176720772
0.0230672066661725,9.16411666864636
0.024567684657955,9.16774351726849
0.0258259091878463,9.17097081887726
0.026876850394787,9.17401932147959
0.0276997042730126,9.17696771766059
0.0282550070074808,9.17979527961494
0.0285403696033533,9.18262341790611
0.0285233920160555,9.18561147582337
0.0280864772222567,9.18911080495092
0.0272941473946063,9.19241572084803
0.026192808006775,9.19572063674514
0.0251005273487999,9.19845221424793
0.0240251944604112,9.20088674718008
0.0229509971124867,9.20318032971017
0.0218765647147494,9.20539831474776
0.0208047391697735,9.20757523476043
0.019739181757011,9.20973309753656
0.0186835539576067,9.21188759528848
0.0176413022302556,9.21405080776204
0.0166156013783944,9.21623260317954
0.0156093483408216,9.21844144735157
0.014625167596538,9.22068492160883
0.0136654237010314,9.22297007032102
0.0127322329468057,9.22530365648346
0.0118274708737221,9.22769237109193
0.0109527858188158,9.23014299435626
0.0101096050913353,9.23266255854571
0.00929914633158553,9.23525849198292
0.00852242488392876,9.23793877925006
0.00776021487176851,9.24079032129901
0.00701435954855809,9.24383978947431
0.00628866071956918,9.24711125614901
0.00558710607596638,9.2506326355536
0.00491386093667615,9.25443628964866
0.00427320190274668,9.25855995931325
0.00366940789576702,9.26304810643707
0.00310659021053273,9.26795411288109
0.00258844126828965,9.27334437125262
0.00211798467862581,9.27930530164488
0.00169750155947911,9.28595344118834
0.00134104533838024,9.29316291640319
0.00105589001443028,9.30096885944214
0.00083850062931747,9.30968078324492
0.00070258215016337,9.3174480885838
0.000586759867130837,9.32681738842301
0.000507883252723763,9.33681738842301
0.000464177639668154,9.34681738842301
0.000447587872323232,9.35681738842301
0.00045274906453626,9.36681738842301
0.00047660280889689,9.37681738842301
0.000518204422177394,9.38681738842301
0.00057645486642943,9.39649343979633
0.00064846380746319,9.40541168136151
0.000733938073458289,9.41361869526019
0.000833524778447216,9.42117446450548
0.000948452864932976,9.42813436076073
0.00108038850746506,9.43454910842358
0.00123138103181578,9.44046532886081
0.00140385467549101,9.44592599807569
0.00160062755728606,9.45097082019218
0.00182494860088113,9.45563655677249
0.0020805533423115,9.45995733132335
0.00237173846190365,9.46396491864404
0.00270346245669216,9.46768902250734
0.00308147802046369,9.47115756591628
0.00351251587302713,9.47439701948007
0.00400454303826704,9.47743279376207
0.00456714184923082,9.48028974441511
0.0052120973621694,9.4829928946592
0.00594498609666798,9.48553885334775
0.00676484692235874,9.4879167736757
0.00769088774263206,9.49017881338018
0.00875761650839484,9.49239042806555
0.0100410155365359,9.49466272334842
0.0118213938040523,9.49735512800919
0.0131167346919123,9.4991018454035
0.0144931311352465,9.50084856279782
0.0157508143102923,9.50240815149305
0.0168593556788672,9.50380868462539
0.0178431947115861,9.50513069401582
0.0187032355818967,9.50642503567113
0.0194250366317002,9.50773397041948
0.0199794694379358,9.50910717522338
0.0203115447359269,9.51062722055237
0.0202837615043033,9.51251436254435
0.0197585736567195,9.51447109934331
0.0188021629202254,9.51642783614226
0.0177570081310275,9.51805115195983
0.0166219194375074,9.51958656248611
0.0153935639179477,9.52112577824334
0.0140801453676227,9.52271144200748
0.0136813837792685,9.52318845127379
0.0132836182708203,9.52366546054009
0.0127965434530396,9.5242626406747
0.0107992114484045,9.52690609405964
0.00900122675917873,9.52962973263013
0.00753284792918181,9.5321908611257
0.00627074095114705,9.53472583918939
0.00515658808532561,9.53731302532308
0.00419935721681182,9.53989060760471
0.00340723150321199,9.54235656926247
0.00274014437599205,9.54474225092456
0.00216497084707495,9.54709330471125
0.00165189621366185,9.5494842131399
0.00116387565158108,9.55208435130496
0.000746115664803355,9.55462713422303
0.000457726348319523,9.55659040919553
0.000194870392103536,9.55855368416802
-2.12509963631949e-05,9.56030889103272
-0.000211414892871477,9.56197031789665
-0.000390834883395303,9.5636475180491
-0.00057124822177295,9.56544974549513
-0.000769192402983016,9.5675698941961
-0.00104193537539622,9.570751674507
-0.0013234277004157,9.57436990952315
-0.00154341179395398,9.57744465097366
-0.00174953641375276,9.58053009457367
-0.00197242350290091,9.58410632528604
-0.00223549749093922,9.58871888947191
-0.00249881627853381,9.59405500853307
-0.00268476640220499,9.59904147257383
-0.00277252289817665,9.60341832478825
-0.00276427852998419,9.60723966088472
-0.00265865219042067,9.61082138572889
-0.00244642190447691,9.61420498005754
-0.00213347799420415,9.61729745889517
-0.00171977008695624,9.62017093787469
-0.00119789588858424,9.62290207272257
-0.000544099616384872,9.62559545341688
0.000310574647101422,9.62844783016484
0.00141562052628695,9.63151944106817
0.00279852868977563,9.63484485225075
0.00416997233146952,9.63783316054608
0.00569965655191995,9.64091780939596
0.00676482547906429,9.64290934476449
0.00791846010814821,9.64490088013302
0.00911518980372687,9.64677279709149
0.0103680330675721,9.64852324685414
0.0117262518405735,9.65019935732497
0.0132293123020978,9.6518220194268
0.0148952967023387,9.6533843411128
0.0167578994008514,9.65489460839067
0.0188363642545079,9.65634744248947
0.021159383246032,9.65774513235236
0.0237574070981405,9.65908970836955
0.0266614810401044,9.66038233174016
0.0299070280416803,9.66162506788219
0.0335397121874028,9.66282214095998
0.0376095073229955,9.66397680012186
0.0421747948600527,9.66509247140637
0.047303038879466,9.66617247138001
0.0530767314518851,9.66722077182261
0.0595930690684137,9.66824120146727
0.0669693586524944,9.66923780260571
0.0753491013916042,9.6702149467952
0.0849105380649733,9.67117748428356
0.0958805327571937,9.67213107953131
0.108554182663031,9.6730825201605
0.123328893017787,9.67404042714737
0.140764722500359,9.67501648944742
0.161444381553333,9.67601630540411
0.185410853871398,9.67702059957082
0.213317780579324,9.67804097851086
0.246059478839767,9.67909423945436
0.285001652441562,9.68020864305802
0.32910240335016,9.68135456849831
0.367734089681681,9.68230351979541
0.400388771473755,9.683097671845
0.428818005116629,9.68381079935102
0.453638800229829,9.68448138679853
0.474879096473546,9.68513430878137
0.492181620732547,9.68579095220048
0.504743031815174,9.68647507320743
0.510977621519125,9.68722084485358
0.507935377204863,9.68803951415839
0.493676855755716,9.68887546673086
0.466908632325198,9.68974373693669
0.426002853374563,9.69065523584743
0.369172989754048,9.69161917755864
0.327033952224384,9.69222443249317
0.280806342429427,9.6928296874277
0.239369534462074,9.69334277398603
0.203480071713047,9.69377788855618
0.171728565345051,9.69416443618904
0.143165158573633,9.69452049573083
0.117197782583954,9.69485753529591
0.0934074916370102,9.69518408553709
0.0714424058054625,9.69550793364226
0.050922637815392,9.69583846946007
0.031228568334607,9.69619253658298
0.0102133551407345,9.69663053302245
0.000897472042056762,9.69685386752232
-0.00751500134747941,9.6970772020222
-0.0139493429745094,9.69726585855951
-0.0198714409050165,9.69745691988021
-0.0257941910226023,9.6976693084278
-0.031485426440758,9.69789958789823
-0.0367983390950537,9.69814571714344
-0.0416522440618732,9.69840703089373
-0.0460058316185669,9.69868377782728
-0.0498343758199599,9.69897686661056
-0.0531265878553382,9.69928772735904
-0.0558673965162581,9.69961540762502
-0.0580992430415834,9.69996501860293
-0.0598357881776752,9.70033961845008
-0.0610911453258801,9.70074292936878
-0.0618786451541419,9.70117954912074
-0.0622093331837449,9.70165521270626
-0.0620903052311117,9.702177184547
-0.0615222568295337,9.70275512244078
-0.060494047553227,9.70340299134091
-0.0589792052857213,9.70413919482083
-0.0569242679436086,9.70499173519038
-0.0542177214378252,9.70600943506815
-0.050569108899399,9.70730539705403
-0.0465719009324503,9.70869258543757
-0.0427168481373506,9.71003398690153
-0.0390488576358026,9.71133401360932
-0.0355893597876076,9.7125949583953
-0.0323488984472185,9.71381769702881
-0.0293314876046778,9.7150023841771
-0.0265366447978135,9.71614882481025
-0.0239605388938304,9.71725666935243
-0.0215967694674812,9.71832551354161
-0.0194369778506861,9.71935494439294
-0.0174713672293842,9.72034455392227
-0.0156891598281473,9.72129393232205
-0.0140790000473668,9.72220264697886
-0.0125325658720399,9.72313001146618
-0.0110474157249702,9.72408131662159
-0.00962765333443633,9.72505844822234
-0.00827715871044734,9.72606364556283
-0.00699959527766096,9.72709954639073
-0.00579835932209325,9.72816928742294
-0.0046765275533677,9.72927663760307
-0.00363680244664768,9.73042617902072
-0.00268145517589944,9.73162355865973
-0.00181226547127254,9.73287584900139
-0.00103045691523436,9.73419208271911
-0.000336624716829107,9.73558407953186
0.000269349823618107,9.73706779348753
0.000788410042161325,9.73866566059275
0.00120098597760283,9.74031145585227
0.00152079754616793,9.74201172412793
0.00176317767147059,9.74378510829453
0.00194228263039657,9.74565544047518
0.00207153520103203,9.74765527678751
0.00216411298665033,9.74983224076993
0.0022337437934278,9.75226299643069
0.00229647282711866,9.75509105572362
0.00237694826276439,9.75867729903223
0.00248132971171341,9.76246699001212
0.00261052557014542,9.76625067121422
0.00276142773348774,9.77002991143179
0.00293036679803748,9.77385251909051
0.00311403967269852,9.77775668787244
0.00331043743229449,9.78177557275353
0.00351906119213494,9.78594024728255
0.00374082915402492,9.79028171038476
0.00397788272758917,9.79483231202639
0.00423343331380692,9.79962717075541
0.00451176386353554,9.80470559574145
0.0048185070542209,9.81011244020836
0.00514317991608109,9.81559645050379
0.00547691239991676,9.82095953607151
0.00582466833939362,9.82624185723448
0.00618824334012878,9.83142563986558
0.00657169995857752,9.83652490845908
0.00697902186871784,9.84154770345833
0.00741459557797437,9.84650245737277
0.00788303749435132,9.85139468655954
0.00838932425151266,9.85622771198868
0.00893888685668188,9.86100281332743
0.00953773697471383,9.86571969599037
0.0101925949050895,9.87037695806795
0.0109180651025315,9.87501548133411
0.0117351626346624,9.87968733764558
0.0126609047787253,9.88439289683096
0.0137205874826837,9.88915450999412
0.0149519779317579,9.89401988490555
0.0164231478319721,9.89910590420036
0.0183044760577358,9.90476607025861
0.0207228670047915,9.91113196479358
0.0222665287803507,9.91489345411268
0.0238368808319017,9.91865494343177
0.0252034817049566,9.92203397447078
0.0263557958649465,9.92514972282117
0.027302615434159,9.92816531486297
0.0279894221642292,9.93103861585543
0.0284099954723412,9.93385081689655
0.0285494924083729,9.93673551988624
0.0283463826017295,9.93991019212911
0.0275203023655855,9.94414892371025
0.0266567441025386,9.94699243802833
0.0255952797949721,9.94983595234641
0.0245199318871596,9.9523731604538
0.0234460472451981,9.95472361035778
0.0223711925699566,9.95697379795517
0.0212972510403343,9.95916864655068
0.0202276832164292,9.96133503723638
0.0191661916808731,9.96349128403114
0.0181163319076263,9.9656510331395
0.0170814048801342,9.96782515297233
0.016064432912833,9.97002278051676
0.0150681614819534,9.97225196026245
0.0140950714144266,9.97452006096866
0.0131473876619223,9.97683408184861
0.0122270924980728,9.97920087763881
0.0113359368026567,9.98162734505165
0.0104754442605871,9.98412060615288
0.0096469299126707,9.98668814355353
0.00885150165622801,9.98933798555208
0.00808277109305145,9.99210625499576
0.00732847503154461,9.99506325135392
0.00659249196013493,9.99823089441483
0.00587869941196717,10.0016353490625
0.00519116632447936,10.0053069140326
0.00453410770357981,10.0092808093056
0.00391179373821369,10.0135983080124
0.00332840706838043,10.0183084775648
0.0027878389635177,10.023471119117
0.0022933896385763,10.0291625511915
0.00184759637515565,10.0354842552491
0.00145812138710638,10.0424560372301
0.00114679299705663,10.049976489916
0.000922791272549868,10.0576558042445
0.000756781682068844,10.0654114205921
0.00061779448515185,10.0743137588737
0.000511652871022959,10.0843137588737
0.000445349070919689,10.0943137588737
0.000408539125496379,10.1043137588737
0.000393889341301837,10.1143137588737
0.000396507051596455,10.1243137588737
0.000413526889497602,10.1343137588737
0.000443761803721319,10.1443137588737
0.000487495853716763,10.1543137588737
0.00054360930932701,10.1638711645869
0.000610463678947503,10.1726935118421
0.000688273419078005,10.1808277229245
0.000777863431687916,10.1883292588967
0.000880454465175141,10.1952494845883
0.000997582086180249,10.201635700913
0.0011310729810873,10.2075315739675
0.00128304987689093,10.212977494389
0.00145595322593899,10.2180108709176
0.00165257289044991,10.2226663931261
0.0018760923192837,10.2269762736123
0.00213014308823801,10.23097047361
0.00241887576404254,10.2346769106388
0.00274704784617346,10.2381216654573
0.00312013959395021,10.2413292003733
0.00354450681753448,10.2443225939386
0.00402758787226614,10.2471238052688
0.0045781970121451,10.2497540004562
0.00520695475953814,10.2522339844584
0.00592187546054814,10.2545696937405
0.00671445597294789,10.2567283932753
0.00759669985806569,10.2587488996385
0.00858761561822096,10.2606723216224
0.00971941763783929,10.2625475257613
0.0110578944421333,10.2644513140317
0.0128491771385552,10.2666384942807
0.0143894193035029,10.2683023608176
0.016055296883511,10.2699662273545
0.0175864457679357,10.2714357716635
0.0189253851632778,10.272724936579
0.0201201877816315,10.2739277236173
0.0211812424750492,10.275097503446
0.0220979367568711,10.2762744268001
0.0228437806395249,10.2775024415463
0.0233684981806427,10.2788498760021
0.0235565676695644,10.2804804333466
0.0231715020128859,10.2823792411626
0.0222253294897848,10.2842780489786
0.0211418409153676,10.2858171043877
0.0199428230855523,10.2872645481418
0.0186221192787214,10.2887228743603
0.0171878909769213,10.2902370934533
0.0156481314767545,10.2918435282511
0.0142096664961031,10.2934047342222
0.0119329468003024,10.2961449791905
0.00989573242824395,10.2989786931958
0.00827027528971438,10.3016080061065
0.00693624158605038,10.3041089526642
0.00576975851406532,10.3066459768631
0.00474341982039587,10.30924989505
0.00383850269733627,10.3119443299295
0.00306246613716242,10.3146667273766
0.00242052900371957,10.3173141447309
0.00187407075322786,10.3199515854847
0.00138629642213065,10.3227069938768
0.000896728936381714,10.3259876653143
0.000605148844194066,10.3282655561327
0.000346530947919482,10.3305434469511
0.000139877041196777,10.3325735061308
-3.39089695368733e-05,10.3344503688924
-0.000191808449480284,10.3363099688799
-0.000344543931138072,10.3382669698025
-0.000503577437111032,10.3404906909444
-0.000695425076522643,10.3434584050225
-0.000972990935892265,10.3483862830747
-0.00116712890509715,10.3523595297999
-0.00132256489102503,10.3559089783447
-0.00147894277957088,10.3598829986398
-0.00165043156587544,10.3649137303511
-0.00178641725251985,10.3700105664228
-0.0018600791590087,10.3745851261323
-0.00186537590717162,10.3787505690597
-0.00179329959996445,10.3825378530433
-0.00163612369634613,10.3859923764307
-0.00138691129116493,10.3891688280003
-0.00103807848274754,10.3921252674785
-0.000578234861668877,10.3949276849896
1.34333372634692e-05,10.3976568189923
0.000773042930473239,10.4004057583241
0.00178695974367225,10.4033559106302
0.00312174660054323,10.4065425840808
0.00475518638909916,10.4098133186505
0.00602372026433964,10.4120271425593
0.00744724716976987,10.4142409664681
0.0088791571034313,10.4162145149729
0.010354236491037,10.4180124642318
0.0119438327721208,10.4197184253957
0.0136427993302419,10.4213154200243
0.0155129566659829,10.4228485710198
0.0175810721025188,10.4243208770768
0.0198728575218154,10.4257334349885
0.0224265986137137,10.4270934222785
0.025271831495302,10.4284008380059
0.0284515932206469,10.4296606723241
0.0320090735546729,10.430875488862
0.0359914932171594,10.4320475082303
0.0404595496419479,10.4331808946332
0.0454813509529963,10.4342790731807
0.0511373571454293,10.4353456459183
0.0575233467440175,10.4363843790125
0.064755968398712,10.4373994550534
0.0729796139105125,10.4383955894118
0.0823743458173139,10.439378005592
0.0931711420100445,10.4403528741238
0.105675261198554,10.4413278304774
0.120307114427929,10.4423129345919
0.137680562998768,10.4433225596322
0.158082097370245,10.4443473020673
0.181779795037025,10.4453812583729
0.209482085492556,10.4464390683011
0.242208691720529,10.4475431203799
0.280804870708082,10.4487097548001
0.321621302592438,10.4498456702585
0.356057440084884,10.4507667665483
0.385913770129685,10.4515679089032
0.412133545642632,10.4523022392374
0.434932081522888,10.4529993828249
0.454162774372831,10.453681023798
0.469366969883891,10.4543669703549
0.479668390757208,10.4550793557417
0.483453902553495,10.4558486048239
0.477952458859908,10.4566887686563
0.461476061041336,10.4575430206038
0.432791191756608,10.4584242582037
0.390445264180186,10.4593424134734
0.348012567433976,10.4600743965247
0.298734565549224,10.4608063795761
0.254800237328719,10.4614000518714
0.21744801993146,10.4618825764987
0.184741507485876,10.4622998976158
0.15545990139935,10.4626774749991
0.128909657709173,10.4630298773811
0.104639293422594,10.4633669026687
0.0823044932354789,10.4636964381579
0.0615868658770267,10.464026414542
0.0420913290157887,10.4643676785186
0.0230223237259024,10.4647435235196
0.00786293304467236,10.4650859173983
-0.0004026315037006,10.4652955780533
-0.00792632663202142,10.4655052387084
-0.0142601098939189,10.465699379229
-0.0200666386997261,10.4658953145701
-0.0258678113251581,10.4661129808928
-0.0314369209395595,10.4663488641448
-0.0366308338566932,10.4666008749066
-0.0413712377534772,10.4668683373447
-0.0456160728288657,10.4671515092309
-0.0496387290070129,10.4674785506878
-0.0527608978851452,10.4677955091127
-0.0553677419424232,10.4681321001866
-0.0574745683565587,10.468491264055
-0.0590944024665492,10.4688761176377
-0.0602407965566992,10.4692904857797
-0.06092636795915,10.4697390872445
-0.0611613378615486,10.4702278016557
-0.0609519001996063,10.4707640699943
-0.0602973667359839,10.4713580630979
-0.0591853606749752,10.4720239023792
-0.0575882070924645,10.4727804943159
-0.0554508183572624,10.4736567036752
-0.0526583925290825,10.4747032391814
-0.0489071749743379,10.4760398481382
-0.0449872899534076,10.4774113872665
-0.0412235896737432,10.4787367561543
-0.0376545050511564,10.480020148372
-0.0342979699999937,10.4812638049295
-0.0311621807588349,10.4824686250316
-0.0282493415195726,10.4836348202137
-0.02555749251374,10.4847622637505
-0.0230815891417161,10.4858506738399
-0.0208142575248028,10.4868997064049
-0.018746393234483,10.4879089963872
-0.0168676687828118,10.4888781679892
-0.0151669746662321,10.4898068249297
-0.0135844161153249,10.4907234060529
-0.0120605392294173,10.4916633620971
-0.0105999905389675,10.492628181569
-0.00920672565229359,10.4936199480453
-0.00788450627446295,10.4946411019818
-0.00663684658092546,10.4956945315668
-0.00546696126009562,10.4967836889427
-0.00437771095811447,10.4979127463518
-0.00337154499332842,10.4990868107575
-0.0024504407231336,10.500312226865
-0.00161583816379541,10.5015970187599
-0.000868567076671007,10.5029515586539
-0.000208761112840263,10.5043896282529
0.000364251790499964,10.505930206282
0.000840905551025648,10.5075569910658
0.00121667562652152,10.5092292812006
0.00150818991002135,10.5109653952552
0.00173024221968688,10.5127862382648
0.00189676108398654,10.5147196658448
0.00202125122420662,10.516805012023
0.00211746942445712,10.5191024927664
0.00220073483143583,10.5217159543355
0.00229160510111209,10.5248655451083
0.00241039229889021,10.5286012278089
0.00255782638558183,10.5324812169606
0.00273464239374985,10.536463219415
0.00293818740543025,10.540578631813
0.0031642958985415,10.5448584218291
0.00340963014223371,10.5493343041772
0.00367277718853157,10.5540400294317
0.00395461892708125,10.5590130868548
0.00425839240067765,10.5642958842647
0.00458982269712829,10.5699370989992
0.00492118455798824,10.5753974621736
0.00526286943907134,10.5808022494755
0.00561455772686312,10.5860922279925
0.00598092057157746,10.5912905377959
0.00636561403894957,10.5964029393663
0.00677286642659712,10.6014408798029
0.00720690841806681,10.6064116540053
0.00767221716754044,10.6113205461355
0.00817358092026103,10.6161705133565
0.00871624353237173,10.6209628082829
0.00930601958572122,10.6256972363281
0.00994941102783927,10.6303724779125
0.0106557899300344,10.6349993935561
0.0114499136503675,10.6396639929102
0.0123464676112805,10.6443578546986
0.0133686848200463,10.6491002212097
0.0145497205503233,10.6539285199423
0.0159458926006235,10.6589325622886
0.0176820369479587,10.6643609511433
0.0200974625934802,10.6709230610109
0.0216973532729216,10.6748841384573
0.0233501189029744,10.6788452159037
0.0247919232129954,10.6823545974465
0.0260070512510735,10.6855304703452
0.0270168512258743,10.6885616001013
0.0277854363803345,10.691476222377
0.0282876213092636,10.6942942493614
0.0285164066154942,10.6971403773776
0.0284296214097775,10.7001917248008
0.0278672871332949,10.7039076257453
0.0270489363604852,10.7070178929697
0.0259692382653217,10.710128160194
0.0248855352693811,10.7127862464641
0.0238111003155848,10.7151922589474
0.0227365382404132,10.7174720979787
0.0216619093784526,10.7196832664978
0.0205903162976119,10.721857615974
0.0195254461366898,10.7240159265176
0.0184709279503653,10.7261732412912
0.017430159906492,10.7283412789609
0.0164062646848317,10.730529713829
0.015402086129806,10.7327469295461
0.014420198683123,10.7350005018636
0.0134629165667765,10.7372975398741
0.0125323092538232,10.7396449270612
0.0116302079413055,10.7420495321903
0.0107582157273344,10.7445183836432
0.00991772265614033,10.7470588153184
0.00910990804996263,10.7496786467259
0.00833575634131615,10.7523863325809
0.00757541496961335,10.7552729288119
0.00683197671055468,10.7583615818857
0.00610924298471361,10.761677063143
0.00541120740442071,10.7652480425757
0.00474202774912433,10.7691077661019
0.00410595014919142,10.7732950306974
0.00350718824617353,10.7778556036164
0.00294973758789754,10.7828445806166
0.00243709983407376,10.7883308769439
0.00197204125978811,10.794404556643
0.00155653940322894,10.8011869581562
0.00129005175975407,10.8065758650976
0.00108341716592389,10.8119647720391
0.000865393633372314,10.8194758434528
0.000690054951336478,10.8276140689101
0.00054815917383833,10.8366113108839
0.00043822176687038,10.8466113108839
0.000365446589524803,10.8566113108839
0.000319438000657449,10.8666113108839
0.00029264652293369,10.8766113108839
0.000279764470188744,10.8866113108839
0.000277239338957907,10.8966113108839
0.000282826561484982,10.9066113108839
0.000295232581257112,10.9166113108839
0.000313876150353049,10.9266113108839
0.000338759809025057,10.9366113108839
0.00037043336996645,10.9466113108839
0.000410041435499457,10.9566113108839
0.000458987502298517,10.9665218627146
0.000515472945110047,10.9757051365232
0.000580071011467264,10.9841912840264
0.000653717903308483,10.9920327100533
0.000737576084241307,10.9992788911418
0.000833004987371352,11.0059757613762
0.000941562123407008,11.0121659995155
0.00106501974782894,11.017889297074
0.0012053890884807,11.0231825865183
0.00136494979138366,11.028080241672
0.00154628400899955,11.0326142642034
0.00175231766088865,11.0368144602423
0.00198636900985605,11.0407086071511
0.00225220783545364,11.0443226131024
0.00255412814522861,11.0476806770144
0.00289703899214644,11.0508054534119
0.00328658117364918,11.0537182241317
0.00372927944109373,11.0564390851452
0.00423274811699426,11.0589871621337
0.00480597785993286,11.0613808723653
0.00545975089848545,11.0636382658652
0.00619460021613956,11.0657443757759
0.00700617903519221,11.0676886723681
0.00790523437901863,11.0695040629894
0.00890792236998082,11.0712236545195
0.0100398570397794,11.0728838568751
0.0113477008116642,11.074534118948
0.0130015209552931,11.0763318523688
0.0155170990572342,11.0786675025994
0.0171429519588042,11.0800210165614
0.0188492156801119,11.0813745305234
0.0204034713210625,11.082593371784
0.0217953017288546,11.0837165066455
0.0230438163227281,11.0847985584475
0.0241442955452819,11.0858789996702
0.0250745431419977,11.0869972701336
0.0257909293282969,11.0882096221784
0.0262006942959522,11.0896353952625
0.0259347811198618,11.0917984234889
0.0252088588667427,11.0932739925339
0.0241448380043742,11.0947495615789
0.0229268081710864,11.0961304263967
0.0215579393570564,11.0975208820517
0.0200471193213232,11.0989688954326
0.0184025053954096,11.1005119715039
0.017346101097723,11.1015068054727
0.0163216467558878,11.1025016394415
0.0138514267468208,11.1051124920367
0.011344131737368,11.1081742330409
0.00939465096389488,11.1109698699668
0.00785934396437295,11.1135400278826
0.0065797700100085,11.1160299852016
0.00546129535428145,11.1185649599538
0.00447891152349774,11.1211728911471
0.00361476231372293,11.1238768819029
0.0028543481339854,11.1267004537375
0.00220701068700201,11.1295642688692
0.00168984201382071,11.1322754741041
0.00126403267684317,11.1348926341921
0.000903452350920476,11.1374705022488
0.000594272637336721,11.1400247819595
0.000330080498542225,11.1425279641276
0.000103592121930414,11.1449664552647
-9.5521575308554e-05,11.1473806500599
-0.000280089860449056,11.1498859327162
-0.000473536729490199,11.1528326564781
-0.000597131447624845,11.1549086934158
-0.000712000714943881,11.1569847303534
-0.000807414434626188,11.1588215780022
-0.000890539603694665,11.1605071326787
-0.000968859747935572,11.1621684902853
-0.00104750337310324,11.1639078160857
-0.00113261354062861,11.165868982787
-0.00123896027650934,11.1684307568979
-0.00141164449045248,11.1728375158167
-0.00155075015860113,11.1766015333602
-0.0016678952400785,11.1799236584828
-0.00179152987023988,11.1836049398684
-0.00193920632630229,11.1883425377035
-0.00208316806757372,11.1937647061022
-0.00216734852769046,11.1984654205334
-0.00218599997809966,11.2026727202818
-0.00212951190587094,11.2064571403966
-0.00198841093387947,11.2099282510882
-0.00175347103975749,11.2131448124613
-0.0014196059725501,11.2161224643643
-0.000983743758547148,11.2188863640964
-0.000438833922970246,11.2214856676975
0.000231948383429524,11.2239881765145
0.00106288694687306,11.226481014374
0.00213846022507884,11.2291249990589
0.00360709574643474,11.2321176191497
0.00541674737394107,11.235225996719
0.00687821881422459,11.2374228112538
0.00851430997383926,11.2396196257885
0.0101135155525668,11.2415289790342
0.0117587723605843,11.2432728742823
0.013509842383635,11.2449118207604
0.0153754786258922,11.2464448565884
0.0174290010348169,11.2479190238987
0.019685764380848,11.2493277055126
0.022195782611346,11.2506855614332
0.024989189503483,11.2519919014303
0.0281079561821046,11.253250753628
0.0315966064964426,11.2544649945743
0.0355003563294184,11.255636088326
0.0398787754891841,11.2567680848645
0.0447979179232883,11.257864211344
0.0503349536528745,11.2589278078015
0.0565804182956294,11.2599622691102
0.0636456980477616,11.2609716758144
0.0716664736209208,11.261960397857
0.0808101541452785,11.2629331991531
0.0912884531482757,11.2638955784043
0.103375926512485,11.2648541383572
0.117439672305766,11.2658171644025
0.133995750542765,11.2667959412801
0.153741972613288,11.2678035273283
0.176617489618168,11.2688139981824
0.203237428544342,11.2698386322719
0.234439048570354,11.2708936089714
0.271473741279197,11.2720051995377
0.313757990386861,11.2731528923966
0.353090989691808,11.2741539986575
0.386364669018462,11.2749847686683
0.415294778884198,11.2757231209163
0.440600621847858,11.2764114716814
0.462380201621685,11.2770760244146
0.480355650550836,11.2777380419863
0.493855099593706,11.2784195368174
0.501579486868116,11.2791494694869
0.50088543212773,11.2799732225325
0.489344031963201,11.2808085344823
0.465785910504235,11.2816707755486
0.428705745596518,11.2825714710181
0.376417965713344,11.2835198562257
0.334093217736089,11.2841593557902
0.286952667950131,11.2847988553548
0.244653717832579,11.2853356020826
0.208204669958056,11.2857851941915
0.176062980975927,11.2861812390459
0.147197628564849,11.2865438899294
0.120983014389568,11.2868855248873
0.0969887630858629,11.287215031985
0.0748662238064864,11.28754015693
0.0542609253126488,11.2878696305984
0.0346527136521865,11.2882176055242
0.0146017022622146,11.2886250926526
0.00111220724962071,11.2889430844135
-0.00613197746056282,11.2891345238705
-0.0127481183549139,11.2893259633276
-0.018565437738125,11.2895107085762
-0.0244782196888984,11.2897184474128
-0.0302224464931595,11.2899451811005
-0.0356245864103151,11.2901882905766
-0.040588200422534,11.2904467479481
-0.0450626478155915,11.2907205625591
-0.0490191268644114,11.291010466357
-0.0525159591216807,11.2913252260236
-0.0553732416425477,11.2916493287236
-0.057719278938789,11.2919946322922
-0.0595680483257395,11.2923641300413
-0.0609334461826926,11.292761345959
-0.0618289803627797,11.2931906222053
-0.0622662924943596,11.2936573541468
-0.0622535759138335,11.2941683382291
-0.0617936361964564,11.2947323072353
-0.0608787029636813,11.2953622350997
-0.059487270674227,11.2960748089545
-0.0575754223005811,11.2968946263638
-0.0550540283493807,11.2978625256207
-0.0517119553068873,11.2990633119784
-0.0476947537357386,11.300462818069
-0.0438052973919009,11.301813456306
-0.0400958335525074,11.3031213584763
-0.0365915674008203,11.3043894760141
-0.0333049969733955,11.3056190319288
-0.0302413049893831,11.3068103673562
-0.0274007909252193,11.3079633876812
-0.0247801833466127,11.309077797013
-0.0223734930643896,11.310153219514
-0.0201726606035938,11.3111892576149
-0.0181680970345641,11.3121855130744
-0.0163491553962898,11.3131415847925
-0.0147045452489829,11.3140570509671
-0.0131417690723751,11.3149807371262
-0.0116393692935265,11.315928168676
-0.0102016242910296,11.3169010970905
-0.00883243577774638,11.3179017072893
-0.00753549571342595,11.3189325682017
-0.0063142345334835,11.3199967297919
-0.00517176855116153,11.3210978502618
-0.00411084492242057,11.3222403681299
-0.0031337839563533,11.3234297406731
-0.00224241804073428,11.3246727837768
-0.00143802559332691,11.3259781728678
-0.000721256899624265,11.3273572119301
-9.204570976692e-05,11.3288250751106
0.000450505874573912,11.3304029445406
0.000889676461593806,11.3320418813074
0.00123338277562987,11.3337322003957
0.00149740200203489,11.3354923585291
0.00169614142004308,11.3373451251731
0.00184323876191235,11.3393213280583
0.00195204193898768,11.3414654999098
0.0020363756167267,11.3438480384997
0.00211217196467935,11.3465967761499
0.00220279532477015,11.3500124323724
0.0023183824074011,11.3537745144435
0.00246868391203236,11.3578123891121
0.00263514240733345,11.3616682564188
0.00281446675886995,11.3654492085309
0.00300407568876522,11.3692257581943
0.00320258926559437,11.3730462118266
0.00340993249759241,11.376948409236
0.00362718865556127,11.380965223573
0.00385640370535918,11.3851274722415
0.00410041921440735,11.389465840224
0.00436276724010074,11.3940122601159
0.00464769767785147,11.3988013113216
0.00496040974499485,11.4038716099528
0.00530757775495448,11.4092670148831
0.00566403092968285,11.4145388437432
0.00603703931821171,11.4197627525935
0.00642660774813293,11.4248950987312
0.00683691370624442,11.4299472483367
0.0072720505259947,11.4349231040546
0.00773692498616032,11.4398307877213
0.00823674993303433,11.4446755472707
0.00877718519475804,11.4494607222385
0.00936438280685405,11.45418747911
0.0100051037268808,11.4588552906971
0.0107100176656103,11.4634823570673
0.0115028071060931,11.4681459580121
0.0123986039177182,11.4728396085676
0.0134207891728998,11.4775824653898
0.014602831341832,11.4824124999326
0.0160017325579235,11.4874209925861
0.0177447138458811,11.4928620972049
0.0201581880915085,11.4994091796421
0.0217521596155584,11.5033531770008
0.0233972368560502,11.5072971743595
0.0248335506436008,11.5107973813732
0.0260443390086377,11.5139688948027
0.0270499249880626,11.5169984295332
0.0278130352535108,11.5199093821852
0.0283098982999656,11.5227258920643
0.0285330592296434,11.525573038569
0.0284393433753882,11.5286297953897
0.0278638971686519,11.5323678748119
0.0270430244614147,11.5354598682672
0.0259649753871463,11.5385518617224
0.0248820696548202,11.541201782617
0.0238079358415042,11.5436035722693
0.0227336830690845,11.5458804997232
0.0216594926558262,11.5480892957836
0.0205884940246429,11.5502615021857
0.0195243822391633,11.5524177239955
0.0184707901176439,11.5545728793442
0.0174311192640626,11.5567385802729
0.0164084956689209,11.5589243994395
0.01540576743497,11.5611386129218
0.0144255128740899,11.5633886789545
0.0134700507725896,11.5656815703839
0.012541454501846,11.5680240121449
0.0116415583700563,11.5704226852043
0.0107719681321327,11.5728843913159
0.00993407440565827,11.5754161929712
0.00912905512249477,11.5780255808743
0.0083557311282084,11.5807284611894
0.0075954646003683,11.5836125546271
0.00685213428386826,11.5866983136488
0.00612953884843305,11.5900104670682
0.00543168178273941,11.5935775769068
0.00476273202612391,11.5974327499128
0.00412694812819236,11.6016146039805
0.00352855687708786,11.6061686812916
0.00297156692927253,11.6111498075071
0.00245949896221854,11.6166265242722
0.00199514506626385,11.6226883808572
0.00158052284467865,11.6294559180207
0.00123092458348828,11.6367612040375
0.000949423979429483,11.6446829501444
0.000740586872223774,11.6531582124093
0.000598054032254095,11.661224377554
0.000476507192673061,11.6707590864266
0.000389936279682419,11.6807590864266
0.000334098401750691,11.6907590864266
0.00030072509703059,11.7007590864266
0.000283857018253865,11.7107590864266
0.000279359700125553,11.7207590864266
0.000284563704483535,11.7307590864266
0.000297936911069871,11.7407590864266
0.000318829793339225,11.7507590864266
0.000347326694109079,11.7607590864266
0.000384210249662857,11.7707590864266
0.000431042439619444,11.7807590864266
0.000487509290478641,11.7903172555788
0.000552810175850867,11.7991442477067
0.000627744155246497,11.8072860268374
0.000713454383711058,11.8147971284511
0.000811326003027091,11.8217282052988
0.000922969543941981,11.8281260007939
0.00105023040879239,11.8340337279286
0.00119521085602757,11.8394913970257
0.00136030010404805,11.8445360918968
0.00154821044125999,11.8492022161397
0.00176202177080244,11.8535217203996
0.00200523497059307,11.8575243151829
0.00228183840939036,11.8612376701705
0.00259638970791131,11.8646876103109
0.00295412109418086,11.8678983184696
0.00336107626323889,11.8708925503564
0.00382429347868784,11.8736918721526
0.00435205975826222,11.8763169436784
0.00495427618257719,11.8787878798877
0.00564300829106142,11.8811247487572
0.0064083102310564,11.8832838182355
0.00725749760115842,11.8852926457839
0.00820582792000235,11.8871891357026
0.0092776200554555,11.8890145850552
0.0105172094281833,11.8908242089045
0.0120461975298428,11.8927443247677
0.0143551249821889,11.8952229199531
0.0158629388789771,11.8966742227384
0.0174463513952944,11.8981255255237
0.018886320624778,11.8994297657475
0.0201713025706668,11.900627438522
0.0213195370139724,11.9017774348081
0.0223266457488111,11.9029213963511
0.0231718177887854,11.9040996633578
0.0238145924263154,11.9053677720404
0.0241713274577621,11.9068378816737
0.0239380313546881,11.9089750165461
0.0232556829040791,11.9105413017089
0.0222325566226343,11.9121075868718
0.0210716643438353,11.9135456941695
0.0197776898371057,11.9149747255458
0.0183590566916438,11.916447409459
0.0168250119496103,11.9180007400533
0.0158348430207167,11.9190039984892
0.0148786408523708,11.9200072569252
0.0125717031286172,11.9226463384913
0.0103650130361903,11.9255556970493
0.00861371744495584,11.9282470914967
0.0072060319512423,11.9307573611626
0.00598824779204752,11.9332745163727
0.00491800497056747,11.9358501885925
0.00397448910191477,11.9385089771696
0.00314146222760658,11.9412741378178
0.0024602027420663,11.9439364072314
0.0019107991736652,11.9464394516302
0.00145875819413026,11.9488135311114
0.00107878673492017,11.9510914365449
0.000752899296598772,11.9533028964053
0.000468153969800799,11.9554745286946
0.000214514916707358,11.9576353793529
-1.78262828262234e-05,11.959836312543
-0.000243331118743895,11.9622084084897
-0.000455935466943771,11.964688504028
-0.000599493734902215,11.9665117856339
-0.000733860809012415,11.9683350672398
-0.000846867697509533,11.9699598601235
-0.000948005323257065,11.9714866483006
-0.00104508318957785,11.973017371392
-0.00114430895220278,11.9746477850768
-0.00125453288025438,11.9765355638517
-0.00140294081463864,11.9791996839624
-0.00158967100296652,11.9827367702298
-0.0017398972000371,11.985719187391
-0.00187953182956717,11.9885920284155
-0.00203390339479628,11.9918780789083
-0.00222472758164402,11.9961148177078
-0.00246151296810156,12.0017799882965
-0.00264516237060184,12.0070008050308
-0.00275562441197197,12.0116589319263
-0.00278150654029759,12.0158119500341
-0.00271578853822409,12.0195233061583
-0.00255549022070082,12.0228653807241
-0.00229879261935298,12.0259139201986
-0.00194361056573108,12.0287291084409
-0.00148513278956148,12.0313682829371
-0.0009106976327757,12.0338997865596
-0.000187034258903111,12.0364296964632
0.000783655486868015,12.0391854084335
0.00204374181783419,12.0421706294837
0.00350538584191235,12.0451924750766
0.0049330375728495,12.0478886577596
0.00616865204555119,12.0500710521469
0.00749508167835662,12.0522534465342
0.00879472587936874,12.0542117964449
0.010081156090744,12.0559634619724
0.0114593372720229,12.0576384060401
0.0129515196718899,12.0592378535081
0.0146015470778171,12.060783739071
0.0164374747955881,12.0622768788867
0.0184889684243674,12.0637186250497
0.0207794423709503,12.0651057790617
0.023343640525993,12.0664421438571
0.0262121792473367,12.0677277961017
0.0294186439347447,12.0689636577383
0.0330089237820968,12.0701540223804
0.0370315600896653,12.0713017465004
0.0415430761532424,12.0724099733052
0.0466084552538793,12.0734817756455
0.0523066236388377,12.0745208525144
0.0587311615781504,12.0755309384039
0.0659936279789535,12.0765158157462
0.0742292851144933,12.0774795112577
0.0836041578753056,12.0784263907918
0.0943259779477322,12.0793613837397
0.106659688722788,12.0802902172795
0.120951485940455,12.0812198012708
0.137669082126754,12.0821589305017
0.157473477499957,12.0831195562921
0.180717220182883,12.0840942656414
0.207664581749024,12.0850756317345
0.239053431361121,12.0860752322426
0.275905116682533,12.0871105139923
0.319877201322061,12.0882141994551
0.355626572509855,12.0890441743269
0.392795543293674,12.0898741491987
0.425780314691471,12.0906087048469
0.454603849715947,12.0912753896896
0.479774775970088,12.0919079180783
0.501288952693324,12.0925306532487
0.518710320738401,12.0931661628453
0.531049318513835,12.093842551043
0.536176223404371,12.0946079556979
0.530776565697165,12.0954096652262
0.513461849405071,12.0962390883135
0.48270001542954,12.0971119810939
0.436556077175602,12.0980393759503
0.374043866999817,12.0990142751345
0.330176579405891,12.0996018680499
0.282573611867801,12.1001894609652
0.240171083075625,12.1006885165243
0.203552480233645,12.1011129670227
0.171222722566655,12.1014909571256
0.142184630964812,12.1018399047995
0.115814966487893,12.1021709741092
0.091669779533804,12.1024926157889
0.0693699681213336,12.1028127907996
0.0484893532064031,12.1031416299644
0.028268740648619,12.1034990336004
0.0101388720047612,12.1038679488546
0.000997281422190804,12.1040788967185
-0.00729022814504007,12.1042898445823
-0.0138454756794635,12.1044736382958
-0.0198402415961395,12.1046583233876
-0.0258710333684509,12.1048644634834
-0.0316903948125966,12.10508851493
-0.0371399870063023,12.1053283135525
-0.0421320437347098,12.10558309718
-0.0466210019925825,12.1058530341006
-0.0505867057361533,12.1061389600229
-0.0540286365566593,12.1064434472341
-0.0568954187857629,12.1067631480075
-0.0592452140341416,12.1071041806994
-0.0610920523851524,12.1074695261995
-0.062450473744398,12.107862797638
-0.0633344153127556,12.1082884618486
-0.063755673038806,12.1087520933255
-0.0637222159423758,12.1092607543245
-0.0632360580689778,12.1098235864752
-0.0622875165707809,12.1104542931836
-0.0608516540399609,12.1111706653872
-0.0588773874093039,12.1119996020885
-0.0562583614605982,12.112987458797
-0.0527239511888894,12.1142386383012
-0.0486504820806679,12.1156403153339
-0.0447054642347626,12.1169959993401
-0.040939815394886,12.1183107500446
-0.0373785235643951,12.1195869590648
-0.0340344205971424,12.1208255087925
-0.0309132494597841,12.122026518415
-0.0280159377430371,12.1231897398262
-0.0253398241715768,12.1243147660644
-0.0228794630609906,12.1254011388928
-0.0206272454614181,12.1264483997505
-0.0185739281547411,12.1274561070805
-0.0167091031410304,12.1284238323979
-0.0150216168899117,12.1293511419012
-0.0134496824430496,12.1302677740962
-0.0119367370340199,12.1312078320601
-0.0104873980342876,12.1321728162959
-0.00910562327214531,12.1331648112344
-0.00779518114904823,12.1341862604064
-0.00655959751129016,12.135240057454
-0.00540210430248285,12.1363296628302
-0.00432558605554808,12.137459260704
-0.00333252422825778,12.1386339747767
-0.00242493901711663,12.1398601731952
-0.00160432767633375,12.1411459132697
-0.000871597324602033,12.1425016154408
-0.000226988268388211,12.1439411339978
0.000330020054343778,12.1454835626207
0.000789548238450145,12.1471105736041
0.00114825351783663,12.1487834404681
0.00142252247146239,12.1505204562464
0.0016269194111549,12.1523426096079
0.0017750862999833,12.1542778934398
0.00188014225725483,12.1563658847514
0.00195527367561405,12.158667272114
0.0020148424763224,12.1612869850749
0.00207743945273747,12.1644485601913
0.00216237347823647,12.168183846038
0.00227725055429272,12.1721565906
0.00244123363484965,12.1767610011689
0.00261903581901513,12.1811241234364
0.0027933231052095,12.1851066535764
0.00296693619757992,12.1889293898114
0.00314194516742317,12.1926989949073
0.00332036573628125,12.1964784940449
0.00350443311713858,12.2003126911518
0.00369664261599636,12.2042378833585
0.00389973489539291,12.2082861631368
0.00411671765363214,12.2124882524966
0.00435090840974782,12.216875197104
0.00460603949883064,12.2214797207183
0.0048864845691319,12.2263376728772
0.00519766969696956,12.2314893573188
0.00554072489729149,12.2368869622927
0.00589337904979046,12.2421296726934
0.00626489040890191,12.2473265700662
0.0066549274086795,12.2524290775335
0.0070680960310944,12.2574541539895
0.00750849009553092,12.2624048484771
0.00798110785749357,12.2672890475033
0.00849126033250674,12.2721113405164
0.00904474788789704,12.2768744133432
0.00964790798740237,12.2815788489473
0.0103077434253344,12.2862237397764
0.0110418471249502,12.2908662344955
0.0118691443293965,12.2955400611238
0.0128078995195496,12.300250140663
0.0138844748259859,12.3050203997868
0.0151390568479035,12.3099038080555
0.016646624889767,12.3150319450732
0.0186048029877133,12.3208230616567
0.0204879780816754,12.3257707729084
0.0220717137134837,12.3296543578213
0.0236930839215769,12.3335379427342
0.025086558690544,12.3369632935419
0.0262604757063052,12.3400984190276
0.027229212788935,12.3431179423992
0.0279443601969089,12.3460039357648
0.0283934975232775,12.3488162935698
0.028564704441081,12.3516848672724
0.0284040999686189,12.354810481299
0.0276859991079045,12.358823221833
0.0268394442132816,12.3617575067821
0.0257733759728325,12.3646917917311
0.0246957540472894,12.3672724540614
0.0236219690249216,12.369643348137
0.0225474492064044,12.3719041352138
0.0214734786432879,12.3741042656413
0.0204034010938377,12.3762724804171
0.0193409233644031,12.3784280195354
0.0182896381257963,12.3805850408022
0.0172528922793334,12.3827547057797
0.0162337559882733,12.3849463122624
0.0152350214824628,12.3871679778337
0.0142592142752278,12.3894270798211
0.0133086033083036,12.3917305693198
0.0123852115865976,12.3940852070837
0.0114908295468537,12.3964977455177
0.010627019013719,12.3989751088809
0.00979512880688234,12.4015245308267
0.00899629884661839,12.4041537228484
0.00822577769560405,12.4068920930857
0.00746912636966475,12.409815726156
0.00673022302954629,12.4129459035361
0.00601291924385372,12.4163081430308
0.00532126949483256,12.4199319494539
0.00465948355196425,12.4238515973589
0.00403184714087496,12.4281071761538
0.0034425898785054,12.4327461913194
0.00289569067010901,12.4378262619381
0.00239459608717955,12.4434203094224
0.00194202141628986,12.4496246906226
0.00154284910279245,12.4565140444508
0.0013029305430293,12.4616514563877
0.00111172259302677,12.4667888683245
0.000911111348410738,12.4739843268785
0.000746722997892886,12.4820541887838
0.000615329678867334,12.4911083003936
0.000518991604607386,12.5011083003936
0.000461358243482657,12.5111083003936
0.000432905973132882,12.5211083003936
0.000427075860094222,12.5311083003936
0.000439729144951004,12.5411083003936
0.000468828673359906,12.5511083003936
0.000514230309590545,12.5611083003936
0.000574084967907489,12.5706037850914
0.000646520438170106,12.5793543294323
0.000731622590191975,12.5874116368558
0.00083021956507971,12.5948335899316
0.000943622022795588,12.6016734973102
0.00107352116789802,12.6079802807206
0.00122195536309142,12.6137989730516
0.0013913116838012,12.6191711312257
0.00158434912664256,12.6241351756089
0.00180423592526903,12.6287266940097
0.00205460409676928,12.6329787227898
0.00233961923732107,12.636922010957
0.00266407376859462,12.6405852710169
0.00303350787943592,12.6439954398516
0.00345437389224111,12.6471779674764
0.00393426431449472,12.6501571500762
0.00448223823291743,12.6529565449005
0.0051093147777971,12.655599540843
0.00582463414300671,12.658095498878
0.00662145861476535,12.660412619735
0.00751481346693374,12.6625966754809
0.00852997548465298,12.664699973794
0.00971512128050801,12.6667952806859
0.0111940363610512,12.6690361672162
0.0127893991034324,12.6711464521276
0.0141518391638044,12.6727901198282
0.0155848362848119,12.6744337875287
0.0168601872432078,12.6758794425409
0.0179907309056583,12.6771996556367
0.0189947068933909,12.6784619343663
0.0198680207932968,12.6797114300268
0.0205917328209843,12.680990164391
0.0211297027788106,12.682353397376
0.0214098274181447,12.68390598889
0.0212050569768563,12.6860158230976
0.0205707506390648,12.6877464322288
0.0195935837199948,12.6894770413601
0.0185077160662499,12.6910160051171
0.0173154518712296,12.6925155206922
0.0160224169147156,12.6940387277911
0.0146379987031973,12.6956233958504
0.0141463834484182,12.6961837923993
0.0136628683874611,12.6967441889483
0.011593843466718,12.699325370001
0.00963604400599263,12.7021202896394
0.00804933501117466,12.7047384428079
0.00672747039989659,12.7072557021869
0.00556623906104622,12.7098129102166
0.00454023024116933,12.7124398493961
0.00367219312345916,12.7150288860916
0.00295301253959291,12.7175169514322
0.00234474143233225,12.7199428394719
0.00181547195753582,12.7223659838548
0.00133336230127562,12.7248990050622
0.000841577357897534,12.7278956028458
0.000538350012536067,12.7300048001322
0.000265010523690888,12.7321139974185
4.3656162078636e-05,12.7339897392567
-0.00014425293233977,12.7357155107903
-0.000316836748829159,12.7374201398129
-0.000485698706845429,12.7392090092678
-0.000663564979971947,12.7412332471209
-0.000879694898300364,12.7439008873713
-0.00120856150709983,12.7484285503507
-0.00145897497738746,12.7522830570801
-0.00166353231109921,12.7557073816795
-0.00187454891848699,12.7595220684684
-0.00212237050640469,12.7644598807329
-0.002353449199295,12.7698802547389
-0.00250189353321656,12.7746720556463
-0.00256418543782793,12.7790270892465
-0.0025310468769984,12.7829657466621
-0.00239823186987827,12.7865350878207
-0.00216456005327197,12.7897927703
-0.00182940374136123,12.7927970785775
-0.00138864223467025,12.7956151473402
-0.00082881672903804,12.7983301584112
-0.000113037386091075,12.8010704137078
0.000857761099266386,12.8040810171998
0.0020930967710396,12.8072797254963
0.00362897308916544,12.8107308391202
0.00522438123955387,12.8139432658445
0.00634506815849219,12.816011062341
0.00756423095923697,12.8180788588375
0.00883557061748241,12.8200295685327
0.0101191978952598,12.8217901794557
0.0115154685183813,12.8234860304676
0.0130350036863598,12.8251048023553
0.014721169195978,12.826669447072
0.0165934562201332,12.8281748633356
0.018683331857858,12.8296260877702
0.0210186375726972,12.8310236561694
0.0236236825022916,12.8323658550866
0.0265368110747639,12.8336576449435
0.0297954420172762,12.8349012445895
0.0334418275362888,12.8360991389901
0.0375258095548671,12.8372544809962
0.0421079748176044,12.8383712064628
0.0472576765224485,12.8394528418392
0.0530570705353482,12.8405030553481
0.059603837001848,12.8415256049329
0.0670172126880193,12.8425246632957
0.0754432449475615,12.843504723326
0.0850638732050689,12.8444707861766
0.0961109745931444,12.8454286729966
0.108887949011303,12.8463854495679
0.123807181497236,12.8473502460654
0.141456507371676,12.848335631907
0.162297478828378,12.8493409366822
0.186469340268345,12.8503524729238
0.21465122588323,12.8513827607872
0.247786752029306,12.852450247552
0.287363070669976,12.8535870576838
0.331331024806512,12.8547392448446
0.368459174131338,12.8556656928109
0.400072640529352,12.8564519851325
0.427683250631176,12.8571647760257
0.451745756995533,12.857838744594
0.472211073447355,12.8584975057332
0.488664111629446,12.8591621349576
0.500232030278931,12.8598566230832
0.505211220594647,12.8606160173298
0.500654243145426,12.8614404504968
0.48482862571661,12.8622829688543
0.456417289951084,12.8631577667943
0.413811109853036,12.8640751084054
0.368111300250872,12.8648496685209
0.325985916597259,12.8654656703575
0.279601401292329,12.8660816721941
0.238418547103154,12.866597832363
0.202766321882991,12.8670348664056
0.171205492780866,12.8674230407481
0.142798275247732,12.8677805487882
0.116962778365844,12.8681188856907
0.0932873858735041,12.8684465842105
0.0714267619472984,12.8687714015271
0.0510098274999701,12.8691026180466
0.031438711025539,12.8694566514817
0.0107116425574516,12.8698903925811
0.00105077196927399,12.8701228855434
-0.00764311157082236,12.8703553785056
-0.014075467727707,12.8705457614469
-0.0199755721863696,12.8707379744529
-0.0258727526009101,12.8709515510116
-0.031537176165945,12.8711830678048
-0.0368232768384429,12.8714304838861
-0.0416511394686846,12.8716931379409
-0.0459799118673658,12.8719712847068
-0.0498886154595835,12.8722749321783
-0.0531151068844654,12.8725851381546
-0.0558222167234642,12.8729148355812
-0.0580225885293544,12.8732666523157
-0.0597295090146962,12.8736436380543
-0.0609569717759435,12.874049544295
-0.0617181407463765,12.8744890045809
-0.0620238531937841,12.8749677980907
-0.0618809583952737,12.8754932453804
-0.0612897599366998,12.8760751519611
-0.0602387035730641,12.8767275504979
-0.0587008345448754,12.8774690245088
-0.056621915287221,12.8783279006842
-0.0538887132138813,12.87935374531
-0.0502041100649883,12.880662391364
-0.0462229758931294,12.8820457969444
-0.042387699049046,12.883383439569
-0.0387415032353916,12.884679619727
-0.0353049126276715,12.8859365971643
-0.032087884591814,12.8871552411899
-0.0290939919212767,12.8883357126336
-0.0263223960774412,12.8894778280643
-0.0237689741021714,12.8905812510636
-0.0214270905002943,12.8916455898492
-0.0192882047273914,12.8926704418177
-0.0173423882107099,12.8936554062645
-0.0155787778240338,12.8946000767715
-0.0139804105305139,12.8955072738094
-0.0124387060174456,12.8964374352519
-0.0109587954095424,12.8973917092973
-0.00954470162994291,12.8983720527617
-0.00820027973476612,12.8993807476877
-0.00692916099530898,12.9004204852303
-0.00573470241225101,12.9014944691983
-0.00461993381081325,12.9026065540495
-0.0035875026209633,12.9037614327386
-0.00263961607009144,12.9049648989303
-0.00177797997320657,12.9062242239973
-0.00100373238223508,12.9075487185499
-0.000317368682180689,12.9089506056152
0.000281348586581949,12.910446453413
0.000793441468319929,12.9120594526482
0.00119712451279419,12.913710731806
0.00151010617703844,12.9154188189747
0.00174750886865098,12.9172025588288
0.00192342484134315,12.9190866317679
0.00205127704588549,12.9211049894191
0.00214434342244284,12.9233077857584
0.00221664263324939,12.9257769320635
0.00228500578869158,12.9286696212485
0.00237709409978322,12.9324046703843
0.0024911654757602,12.9361881005845
0.00262995234808906,12.9399696918949
0.00279176250929403,12.9437960605356
0.00297293846130802,12.9477051503004
0.00317018468336858,12.9517300156679
0.00338156140502848,12.955901731216
0.00360674725490028,12.9602512711051
0.00384697236520319,12.9648110358677
0.00410486390177598,12.9696162455847
0.00438437824440136,12.9747063484028
0.00469097426153357,12.9801263384321
0.00501546082313568,12.9856463842223
0.00534734318745962,12.9910355284409
0.00569226445819141,12.9963441570643
0.00605185193259313,13.0015510142513
0.00643023641085768,13.0066718144155
0.00683131447239354,13.0117145641099
0.007259392555239,13.0166882972963
0.00771895410774037,13.0215988163727
0.00821481873235512,13.0264497741516
0.00875223254123294,13.0312427589292
0.0093369982512767,13.0359777793598
0.00997559624533942,13.0406536434831
0.0106772072569552,13.0452803475697
0.0114665576388171,13.0499447507197
0.012358227141021,13.0546381521918
0.0133752991880091,13.0593795922037
0.0145506318088414,13.0642059031388
0.0159398464061584,13.0692053946686
0.0176654002825077,13.0746213334433
0.0200788606499903,13.0811962145761
0.0216830089183429,13.0851735329806
0.023341712739973,13.0891508513852
0.024787498923772,13.0926686106093
0.0260056433481517,13.0958482257051
0.0270183933021885,13.0988805149292
0.0277909922238143,13.1017976428826
0.0282971566798213,13.1046162545596
0.0285302618156915,13.1074607089484
0.0284489835901005,13.1105064728256
0.0278974482261476,13.1142022388355
0.0270810418462293,13.1173275232904
0.0259996975034133,13.1204528077452
0.0249152585987903,13.1231169626688
0.0238406651659677,13.1255254922061
0.0227660516864976,13.1278065972042
0.021691364472375,13.1300184273981
0.0206196825861895,13.1321930682915
0.0195546894550292,13.1343514111182
0.0185000157003826,13.1365085602966
0.0174590626959561,13.1386762709275
0.0164349567345507,13.1408642399378
0.0154305454835765,13.1430808647315
0.0144484069598409,13.1453337295471
0.0134908590087922,13.1476299476512
0.0125599746189926,13.1499764037484
0.0116575881623378,13.1523799662009
0.0107853061114255,13.1548476605189
0.00994452142281182,13.1573868175467
0.00913641645825177,13.1600052524507
0.00836197836497096,13.1627114163756
0.00760162487556776,13.1655952222558
0.00685814711601508,13.1686808066964
0.00613535254382785,13.171992897671
0.005437238115581,13.1755601411196
0.00476796730169365,13.1794157682591
0.00413179545382665,13.1835985793789
0.0035329507959823,13.1881543757428
0.00297545125674487,13.1931383383136
0.00246283206009843,13.1986195523363
0.00199790578149824,13.2046884470485
0.00158271088315502,13.2114672184346
0.00130799577548915,13.2170647816657
0.00109885232124486,13.2226623448967
0.000877461411370864,13.2305522338472
0.000708381968665865,13.2387776248375
0.000574404766207699,13.2477953306321
0.000473183605497702,13.2577953306321
0.000409116742478215,13.2677953306321
0.000372250440780284,13.2777953306321
0.000355483843532834,13.2877953306321
0.000354021460314402,13.2977953306321
0.000364917034136409,13.3077953306321
0.000386677439323455,13.3177953306321
0.000418993898260324,13.3277953306321
0.000462642277147869,13.3377953306321
0.000517261419768856,13.3474247049681
0.000581371552006958,13.3563228346621
0.000655385135185549,13.3645327198186
0.000740210802624923,13.3721087036981
0.000837079537090659,13.3791013565011
0.000947487806324034,13.3855573588961
0.00107318626731691,13.3915198866221
0.00121619086360188,13.3970289399151
0.0013788065907269,13.402121615311
0.00156365900476698,13.4068323473184
0.00177373513997095,13.4111931314731
0.00201243332771154,13.4152337328386
0.00228362604451435,13.4189818787571
0.00259173674298976,13.4224634473063
0.00294183931351392,13.4257026624198
0.00333978623105316,13.4287222998587
0.00379237901895054,13.4315439113021
0.00430760307266439,13.4341880886722
0.00489496156186968,13.4366747969184
0.00556597242697608,13.4390238228149
0.00631624714152794,13.4412058102138
0.00714760563366859,13.4432300446904
0.0080736679683701,13.4451334707295
0.00911577323142279,13.4469552900047
0.0103110947473243,13.4487445110868
0.0117421334175362,13.4505877020672
0.013775504919195,13.4528330901891
0.0153290601663803,13.4543584244439
0.0169897703659926,13.4558837586987
0.0185266442941305,13.4572539166303
0.0198861626572414,13.4584798799813
0.0211030619223842,13.459636739328
0.0221821587891972,13.4607715516742
0.0231092603479574,13.4619233167194
0.0238531960399864,13.4631385327295
0.024353660743784,13.4644964631133
0.024454973740804,13.4662192735255
0.0239680152024358,13.4679876463928
0.0229795355362683,13.4697560192601
0.0218622052438982,13.4712344425358
0.0206172036541763,13.4726552420171
0.0192428710188655,13.4741013258929
0.0177480235957247,13.4756141211979
0.0165108658250567,13.4768559746016
0.015303897379985,13.4780978280052
0.0141229952346598,13.4793840688581
0.0117564514831101,13.4822393183452
0.00974347108241101,13.4850623822743
0.0081456704460993,13.4876725033034
0.00682863166152811,13.4901690293402
0.0056773736358473,13.4927044598362
0.0046651896780723,13.4953086620759
0.00377358685202434,13.4980050669446
0.00298764380529973,13.5008171687396
0.0023509050671535,13.5035105294114
0.00182914322503642,13.5060967888719
0.00138955695597964,13.5086308320857
0.00100582342100012,13.5111921515332
0.000652247375817358,13.5139273152243
0.000277996776570264,13.5173358492596
7.04107854011983e-05,13.519516449741
-0.000116597378321403,13.5216970502223
-0.000270273436636166,13.5236661363024
-0.000402229537161816,13.5255008217535
-0.000524095170608795,13.5273256470142
-0.000643927432400238,13.5292530256683
-0.00077120579160346,13.5314561310071
-0.000930175483968636,13.5344507736071
-0.00114394594161601,13.5389368556017
-0.00129890804814631,13.5425517062259
-0.00143089930785934,13.5458990443218
-0.00156726465381284,13.5496636131238
-0.00171919342815821,13.5543727637558
-0.00185759862221359,13.5596619041102
-0.0019346683140024,13.5643289677974
-0.00194534730119807,13.568569834964
-0.00187982673941162,13.5724018817913
-0.00173028353764791,13.5758800684362
-0.00149020821087845,13.5790608985707
-0.00115256507417776,13.5820077840789
-0.000707059872675611,13.5847875845199
-0.00013811732286565,13.5874645069847
0.000584643761498628,13.5901255187099
0.00151327593123501,13.5928723628655
0.00275939660581453,13.5958867022287
0.00432920698259921,13.5990478932267
0.00569696337464294,13.6014275380112
0.00724497385201137,13.6038071827957
0.00876896307473481,13.605875979102
0.0102873643700026,13.6076998365684
0.0118988465187267,13.6094087957438
0.013638123033803,13.6110283886141
0.0155209419300108,13.6125603437309
0.0176000840348505,13.6140325552672
0.0198962484062437,13.6154425247736
0.0224520620917026,13.6168002535872
0.0252980139796871,13.6181059076395
0.0284766560524253,13.6193640016965
0.0320321557657882,13.6205773317833
0.03601176571545,13.6217479829527
0.0404762080170342,13.6228800421273
0.0454936062982084,13.6239768939869
0.0511441821490993,13.6250420753807
0.057522682229067,13.626079197576
0.0647461938004933,13.6270925661362
0.0729577866296958,13.6280867664083
0.0823359913987682,13.6290669364529
0.0931092998351881,13.6300391280492
0.10557860147002,13.6310107847213
0.120156481699976,13.6319916578395
0.137441206298379,13.6329955492483
0.157787751964499,13.6340167173909
0.181410529544644,13.6350460225748
0.209002547031196,13.6360974641906
0.241550507083964,13.637192191247
0.280308384937103,13.6383578567701
0.322304157017399,13.6395163800337
0.35740851642403,13.6404440076351
0.387689939193648,13.6412449594341
0.414254835727052,13.6419768000098
0.437374351559481,13.6426704821637
0.456927392905745,13.6433481785869
0.472471890394828,13.6440299456848
0.483145204837684,13.6447381468946
0.487343617433687,13.6455036861064
0.482273180393571,13.6463409378284
0.466199115706009,13.6471926329631
0.4378798019658,13.648071968846
0.395839469326627,13.6489889355717
0.352656171949792,13.6497349090802
0.302275890718321,13.6504808825888
0.257583945602754,13.6510812550272
0.219734915319448,13.6515667298069
0.186670519699372,13.6519853330286
0.157108038177981,13.6523633770895
0.130325873059019,13.6527157700643
0.105858298383832,13.6530524548617
0.0833530918072846,13.6533813711582
0.0624878719936776,13.6537104275526
0.0428682452247629,13.6540503132331
0.0237161025728808,13.6544235987313
0.00811506617517311,13.6547722869944
-0.000267784799177681,13.6549830675501
-0.00789262803250051,13.6551938481057
-0.0142499909289011,13.6553872222191
-0.0200718940273961,13.6555821430623
-0.0258925543672017,13.6557987863497
-0.0314833197821106,13.656033631515
-0.0366995598473703,13.6562845764945
-0.0414620505190991,13.6565509343073
-0.0457290336387498,13.6568329527075
-0.0498027190740834,13.6571611507243
-0.0529413911878751,13.6574770449163
-0.0555630388881531,13.6578124760013
-0.0576834388085814,13.6581704125399
-0.0593156828995987,13.6585539645042
-0.0604734007563024,13.6589669486313
-0.0611692943150026,13.6594140749308
-0.0614136691600174,13.6599012137852
-0.061212794854551,13.6604357968044
-0.0605660860834066,13.6610279547457
-0.0594612037717661,13.6616918162012
-0.0578704327255804,13.6624462788667
-0.0557385194289779,13.6633202069984
-0.0529501940135156,13.6643643414655
-0.0492000666791069,13.6656986666815
-0.0452674290920437,13.6670720747991
-0.0414896216144135,13.6683994419896
-0.0379057228384457,13.669684954831
-0.0345340378884386,13.6709308430434
-0.0313830288637305,13.6721379925477
-0.028455113593122,13.6733066014915
-0.0257485101605924,13.6744365306811
-0.023258320852201,13.6755274873466
-0.0209772890401883,13.6765791183271
-0.0188963988339146,13.6775910516668
-0.0170053839666787,13.6785629071315
-0.0152931709036287,13.6794942867393
-0.0137070243686557,13.6804092665735
-0.0121792154075722,13.681347549746
-0.0107144707765385,13.6823105670845
-0.00931675732557251,13.6833003800113
-0.00798985230512919,13.6843194012971
-0.00673728933575447,13.6853704846473
-0.0055623066590081,13.6864570386612
-0.00446779281213444,13.687583179724
-0.00345622963302083,13.6887539418069
-0.00252963203071093,13.6899755720965
-0.00168948321594425,13.6912559608443
-0.000936662774620418,13.6926052903974
-0.000271362501232155,13.6940370616025
0.000307020127000481,13.6955698145502
0.000790611789498288,13.697194086699
0.00117205010823118,13.6988626209455
0.00146813880702419,13.7005937387977
0.00169373029684876,13.7024079711654
0.00186278305013774,13.7043325885148
0.00198878928679069,13.7064059200874
0.002085422658383,13.7086862670098
0.00216776571827639,13.7112731683456
0.0022556465261511,13.7143736472525
0.00237121346135278,13.7181078134592
0.00251188718365907,13.7219127418774
0.00267944135290779,13.7257810265783
0.00287152412227796,13.7297475600512
0.00308433647418022,13.7338442438589
0.00331477010630829,13.7381019688228
0.00356135536020093,13.7425521437889
0.0038245261931333,13.7472282131419
0.00410659598031706,13.7521670850981
0.00441172640749492,13.7574103944418
0.0047461297668762,13.7630058378234
0.00508172193341546,13.7684178071018
0.00542938401502467,13.7737809747203
0.00578841488504443,13.7790333070767
0.0061634779623941,13.7841974779424
0.00655824976687488,13.789278214891
0.00697708984268886,13.7942863376725
0.00742441364491012,13.7992286168169
0.00790493311809362,13.8041099089483
0.00842370790170929,13.8089327373442
0.00898628388943746,13.8136978742818
0.00959881294515731,13.8184046807645
0.0102681824962763,13.8230515643787
0.0110122477470508,13.8276965055478
0.0118500246703703,13.832372803222
0.0128000107741444,13.8370858728875
0.01388903869989,13.8418606294861
0.0151583432375534,13.8467524777706
0.0166852993685117,13.8518998035283
0.0186811181441081,13.8577524004923
0.0205335153414378,13.8625904353032
0.0221100524144119,13.8664458078256
0.0237204064384014,13.8703011803479
0.0251038430750493,13.8737083115273
0.0262693696532755,13.876835213211
0.027229600711956,13.8798529614208
0.0279335643210759,13.8827336942474
0.0283714143617091,13.8855459872746
0.0285300583201064,13.8884211571929
0.028352596110274,13.8915665661074
0.0275929756277703,13.8956660204723
0.0267398383502907,13.8985628478665
0.0256761055738165,13.9014596752607
0.0245996132737195,13.9040228935295
0.0235258480488521,13.9063858576899
0.02245117391493,13.9086427120608
0.0213771339211242,13.9108410594931
0.0203071237083317,13.9130088983089
0.019244849640962,13.9151651072578
0.018193889902942,13.9173236498705
0.0171575721926401,13.9194955834092
0.016138946636986,13.9216901552291
0.0151407854732419,13.9239154698513
0.0141655942309176,13.9261789213885
0.0132156233872025,13.928487500422
0.0122928771775946,13.9308480330219
0.0113991287282272,13.9332673592303
0.0105359233728524,13.9357525169714
0.00970459459518109,13.9383108821685
0.0089062683690267,13.9409503413629
0.00813603315599861,13.9437011731493
0.00737982910693072,13.9466386878438
0.00664153134602757,13.9497843826051
0.00592498874099205,13.953164009599
0.00523424715544638,13.9568073388196
0.00457349881418939,13.9607489424048
0.00394699862328522,13.9650292425478
0.0033589253209326,13.9696961270177
0.00281317948907694,13.9748076664787
0.00231308773980086,13.9804374025158
0.00186120452556084,13.9866823973128
0.00146282366465897,13.9936052145208
0.00113432389348596,14.0010676836154
0.000941678858196674,14.0070919532464
0.000741022848571646,14.0154121740853
0.000587952622747619,14.0241275423733
0.000465062744358484,14.0340121561914
0.000381486570204233,14.0440121561914
0.000327576226080121,14.0540121561914
0.000295040951264558,14.0640121561914
0.000277947686350619,14.0740121561914
0.000272238419889183,14.0840121561914
0.000275290751859879,14.0940121561914
0.000285539340271135,14.1040121561914
0.000302201836910201,14.1140121561914
0.000325116826205207,14.1240121561914
0.00035467983259898,14.1340121561914
0.000391866024140219,14.1440121561914
0.000438345184820281,14.1540121561914
0.00049294654588035,14.1634196481698
0.000555610480617959,14.1721151746442
0.000627189517403857,14.1801472867937
0.000708801756247183,14.1875671030043
0.000801771124951015,14.1944221893601
0.000907621172382555,14.2007566717148
0.00102808855473977,14.2066115301248
0.00116514566956574,14.2120248534176
0.00132102933091037,14.2170320583397
0.00149827393179433,14.2216660900682
0.00169975180502573,14.2259576103146
0.00192872046707053,14.2299351749964
0.00218888073639469,14.2336254020548
0.00248444711428283,14.2370531372396
0.0028202364674031,14.240241624149
0.00320178119323541,14.2432126809945
0.00363547661625691,14.2459868906972
0.00412877988895643,14.2485838184199
0.0046904861763021,14.2510222745754
0.00533112747778771,14.2533206542682
0.00605499232032168,14.2554741218136
0.00685472807434081,14.2574601262351
0.00774070628113417,14.2593122179746
0.00872863433913676,14.2610642716303
0.00984329178376386,14.262753167331
0.0111294534485609,14.2644282398989
0.0127393827970619,14.2662341554623
0.0151721875272287,14.2685656217123
0.0167856729615151,14.2699495080973
0.018484159799994,14.2713333944822
0.0200317534988391,14.2725762693797
0.0214151990258605,14.2737163757694
0.022655952314357,14.2748111711354
0.0237507348856979,14.2759010640073
0.0246787497219852,14.2770252030708
0.025398784467216,14.2782377536665
0.0258251115052912,14.2796490701467
0.0256403463807803,14.2817290220538
0.024960350308944,14.2832391709784
0.0239216716734652,14.284749319903
0.0227296878780983,14.2861428946457
0.0213891875329523,14.287535992796
0.0199087349465858,14.2889801160554
0.0182971079884221,14.2905127806844
0.0172721131431526,14.2914882024004
0.0162719311676156,14.2924636241165
0.0146998797491376,14.2940908172942
0.0121521025294769,14.2970441854348
0.01002349117199,14.2999269291141
0.00835529536235355,14.3025680165798
0.0070053951535939,14.3050519718365
0.00582863886836308,14.3075681199809
0.00479559889025048,14.3101483807961
0.00388672235883579,14.3128162398131
0.00308642480209465,14.3155948776285
0.0023940387755018,14.3184530619122
0.00184336680867185,14.3211441729627
0.00139419925936022,14.3237126641191
0.00101740885713,14.326210334889
0.000695144320600384,14.3286682253037
0.000417719668435439,14.331085256075
0.000178195986190397,14.3334499124419
-3.23478622566513e-05,14.3357859268998
-0.000224970265619649,14.3381728124258
-0.000417409334359757,14.3408340791112
-0.000563574260011192,14.3430640578629
-0.000698297710146869,14.3452940366147
-0.000803633755138582,14.3471609493444
-0.000892459682275656,14.3488219926419
-0.000974753265701129,14.3504324757809
-0.00105614958068756,14.3520928903978
-0.00114240707395544,14.3539244777294
-0.00124487242808263,14.3561933254167
-0.00143066160010028,14.3605468581108
-0.00159480948075137,14.3646311187018
-0.00172883748899796,14.3681252205671
-0.00186539153510536,14.3718431370645
-0.00203096692168569,14.3766336845698
-0.00220037555652799,14.3821962415054
-0.00230850375343582,14.3870033994205
-0.0023504052491429,14.3913045075705
-0.00231601562563151,14.3951517288823
-0.00219704384740465,14.3986504797282
-0.00198525487429954,14.401875696302
-0.00167494542509156,14.4048616289746
-0.00126280875636305,14.4076352914147
-0.000742309209792679,14.4102444049229
-9.5645566288287e-05,14.4127633086117
0.000716499705595606,14.415295332425
0.00179802079500995,14.4180468239648
0.00323129315518713,14.4210777129733
0.00502674049577331,14.4243128513497
0.00643063947953069,14.426554781007
0.00798469747751682,14.4287967106643
0.00950203625649639,14.4307594845376
0.0110674127247968,14.4325656849214
0.0126650762894065,14.4341987173358
0.0144099313820342,14.4357689854362
0.016306942290202,14.4372615386691
0.0184096098948421,14.4387005505574
0.0207465755951834,14.4400859441325
0.0233499364320723,14.4414192086971
0.0262594733144707,14.4427043401933
0.0295094817078875,14.443941286168
0.0331480191980932,14.4451341270478
0.0372264887988116,14.446285743536
0.041803598908328,14.4473990610754
0.0469461101189995,14.4484768807253
0.0527373578035537,14.4495231429873
0.0592751071775499,14.4505416118782
0.0666768265363085,14.4515362302315
0.0750861633143872,14.4525113017193
0.0846813862794223,14.4534716142146
0.0956883653581834,14.4544226967831
0.108401855545972,14.455371292742
0.123217027812195,14.456325858594
0.140688706478965,14.4572977992718
0.161434741245073,14.4582943761094
0.18547319712265,14.4592948932325
0.213452570092068,14.4603106207615
0.246255634392813,14.4613577963582
0.285218642992917,14.4624635317318
0.329644115675372,14.4636067829296
0.36881325708139,14.46455797668
0.401804060118799,14.4653500577414
0.430487966350946,14.4660595824989
0.455539445977569,14.4667261775539
0.477007548849357,14.4673750658753
0.494545222804887,14.4680278003193
0.507354617522549,14.4687083508253
0.513846641849169,14.4694514710071
0.511040960336634,14.4702671696158
0.496979291256173,14.471100695352
0.470359275612115,14.4719673640957
0.429527637598797,14.4728782911548
0.372665934031475,14.4738424793105
0.330006598792367,14.4744539426983
0.283120901710396,14.4750654060861
0.241151625071895,14.4755823514209
0.204885449479686,14.4760193615781
0.172850974259334,14.4764067714613
0.144060961723087,14.4767631239264
0.117904690915729,14.4771000897876
0.0939533555500842,14.4774262830623
0.071849958897962,14.4777494990502
0.0512137249787602,14.4780790364399
0.0314343675205775,14.4784313359266
0.0104662370290863,14.4788635948561
0.000772201132645011,14.4790934633714
-0.00795519534984579,14.4793233318867
-0.0144200203350412,14.479511713707
-0.0203525994507792,14.4797019249424
-0.0262893486178916,14.4799134539656
-0.031996709439942,14.4801428676533
-0.0373265047383684,14.4803881121326
-0.042197195638958,14.4806485111514
-0.0465669547270818,14.4809243037717
-0.0504124679290889,14.4812163895699
-0.0537926320915103,14.4815337262588
-0.0565367164708664,14.4818608709686
-0.0587699583153969,14.4822098365119
-0.0605069744111039,14.4825837784191
-0.0617619249959252,14.4829864245058
-0.06254815932479,14.483422379487
-0.0628767134329323,14.4838973893483
-0.0627546324132137,14.4844187361518
-0.0621824986982639,14.4849961041274
-0.0611489466790321,14.4856435057697
-0.0596270904770078,14.4863794353787
-0.0575626466624908,14.487232083358
-0.0548421676813352,14.4882507563552
-0.0511682958351063,14.4895505131089
-0.0471536666019138,14.4909383936367
-0.0432813982363158,14.4922806909383
-0.0395963767137179,14.493581772162
-0.0361200968689429,14.4948438889249
-0.0328631837916042,14.4960678897593
-0.0298297382405655,14.497253910198
-0.0270193616380147,14.4984017410421
-0.0244282978939937,14.4995110218861
-0.0220502092772258,14.5005813401346
-0.0198767855630188,14.5016122765462
-0.0178982636535667,14.5026034187734
-0.0161038852371829,14.5035543544906
-0.0144823011266041,14.5044646504552
-0.0129287593289031,14.5053910860226
-0.0114362562003279,14.5063414173863
-0.0100089332706522,14.5073174974117
-0.0086506717635528,14.5083215515984
-0.00736513752702076,14.5093562004225
-0.00615572998553456,14.5104245589705
-0.00502552941766604,14.5115303686874
-0.0039772418973113,14.5126781760975
-0.00301314166744619,14.5138735812419
-0.00213501020331306,14.5151235931129
-0.00134407035528546,14.5164371559218
-0.000640912391651816,14.5178259614734
-2.54057165075573e-05,14.519305769887
0.000503416503532328,14.520898704205
0.000926449518256703,14.5225427534187
0.00125605274870557,14.5242405212279
0.00150768871646524,14.5260105957798
0.00169560177600137,14.5278765423466
0.00183329995699577,14.5298704813684
0.0019340461001747,14.5320392532238
0.00201165699544747,14.5344579198646
0.00208226637956417,14.5372659180138
0.00217047970020145,14.5408078808904
0.00228234701398296,14.5445897966048
0.00243451861720379,14.5487893090198
0.00260132695648496,14.5527516236359
0.00277727259210172,14.5565691370345
0.00296048949540727,14.5603400774417
0.0031502454225718,14.5641251927462
0.00334692478027443,14.5679682319686
0.00355186473102787,14.5719048819946
0.0037671741475474,14.5759670329428
0.00399559047120134,14.5801852852521
0.00424039161532549,14.58459063032
0.00450539611003215,14.5892158003409
0.0047951164464889,14.5940967128924
0.00511512899619803,14.5992737618231
0.00546445567810948,14.6046664404454
0.00582286029144944,14.6099126316538
0.00619911298249526,14.6151092971869
0.00659323497101318,14.6202121063526
0.00700986142239608,14.6252371184302
0.00745322162362507,14.6301883320945
0.00792834262279802,14.6350734102284
0.00844055976243906,14.6398968757299
0.00899568299933628,14.6446613236197
0.0096000519876424,14.6493672712682
0.0102606661404556,14.6540137632631
0.0109946346746106,14.6586550618916
0.0118212707368923,14.6633280637756
0.0127586147927534,14.6680368426721
0.0138328128424612,14.6728049187792
0.0150835178487117,14.6776840510882
0.0165837050394883,14.6828024298799
0.01852439099311,14.6885629462459
0.0204249972743113,14.693570831702
0.0220125521471388,14.6974686245012
0.0236399051281859,14.7013664173003
0.0250390962309854,14.7048012233363
0.0262178835745331,14.7079406421184
0.0271915456434279,14.7109611402433
0.027913004373062,14.7138499723806
0.0283684606894322,14.7166624960179
0.0285465966407804,14.7195278427864
0.0283950445009697,14.7226436345623
0.0276977136884811,14.7266148307941
0.0268547535880486,14.7295687462432
0.0257875475739867,14.7325226616924
0.0247094160970028,14.7351122970651
0.0236356693883822,14.7374872289514
0.0225612402253502,14.7397500282621
0.0214872805675158,14.7419510951654
0.0204171095965246,14.7441195456887
0.0193544352089974,14.7462748007498
0.0183028577838857,14.7484311143183
0.0172657336700738,14.7505996990431
0.0162461426407598,14.7527898762986
0.0152468862331145,14.7550097680638
0.014270498938974,14.7572667406448
0.0133192579924224,14.7595677210984
0.0123951943543343,14.7619194324762
0.0115001057108753,14.7643285757629
0.010635560405972,14.7668020082227
0.0098029130502271,14.7693468780041
0.00900330821568609,14.7719707896639
0.00823201109091434,14.7747028963716
0.00747441951736718,14.7776194859897
0.0067343992466508,14.7807416991285
0.00601578670885838,14.7840948817604
0.0053226200840784,14.7877083214375
0.00465909173381999,14.7916160112408
0.00402946889345173,14.7958576637021
0.00343796160916622,14.8004802550713
0.00288852664662427,14.8055406240325
0.00238458485329372,14.8111104382321
0.001928808395847,14.8172840126846
0.00152484037256529,14.8241557413105
0.00118644481218667,14.8315573398151
0.000920312002716579,14.8395955331436
0.000752059841958045,14.8467859167423
0.000600007319377848,14.8556117697584
0.000487515191096134,14.86484714469
0.000405265589240753,14.87484714469
0.000353648119785866,14.88484714469
0.000324590957393234,14.89484714469
0.000312336014179493,14.90484714469
0.000312993886052656,14.91484714469
0.000324189230266902,14.92484714469
0.00034474922537087,14.93484714469
0.000374488110098434,14.94484714469
0.000414125216630425,14.95484714469
0.000465355454507421,14.96484714469
0.00052612778484929,14.9741591340633
0.000596518790983072,14.9827458957867
0.000677403994830798,14.9906628189046
0.000769996463603835,14.9979641889786
0.000875772802852387,15.0047000355317
0.000996457377688899,15.0109164808271
0.00113403259197982,15.0166561361548
0.00129076220352897,15.0219584320367
0.00146922374586704,15.0268598981996
0.00167234801449537,15.0313944169013
0.00190346929184074,15.0355934578184
0.00216638597277547,15.0394862971873
0.00246543719018187,15.0431002257692
0.00280559953634176,15.0464607592915
0.00319261264806254,15.0495918608714
0.00363314706830505,15.052516182699
0.00413503371543034,15.0552553462403
0.00470759175860422,15.0578302940835
0.00536211725642079,15.0602617650031
0.0060987988574874,15.0625320572734
0.00691629168762309,15.0646375997003
0.00782831381835508,15.0666174360422
0.0088567314875455,15.0685136571999
0.0100402594970697,15.0703797737721
0.0114645715479378,15.0723100260764
0.0135367208337106,15.0747133224683
0.0150302222588168,15.0762573244733
0.016616405774801,15.0778013264784
0.018066910318274,15.0791812822973
0.0193532071191486,15.080427475482
0.0205026115818044,15.0816102817944
0.0215160273649481,15.0827753101044
0.0223770976141397,15.0839623121587
0.0230523056233069,15.0852207576451
0.023476123711698,15.0866389530769
0.0234661477893051,15.0884875945903
0.0229014246436842,15.0902464056307
0.0218894775062971,15.0920052166712
0.0207688307401321,15.0934959550059
0.0195281184885719,15.0949383728795
0.0181669525666019,15.0964082978164
0.016694220859233,15.097945624271
0.015797534831995,15.0988761499063
0.0149168140217191,15.0998066755416
0.0139100125881942,15.1009200121514
0.0116386581679744,15.1036798300976
0.00963624147458591,15.1064934602611
0.00803583671309786,15.1091064975362
0.00671270898206544,15.1116087279018
0.00555407161638073,15.1141499865737
0.0045333880888134,15.1167601611685
0.00363217782167872,15.1194627792397
0.00286367846299203,15.1221730943051
0.00224546851203915,15.124722292632
0.00173946739598897,15.1271347769887
0.00131670233523732,15.1294420596318
0.000955693529950797,15.1316782137736
0.00064023537918835,15.1338806397755
0.000357085600729315,15.1360974413984
9.25469180987143e-05,15.1384140997268
-0.000178932420135668,15.1410838041808
-0.000367532127899568,15.1431398667767
-0.000541138819089707,15.1451959293726
-0.000680614831282127,15.1469704734537
-0.000799380586450125,15.1485724653004
-0.000909514845721149,15.1501353286477
-0.00101837903264376,15.1517546445732
-0.00113375950701322,15.1535521441105
-0.00127161015869306,15.1558081923389
-0.00151019027387972,15.1599794029528
-0.00171515081133851,15.1638163922715
-0.00188387220432155,15.1671397687667
-0.00205787320711112,15.170722875402
-0.00227070521869179,15.1753568706235
-0.00250028777865475,15.1808897007022
-0.00266815095312799,15.185954778908
-0.00275673405939263,15.1904932387722
-0.00275542894402309,15.1945553258742
-0.00265875430264116,15.1981951326218
-0.00246529394087875,15.2014806847612
-0.00217460968488336,15.2044809858468
-0.00178430636055892,15.2072628116708
-0.00128670856338102,15.209894334503
-0.00066328921623942,15.2124558373154
0.000132044203144316,15.2150756628833
0.00120314514506297,15.2179695985805
0.00257980310478165,15.2211141166171
0.00401890095769678,15.224030052733
0.00574437692156759,15.2272229884875
0.00695623671895509,15.2292893468916
0.00827134167041671,15.2313557052956
0.00954153078999286,15.2331649712312
0.0108880819512387,15.2348836500688
0.0123307119537376,15.2365138197439
0.0139203719014681,15.2380889595679
0.0156800188509377,15.2396063155589
0.0176439688754107,15.241072508941
0.0198392167409593,15.2424864798554
0.0222896673337899,15.2438456674978
0.0250319024145049,15.2451543939951
0.0281002765624135,15.2464139654599
0.0315305949758131,15.2476253481435
0.0353725148100451,15.248792930403
0.0396796892191306,15.249919865655
0.0445146204099893,15.2510094499117
0.0499508923916198,15.2520651359581
0.0560746616736972,15.2530903405905
0.0629915207154764,15.2540890559652
0.0708278705719444,15.2550652814917
0.0797385626446941,15.2560233515311
0.0899164228688742,15.2569681027162
0.101606015198344,15.2579050931996
0.115126449940026,15.2588410666692
0.130906355074053,15.2597845156028
0.149547651013242,15.2607468837372
0.171573906518245,15.2617293363598
0.197097283890618,15.262716697283
0.226805370157587,15.2637200983417
0.261635432227347,15.2647557788098
0.303036556656769,15.2658521013064
0.339583562126867,15.2667402519919
0.377993791987707,15.2676284026773
0.41186239570631,15.2684013773393
0.441346961698213,15.2690931092666
0.467125288934497,15.2697421844591
0.489300147327425,15.2703745498909
0.507545793321185,15.2710123354971
0.521059163819928,15.2716806231315
0.528180616608643,15.2724174967665
0.525763983759152,15.2732213156063
0.511885825018308,15.2740460127071
0.485187427294014,15.274907895156
0.443895467587371,15.2758188517
0.386042723225785,15.2767873529556
0.341476066310302,15.2774159601907
0.292297911470228,15.2780445674258
0.24852183602364,15.2785715588323
0.210989575408018,15.2790129010531
0.178009712212956,15.2794017445247
0.148465419265509,15.2797580103774
0.121681410012464,15.2800939589728
0.0971939656899119,15.2804184521251
0.0746259741240796,15.2807393412684
0.0535868886315313,15.2810657695255
0.0334746196828873,15.2814134328952
0.0123954560292416,15.2818339904971
0.00180596615599942,15.2820771765022
-0.00554549338020731,15.2822634785847
-0.0122650914096464,15.2824497806672
-0.0181619471007055,15.282629036501
-0.024180328117442,15.2828311987702
-0.0300443143646196,15.2830522402562
-0.0355714959260434,15.2832894981104
-0.0406598614249647,15.2835418967314
-0.0452554030167238,15.2838093980977
-0.0493328255494974,15.2840926865985
-0.052905127146962,15.2843957600987
-0.0558817675532232,15.2847121927346
-0.05834008504755,15.2850493805303
-0.060293711041622,15.2854101818301
-0.061756966197065,15.2857980338192
-0.0627439467797708,15.286217177862
-0.0632669990910682,15.2866728892736
-0.0633351064411338,15.2871718186385
-0.0629519265889587,15.2877225166721
-0.0621111825525874,15.2883374201399
-0.060792392873115,15.2890330168639
-0.0589529749906088,15.2898332840048
-0.0565060870073444,15.2907778236605
-0.0532475437179308,15.2919478846963
-0.0491694586389022,15.293360836762
-0.045206375544347,15.2947244373086
-0.0414151927266862,15.296045892729
-0.0378246216422407,15.2973281916358
-0.0344493707488006,15.2985725281315
-0.0312962834272286,15.2997791874911
-0.0283670185581337,15.3009480099122
-0.0256594415962154,15.3020786346023
-0.0231685007646168,15.3031706267079
-0.0208868820201327,15.3042235392275
-0.0188055563598584,15.3052369368574
-0.0169142611570269,15.3062103961442
-0.0152019287580787,15.3071434898248
-0.0136215187119099,15.3080569344103
-0.0120993426884074,15.3089936487259
-0.010640185070505,15.3099550155716
-0.00924802612546859,15.3109430753267
-0.00792666416737139,15.3119602159143
-0.00667966155099046,15.3130092612717
-0.0055102936171277,15.3140935834519
-0.0044214954124673,15.315217252902
-0.00341580623756512,15.3163852444438
-0.00249531169083204,15.3176037271019
-0.00166158231031351,15.3188804847666
-0.000915606929238918,15.3202255499468
-0.000257717036037077,15.3216522032378
0.000312505224179467,15.3231786429414
0.00078857829317066,15.3248006501732
0.00116133047847143,15.3264659534932
0.00144755213439866,15.3281928664066
0.00166197959304152,15.3300016181447
0.00181838641992638,15.3319190141506
0.00192996815396709,15.3339825938157
0.00200990352489952,15.3362491695796
0.0020723675621678,15.3388149821076
0.00213515852340474,15.3418772773877
0.00222040677830214,15.3456106134391
0.00233327181839634,15.3495252732441
0.00248391325123989,15.3537708401307
0.00264446260609177,15.357715688299
0.0028121390170643,15.3615257641352
0.00298566847189479,15.365296037072
0.00316486329144038,15.3690851780342
0.00335052228533744,15.3729360197718
0.00354424458378238,15.3768838538035
0.00374826211599065,15.3809604737063
0.00396531929932715,15.3851966009275
0.00419860993559918,15.3896235280938
0.00445180357660877,15.3942744920926
0.00472922174835626,15.3991861443381
0.00503622585462617,15.4043998533577
0.00537226459292373,15.4098406348293
0.00571688147916951,15.4151268399665
0.00607876031583088,15.4203611693203
0.0064578048640287,15.4254978079089
0.00685850098374177,15.430554306712
0.00728485601442144,15.4355351348926
0.00774163485662624,15.4404486317478
0.00823386615708123,15.4452998181287
0.00876702396549386,15.45009180925
0.00934707458736754,15.4548255325822
0.00998060644941153,15.4595003180063
0.0106766584671978,15.4641252227813
0.0114599238142238,15.4687879161047
0.0123448405446199,15.4734793060507
0.0133542284025182,15.478217921871
0.0145203707121966,15.4830392750669
0.015897468836922,15.4880283802616
0.0176036746788117,15.4934171151872
0.0200151530883575,15.5000197462256
0.0216294701029749,15.5040335123978
0.0233021965760439,15.50804727857
0.0247574287556624,15.5115835138314
0.025982760439887,15.5147712817257
0.0270024713869531,15.5178060918874
0.0277842145942947,15.5207284058113
0.0282994009606391,15.5235480866363
0.0285422157865876,15.5263888125815
0.0284731204107559,15.5294226445853
0.0279445742710698,15.5330768384606
0.027132775899866,15.5362340519483
0.0260482368816784,15.539391265436
0.024962563169277,15.5420678567247
0.0238879737802991,15.5444811784452
0.0228135906098197,15.5467643953323
0.0217391239456544,15.54897701543
0.0206676102064388,15.5511515972455
0.0196027310965882,15.5533092435293
0.0185481260567328,15.5554651624425
0.0175072084418667,15.5576311565573
0.0164831171339837,15.5598169360554
0.0154787128772356,15.562030885779
0.0144965859254899,15.5642805582098
0.0135390665904948,15.5665730144709
0.0126082396113947,15.5689150682416
0.0117059501133973,15.5713134968368
0.0108338154417351,15.5737752085024
0.00999323740730158,15.5763073918895
0.00918540666081725,15.5789176851679
0.00841131639545309,15.5816143253693
0.00765064860264774,15.5844895944407
0.00690676068715796,15.587565568825
0.0061834522030735,15.5908668377978
0.00548472373720686,15.5944218440626
0.00481474643087386,15.5982635759709
0.00417778961090931,15.6024305380362
0.00357810469705717,15.6069681608394
0.00301974573399482,15.6119311400679
0.00250630499911446,15.6173878450717
0.00204067227953895,15.6234276670992
0.00162498295382609,15.6301713747064
0.00127478950371074,15.6374513049333
0.0010577935590432,15.6435943337125
0.000851203287841423,15.6515686193383
0.000695265272289232,15.6598947052227
0.000573654892903756,15.6690515450309
0.000485961254460411,15.6790515450309
0.000433779759087896,15.6890515450309
0.000408237897167948,15.6990515450309
0.000403195938747504,15.7090515450309
0.00041478715749457,15.7190515450309
0.000441073207463216,15.7290515450309
0.000481795287511064,15.7390515450309
0.00053671164327935,15.7487978972276
0.000603309266737604,15.7577932660397
0.000681544263647427,15.766079645721
0.0007721294565393,15.7737151509006
0.000876247497655081,15.7807536731747
0.000995439735164662,15.7872446905303
0.00113156726421396,15.7932337567871
0.00128680885255724,15.7987629176708
0.00146367980026697,15.8038710491729
0.00166506406144127,15.8085941523462
0.00189425953788399,15.8129656232188
0.0021550368574869,15.8170165048834
0.00245171565843161,15.8207757218258
0.00278926125952699,15.8242703116635
0.0031734138492733,15.8275256717902
0.00361086080354687,15.8305658316757
0.00410947588951815,15.8334137677299
0.00467866449819303,15.8360918040384
0.00532988406636391,15.8386221658618
0.00606512529140119,15.8409915069152
0.00688310002981881,15.8431938075717
0.00779918363284205,15.845272110296
0.00883882680049437,15.8472750077822
0.0100501278102197,15.8492698793133
0.0115544178682136,15.851396642592
0.0132476595044147,15.8534831961001
0.0146704572097858,15.8550778832174
0.0161692243708685,15.8566725703347
0.0175056099250136,15.8580754682091
0.0186916742281522,15.8593558377413
0.0197474857789247,15.8605801123548
0.0206694979076937,15.8617926291783
0.021438647725967,15.8630346690429
0.0220181399403991,15.8643607206984
0.0223342120538031,15.8658748385437
0.0221518729582243,15.8679480041482
0.0215185994040078,15.8696361690053
0.0205320273420362,15.8713243338624
0.0194271826278195,15.8728315528973
0.0182073184637257,15.8743057540309
0.0168786459599081,15.8758084648006
0.0154506889875747,15.8773774028727
0.0149850034785778,15.8778869544262
0.0145229113686118,15.8783965059798
0.0138608543238783,15.8791467771838
0.0117171722182357,15.8817797176193
0.00972692208844165,15.8845878308924
0.00812333376440691,15.8872098223026
0.00679567598650709,15.8897198103836
0.00563167785536895,15.8922681659155
0.00460504874570062,15.8948850717164
0.00370351640758951,15.89757471786
0.00296642622698894,15.9001450272655
0.0023526764009276,15.9026281205498
0.0018286258255009,15.9050736194177
0.00136483660617239,15.9075626652055
0.000925640087225184,15.9102824022916
0.000562293562726544,15.9128724089471
0.000308101474017125,15.9149104446493
7.77388229677292e-05,15.9169484803515
-0.000111025714973136,15.918773909648
-0.000276746791338605,15.9205061197638
-0.000432657773575167,15.9222576769206
-0.000588960642234429,15.9241426868765
-0.000760056619566267,15.926366007472
-0.000997224797642982,15.9297453146593
-0.00123213735968138,15.9334570882809
-0.00141411132183243,15.936596363937
-0.00158512337889303,15.9397667451007
-0.00176900898682942,15.9434336664284
-0.00198269654400865,15.9481064670041
-0.0021985122945167,15.9536059464858
-0.00233782441867321,15.958411785974
-0.00239987125946478,15.9627895041984
-0.00237410327555451,15.9667458828976
-0.00225411786285421,15.9703350570759
-0.00203661340757282,15.9736062695931
-0.00171880808254228,15.9766219673173
-0.00129497642782359,15.9794499244115
-0.000751059291620186,15.9821711537155
-5.48849680127353e-05,15.9848951460149
0.000877241167304772,15.9878283343343
0.00209159549543766,15.9909865564809
0.00363285179034224,15.9944096351877
0.00535642639928636,15.9977712011546
0.00654266812275178,15.9998577024304
0.00784444968848047,16.0019442037062
0.0091478891913504,16.0038229637928
0.0105272692709393,16.0055944151657
0.0119973924505554,16.0072609047237
0.0136080048372854,16.0088604291371
0.0153873180227027,16.0103986828688
0.0173640979744119,16.0118795842
0.0195661021828655,16.0133046861299
0.0220251896591078,16.0146769567589
0.0247681405595646,16.0159954776148
0.0278353873038261,16.0172650527696
0.0312672633503968,16.0184880949628
0.0351095624578671,16.0196672508478
0.0394157864449191,16.0208056169887
0.0442513444267926,16.021907145231
0.0496913924858173,16.0229753967853
0.0558253548046757,16.0240141055848
0.0627604432091022,16.0250271802968
0.0706275244428089,16.0260188907818
0.0795892444834836,16.0269940437822
0.0898501546158534,16.0279580553642
0.10167464440063,16.028917382875
0.11541527358506,16.0298801085141
0.131563291824533,16.0308570450476
0.150846014857615,16.0318638748323
0.17321685584521,16.0328745251718
0.199231662800682,16.0338978027163
0.229692415808188,16.0349492011928
0.265778332623291,16.0360532964949
0.307403154600542,16.0372015792597
0.347600868615591,16.0382356807246
0.38148859741363,16.0390858627747
0.410878323565614,16.0398355762516
0.436602543417995,16.040530824215
0.458814615793739,16.0411990112888
0.477282870015758,16.0418616302858
0.491398194960681,16.042540193353
0.499979266391776,16.043261965087
0.500651152524115,16.0440715949956
0.490739286629793,16.0449050891429
0.469030643873494,16.0457631001291
0.434069140346449,16.0466577056398
0.384199086374164,16.0475981635555
0.341382171523462,16.0482632031728
0.293179552821171,16.0489282427901
0.249937147775466,16.0494820974722
0.212861758564093,16.0499415096361
0.180274560681353,16.0503435651059
0.15106133684519,16.05071010926
0.124559855084167,16.0510542490704
0.100323852477807,16.0513851746054
0.078000325356899,16.0517106674223
0.0572432090093933,16.0520391542367
0.0375747584937915,16.0523835249094
0.0178157954764767,16.0527773644668
0.00944601927667376,16.0529645926861
0.00171976090919321,16.0531518209054
-0.00650093474737481,16.0533700901767
-0.0130758949847217,16.0535625431498
-0.018922653656979,16.0537506348513
-0.0248238659062288,16.0539610597811
-0.0305306729195407,16.0541900763835
-0.0358810600891266,16.0544352925811
-0.0407853967509029,16.0546958247943
-0.0451970716036414,16.0549717794294
-0.0490874797108518,16.055263961447
-0.0524204706122421,16.0555713258521
-0.0552289288426595,16.0558973993793
-0.0575289105674239,16.0562450444754
-0.0593332983454624,16.0566171824831
-0.0606559951460545,16.0570174015297
-0.0615103984510106,16.0574501262955
-0.0619079146794382,16.0579208594366
-0.0618563622868203,16.0584365418486
-0.0613579536654319,16.0590061401664
-0.0604038000337591,16.0596430329205
-0.0589710511272425,16.0603643443997
-0.0570132738992653,16.0611956240318
-0.0544356573385906,16.0621798553384
-0.051008084565769,16.0634089011393
-0.0470093096037381,16.0648030540974
-0.0431436209111828,16.0661493276355
-0.0394607641162531,16.0674531686457
-0.0359844329894712,16.0687173371309
-0.0327262895610711,16.0699429626832
-0.0296909724877159,16.0711303419413
-0.0268783857546826,16.0722793611475
-0.0242849550363518,16.0733897182267
-0.0219044572836648,16.0744610373184
-0.0197286568043744,16.0754929230561
-0.0177478391477121,16.0764849791996
-0.0159512769591222,16.0774368048381
-0.0143276391936499,16.0783479753729
-0.0127740843368422,16.0792740882896
-0.0112814678277661,16.0802240687105
-0.00985395406368939,16.0811997556114
-0.00849542937452525,16.0822033695618
-0.00720956507327016,16.0832375243643
-0.00599976639444216,16.0843053263367
-0.00486911986079091,16.0854105054174
-0.00382033827369803,16.0865575929303
-0.0028557031023191,16.0877521685683
-0.00197700353245088,16.0890012135439
-0.00118547055945063,16.0903136331246
-0.00048170293620424,16.0917010625869
0.000134421253016521,16.0931791761647
0.000663860153736795,16.0947699581891
0.00108792325583123,16.0964133450138
0.00141834285120566,16.0981101076407
0.00167063501589405,16.0998788174363
0.00185908128052459,16.1017429254717
0.00199722987916827,16.1037343645652
0.0020983906724023,16.1058996370592
0.00217644066013353,16.1083131144404
0.00224759507570941,16.1111124877215
0.00233653133664671,16.1146355529057
0.00245008436868208,16.1184127645758
0.00258872872990717,16.1222013470108
0.00275178372506776,16.1260428396444
0.00293577558598227,16.1299738820291
0.00313716421680101,16.1340269500779
0.00335363908850335,16.1382329820386
0.00358454831195448,16.1426231058856
0.00383090610310387,16.1472301479298
0.00409526686265274,16.1520900445067
0.00438166645095446,16.1572431924167
0.00469581305021114,16.1627358025769
0.0050220779450769,16.1682276327471
0.00535726482898296,16.17361643859
0.00570477339923798,16.178911919692
0.0060673282787204,16.1841096911181
0.00644887645320959,16.1892217486989
0.00685344886345223,16.1942574003489
0.00728534381505405,16.1992249634139
0.0077490729368396,16.2041299875397
0.00824948133493215,16.2089757830087
0.00879185749092591,16.2137637152416
0.00938205977538309,16.2184936314613
0.0100266376473123,16.2231642373317
0.0107363027790207,16.2277943573307
0.0115347708533862,16.2324608782925
0.0124373157057429,16.2371577086376
0.0134676430512054,16.2419047610202
0.0146599679081675,16.2467418353964
0.0160732218810633,16.2517648237545
0.0178416700594793,16.2572444305326
0.0202572041396096,16.2637567603605
0.0218387837541876,16.2676564612904
0.0234666448167202,16.2715561622203
0.024890627166455,16.2750331906426
0.0260916432754413,16.2781944507212
0.0270875926484739,16.2812211316969
0.0278381667509438,16.2841257336742
0.0283225693967021,16.2869414605824
0.028532205659488,16.2897945058182
0.0284212657756302,16.2928691043165
0.0278113322628699,16.2966721716462
0.0269837905667548,16.2997223807661
0.0259093046858199,16.3027725898861
0.0248277775981191,16.3054055053971
0.0237535065232923,16.3078006173963
0.0226788469130491,16.3100747313865
0.0216042836484455,16.3122827035146
0.0205330000128883,16.3144554021145
0.0194686893689924,16.3166131328883
0.0184149684996615,16.3187706733001
0.0173752184591004,16.3209395806934
0.0163525441563189,16.3231294267046
0.0153497719365236,16.325348529098
0.0143694597249088,16.3276044215171
0.0134139060064567,16.3299041882709
0.0124851645941191,16.3322547029623
0.0115850526853503,16.3346628330312
0.0107151591047391,16.3371356176579
0.00987686066225881,16.3396804098162
0.00907132371227255,16.342305058934
0.00829879181740567,16.3450207252133
0.0075395197847475,16.3479192185597
0.00679741268029381,16.3510211924907
0.00607627753375978,16.3543516958418
0.00538012369108501,16.3579396850683
0.00471312237598653,16.3618187580464
0.00407952876198931,16.3660281584736
0.00348355787797406,16.3706142536597
0.0029291958285469,16.3756330035415
0.00241992076220304,16.3811546838822
0.00195847215332087,16.3872715059824
0.0015472635053448,16.3940997650866
0.00126700314742891,16.3999631832508
0.00105596661007731,16.405826601415
0.000840033945432697,16.4138275533124
0.000671532133240275,16.4223790978494
0.000542329457673238,16.4315288256537
0.000446228136598875,16.4415288256538
0.000385059115762103,16.4515288256538
0.000349332639115115,16.4615288256538
0.000332265322299423,16.4715288256538
0.000329253985397921,16.4815288256538
0.000337417171223878,16.4915288256538
0.000355195381250547,16.5015288256538
0.000382070733996326,16.5115288256538
0.000418434205497671,16.5215288256538
0.000465605567244749,16.5315288256538
0.000522194897184448,16.5409491042192
0.000587754018804609,16.5496501859589
0.000662969865498337,16.5576815935606
0.000748897032886319,16.5650959302505
0.000846853786747472,16.5719419888391
0.000958394095140218,16.5782649003376
0.0010853110288331,16.5841064798545
0.00122965506985767,16.5895055187667
0.00139376157427719,16.594498030746
0.00158028425489736,16.5991174753597
0.00179223780537051,16.6033949659144
0.00203304846229956,16.6073594639196
0.00230661749537672,16.6110379607801
0.00261739897738302,16.6144556584644
0.00297049920301542,16.6176361567233
0.00337180558436338,16.6206016498129
0.00382815701963461,16.6233731422891
0.00434757845594206,16.6259707037923
0.00493961401234971,16.6284137883454
0.00561582102665617,16.6307216646395
0.00637011863123235,16.6328611830738
0.00720530581236199,16.6348455351013
0.00813472556841297,16.6367104846459
0.00917905221716543,16.6384935433722
0.010373793956193,16.6402408024858
0.0117994326967939,16.6420353977757
0.0137816296382666,16.6441769406115
0.0154625176808954,16.6457844168636
0.0172729728775123,16.6473918931156
0.0188538837671493,16.6487505550024
0.0202436048674949,16.6499579053243
0.0214881428204258,16.6510970012186
0.0225932409508177,16.6522148375871
0.0235447012532409,16.653350059721
0.0243110513222786,16.6545488931799
0.0248312006300714,16.6558905289784
0.0249463925827242,16.6575990726607
0.024462244197755,16.6593454660564
0.0234697738419367,16.6610918594521
0.0223437709409672,16.6625543103197
0.0210853253590245,16.6639628868335
0.0196929290322182,16.6653993135118
0.0181753413563216,16.6669049057603
0.0165391524627584,16.6685174496204
0.0151475162444444,16.6699452131335
0.0127508267803611,16.6726600848968
0.0105182294411434,16.6755864674539
0.00875825445453062,16.6782814873284
0.00734763445972543,16.680792153204
0.00613197581155348,16.6833036715835
0.00506538958715072,16.6858728527846
0.0041268212288795,16.6885244298958
0.0033000008533514,16.6912815768641
0.00258692061817694,16.6941016657192
0.00201562094353981,16.6967704374094
0.00154744207222742,16.6993267279772
0.00115288328551516,16.7018236999414
0.000810395778244836,16.7043215299994
0.000503158026579453,16.7068967773193
0.000212401353463819,16.7097032304588
-4.52642149921413e-05,16.7125661339633
-0.00021650042715019,16.7147050616595
-0.000372475276195384,16.7168439893558
-0.000499987023584279,16.7187433555153
-0.000611444317739818,16.7205247989381
-0.000716166453539499,16.7223087965023
-0.000821011096289058,16.7242077328037
-0.000935036816824094,16.7264068493912
-0.00108526641451469,16.7295248528655
-0.0012617254783299,16.7335173299299
-0.00139615040827327,16.736808914064
-0.00151839112456161,16.7400029308161
-0.00164804197219871,16.7436301033173
-0.0017954603781116,16.7481613612943
-0.00194373945328115,16.7535994472741
-0.00203032667223907,16.758338245809
-0.00205120028073542,16.7626308007139
-0.00199602948537563,16.7664953937842
-0.0018570659929175,16.7699902069987
-0.00162760326907871,16.7731842838205
-0.00129992205190279,16.776148425351
-0.000864601859534477,16.7789411666907
-0.000308832909232128,16.78161584533
0.000388733790664855,16.7842352135057
0.00127091521463765,16.7868942366085
0.00243589329796322,16.7897669004476
0.00395196118803555,16.7928744520891
0.00577891394044785,16.7960412093427
0.00713829377214494,16.7981037480113
0.0086591471012741,16.80016628668
0.0102129460544427,16.8020363232715
0.0118236910603361,16.8037505626882
0.0135598889500246,16.8053765013206
0.0154320817420291,16.8069109802708
0.0174959488887129,16.8083849426499
0.0197738471954457,16.809796941978
0.0223080765287692,16.8111566822975
0.0251283018289748,16.8124639062165
0.0282784593569828,16.8137238262799
0.0318015555012683,16.8149387783805
0.0357440483614426,16.8161107116081
0.0401664321364377,16.8172438345701
0.045135484321521,16.8183413879
0.0507298863709957,16.819406823823
0.0570423343457331,16.8204436671873
0.0641881790900778,16.8214562733753
0.0723067220422648,16.8224490666439
0.0815715405438133,16.8234270349014
0.0922037436533701,16.8243960074109
0.104492009512063,16.8253630328781
0.118830242788254,16.8263373490734
0.135780415671552,16.8273316642595
0.15584069798626,16.8283480678486
0.17910989966822,16.8293704468087
0.206247116669733,16.830411673926
0.238173119314711,16.831490770947
0.276340253827649,16.8326405542472
0.318444633651608,16.8337969561073
0.355017213430359,16.8347511005472
0.386392449592677,16.8355639292122
0.413860925364885,16.8362993584543
0.437835789839415,16.8369920191564
0.458274002561516,16.8376654310665
0.474799307562075,16.8383400096685
0.486632016409948,16.8390378354924
0.492308146098426,16.8397887393034
0.489069260188657,16.8406212955364
0.474918120508462,16.8414669009423
0.448643206791624,16.842339582822
0.408760681637068,16.8432497977831
0.353637126033139,16.8442079366142
0.313643306578647,16.8447980926158
0.269914562155106,16.8453882486174
0.230494562920164,16.845892586272
0.196073080355582,16.8463243384797
0.165449056363559,16.8467103567093
0.137800425302734,16.8470674229746
0.112602352000905,16.8474064325045
0.0894741311151024,16.847735673032
0.0680871610928028,16.848062884586
0.0480745357992157,16.8483976385475
0.0288122299871211,16.8487576272928
0.0079864399879833,16.8492101539877
-0.000591043403271244,16.8494246161436
-0.00837491234819178,16.8496390782994
-0.0146877914530538,16.849830684365
-0.0205424806788751,16.8500263631975
-0.0263770822037089,16.8502433735462
-0.0319685634658138,16.8504783116473
-0.0371774615173274,16.8507292072874
-0.041927575919037,16.8509954544667
-0.0461791805569147,16.8512773531379
-0.0502245498783169,16.8516045981803
-0.053346415432488,16.8519204332218
-0.0559504870945684,16.8522559066215
-0.0580526429725097,16.8526140029932
-0.0596661545080066,16.852997869436
-0.0608047365398216,16.853411369961
-0.0614810802080437,16.8538592770603
-0.0617053700816076,16.8543475467552
-0.0614836112538164,16.8548837324323
-0.0608146304694285,16.8554782155013
-0.0596852256639849,16.8561453669061
-0.0580661703023292,16.8569046014057
-0.0558991632268049,16.8577858153676
-0.0530612780106871,16.8588423663129
-0.0492159996675881,16.8602050789984
-0.045277775676743,16.8615769080122
-0.0414974495044554,16.8629032356854
-0.0379121834417407,16.864188132125
-0.034539686585296,16.8654336629087
-0.0313881506682137,16.8666406187589
-0.028459862302293,16.8678091415126
-0.0257529743224582,16.8689390573924
-0.0232625564825044,16.8700300516293
-0.0209813361756192,16.871081756635
-0.0189002898840447,16.8720937907579
-0.0170091476729194,16.873065767139
-0.0152968339642754,16.8739972832467
-0.01371114434641,16.8749120985159
-0.0121837873023549,16.8758502153111
-0.0107194945357596,16.8768130596964
-0.00932223393840933,16.8778026908344
-0.00799578469404501,16.8788215189026
-0.00674368324165067,16.8798723945629
-0.00556917158968598,16.8809587227353
-0.00447514310286488,16.8820846152315
-0.00346408567308751,16.8832551001798
-0.00253802174331091,16.884476417087
-0.00169844392286255,16.885756445791
-0.000946243658627597,16.8871053539998
-0.000281628035370295,16.8885366210648
0.000295985100052252,16.8900687537266
0.000778852883185804,16.891692785827
0.00115943811288132,16.8933609878783
0.00145454007060418,16.8950916790289
0.00167899612139183,16.8969053601257
0.00184674166447719,16.8988292554424
0.0019712327783182,16.9009016158733
0.00206608378363223,16.9031805947184
0.00214626978342124,16.9057654022608
0.00223138087042701,16.9088620781846
0.00234357246665401,16.9125960756717
0.00247974221782579,16.9163762768402
0.00264041642440237,16.9201749346695
0.00282317991247555,16.9240342633981
0.00302445476572846,16.9279897786854
0.00324139583320287,16.9320734479028
0.00347265753981155,16.936316040529
0.00371855070587661,16.9407488256933
0.00398094400431458,16.9454049913915
0.00426314026732433,16.9503210664008
0.00456989048091671,16.9555381738701
0.00490747778378471,16.9610993316128
0.00524694181191457,16.9664647767277
0.00560033495330133,16.9717894116175
0.00596643166309465,16.9770055827481
0.00635001187590842,16.9821370258183
0.00675477204943264,16.9871872832793
0.00718521802794724,16.9921666976275
0.00764594609696313,16.9970814515968
0.00814190254792675,17.0019359559125
0.00867841731807348,17.0067322757211
0.00926134190401937,17.0114707308922
0.00989717099523732,17.0161502920279
0.0105938525788698,17.020773395571
0.0113770220154019,17.0254353929606
0.0122606720013598,17.0301253049661
0.0132673568839665,17.034861379904
0.0144287604499503,17.0396777992176
0.0157976688037478,17.0446562680209
0.0174867922450471,17.050017203218
0.0198987353139307,17.056651160781
0.0215251680025353,17.0607054856841
0.0232141672614272,17.0647598105873
0.0246803968118655,17.0683164192286
0.0259141607766217,17.0715132727128
0.0269420192913448,17.0745511223616
0.0277343399273776,17.0774796911216
0.0282598736482522,17.0803012043699
0.0285136747726017,17.0831386750399
0.0284580712056077,17.0861607414566
0.0279538239963481,17.0897735526696
0.0271471985309747,17.0929665141242
0.0260591289638383,17.0961594755788
0.0249720747594999,17.0988500571435
0.023897381587039,17.1012691342629
0.0228230498762526,17.1035553536813
0.0217485376538654,17.1057696920414
0.0206768360101889,17.107945225122
0.0196116227081586,17.1101033005104
0.0185565428389379,17.1122592631491
0.0175150176376002,17.1144249995063
0.0164901941179748,17.116610274156
0.0154849407798076,17.1188235084871
0.0145018551265507,17.1210722799168
0.0135432741646938,17.1233636666007
0.0126112892096364,17.125704492496
0.0117077511635589,17.1281015413795
0.0108342832284031,17.1305617225979
0.00999229237632262,17.1330922227581
0.00918297448631167,17.135700672305
0.00840732727059499,17.1383952963454
0.00764580127693479,17.1412650923146
0.00690087597311605,17.1443349242787
0.00617634675635982,17.1476292049694
0.00547619634751668,17.1511762078722
0.00480457635855254,17.1550086999723
0.00416573492506339,17.1591648848378
0.00356390056109135,17.1636897625777
0.00300310200167272,17.1686373755323
0.00248690123601869,17.1740750365284
0.00201814222021496,17.1800903826718
0.0015988787178251,17.186801229359
0.00124355711144647,17.1940636273754
0.000959706883491258,17.2020846513835
0.000787512971807013,17.2088876648371
0.000620993270144897,17.2176662174504
0.000498241912502462,17.2266736393721
0.000403847298380791,17.2366736393721
0.000342168980779772,17.2466736393721
0.000304192795526739,17.2566736393721
0.000283386063758598,17.2666736393721
0.000275195375399278,17.2766736393721
0.000276628488047385,17.2866736393721
0.000285869017920812,17.2966736393721
0.000301975520502438,17.3066736393721
0.00032469177258388,17.3166736393721
0.000354363747590194,17.3266736393721
0.000391952880429564,17.3366736393721
0.00043914942051002,17.3466736393721
0.000494716855358103,17.3560736478136
0.000558592757041004,17.3647583164207
0.000631640267368806,17.3727771964126
0.000714998386156751,17.3801821329863
0.000810019812287962,17.3870212806856
0.000918263883075692,17.3933392466241
0.00104150991659213,17.399177406633
0.00118178014243653,17.4045741767181
0.00134136908848177,17.4095652456177
0.00152287779258559,17.4141837866767
0.00172925572874874,17.418460655789
0.00196385009218613,17.4224245776225
0.00223046673325172,17.4261023211607
0.00253344438187063,17.4295188733629
0.00287774867204354,17.4326976177807
0.0032690930187051,17.4356605211402
0.00371409725227285,17.4384283359699
0.00422050367682991,17.4410208356286
0.00479748042636853,17.4434571032528
0.00545606527976548,17.445755912648
0.0061951070095552,17.4478973093386
0.00701243311426545,17.4498776316894
0.00791979103166671,17.4517313380391
0.00893509412703743,17.4534937150206
0.0100877217403722,17.4552053463034
0.0114343149863008,17.4569258400148
0.0131949545519518,17.4588614346207
0.0150096182811168,17.4606092218121
0.0170067889384107,17.4623570090036
0.0187103265187105,17.463776048451
0.0201785367730101,17.4649970281718
0.021490559083421,17.4661321388988
0.0226623305133857,17.4672352032662
0.0236845311083202,17.4683450830234
0.0245308495765066,17.4695038754125
0.0251506736291737,17.470776740084
0.025428283997845,17.4723190200458
0.0250977160769132,17.4741532568181
0.0241497160110517,17.4759874935905
0.0230399966147949,17.4774684599659
0.021797244732222,17.4788664253366
0.0204147132660347,17.4802831227787
0.0189002898515711,17.4817635613005
0.0172612273892253,17.4833452597705
0.0155258617345346,17.4850744310472
0.0142185366475818,17.486471902925
0.0117527401466507,17.4894092497039
0.00971318204366025,17.4922453319453
0.00810421608010838,17.4948559607558
0.00678304849719098,17.4973456055221
0.0056290649977172,17.4998732691425
0.00461499187603835,17.5024690187103
0.00372207122370822,17.5051561975319
0.0029351977584878,17.5079581706563
0.00228025937005617,17.5107217595109
0.00175506340941792,17.5133269645887
0.00132346972207025,17.5158155835964
0.000959861865453242,17.5182303037874
0.000647798845121174,17.5205989194718
0.000377158437229648,17.5229300295163
0.00014001740302789,17.5252312992356
-7.27970064400285e-05,17.5275429138717
-0.000274250815840801,17.5299833635197
-0.000497268117379176,17.5330166416382
-0.000622891119332891,17.5348972827707
-0.000740419640116146,17.5367779239032
-0.000840843734855297,17.5384816256169
-0.000930540912299606,17.5400804939954
-0.00101645860407767,17.5416807477894
-0.00110413722892193,17.5433827134961
-0.00120134305635633,17.5453492925193
-0.00133154449108139,17.5481091344072
-0.00149738535022931,17.5518179067882
-0.00162958444135655,17.5549182084217
-0.00175174691131412,17.5578908233307
-0.00188593959772774,17.5612780274475
-0.00204921024302298,17.5656027135229
-0.00224862114514135,17.5714034142034
-0.00238551648364277,17.576391976699
-0.00245720210884272,17.5808685765139
-0.00245220584717596,17.5848567517095
-0.00236280416774099,17.5884488602343
-0.0021821837184494,17.5917295613087
-0.00190415834475083,17.5947610099614
-0.00152472518839945,17.5975775579783
-0.00103886769925685,17.6002203880614
-0.000432579768475306,17.6027567749202
0.000333255074551323,17.6053030408689
0.0013455665945345,17.6080373920368
0.00269088062618953,17.6110532836708
0.0044044542154428,17.6143336996915
0.00588586400591866,17.6168541491208
0.00752526450711468,17.6193745985501
0.00899600600713727,17.6214059808434
0.0104592411482875,17.6232172277269
0.0119675865171344,17.6248782878778
0.0136055621063285,17.6264698384955
0.0153920861191264,17.6279892777072
0.0173747696161134,17.6294564607389
0.0195748646151949,17.6308666016909
0.0220316674259765,17.6322266105039
0.0247721722878014,17.6335344840949
0.027837367588052,17.6347944747947
0.0312684066606945,17.6360087765652
0.0351104500372618,17.6371794666855
0.0394165405920682,17.6383093630436
0.0442520345009229,17.6394023536552
0.0496911245157888,17.6404617999086
0.0558218080150388,17.6414912558683
0.0627495434960551,17.6424944941182
0.0706007926236491,17.6434754010415
0.0795338939162601,17.64443860057
0.0897452836291863,17.645389091584
0.10148569183996,17.6463327015627
0.11508387271591,17.6472765286697
0.130985819406885,17.6482296676682
0.149827934921222,17.6492046868214
0.171974747600286,17.6501952260047
0.197662892613636,17.6511927836431
0.227610469925227,17.652209615159
0.262815307275205,17.6532639861089
0.304880513888492,17.6543890523358
0.340184744830166,17.6552604664898
0.377024207238542,17.6561318806437
0.409761963640982,17.6569010846284
0.438371683310472,17.6575961255275
0.463351542607249,17.658251754429
0.484719751063084,17.6588926414124
0.502093393431148,17.6595406017218
0.514605424585485,17.6602208623504
0.520491759591155,17.6609720352001
0.516642133753567,17.6617837185206
0.501316335505083,17.6626165287968
0.473137599334365,17.6634857965587
0.430368479428475,17.6644024783259
0.371115232458026,17.6653754474214
0.328262766227239,17.6659741991427
0.281447048699748,17.6665729508641
0.239586757595965,17.6670808393044
0.203376915382602,17.6675119439884
0.171371962276884,17.667895219533
0.142600933886623,17.6682485172985
0.116458096071315,17.668583201361
0.0925140219297012,17.6689077748937
0.0704061457939205,17.6692300850188
0.0497377016165007,17.6695597753822
0.0298415363846651,17.6699147098111
0.00820823817888718,17.6703643552861
-0.000423112117698677,17.6705710150431
-0.00826653815909304,17.6707776748001
-0.0146604720899855,17.6709630200673
-0.020622940546292,17.6711531627174
-0.0265799529608761,17.6713643960963
-0.0322994242283831,17.6715933188634
-0.0376360247140607,17.6718379596373
-0.0425098845397323,17.6720976919093
-0.0468801689903727,17.6723727853356
-0.0507258925478653,17.6726641602302
-0.0541805473506639,17.6729887415752
-0.0569101819291915,17.6733158419356
-0.0591272011393459,17.6736647641128
-0.0608473850108149,17.6740387997171
-0.0620850161594476,17.6744417225483
-0.0628534625103147,17.6748781967609
-0.0631636698700853,17.6753540502145
-0.0630224511025182,17.6758766819925
-0.0624298581928576,17.6764560136316
-0.0613736913640603,17.6771062929869
-0.059825605313511,17.6778465131376
-0.0577283546739084,17.6787058573934
-0.0549610752109779,17.6797361306859
-0.0511968209258727,17.6810625387919
-0.0471755954735739,17.6824490858738
-0.0432993856444455,17.6837907464636
-0.0396114488673533,17.6850916384279
-0.0361326977284925,17.6863538425578
-0.0328735163672888,17.6875781093063
-0.0298379091438688,17.6887645157701
-0.0270254463774142,17.6899128164032
-0.0244323705066524,17.6910226272766
-0.0220523545037461,17.6920935200709
-0.0198771022120914,17.6931250648172
-0.0178968633878987,17.6941168418353
-0.0161008892352873,17.6950684339324
-0.014477835766342,17.6959794049237
-0.0129248023558258,17.696905387607
-0.0114327460099092,17.6978552480681
-0.0100058281193853,17.6988308238353
-0.00864793440909464,17.699834333756
-0.00736273693402876,17.7008683901271
-0.00615364301948662,17.7019360979164
-0.00502374270515683,17.7030411858182
-0.00397575390939383,17.7041881839691
-0.00301196512302927,17.7053826708811
-0.00213417494514537,17.7066316265325
-0.00134362694944339,17.7079439548253
-0.00064093687191302,17.7093312894283
-2.60062358507433e-05,17.7108093025461
0.000502089608084164,17.7123999757436
0.000924683540013224,17.7140432003819
0.00125350927856625,17.7157398010267
0.00150404328302113,17.717508340453
0.00169051646763986,17.7193722621422
0.00182640650247207,17.7213634886693
0.00192491799979285,17.7235285062983
0.00199975658719522,17.7259416565842
0.00206681790691476,17.7287405601283
0.00215000247607395,17.7322627556408
0.00225667572836172,17.7360412340335
0.00240273444510015,17.7402288201316
0.00256793546805972,17.7442770351072
0.00274083095681475,17.7481309333375
0.00291976992795494,17.7519094914277
0.00310424026598713,17.7556835046361
0.00329474137687569,17.7595013105166
0.00349264102316615,17.7634008166107
0.00370000849303861,17.7674149258241
0.00391948004181145,17.7715744884541
0.00415417679169077,17.7759102370706
0.00440769220541095,17.7804541878374
0.00468420420040925,17.7852410456031
0.00498877540485432,17.790309613099
0.00532792334287294,17.7957039904295
0.00567793040555541,17.8009896050245
0.00604455867358129,17.8062221728172
0.00642808016892651,17.8113631071578
0.00683249002750432,17.8164228349953
0.00726182206216049,17.8214057803649
0.00772086885001663,17.826319953722
0.00821476181218965,17.8311708653089
0.00874906841888331,17.8359619970339
0.00932984756747963,17.8406946566958
0.00996376117662979,17.8453684132121
0.0106598902583919,17.8499923705116
0.0114429418790763,17.8546541668121
0.0123273436331249,17.8593446702135
0.0133358671453711,17.864082256758
0.0145006721584162,17.8689020949856
0.0158756273585965,17.8738883504226
0.0175771023996738,17.8792700504576
0.0199875369352756,17.8858795740876
0.0216043894834851,17.8899027804706
0.0232807849384399,17.8939259868537
0.0247385167959,17.8974669097482
0.0259657707143332,17.9006566991251
0.0269873412808777,17.9036921048982
0.0277714597107757,17.9066155846048
0.028288985418597,17.9094354073715
0.0285343036577209,17.9122750878063
0.0284683111462877,17.9153058584093
0.0279454463616801,17.9189498868382
0.0271348735509166,17.9221148738447
0.0260495841077887,17.9252798608512
0.0249636452117712,17.9279593167698
0.0238891016798099,17.9303735827548
0.0228148217317542,17.9326570629919
0.0217404583459903,17.9348695947446
0.0206690391272411,17.9370438443253
0.0196042470194093,17.9392009568386
0.0185497252371641,17.9413561549165
0.0175088916650874,17.9435212398553
0.0164848898032202,17.9457059097736
0.0154805851502478,17.9479185279056
0.0144985723717035,17.950166616727
0.0135411862354445,17.9524571973828
0.0126105155165269,17.954797033255
0.0117084089201943,17.9571928391355
0.0108364871551695,17.9596514451017
0.00999615436414284,17.9621799446209
0.00918860284951053,17.9647858581644
0.00841469471071369,17.9674777541475
0.00765360555309368,17.9703496969483
0.00690922991292652,17.9734218689066
0.0061853538985856,17.9767187973445
0.00548597212423895,17.9802688080574
0.00481524898341187,17.9841047369404
0.0041774462296034,17.9882648836576
0.00357680646252446,17.9927943949948
0.0030173727189925,17.9977475588031
0.00250272453774678,18.0031921029852
0.00203573167968986,18.009216384196
0.00161849419811707,18.0159394324032
0.00126586716610612,18.0232086562354
0.000985091951786261,18.0310866820359
0.000781359139416058,18.0393072497748
0.000635857006717318,18.0474617092091
0.000516433698373749,18.0568032065204
0.000430701973316395,18.0668032065204
0.000377381805026072,18.0768032065204
0.000348053746738999,18.0868032065204
0.000336741450173421,18.0968032065204
0.00033944577593542,18.1068032065204
0.00035379281341149,18.1168032065204
0.000378731392885958,18.1268032065204
0.000414338000498596,18.1368032065204
0.000461778887316024,18.1468032065204
0.000520270162971737,18.1563332996644
0.000588744442371537,18.1651265428847
0.000667822272344899,18.1732313217365
0.000758581241993504,18.1807035277668
0.00086241045390246,18.1875948770668
0.000980969885784027,18.193952975432
0.0011161882643973,18.1998217469726
0.00127027999948462,18.2052417971843
0.0014457741250184,18.2102507151095
0.00164555148394599,18.2148833423839
0.0018728929746902,18.2191720207903
0.00213153845041596,18.2231468235331
0.00242576194179004,18.2268357720228
0.00276046572023671,18.2302650525516
0.00314130377179622,18.2334592448102
0.00357484587468743,18.2364415703631
0.00406880204990266,18.2392341780675
0.00463234330875828,18.2418585011094
0.00527657854552524,18.2443357386245
0.00600480418626389,18.2466570419212
0.00681329418095819,18.2488086726562
0.00771560196975042,18.250830675707
0.0087334823809356,18.2527664386572
0.00990553956451098,18.2546710976604
0.0113175791023495,18.256642015748
0.0133709671053349,18.2590938414146
0.0148376548625969,18.2606556405319
0.016393767631499,18.2622174396493
0.0178150250743999,18.263613065665
0.0190751988001942,18.2648745940882
0.0202002729693527,18.2660724473561
0.0211906065101618,18.2672524433805
0.0220296887252178,18.268454664139
0.0226840138213329,18.2697290845891
0.0230881263793539,18.2711650334014
0.0230592527620978,18.2730370323895
0.0224884873959207,18.2748065533849
0.0214810667221794,18.2765760743802
0.020367814086793,18.2780786779188
0.0191378785273847,18.2795315289453
0.0177911845252761,18.2810102230617
0.0163366736414885,18.2825545603821
0.0154609595562346,18.2834789953719
0.0146025179337093,18.2844034303617
0.0134206042914648,18.285743606224
0.0111703784589948,18.2885698227729
0.00926660992483095,18.2913398782588
0.00774044810545111,18.2939161401245
0.00645560510713174,18.2964267186404
0.00532797264145418,18.2989837929482
0.00433351405972093,18.3016151221928
0.00345472552075877,18.3043441228056
0.00273246409287388,18.3069756336677
0.00214570050624449,18.3094618877183
0.00165984108402401,18.31183192307
0.0012487360026556,18.3141203395722
0.000892283874747266,18.3163685719041
0.000573762905132367,18.3186337124279
0.000275790251757518,18.3210191030445
-3.56135184902221e-05,18.3238447903849
-0.000235133411871529,18.3258658440165
-0.000418366705303612,18.3278868976481
-0.000568458445159806,18.3296712798754
-0.000697445565272471,18.3313039922177
-0.000817410678703347,18.3329088447023
-0.00093624374100544,18.3345833113592
-0.0010627650910182,18.3364606933646
-0.0012165603479547,18.3388748459968
-0.00146838472224617,18.343133390312
-0.00167377526721215,18.3468786508478
-0.00184399309207828,18.3501611949418
-0.00202169652437376,18.353764844322
-0.00223680835656442,18.3584154721185
-0.00246353915039711,18.363915904205
-0.00262417717686821,18.3689137974247
-0.00270423944202281,18.3734095253907
-0.00269324870855199,18.3774463454838
-0.00258592959923546,18.3810720392297
-0.00238100499579541,18.3843515739564
-0.00207839635622261,18.3873485839056
-0.00167509813895866,18.3901341103512
-0.00116166766056084,18.3927818536448
-0.000515490502914073,18.3953817785262
0.000317447051578075,18.3980761095455
0.00142974274379399,18.4010388588819
0.00285866839622386,18.4042728586193
0.00437977631863026,18.4073295659217
0.00567099779798241,18.4097166447433
0.00706917779964973,18.4121037235649
0.00839078535221044,18.4141601378325
0.00968978148845495,18.4159842992922
0.0110531146603011,18.4176937965959
0.0125272471411601,18.4193267400534
0.0141472067814171,18.4208977620068
0.0159436180015242,18.4224126185483
0.0179454917044717,18.4238735181099
0.0201833057342063,18.4252824277868
0.0226794883497139,18.4266359511616
0.0254720843851531,18.4279391440695
0.0285964188760893,18.4291935660348
0.0320904230629201,18.43040068713
0.036003451675184,18.4315643567052
0.0403913504524419,18.432688010614
0.0453185973608985,18.4337749987315
0.0508612480208539,18.4348288303751
0.0571086101672447,18.4358529932409
0.0641701906609258,18.4368515363771
0.072177803908332,18.437828583117
0.0812937006640791,18.4387886401613
0.0917212042164942,18.4397367968385
0.103720354450701,18.4406789907518
0.117634129149173,18.4416225506718
0.133930352897273,18.4425769314181
0.153280700843084,18.4435552778953
0.175925083417904,18.4445452386279
0.202203581518091,18.4455436186632
0.232864412001001,18.4465632232361
0.268959949210955,18.447623492112
0.312150722119726,18.4487589988641
0.346948486927452,18.4496071650576
0.383044677054986,18.4504553312511
0.415157500019935,18.451209250529
0.443259500505839,18.4518954912835
0.467758932900586,18.4525464593839
0.488613856133558,18.4531860044842
0.505381364861006,18.4538360828308
0.51709911915398,18.4545231646731
0.521783587032632,18.4552897767383
0.516299832411251,18.4561028218058
0.499148318576659,18.456939732101
0.468883745954101,18.4578152960173
0.423723297362686,18.458739896141
0.376395717585783,18.4595088744322
0.321111086379169,18.4602778527235
0.282422509507569,18.4607687385634
0.241928626681886,18.4612596244033
0.205568783605464,18.4616919267729
0.173343880332582,18.4620769137154
0.144389437943522,18.4624313048165
0.118093768782679,18.4627665855481
0.0940204514535504,18.4630913461183
0.0718045807372754,18.463413421206
0.0510535498464095,18.4637422752566
0.0311254231133915,18.4640950048843
0.00975121300715655,18.4645342891271
0.00057458593403302,18.4647513268544
-0.0077279931247807,18.4649683645817
-0.0141835143101892,18.4651544977966
-0.0201440153135318,18.4653435297533
-0.0261107459808531,18.4655538012661
-0.031848037899687,18.4657818731575
-0.0372069272553982,18.4660257059858
-0.0421053654333191,18.4662846281677
-0.0465012208329627,18.4665588779058
-0.0503733721496959,18.4668493508424
-0.0538871627783476,18.4671762037896
-0.0566372714408929,18.4675024855959
-0.0588737750100047,18.4678504482592
-0.0606128626038033,18.4682234053081
-0.0618688529432061,18.4686251052186
-0.0626551973333043,18.469060179391
-0.0629829775706909,18.4695344127619
-0.0628592044632133,18.4700551460873
-0.0622842841165868,18.4706321683605
-0.0612464809116964,18.4712796288904
-0.0597181396523934,18.4720162968185
-0.0576433040251499,18.4728709222124
-0.0549042085355332,18.4738942409756
-0.051186251008229,18.4752071418858
-0.0471636113093508,18.4765957191323
-0.0432833787710046,18.4779392182549
-0.0395900521364434,18.4792418656068
-0.0361051187894637,18.4805058032533
-0.0328392971200245,18.4817318114668
-0.0297968198679886,18.4829199807014
-0.0269774297219982,18.4840700702621
-0.0243775048461792,18.485181696812
-0.0219908255030783,18.4862544307321
-0.0198091782945708,18.4872878402639
-0.0178228737247383,18.4882815043351
-0.0160212038021373,18.4892350053667
-0.0143928475117912,18.4901479082541
-0.0128397740572169,18.4910727978198
-0.0113474738096156,18.4920215100572
-0.00992016234621714,18.4929958431593
-0.00856173679774217,18.4939979998447
-0.00727588392748617,18.495030572114
-0.00606602898938025,18.4960966394442
-0.00493528347774587,18.4971998980721
-0.00388639067524903,18.4983448361292
-0.00292166885591511,18.4995369766904
-0.00204295154332876,18.500783224814
-0.00125152345198607,18.5020923801562
-0.000548049379606421,18.5034759259578
6.75093136234468e-05,18.5049493070214
0.000596001547319833,18.5065341394152
0.00101983694249356,18.5081753397561
0.00134909107481936,18.5098690165056
0.00159931535748696,18.5116336767252
0.001784751777414,18.5134924533062
0.00191886164562278,18.5154767640758
0.0020147902209975,18.5176321932286
0.00208610395609098,18.5200312545659
0.00214836422270289,18.5228069995042
0.00222437522996781,18.5262794842658
0.00232407629469936,18.5300498659518
0.00245701005875003,18.5340696571824
0.00260714590441619,18.5379175578854
0.00277059317982403,18.5416966690183
0.00294443200152851,18.5454754148856
0.00312706720371476,18.5493012058397
0.00331824314638538,18.5532115132503
0.00351885989503906,18.5572391287125
0.00373075790803671,18.5614149865501
0.00395653485279878,18.5657700530686
0.00419942613985068,18.5703367164545
0.00446331692890788,18.5751502312518
0.00475295259861198,18.5802501384826
0.00507443663485806,18.5856815724249
0.00540860230158919,18.591059866717
0.00575623950002046,18.5963611476056
0.00611913847939773,18.6015714028664
0.00650049719112075,18.6066932156784
0.00690422976320995,18.611734382759
0.00733471482386579,18.6167035952933
0.00779663491151229,18.6216075619565
0.00829502461206747,18.626450802444
0.00883533638344637,18.6312355594034
0.00942355211095763,18.6359621800073
0.0100663091555514,18.6406296145151
0.0107749570406765,18.6452604038143
0.0115726461575075,18.649926970725
0.0124748823743674,18.6546242338413
0.0135054730421222,18.6593721580964
0.0146988638376,18.6642110264145
0.0161145443177373,18.6692380229938
0.0178891871829299,18.6747287426553
0.020304248026736,18.6812301397297
0.0218819184264501,18.6851174807405
0.0235045093732568,18.6890048217514
0.0249244501234701,18.6924749317665
0.0261221722055931,18.695632969843
0.0271148606621135,18.6986586345426
0.0278612112588074,18.7015607956776
0.0283414533892331,18.7043758106408
0.0285466231352335,18.7072302370834
0.0284300519594917,18.7103100020199
0.0278087405050391,18.7141338412469
0.0269790898785658,18.7171702967371
0.0259057213208584,18.7202067522274
0.02482472864242,18.7228335372934
0.0237506005826905,18.7252256997003
0.0226760665466858,18.7274980238826
0.0216017048757514,18.7297047516474
0.0205307181323091,18.7318765098738
0.0194668029204481,18.73403347815
0.0184135753825062,18.7361903543049
0.0173744152476983,18.7383586372309
0.0163524259667875,18.7405478505347
0.0153504328776921,18.7427662674262
0.0143709929022171,18.7450213775356
0.0134164039065942,18.7473202178177
0.01248871903244,18.7496696094561
0.0115897546633247,18.7520763600122
0.0107210988266386,18.7545474380426
0.00988412700315495,18.7570901133949
0.00908000376858622,18.759712135981
0.00830779351708065,18.7624288558425
0.00754892233835975,18.7653284741739
0.0068072877337313,18.7684317143499
0.00608670651674345,18.7717636439153
0.00539119880150236,18.7753532437748
0.00472494801991522,18.7792341437355
0.00409222305748646,18.7834456337733
0.00349725422405317,18.7880341571954
0.00294404499613951,18.7930558111068
0.00243609620113092,18.7985811157757
0.00197618088069031,18.8047027194213
0.00156697070769721,18.8115338055237
0.00131410688590876,18.816765365347
0.00111517630619941,18.8219969251704
0.000912414112213621,18.8290529842351
0.000739117383969527,18.8372046318355
0.000602343368880045,18.8461342308237
0.000498259095576681,18.8561342308237
0.000433117122539259,18.8661342308237
0.000396784697763978,18.8761342308237
0.000382097999729259,18.8861342308237
0.000384270994071711,18.8961342308237
0.000400484128850788,18.9061342308237
0.000429543791139892,18.9161342308237
0.000471676671544837,18.9261342308237
0.00052667492313498,18.9358399022371
0.000592436429316764,18.9448012079701
0.000669129205627104,18.9530605311689
0.000757563879551072,18.9606747107991
0.000858956254353161,18.9676965112296
0.000974840636438191,18.97417445813
0.00110704338134262,18.9801532921064
0.00125768692517387,18.9856743552537
0.00142921114314939,18.9907759069521
0.00162440558466365,18.9954934005886
0.00184645325458281,18.9998597372233
0.00209898596346482,19.0039055021744
0.00238615531947973,19.007659184097
0.00271272142944465,19.0111473902333
0.0030841699895017,19.0143950725702
0.00350686635482139,19.0174257727411
0.00398826591579431,19.0202618981253
0.00453721222847388,19.0229250626243
0.00516437622664893,19.0254365405089
0.00587810030748562,19.0278032917722
0.00667005337685996,19.0299920890751
0.00755266940214364,19.032042868162
0.0085458252564303,19.0339983977158
0.00968380553824595,19.0359106942825
0.0110388895849787,19.0378650088561
0.0128974915701722,19.0401631845573
0.0144153037306785,19.0418278790367
0.0160458563848956,19.0434925735161
0.0175118847709705,19.0449418286669
0.0188000962101798,19.0462287310913
0.0199498327009443,19.0474388306905
0.0209666115433555,19.0486221220534
0.0218372191112412,19.049818685333
0.0225324397643147,19.0510748676687
0.0229965500143562,19.0524668928888
0.023092510420665,19.0541949108822
0.0226243082063991,19.0560515792973
0.0216531942543622,19.0579082477123
0.0205631946674824,19.0594399056641
0.0193593426893151,19.0608961162818
0.0180380628437716,19.0623679498249
0.0166079483422173,19.0638981124956
0.0156300063162857,19.0649340554399
0.0146675832505345,19.0659699983842
0.0137753720820063,19.0669741064063
0.0115539490245483,19.0697120733117
0.00958917153364705,19.0725088170651
0.0080135463125111,19.075112215456
0.00670314449676256,19.077619031306
0.00555482707546619,19.0801670984912
0.00454298898173366,19.0827856718381
0.00364956074417225,19.0854982769448
0.00290889018862702,19.0881383157682
0.00229987248915831,19.0906698919375
0.00178753088548143,19.093135329144
0.00134318909730058,19.0955981942562
0.000939026876095768,19.0981763800544
0.000527064196099244,19.1012322612626
0.000271194942464221,19.1034042638567
4.10207186028143e-05,19.1055762664509
-0.000145054132624991,19.1075073248048
-0.000302609665547609,19.1092809585095
-0.000446926091700062,19.1110287822614
-0.0005877030056027,19.1128572958032
-0.000735322999480196,19.1149159307602
-0.000912637947100129,19.117593401721
-0.00119127071622035,19.1222816408382
-0.00140164004875341,19.1262396897866
-0.00157086835416129,19.1297019621039
-0.00174403613630386,19.1335285945799
-0.0019441389165128,19.1384104969786
-0.00212942072884589,19.1437708780915
-0.00224507496915681,19.1485042167806
-0.00228656185791496,19.1528061402235
-0.00224369801707224,19.1566942931405
-0.00210965979273919,19.1602214883205
-0.00188006544919046,19.163441322711
-0.00155100444717227,19.1664133113083
-0.00111509250967,19.1692070235058
-0.000556973578201648,19.1719011018265
0.000157669329136588,19.1746048782624
0.00111386480203117,19.1775161542415
0.00236849430653023,19.1806669054216
0.00394422924197111,19.1840282655588
0.00529107911199422,19.1865667940724
0.00678838308650014,19.189105322586
0.0081585293492374,19.1911853027783
0.0095460304303118,19.193068558866
0.0109944336703976,19.1948138768596
0.0125416664736687,19.1964568587743
0.0142434259563551,19.1980384012146
0.0161119373294187,19.1995493870338
0.0181908589185405,19.2010063935106
0.0205015509180424,19.2024058167151
0.023081822328088,19.2037538595685
0.0259645012014761,19.2050516142567
0.0291844670906588,19.2063001943879
0.0327887574695824,19.2075039266894
0.0368273469891187,19.2086657255552
0.0413581870565287,19.2097887243435
0.0464485050053435,19.2108761260326
0.0521811453844905,19.2119319733141
0.0586532274723921,19.2129600867878
0.0659821890723441,19.2139645534488
0.0743120509035264,19.2149498382183
0.0838221109051334,19.2159209234431
0.094742400017212,19.2168837589482
0.107373919957246,19.2178455262764
0.122126245302552,19.2188155002105
0.13958570670153,19.2198065455567
0.160193578648438,19.2208171930304
0.184101229959684,19.2218344798752
0.211988013749271,19.2228713160897
0.244803743573012,19.2239468315742
0.284058690272419,19.2250945274391
0.327322600611841,19.2262497077422
0.363895885442301,19.2271805331894
0.395167550932713,19.2279742017637
0.422517437752608,19.2286947943516
0.44634990132242,19.2293761108377
0.466600176473101,19.2300414340446
0.48285286623171,19.2307115168302
0.494251466174803,19.2314096853915
0.499152570394747,19.2321691795615
0.494670701362909,19.2329978144747
0.479033248821792,19.2338429416175
0.450956436763656,19.2347184866749
0.408881808850503,19.2356346441808
0.363881189566921,19.2364056153032
0.322392758804393,19.2370189106081
0.276716230601335,19.237632205913
0.23609225516895,19.2381470269435
0.2008469775596,19.2385838642804
0.169599042471543,19.238972420033
0.141445618940111,19.2393306023818
0.115823494161053,19.2396697817457
0.0923320532759061,19.2399984352546
0.0706333012394706,19.2403242981054
0.0503619246736735,19.2406566523189
0.0309262633587876,19.2410119529282
0.0103386434642939,19.2414472971363
0.000748367582750848,19.2416804875107
-0.00788314912725298,19.241913677885
-0.0142915011848447,19.2421052995674
-0.0201688674812572,19.2422987837956
-0.0260389451199581,19.2425136654951
-0.0316741966001519,19.2427465255136
-0.0369306783782348,19.2429953302938
-0.0417294771949608,19.2432594275303
-0.0460303341432639,19.243539081575
-0.0500918383432969,19.243860386356
-0.0532661034843636,19.2441734705689
-0.0559206238354541,19.244506031962
-0.0580707454467723,19.2448609681038
-0.0597297758865821,19.2452413806201
-0.0609115792715703,19.2456510798431
-0.0616290859485542,19.2460947721944
-0.061892801957075,19.2465783299693
-0.0617091399493674,19.2471091968467
-0.0610776388866692,19.2476974784056
-0.0599858619191984,19.2483573901016
-0.058405630532241,19.249107957799
-0.056280507590174,19.2499783432061
-0.0534920409056214,19.2510201207083
-0.0497223343480263,19.2523569468198
-0.0457615842456689,19.2537345025501
-0.0419528868414064,19.2550665123117
-0.0383363967470211,19.2563571036052
-0.0349311796603162,19.257608427393
-0.0317462897012461,19.2588213074167
-0.0287846477478773,19.2599958913142
-0.0260449064266547,19.2611319982407
-0.023522535886963,19.2622293012401
-0.0212105790397172,19.2632874198372
-0.0191002505310869,19.2643059615209
-0.0171814474731077,19.2652845324402
-0.0154431966033864,19.2662227283173
-0.0138510433650187,19.2671336738915
-0.0123163839892922,19.2680677475789
-0.0108441504834602,19.2690262346999
-0.00943833909345411,19.2700111418124
-0.00810276790174471,19.2710248132252
-0.00684102186081554,19.2720700175394
-0.0056564017152198,19.2731500561076
-0.00455187044603077,19.2742689080477
-0.00352999726540363,19.2754314284108
-0.00259289875894004,19.2766436260561
-0.00174217615100896,19.2779130653328
-0.000978846585296496,19.2792494682919
-0.000303264302511462,19.2806656587057
0.00028497642164735,19.2821791270146
0.000782468265842457,19.2837973665763
0.00117460681966675,19.2854567715723
0.00147863507203634,19.2871757286072
0.00170953198503385,19.2889738715281
0.00188130784777597,19.2908770831
0.00200739475276151,19.2929213332023
0.00210122228638072,19.2951604927732
0.00217724386015425,19.2976843763512
0.00225351179138309,19.3006717650718
0.00235571517306879,19.3044087975142
0.00248085885764925,19.3081874192352
0.00263156248053814,19.311996361189
0.00280582782258263,19.315875640834
0.0029999441466611,19.3198595866116
0.00321069668180081,19.3239797271354
0.00343632985685353,19.3282668896906
0.00367680416356315,19.3327527850442
0.00393373949019148,19.3374714500508
0.00421030402668861,19.3424606759231
0.00451123626619251,19.3477632712666
0.0048390984168048,19.3533590268895
0.00516942809387685,19.3587675348041
0.00551268257622493,19.3641216744635
0.00586838743311385,19.3693646713571
0.0062411387223376,19.374520003762
0.00663458508681893,19.3795930057824
0.00705303091219522,19.3845943137183
0.00750085350946611,19.3895304316394
0.00798274281708559,19.3944059184338
0.00850375785389876,19.3992230558479
0.00906946509624803,19.4039824346721
0.00968605664671253,19.4086832864412
0.0103604804694626,19.4133239552996
0.0111126432336046,19.4179734031027
0.0119601833196913,19.4226529854302
0.0129225491568998,19.4273713843124
0.0140275989271718,19.4321554002651
0.0153189656075276,19.4370659181956
0.0168808740318343,19.4422572832876
0.0189586935595842,19.4482591777124
0.0207469712216435,19.4528779231986
0.0226505654305008,19.4574966686849
0.0242273959879552,19.4612854426958
0.0255342735178277,19.4645777258905
0.0266294019460469,19.46765101572
0.0275107771969875,19.4706420042661
0.0281222397927794,19.4734863469474
0.0284658830343767,19.4763040368329
0.0285177379815248,19.4792415716555
0.0281894774830786,19.4825785596114
0.0271881499214314,19.486934345877
0.0262929218396867,19.489632674364
0.0252343734145066,19.492331002851
0.0241614370866511,19.4947913404066
0.0230873847696583,19.4971024974292
0.0220125328806306,19.4993310526358
0.0209396129107258,19.5015142550241
0.0198722472493704,19.5036755704548
0.0188141145021285,19.5058315159211
0.0177686950120049,19.5079946873628
0.0167392010795707,19.5101753036104
0.0157285660647548,19.512382087453
0.0147394488747026,19.5146228222353
0.0137742469884105,19.5169047217899
0.0128351070320919,19.5192347050144
0.0119239340940032,19.5216196135675
0.0110424065473556,19.5240663798443
0.010191978608817,19.5265822092803
0.00937389809091165,19.5291747158577
0.00858920857292206,19.5318521072837
0.0078244282579255,19.5346785659811
0.0070753052832715,19.5377002563695
0.00634567575052941,19.5409404971847
0.0056394767651283,19.54442666134
0.00496082394130523,19.5481904633086
0.00431395016601763,19.5522688376837
0.00370310335161445,19.5567051766233
0.00313237734895757,19.5615513758619
0.00260548587824052,19.5668713283483
0.00212545651483435,19.5727476737921
0.00169452685691107,19.579291071969
0.00132451341911462,19.5864270339689
0.00104132358140737,19.5939425296926
0.000854154888221152,19.60080805174
0.00067968217624199,19.6093409890169
0.000548712658047,19.6182026051547
0.000446473715222496,19.6282026051547
0.000380284250407693,19.6382026051547
0.000340290272705889,19.6482026051547
0.000319381443822542,19.6582026051547
0.000312643394763348,19.6682026051548
0.000316903216243333,19.6782026051548
0.000330316512320162,19.6882026051548
0.000352054987698775,19.6982026051548
0.000382127144936526,19.7082026051548
0.000421333557309466,19.7182026051548
0.000471215731205394,19.7281765343382
0.000529517839770431,19.7374115459802
0.000596627243171995,19.7459373620923
0.000673404369686827,19.7538086030703
0.000760998155065999,19.7610766602132
0.000860791726450091,19.7677890512534
0.000974391213951877,19.7739897769155
0.00110363724888591,19.7797196444292
0.00125062741867033,19.7850165369912
0.00141774591650066,19.7899156453805
0.00160769887059012,19.7944496809232
0.00182355841333867,19.7986490747571
0.00206881507528819,19.8025421640352
0.00234744264809423,19.8061553683523
0.00266397879936915,19.8095133671352
0.00302362712647952,19.8126392838343
0.00343239030293382,19.8155548797601
0.00389724651509505,19.818280769265
0.00442639260225265,19.8208366754366
0.00502959107894614,19.8232417520637
0.00571868674746228,19.8255150217787
0.00648366481192606,19.8276140324839
0.00733065009825564,19.8295630853645
0.00827351971244362,19.8313975055945
0.00933375196759049,19.8331544360267
0.0105485975504903,19.8348802999761
0.0120130840848756,19.8366714910968
0.0140831114958746,19.8388424290344
0.0156824131478337,19.8403328487787
0.0173944104961251,19.841823268523
0.0189854290686752,19.8431655654336
0.0203932098630924,19.8443649049282
0.0216549202760405,19.845495910042
0.0227765033036912,19.8466052176452
0.0237440911965892,19.847731272789
0.0245264961237536,19.8489198125773
0.0250631957708899,19.850248740113
0.0251983068275811,19.8519361930044
0.0247272513363787,19.8536791175085
0.023737169573287,19.8554220420125
0.0226092664713054,19.8568788272715
0.0213465990118506,19.8582812071447
0.0199474250159243,19.8597117611315
0.0184204358470778,19.861212017711
0.016772154380607,19.8628198999671
0.0150626869242924,19.8645637099357
0.012606691931426,19.8673577653264
0.0103960647310699,19.8702766194388
0.0086580192473562,19.8729585072717
0.00726334663102532,19.8754597777451
0.0060568618726825,19.877971884315
0.00499814144676961,19.8805432690999
0.00406652963803877,19.8831982636976
0.00324591301595324,19.8859600283497
0.00253452933742221,19.8888021293938
0.00196700090106651,19.8914833492369
0.00150379168869939,19.8940422522475
0.00111522833148925,19.8965293544893
0.000780835789335803,19.8989923651669
0.000486631726514248,19.9014735753014
0.000220978691932962,19.904030511643
-3.38443147022323e-05,19.9068322871565
-0.000238882601645407,19.9093868814654
-0.000422491320368963,19.9119414757743
-0.000557178567889244,19.9139964843798
-0.000666641657282313,19.9157896473199
-0.000765725249350971,19.917513513977
-0.000861713326020011,19.9192785351549
-0.000961168253496677,19.9212086724921
-0.00107552462123965,19.9235575454939
-0.00126963004911358,19.9278607860721
-0.00143319273902752,19.9317971713356
-0.00156185965259006,19.935098217905
-0.00168987412357804,19.9385775513654
-0.00183478919636654,19.9428112630416
-0.00200568091329659,19.9485167855742
-0.00211340578772982,19.9533933625918
-0.00215775638726003,19.9578090467439
-0.00212747117627831,19.9617700196072
-0.00201449339102901,19.9653413049521
-0.00181168338068257,19.9686023162709
-0.00151158286350324,19.9716223218059
-0.00110676644172233,19.9744512058555
-0.000588365659378556,19.9771338199516
6.03618433113086e-05,19.9797311632441
0.000875146335303843,19.9823345523685
0.00193609661146616,19.9850978791386
0.00335570278491844,19.9881592733903
0.00509944051180606,19.9913328141357
0.00648699051880534,19.9935452346335
0.00803854061954335,19.9957576551312
0.00957070607009051,19.9977015991004
0.01056861017206,19.9988507995502
0.0116494663956447,20
